,EDUARDO ARTES,FRANCO ALDO PARISI,GABRIEL BORIC,JOSE ANTONIO KAST,MARCO ENRIQUEZ-OMINAMI,NULO BLANCO,SEBASTIAN SICHEL,YASNA PROVOSTE
18+,0.015487540147004685,0.08169677427544972,0.1887131377502444,0.4300585225902276,0.056332753608469906,0.029108958653345687,0.05255607885950771,0.14604623411575032
