,EDUARDO ARTES,FRANCO ALDO PARISI,GABRIEL BORIC,JOSE ANTONIO KAST,MARCO ENRIQUEZ-OMINAMI,NULO BLANCO,SEBASTIAN SICHEL,YASNA PROVOSTE
H,0.034482758620689655,0.31034482758620685,0.1724137931034483,0.24137931034482762,0.034482758620689655,0.034482758620689655,0.06896551724137931,0.10344827586206899
M,0.034482758620689655,0.31034482758620685,0.1724137931034483,0.24137931034482762,0.034482758620689655,0.034482758620689655,0.06896551724137931,0.103448275862069
