REGION,CIRCUNSCRIPCION ELECTORAL,LOCAL,MESA,EDUARDO ARTES,FRANCO ALDO PARISI,GABRIEL BORIC,JOSE ANTONIO KAST,MARCO ENRIQUEZ-OMINAMI,SEBASTIAN SICHEL,VOTOS EN BLANCO,VOTOS NULOS,YASNA PROVOSTE,NULO BLANCO,18-19 H,18-19 M,20-29 H,20-29 M,30-39 H,30-39 M,40-49 H,40-49 M,50-59 H,50-59 M,60-69 H,60-69 M,70-79 H,70-79 M,80+ H,80+ M,NUM VOTOS,NUM MESAS,P-VALOR,LOG P-VALOR,E_EDUARDO ARTES,E_FRANCO ALDO PARISI,E_GABRIEL BORIC,E_JOSE ANTONIO KAST,E_MARCO ENRIQUEZ-OMINAMI,E_NULO BLANCO,E_SEBASTIAN SICHEL,E_YASNA PROVOSTE,H,M,P_EDUARDO ARTES_H,P_FRANCO ALDO PARISI_H,P_GABRIEL BORIC_H,P_JOSE ANTONIO KAST_H,P_MARCO ENRIQUEZ-OMINAMI_H,P_NULO BLANCO_H,P_SEBASTIAN SICHEL_H,P_YASNA PROVOSTE_H,P_EDUARDO ARTES_M,P_FRANCO ALDO PARISI_M,P_GABRIEL BORIC_M,P_JOSE ANTONIO KAST_M,P_MARCO ENRIQUEZ-OMINAMI_M,P_NULO BLANCO_M,P_SEBASTIAN SICHEL_M,P_YASNA PROVOSTE_M,DIF_EDUARDO ARTES,DIF_FRANCO ALDO PARISI,DIF_GABRIEL BORIC,DIF_JOSE ANTONIO KAST,DIF_MARCO ENRIQUEZ-OMINAMI,DIF_NULO BLANCO,DIF_SEBASTIAN SICHEL,DIF_YASNA PROVOSTE
DEL BIOBIO,TRUPAN,ESCUELA ALEJANDRO PEREZ URBANO,1,2,12,10,33,9,21,5,4,28,9,0,1,0,2,1,6,5,12,11,16,7,26,8,16,3,10,124,2,-1,-1,2,12,12,34,9,6,21,28,27,97,0.01043986928963965,0.091726186577539,0.4229951746135964,0.2596421515802551,0.04697941180337841,2.809489463193147e-12,0.13846806547826657,0.0297491406545152,0.01809147179989691,0.09975012186722255,0.0005589046431987289,0.2720632606811319,0.08141162309953609,0.0637460345354941,0.1812620613242859,0.2831165220492339,0.0,0.0,-2.0,-1.0,0.0,3.0,0.0,0.0
DEL BIOBIO,TRUPAN,ESCUELA ALEJANDRO PEREZ URBANO,2-3,2,13,26,36,9,22,1,1,23,2,5,6,6,13,5,7,7,9,13,9,16,16,12,4,2,2,133,2,-1,-1,2,13,25,35,9,5,21,23,58,74,0.01043986928963965,0.091726186577539,0.4229951746135964,0.2596421515802551,0.04697941180337841,2.809489463193147e-12,0.13846806547826657,0.0297491406545152,0.01809147179989691,0.09975012186722255,0.0005589046431987289,0.2720632606811319,0.08141162309953609,0.0637460345354941,0.1812620613242859,0.2831165220492339,0.0,0.0,1.0,1.0,0.0,-3.0,1.0,0.0
