REGION,CIRCUNSCRIPCION ELECTORAL,LOCAL,MESA,EDUARDO ARTES,FRANCO ALDO PARISI,GABRIEL BORIC,JOSE ANTONIO KAST,MARCO ENRIQUEZ-OMINAMI,SEBASTIAN SICHEL,VOTOS EN BLANCO,VOTOS NULOS,YASNA PROVOSTE,NULO BLANCO,18-19,20-29,30-39,40-49,50-59,60-69,70-79,80+,NUM VOTOS,NUM MESAS,P-VALOR,LOG P-VALOR,E_EDUARDO ARTES,E_FRANCO ALDO PARISI,E_GABRIEL BORIC,E_JOSE ANTONIO KAST,E_MARCO ENRIQUEZ-OMINAMI,E_NULO BLANCO,E_SEBASTIAN SICHEL,E_YASNA PROVOSTE,18+,P_EDUARDO ARTES_18+,P_FRANCO ALDO PARISI_18+,P_GABRIEL BORIC_18+,P_JOSE ANTONIO KAST_18+,P_MARCO ENRIQUEZ-OMINAMI_18+,P_NULO BLANCO_18+,P_SEBASTIAN SICHEL_18+,P_YASNA PROVOSTE_18+,DIF_EDUARDO ARTES,DIF_FRANCO ALDO PARISI,DIF_GABRIEL BORIC,DIF_JOSE ANTONIO KAST,DIF_MARCO ENRIQUEZ-OMINAMI,DIF_NULO BLANCO,DIF_SEBASTIAN SICHEL,DIF_YASNA PROVOSTE
DE LOS LAGOS,CASMA,ESCUELA RURAL LOS LINARES DE CASMA,1M,1,21,19,64,14,27,2,2,34,4,0,5,21,27,52,44,28,7,184,4,-1,-1,1,25,23,65,14,3,19,34,184,0.005979073243647236,0.1375186846038864,0.12406576980568013,0.3542600896860987,0.07473841554559044,0.014947683109118086,0.10612855007473841,0.18236173393124067,0.0,-4.0,-4.0,-1.0,0.0,1.0,8.0,0.0
DE LOS LAGOS,CASMA,ESCUELA RURAL LOS LINARES DE CASMA,1V,2,18,25,56,11,11,2,2,45,4,0,15,19,21,40,51,20,6,172,4,-1,-1,1,24,21,61,13,3,18,31,172,0.005979073243647236,0.1375186846038864,0.12406576980568013,0.3542600896860987,0.07473841554559044,0.014947683109118086,0.10612855007473841,0.18236173393124067,1.0,-6.0,4.0,-5.0,-2.0,1.0,-7.0,14.0
DE LOS LAGOS,CASMA,ESCUELA RURAL LOS LINARES DE CASMA,2M,0,24,15,39,8,15,1,0,17,1,2,27,45,17,13,9,5,1,119,4,-1,-1,1,16,15,42,9,2,12,22,119,0.005979073243647236,0.1375186846038864,0.12406576980568013,0.3542600896860987,0.07473841554559044,0.014947683109118086,0.10612855007473841,0.18236173393124067,-1.0,8.0,0.0,-3.0,-1.0,-1.0,3.0,-5.0
DE LOS LAGOS,CASMA,ESCUELA RURAL LOS LINARES DE CASMA,2V-3,1,29,24,78,17,18,1,0,26,1,9,41,36,33,33,22,14,6,194,4,-1,-1,1,27,24,69,14,3,21,35,194,0.005979073243647236,0.1375186846038864,0.12406576980568013,0.3542600896860987,0.07473841554559044,0.014947683109118086,0.10612855007473841,0.18236173393124067,0.0,2.0,0.0,9.0,3.0,-2.0,-3.0,-9.0
