,EDUARDO ARTES,FRANCO ALDO PARISI,GABRIEL BORIC,JOSE ANTONIO KAST,MARCO ENRIQUEZ-OMINAMI,NULO BLANCO,SEBASTIAN SICHEL,YASNA PROVOSTE
18+,0.006173983458929228,0.1546919085429505,0.1929967440534303,0.3067030559637499,0.05999613923916227,0.02594290601776805,0.07537375308872028,0.17812150963528947
