,EDUARDO ARTES,FRANCO ALDO PARISI,GABRIEL BORIC,JOSE ANTONIO KAST,MARCO ENRIQUEZ-OMINAMI,NULO BLANCO,SEBASTIAN SICHEL,YASNA PROVOSTE
18+,0.008765621205611493,0.05438701361776847,0.1271552126725571,0.3263594418396129,0.02807146993443297,0.01578465619337605,0.2824986456951787,0.15697793884146227
