,EDUARDO ARTES,FRANCO ALDO PARISI,GABRIEL BORIC,JOSE ANTONIO KAST,MARCO ENRIQUEZ-OMINAMI,NULO BLANCO,SEBASTIAN SICHEL,YASNA PROVOSTE
18-49,0.026124280447431432,0.11174492724869291,0.20260324755322054,0.4287229225335097,0.040943133403275545,0.011514711637794113,0.05735031742891228,0.1209964597471635
50+,0.0012219060465855263,0.05002007696047693,0.08935578075640674,0.5937411657510385,0.030980836684328723,0.038234735807919626,0.06512128336517381,0.13132421462807017
