,EDUARDO ARTES,FRANCO ALDO PARISI,GABRIEL BORIC,JOSE ANTONIO KAST,MARCO ENRIQUEZ-OMINAMI,NULO BLANCO,SEBASTIAN SICHEL,YASNA PROVOSTE
18+,0.014407209951764406,0.21626970389346628,0.20276258395070273,0.31530845392231527,0.07563640979482564,0.010806849915760808,0.08736065914283736,0.07744812942832745
