,EDUARDO ARTES,FRANCO ALDO PARISI,GABRIEL BORIC,JOSE ANTONIO KAST,MARCO ENRIQUEZ-OMINAMI,NULO BLANCO,SEBASTIAN SICHEL,YASNA PROVOSTE
18+,0.0038461538461538455,0.07564102564102564,0.15256410256410258,0.4166666666666667,0.06282051282051282,0.016666666666666666,0.09743589743589744,0.17435897435897432
