,EDUARDO ARTES,FRANCO ALDO PARISI,GABRIEL BORIC,JOSE ANTONIO KAST,MARCO ENRIQUEZ-OMINAMI,NULO BLANCO,SEBASTIAN SICHEL,YASNA PROVOSTE
18+,0.00919830577668912,0.07576277994985894,0.1544086378172416,0.2933694932508466,0.04542348386117523,0.013380216266009284,0.2653633852539241,0.14309369782425507
