,EDUARDO ARTES,FRANCO ALDO PARISI,GABRIEL BORIC,JOSE ANTONIO KAST,MARCO ENRIQUEZ-OMINAMI,NULO BLANCO,SEBASTIAN SICHEL,YASNA PROVOSTE
18+,0.012567324955116697,0.09694793536804308,0.10682226211849193,0.38150807899461403,0.06822262118491922,0.02333931777378815,0.13824057450628366,0.17235188509874327
