REGION,CIRCUNSCRIPCION ELECTORAL,LOCAL,MESA,EDUARDO ARTES,FRANCO ALDO PARISI,GABRIEL BORIC,JOSE ANTONIO KAST,MARCO ENRIQUEZ-OMINAMI,SEBASTIAN SICHEL,VOTOS EN BLANCO,VOTOS NULOS,YASNA PROVOSTE,NULO BLANCO,18-19,20-29,30-39,40-49,50-59,60-69,70-79,80+,NUM VOTOS,NUM MESAS,P-VALOR,LOG P-VALOR,E_EDUARDO ARTES,E_FRANCO ALDO PARISI,E_GABRIEL BORIC,E_JOSE ANTONIO KAST,E_MARCO ENRIQUEZ-OMINAMI,E_NULO BLANCO,E_SEBASTIAN SICHEL,E_YASNA PROVOSTE,18+,P_EDUARDO ARTES_18+,P_FRANCO ALDO PARISI_18+,P_GABRIEL BORIC_18+,P_JOSE ANTONIO KAST_18+,P_MARCO ENRIQUEZ-OMINAMI_18+,P_NULO BLANCO_18+,P_SEBASTIAN SICHEL_18+,P_YASNA PROVOSTE_18+,DIF_EDUARDO ARTES,DIF_FRANCO ALDO PARISI,DIF_GABRIEL BORIC,DIF_JOSE ANTONIO KAST,DIF_MARCO ENRIQUEZ-OMINAMI,DIF_NULO BLANCO,DIF_SEBASTIAN SICHEL,DIF_YASNA PROVOSTE
DE VALPARAISO,LOS MOLLES,ESCUELA G-419 LOS MOLLES,1,4,20,39,50,17,21,0,1,22,1,2,22,23,35,33,37,21,1,174,3,-1,-1,2,14,39,61,13,2,25,18,174,0.012425355440714337,0.07803219661959607,0.22341528495535393,0.3509720871543042,0.07625599768531542,0.00886492047290292,0.1454071996335083,0.10462695803830484,2.0,6.0,0.0,-11.0,4.0,-1.0,-4.0,4.0
DE VALPARAISO,LOS MOLLES,ESCUELA G-419 LOS MOLLES,2,2,9,39,59,11,31,0,2,16,2,3,22,21,31,34,33,24,1,169,3,-1,-1,2,13,38,59,13,1,25,18,169,0.012425355440714337,0.07803219661959607,0.22341528495535393,0.3509720871543042,0.07625599768531542,0.00886492047290292,0.1454071996335083,0.10462695803830484,0.0,-4.0,1.0,0.0,-2.0,1.0,6.0,-2.0
DE VALPARAISO,LOS MOLLES,ESCUELA G-419 LOS MOLLES,3-4,1,15,48,89,15,30,0,2,21,2,5,16,41,37,43,48,20,10,221,3,-1,-1,3,17,49,78,17,2,32,23,220,0.012425355440714337,0.07803219661959607,0.22341528495535393,0.3509720871543042,0.07625599768531542,0.00886492047290292,0.1454071996335083,0.10462695803830484,-2.0,-2.0,-1.0,11.0,-2.0,0.0,-2.0,-2.0
