,EDUARDO ARTES,FRANCO ALDO PARISI,GABRIEL BORIC,JOSE ANTONIO KAST,MARCO ENRIQUEZ-OMINAMI,NULO BLANCO,SEBASTIAN SICHEL,YASNA PROVOSTE
18+,0.013905793933091477,0.11541483993713293,0.25500454959053687,0.21000791746924596,0.07094111529962305,0.011122862578731551,0.1469842714155726,0.1766186497760656
