,EDUARDO ARTES,FRANCO ALDO PARISI,GABRIEL BORIC,JOSE ANTONIO KAST,MARCO ENRIQUEZ-OMINAMI,NULO BLANCO,SEBASTIAN SICHEL,YASNA PROVOSTE
18+,0.015566259398496242,0.09727443609022557,0.13986137218045114,0.2684739191729323,0.07004816729323307,0.04291000939849624,0.16732260338345864,0.19854323308270677
