,EDUARDO ARTES,FRANCO ALDO PARISI,GABRIEL BORIC,JOSE ANTONIO KAST,MARCO ENRIQUEZ-OMINAMI,NULO BLANCO,SEBASTIAN SICHEL,YASNA PROVOSTE
18+,0.016589861751152075,0.12442396313364056,0.09493087557603687,0.4221198156682028,0.05161290322580645,0.014746543778801843,0.10506912442396313,0.17050691244239632
