,EDUARDO ARTES,FRANCO ALDO PARISI,GABRIEL BORIC,JOSE ANTONIO KAST,MARCO ENRIQUEZ-OMINAMI,NULO BLANCO,SEBASTIAN SICHEL,YASNA PROVOSTE
18-29,0.010395532856903415,0.2680359233497027,0.321519685497238,0.2258541671490539,0.04751402593482296,0.008502762222425813,0.08342052526482535,0.03475737772502784
30-39,0.007950258241541445,0.25333727683416585,0.20307488816361072,0.27888103440280876,0.05262931140816758,0.0032326123223102954,0.1154147401687142,0.08547987845868128
40-49,0.006929926300138254,0.1594260539754212,0.1620348624185311,0.2531165854110977,0.08682917589844337,0.015602754410835293,0.15294664428422905,0.16311399730130394
50+,0.009679289943774916,0.11160913111231167,0.13937895434387004,0.26297404215300396,0.08481914717063029,0.031083430076545366,0.15253704087115358,0.20791896432871015
