,EDUARDO ARTES,FRANCO ALDO PARISI,GABRIEL BORIC,JOSE ANTONIO KAST,MARCO ENRIQUEZ-OMINAMI,NULO BLANCO,SEBASTIAN SICHEL,YASNA PROVOSTE
18+,0.011174968071519796,0.1666321493907701,0.2355804079942011,0.3193710952331642,0.06424527976252115,0.021400711055883467,0.06890511200856028,0.11269027648337994
