,EDUARDO ARTES,FRANCO ALDO PARISI,GABRIEL BORIC,JOSE ANTONIO KAST,MARCO ENRIQUEZ-OMINAMI,NULO BLANCO,SEBASTIAN SICHEL,YASNA PROVOSTE
18+,0.004107142857142858,0.11854591836734693,0.053176020408163265,0.5377551020408163,0.03471938775510204,0.018418367346938778,0.11255102040816327,0.12072704081632653
