,EDUARDO ARTES,FRANCO ALDO PARISI,GABRIEL BORIC,JOSE ANTONIO KAST,MARCO ENRIQUEZ-OMINAMI,NULO BLANCO,SEBASTIAN SICHEL,YASNA PROVOSTE
18+,0.010514868256077127,0.1205755374018677,0.24330256833513067,0.21510369437067553,0.0686354233235212,0.016056551981041965,0.10899447021474455,0.2168168861169413
