REGION,CIRCUNSCRIPCION ELECTORAL,LOCAL,MESA,EDUARDO ARTES,FRANCO ALDO PARISI,GABRIEL BORIC,JOSE ANTONIO KAST,MARCO ENRIQUEZ-OMINAMI,SEBASTIAN SICHEL,VOTOS EN BLANCO,VOTOS NULOS,YASNA PROVOSTE,NULO BLANCO,18-19,20-29,30-39,40-49,50-59,60-69,70-79,80+,NUM VOTOS,NUM MESAS,P-VALOR,LOG P-VALOR,E_EDUARDO ARTES,E_FRANCO ALDO PARISI,E_GABRIEL BORIC,E_JOSE ANTONIO KAST,E_MARCO ENRIQUEZ-OMINAMI,E_NULO BLANCO,E_SEBASTIAN SICHEL,E_YASNA PROVOSTE,18+,P_EDUARDO ARTES_18+,P_FRANCO ALDO PARISI_18+,P_GABRIEL BORIC_18+,P_JOSE ANTONIO KAST_18+,P_MARCO ENRIQUEZ-OMINAMI_18+,P_NULO BLANCO_18+,P_SEBASTIAN SICHEL_18+,P_YASNA PROVOSTE_18+,DIF_EDUARDO ARTES,DIF_FRANCO ALDO PARISI,DIF_GABRIEL BORIC,DIF_JOSE ANTONIO KAST,DIF_MARCO ENRIQUEZ-OMINAMI,DIF_NULO BLANCO,DIF_SEBASTIAN SICHEL,DIF_YASNA PROVOSTE
DE LOS LAGOS,ISLA PULUQUI,ESCUELA RURAL CHAUQUEAR,1M,1,15,9,33,7,7,2,1,8,3,4,7,6,7,25,25,9,0,83,4,-1,-1,2,13,8,35,7,5,7,6,83,0.023375564700685844,0.16200564980058663,0.09748052771466566,0.4172935890702295,0.08834297806717534,0.061006200900227424,0.08123632175984877,0.06925916798658069,-1.0,2.0,1.0,-2.0,0.0,-2.0,0.0,2.0
DE LOS LAGOS,ISLA PULUQUI,ESCUELA RURAL CHAUQUEAR,1V,3,6,4,32,6,4,8,2,6,10,0,4,11,7,18,22,15,1,71,4,-1,-1,2,11,7,30,6,4,6,5,78,0.023375564700685844,0.16200564980058663,0.09748052771466566,0.4172935890702295,0.08834297806717534,0.061006200900227424,0.08123632175984877,0.06925916798658069,1.0,-5.0,-3.0,2.0,0.0,6.0,-2.0,1.0
DE LOS LAGOS,ISLA PULUQUI,ESCUELA RURAL CHAUQUEAR,2M,2,16,6,29,9,10,0,1,4,1,0,5,22,28,11,8,2,0,77,4,-1,-1,2,12,8,32,7,5,6,5,76,0.023375564700685844,0.16200564980058663,0.09748052771466566,0.4172935890702295,0.08834297806717534,0.061006200900227424,0.08123632175984877,0.06925916798658069,0.0,4.0,-2.0,-3.0,2.0,-4.0,4.0,-1.0
DE LOS LAGOS,ISLA PULUQUI,ESCUELA RURAL CHAUQUEAR,2V,1,13,11,33,5,4,2,2,3,4,6,11,7,16,14,15,4,1,74,4,-1,-1,2,12,7,31,7,4,6,5,74,0.023375564700685844,0.16200564980058663,0.09748052771466566,0.4172935890702295,0.08834297806717534,0.061006200900227424,0.08123632175984877,0.06925916798658069,-1.0,1.0,4.0,2.0,-2.0,0.0,-2.0,-2.0
