,EDUARDO ARTES,FRANCO ALDO PARISI,GABRIEL BORIC,JOSE ANTONIO KAST,MARCO ENRIQUEZ-OMINAMI,NULO BLANCO,SEBASTIAN SICHEL,YASNA PROVOSTE
18+,0.023375564700685844,0.16200564980058663,0.09748052771466566,0.4172935890702295,0.08834297806717534,0.061006200900227424,0.08123632175984877,0.06925916798658069
