,EDUARDO ARTES,FRANCO ALDO PARISI,GABRIEL BORIC,JOSE ANTONIO KAST,MARCO ENRIQUEZ-OMINAMI,NULO BLANCO,SEBASTIAN SICHEL,YASNA PROVOSTE
18-39,0.00869191215239762,0.5136490794173314,0.24572054460535533,0.1286804298979339,0.034216871616434365,0.013769210729645282,0.02188393053920161,0.033388021041700515
40+,0.022253105391951085,0.2449785324280377,0.1952339803658835,0.12147780978218593,0.05296450531766488,0.016012485125640918,0.04370184162794775,0.30337773996068834
