REGION,CIRCUNSCRIPCION ELECTORAL,LOCAL,MESA,EDUARDO ARTES,FRANCO ALDO PARISI,GABRIEL BORIC,JOSE ANTONIO KAST,MARCO ENRIQUEZ-OMINAMI,SEBASTIAN SICHEL,VOTOS EN BLANCO,VOTOS NULOS,YASNA PROVOSTE,NULO BLANCO,18-19 H,18-19 M,20-29 H,20-29 M,30-39 H,30-39 M,40-49 H,40-49 M,50-59 H,50-59 M,60-69 H,60-69 M,70-79 H,70-79 M,80+ H,80+ M,NUM VOTOS,NUM MESAS,P-VALOR,LOG P-VALOR,E_EDUARDO ARTES,E_FRANCO ALDO PARISI,E_GABRIEL BORIC,E_JOSE ANTONIO KAST,E_MARCO ENRIQUEZ-OMINAMI,E_NULO BLANCO,E_SEBASTIAN SICHEL,E_YASNA PROVOSTE,H,M,P_EDUARDO ARTES_H,P_FRANCO ALDO PARISI_H,P_GABRIEL BORIC_H,P_JOSE ANTONIO KAST_H,P_MARCO ENRIQUEZ-OMINAMI_H,P_NULO BLANCO_H,P_SEBASTIAN SICHEL_H,P_YASNA PROVOSTE_H,P_EDUARDO ARTES_M,P_FRANCO ALDO PARISI_M,P_GABRIEL BORIC_M,P_JOSE ANTONIO KAST_M,P_MARCO ENRIQUEZ-OMINAMI_M,P_NULO BLANCO_M,P_SEBASTIAN SICHEL_M,P_YASNA PROVOSTE_M,DIF_EDUARDO ARTES,DIF_FRANCO ALDO PARISI,DIF_GABRIEL BORIC,DIF_JOSE ANTONIO KAST,DIF_MARCO ENRIQUEZ-OMINAMI,DIF_NULO BLANCO,DIF_SEBASTIAN SICHEL,DIF_YASNA PROVOSTE
DE LOS LAGOS,CUCAO,ESCUELA RURAL CUCAO,1,9,14,27,30,8,11,1,1,46,2,1,0,7,9,5,6,14,6,19,19,25,15,10,8,3,0,147,2,-1,-1,9,14,27,30,8,2,11,46,48,99,0.008393051153910803,0.17699408877063458,0.3444160447496521,0.16312091261546477,0.07613710924466342,2.5041088987158952e-08,0.03794577272770896,0.19299299569687633,0.08707061132839632,0.05606633216338803,0.10673686288567102,0.22398220604513644,0.043776446093032564,0.017723656753845865,0.09295079431829964,0.3716930904122301,0.0,0.0,0.0,0.0,0.0,0.0,0.0,0.0
DE LOS LAGOS,CUCAO,ESCUELA RURAL CUCAO,2,2,18,35,19,8,5,0,0,24,0,0,2,5,7,25,26,16,16,5,6,2,0,0,0,0,1,111,2,-1,-1,2,18,35,19,8,0,5,24,97,14,0.008393051153910803,0.17699408877063458,0.3444160447496521,0.16312091261546477,0.07613710924466342,2.5041088987158952e-08,0.03794577272770896,0.19299299569687633,0.08707061132839632,0.05606633216338803,0.10673686288567102,0.22398220604513644,0.043776446093032564,0.017723656753845865,0.09295079431829964,0.3716930904122301,0.0,0.0,0.0,0.0,0.0,0.0,0.0,0.0
