,EDUARDO ARTES,FRANCO ALDO PARISI,GABRIEL BORIC,JOSE ANTONIO KAST,MARCO ENRIQUEZ-OMINAMI,NULO BLANCO,SEBASTIAN SICHEL,YASNA PROVOSTE
18+,0.009569377990430622,0.18181818181818182,0.15789473684210525,0.13237639553429026,0.03987240829346093,0.022328548644338118,0.05422647527910686,0.4019138755980861
