REGION,CIRCUNSCRIPCION ELECTORAL,LOCAL,MESA,EDUARDO ARTES,FRANCO ALDO PARISI,GABRIEL BORIC,JOSE ANTONIO KAST,MARCO ENRIQUEZ-OMINAMI,SEBASTIAN SICHEL,VOTOS EN BLANCO,VOTOS NULOS,YASNA PROVOSTE,NULO BLANCO,18-19 H,18-19 M,20-29 H,20-29 M,30-39 H,30-39 M,40-49 H,40-49 M,50-59 H,50-59 M,60-69 H,60-69 M,70-79 H,70-79 M,80+ H,80+ M,NUM VOTOS,NUM MESAS,P-VALOR,LOG P-VALOR,E_EDUARDO ARTES,E_FRANCO ALDO PARISI,E_GABRIEL BORIC,E_JOSE ANTONIO KAST,E_MARCO ENRIQUEZ-OMINAMI,E_NULO BLANCO,E_SEBASTIAN SICHEL,E_YASNA PROVOSTE,H,M,P_EDUARDO ARTES_H,P_FRANCO ALDO PARISI_H,P_GABRIEL BORIC_H,P_JOSE ANTONIO KAST_H,P_MARCO ENRIQUEZ-OMINAMI_H,P_NULO BLANCO_H,P_SEBASTIAN SICHEL_H,P_YASNA PROVOSTE_H,P_EDUARDO ARTES_M,P_FRANCO ALDO PARISI_M,P_GABRIEL BORIC_M,P_JOSE ANTONIO KAST_M,P_MARCO ENRIQUEZ-OMINAMI_M,P_NULO BLANCO_M,P_SEBASTIAN SICHEL_M,P_YASNA PROVOSTE_M,DIF_EDUARDO ARTES,DIF_FRANCO ALDO PARISI,DIF_GABRIEL BORIC,DIF_JOSE ANTONIO KAST,DIF_MARCO ENRIQUEZ-OMINAMI,DIF_NULO BLANCO,DIF_SEBASTIAN SICHEL,DIF_YASNA PROVOSTE
DE LOS LAGOS,MECHUQUE,ESCUELA RURAL BORDEMAR,1M-2M-3V,1,11,8,24,10,15,0,3,10,3,0,0,0,3,4,5,8,9,4,24,2,12,0,8,0,3,82,2,-1,-1,1,11,9,23,9,4,15,10,29,53,0.02077051921225024,0.03161790400952349,0.004707235284953863,0.2053957344647452,0.30487637851242844,0.0004717406721074863,0.3373352386253109,0.09482524921868037,2.837365921407064e-09,0.19608570306291428,0.1707115987350343,0.3315987422598257,0.0010448560027967162,0.07231611547711166,0.0955206875304286,0.13272229409452282,0.0,0.0,-1.0,1.0,1.0,-1.0,0.0,0.0
DE LOS LAGOS,MECHUQUE,ESCUELA RURAL BORDEMAR,1V-2V,0,12,11,22,4,11,5,0,9,5,1,0,2,4,0,3,6,1,21,0,16,1,15,0,4,0,74,2,-1,-1,0,12,10,23,5,4,11,9,17,57,0.02077051921225024,0.03161790400952349,0.004707235284953863,0.2053957344647452,0.30487637851242844,0.0004717406721074863,0.3373352386253109,0.09482524921868037,2.837365921407064e-09,0.19608570306291428,0.1707115987350343,0.3315987422598257,0.0010448560027967162,0.07231611547711166,0.0955206875304286,0.13272229409452282,0.0,0.0,1.0,-1.0,-1.0,1.0,0.0,0.0
