REGION,CIRCUNSCRIPCION ELECTORAL,LOCAL,MESA,EDUARDO ARTES,FRANCO ALDO PARISI,GABRIEL BORIC,JOSE ANTONIO KAST,MARCO ENRIQUEZ-OMINAMI,SEBASTIAN SICHEL,VOTOS EN BLANCO,VOTOS NULOS,YASNA PROVOSTE,NULO BLANCO,18-19,20-29,30-39,40-49,50-59,60-69,70-79,80+,NUM VOTOS,NUM MESAS,P-VALOR,LOG P-VALOR,E_EDUARDO ARTES,E_FRANCO ALDO PARISI,E_GABRIEL BORIC,E_JOSE ANTONIO KAST,E_MARCO ENRIQUEZ-OMINAMI,E_NULO BLANCO,E_SEBASTIAN SICHEL,E_YASNA PROVOSTE,18+,P_EDUARDO ARTES_18+,P_FRANCO ALDO PARISI_18+,P_GABRIEL BORIC_18+,P_JOSE ANTONIO KAST_18+,P_MARCO ENRIQUEZ-OMINAMI_18+,P_NULO BLANCO_18+,P_SEBASTIAN SICHEL_18+,P_YASNA PROVOSTE_18+,DIF_EDUARDO ARTES,DIF_FRANCO ALDO PARISI,DIF_GABRIEL BORIC,DIF_JOSE ANTONIO KAST,DIF_MARCO ENRIQUEZ-OMINAMI,DIF_NULO BLANCO,DIF_SEBASTIAN SICHEL,DIF_YASNA PROVOSTE
DE NUBLE,BUCHUPUREO,ESCUELA BASICA BUCHUPUREO,1,1,19,28,65,6,32,0,4,17,4,4,44,17,3,3,29,49,23,172,4,-1,-1,1,13,24,66,9,4,34,21,172,0.004655749518779454,0.07746939626971108,0.14106636576554368,0.38289983975118763,0.0496486852959862,0.0248243426479931,0.19691639563440516,0.12251922511639375,0.0,6.0,4.0,-1.0,-3.0,0.0,-2.0,-4.0
DE NUBLE,BUCHUPUREO,ESCUELA BASICA BUCHUPUREO,2,1,10,22,60,10,33,4,1,22,5,1,13,30,34,39,32,10,6,163,4,-1,-1,1,13,23,62,8,4,32,20,165,0.004655749518779454,0.07746939626971108,0.14106636576554368,0.38289983975118763,0.0496486852959862,0.0248243426479931,0.19691639563440516,0.12251922511639375,0.0,-3.0,-1.0,-2.0,2.0,1.0,1.0,2.0
DE NUBLE,BUCHUPUREO,ESCUELA BASICA BUCHUPUREO,3,0,10,18,61,7,39,1,2,24,3,2,7,24,40,37,31,12,9,162,4,-1,-1,1,12,23,62,8,4,32,20,162,0.004655749518779454,0.07746939626971108,0.14106636576554368,0.38289983975118763,0.0496486852959862,0.0248243426479931,0.19691639563440516,0.12251922511639375,-1.0,-2.0,-5.0,-1.0,-1.0,-1.0,7.0,4.0
DE NUBLE,BUCHUPUREO,ESCUELA BASICA BUCHUPUREO,4,1,11,23,61,9,23,2,2,16,4,2,9,30,35,25,32,6,9,148,4,-1,-1,1,11,21,57,7,4,29,18,148,0.004655749518779454,0.07746939626971108,0.14106636576554368,0.38289983975118763,0.0496486852959862,0.0248243426479931,0.19691639563440516,0.12251922511639375,0.0,0.0,2.0,4.0,2.0,0.0,-6.0,-2.0
