,EDUARDO ARTES,FRANCO ALDO PARISI,GABRIEL BORIC,JOSE ANTONIO KAST,MARCO ENRIQUEZ-OMINAMI,NULO BLANCO,SEBASTIAN SICHEL,YASNA PROVOSTE
18+,0.0044219547775346466,0.47307858525767726,0.018570617031183494,0.4577625306910757,0.005485869263722378,0.009877646623724843,0.01100994185389507,0.019792854501186553
