,EDUARDO ARTES,FRANCO ALDO PARISI,GABRIEL BORIC,JOSE ANTONIO KAST,MARCO ENRIQUEZ-OMINAMI,NULO BLANCO,SEBASTIAN SICHEL,YASNA PROVOSTE
18+,0.01485907735461872,0.27755548827054444,0.23485812643703985,0.18936672254723436,0.05970580771720786,0.00982013649627334,0.07215691387238021,0.14167772730470118
