REGION,CIRCUNSCRIPCION ELECTORAL,LOCAL,MESA,EDUARDO ARTES,FRANCO ALDO PARISI,GABRIEL BORIC,JOSE ANTONIO KAST,MARCO ENRIQUEZ-OMINAMI,SEBASTIAN SICHEL,VOTOS EN BLANCO,VOTOS NULOS,YASNA PROVOSTE,NULO BLANCO,18-19 H,18-19 M,20-29 H,20-29 M,30-39 H,30-39 M,40-49 H,40-49 M,50-59 H,50-59 M,60-69 H,60-69 M,70-79 H,70-79 M,80+ H,80+ M,NUM VOTOS,NUM MESAS,P-VALOR,LOG P-VALOR,E_EDUARDO ARTES,E_FRANCO ALDO PARISI,E_GABRIEL BORIC,E_JOSE ANTONIO KAST,E_MARCO ENRIQUEZ-OMINAMI,E_NULO BLANCO,E_SEBASTIAN SICHEL,E_YASNA PROVOSTE,H,M,P_EDUARDO ARTES_H,P_FRANCO ALDO PARISI_H,P_GABRIEL BORIC_H,P_JOSE ANTONIO KAST_H,P_MARCO ENRIQUEZ-OMINAMI_H,P_NULO BLANCO_H,P_SEBASTIAN SICHEL_H,P_YASNA PROVOSTE_H,P_EDUARDO ARTES_M,P_FRANCO ALDO PARISI_M,P_GABRIEL BORIC_M,P_JOSE ANTONIO KAST_M,P_MARCO ENRIQUEZ-OMINAMI_M,P_NULO BLANCO_M,P_SEBASTIAN SICHEL_M,P_YASNA PROVOSTE_M,DIF_EDUARDO ARTES,DIF_FRANCO ALDO PARISI,DIF_GABRIEL BORIC,DIF_JOSE ANTONIO KAST,DIF_MARCO ENRIQUEZ-OMINAMI,DIF_NULO BLANCO,DIF_SEBASTIAN SICHEL,DIF_YASNA PROVOSTE
DEL MAULE,POCILLAS,ESCUELA PURISIMA CONCEPCION DE POCILLAS,1M-2M,0,7,6,74,11,29,5,2,13,7,0,1,3,5,6,11,2,18,1,29,3,40,2,22,0,4,147,2,-1,-1,1,7,7,72,11,7,29,13,46,101,5.801245659226477e-14,0.04971500036750074,8.523064804808649e-05,0.6751467324686888,0.047849074040345004,0.13630435664366097,0.06021910247462278,0.03068050335707553,0.00862251485052994,0.04506187665629585,0.0736474957192927,0.40999684757364074,0.08480476480210661,0.006790543585375195,0.25766074102887254,0.11341521578388641,-1.0,0.0,-1.0,2.0,0.0,0.0,0.0,0.0
DEL MAULE,POCILLAS,ESCUELA PURISIMA CONCEPCION DE POCILLAS,1V-2V-3V-4-6-7-8,2,8,11,83,13,36,4,3,16,7,0,2,3,6,10,4,17,4,36,4,54,6,24,2,4,0,176,2,-1,-1,1,8,10,85,13,7,36,16,46,130,5.801245659226477e-14,0.04971500036750074,8.523064804808649e-05,0.6751467324686888,0.047849074040345004,0.13630435664366097,0.06021910247462278,0.03068050335707553,0.00862251485052994,0.04506187665629585,0.0736474957192927,0.40999684757364074,0.08480476480210661,0.006790543585375195,0.25766074102887254,0.11341521578388641,1.0,0.0,1.0,-2.0,0.0,0.0,0.0,0.0
