,EDUARDO ARTES,FRANCO ALDO PARISI,GABRIEL BORIC,JOSE ANTONIO KAST,MARCO ENRIQUEZ-OMINAMI,NULO BLANCO,SEBASTIAN SICHEL,YASNA PROVOSTE
18+,0.012048192771084338,0.10441767068273092,0.21285140562248994,0.3493975903614458,0.05220883534136546,0.036144578313253004,0.11244979919678715,0.12048192771084337
