,EDUARDO ARTES,FRANCO ALDO PARISI,GABRIEL BORIC,JOSE ANTONIO KAST,MARCO ENRIQUEZ-OMINAMI,NULO BLANCO,SEBASTIAN SICHEL,YASNA PROVOSTE
18+,0.00702576112412178,0.3559718969555035,0.16627634660421545,0.20608899297423888,0.11475409836065574,0.00702576112412178,0.0351288056206089,0.10772833723653395
