,EDUARDO ARTES,FRANCO ALDO PARISI,GABRIEL BORIC,JOSE ANTONIO KAST,MARCO ENRIQUEZ-OMINAMI,NULO BLANCO,SEBASTIAN SICHEL,YASNA PROVOSTE
18+,0.011922339214945312,0.18457600756524137,0.21624579018355974,0.3456364356048023,0.057042974049890526,0.009048879102207166,0.10335180525296,0.07217576902639342
