,EDUARDO ARTES,FRANCO ALDO PARISI,GABRIEL BORIC,JOSE ANTONIO KAST,MARCO ENRIQUEZ-OMINAMI,NULO BLANCO,SEBASTIAN SICHEL,YASNA PROVOSTE
18+,0.030303030303030304,0.1111111111111111,0.1313131313131313,0.24242424242424243,0.09090909090909091,0.06060606060606061,0.04040404040404041,0.29292929292929293
