REGION,CIRCUNSCRIPCION ELECTORAL,LOCAL,MESA,EDUARDO ARTES,FRANCO ALDO PARISI,GABRIEL BORIC,JOSE ANTONIO KAST,MARCO ENRIQUEZ-OMINAMI,SEBASTIAN SICHEL,VOTOS EN BLANCO,VOTOS NULOS,YASNA PROVOSTE,NULO BLANCO,18-19 H,18-19 M,20-29 H,20-29 M,30-39 H,30-39 M,40-49 H,40-49 M,50-59 H,50-59 M,60-69 H,60-69 M,70-79 H,70-79 M,80+ H,80+ M,NUM VOTOS,NUM MESAS,P-VALOR,LOG P-VALOR,E_EDUARDO ARTES,E_FRANCO ALDO PARISI,E_GABRIEL BORIC,E_JOSE ANTONIO KAST,E_MARCO ENRIQUEZ-OMINAMI,E_NULO BLANCO,E_SEBASTIAN SICHEL,E_YASNA PROVOSTE,H,M,P_EDUARDO ARTES_H,P_FRANCO ALDO PARISI_H,P_GABRIEL BORIC_H,P_JOSE ANTONIO KAST_H,P_MARCO ENRIQUEZ-OMINAMI_H,P_NULO BLANCO_H,P_SEBASTIAN SICHEL_H,P_YASNA PROVOSTE_H,P_EDUARDO ARTES_M,P_FRANCO ALDO PARISI_M,P_GABRIEL BORIC_M,P_JOSE ANTONIO KAST_M,P_MARCO ENRIQUEZ-OMINAMI_M,P_NULO BLANCO_M,P_SEBASTIAN SICHEL_M,P_YASNA PROVOSTE_M,DIF_EDUARDO ARTES,DIF_FRANCO ALDO PARISI,DIF_GABRIEL BORIC,DIF_JOSE ANTONIO KAST,DIF_MARCO ENRIQUEZ-OMINAMI,DIF_NULO BLANCO,DIF_SEBASTIAN SICHEL,DIF_YASNA PROVOSTE
DE NUBLE,VEGAS DE ITATA,ESCUELA VEGAS DE ITATA,1M,1,7,9,63,6,12,7,1,15,8,0,3,2,7,2,8,2,12,6,27,6,24,3,14,1,4,121,2,-1,-1,1,7,11,63,4,9,10,16,36,85,0.03753977685301315,0.18309074265545916,0.29033042068338416,0.0031216905032562083,0.0004237213709781235,0.13804166429706247,0.0006425334311423111,0.3468094502057045,0.00011464699019388191,0.010134497800166172,0.0011902823259565115,0.7388779012970859,0.05324718909199407,0.04269296447703645,0.11287553521002038,0.040866982807546665,0.0,0.0,-2.0,0.0,2.0,-1.0,2.0,-1.0
DE NUBLE,VEGAS DE ITATA,ESCUELA VEGAS DE ITATA,1V,2,9,14,60,3,7,9,1,19,10,2,2,5,4,4,6,13,6,26,4,23,10,15,2,2,0,124,2,-1,-1,2,9,12,61,4,9,9,18,42,82,0.03753977685301315,0.18309074265545916,0.29033042068338416,0.0031216905032562083,0.0004237213709781235,0.13804166429706247,0.0006425334311423111,0.3468094502057045,0.00011464699019388191,0.010134497800166172,0.0011902823259565115,0.7388779012970859,0.05324718909199407,0.04269296447703645,0.11287553521002038,0.040866982807546665,0.0,0.0,2.0,-1.0,-1.0,1.0,-2.0,1.0
