,EDUARDO ARTES,FRANCO ALDO PARISI,GABRIEL BORIC,JOSE ANTONIO KAST,MARCO ENRIQUEZ-OMINAMI,NULO BLANCO,SEBASTIAN SICHEL,YASNA PROVOSTE
18+,0.011058451816745656,0.12322274881516587,0.1674565560821485,0.2890995260663507,0.09004739336492891,0.028436018957345967,0.11848341232227486,0.1721958925750395
