,EDUARDO ARTES,FRANCO ALDO PARISI,GABRIEL BORIC,JOSE ANTONIO KAST,MARCO ENRIQUEZ-OMINAMI,NULO BLANCO,SEBASTIAN SICHEL,YASNA PROVOSTE
18+,0.004048582995951418,0.1252383979656707,0.06666778197878676,0.48482617860608285,0.03635359855455549,0.026265600428279856,0.06467694984441395,0.19192290962625894
