,EDUARDO ARTES,FRANCO ALDO PARISI,GABRIEL BORIC,JOSE ANTONIO KAST,MARCO ENRIQUEZ-OMINAMI,NULO BLANCO,SEBASTIAN SICHEL,YASNA PROVOSTE
18-39,0.021150071206835198,0.23457105189752162,0.18598434265507727,0.30925135864131326,0.0693239960411429,0.004856843585105541,0.044652179108437696,0.13021015686456652
40+,0.019925954776010193,0.043078156933095545,0.14629740845500824,0.2756684125936738,0.08591856060523757,0.04886271845683107,0.09973433529134247,0.28051445288880117
