,EDUARDO ARTES,FRANCO ALDO PARISI,GABRIEL BORIC,JOSE ANTONIO KAST,MARCO ENRIQUEZ-OMINAMI,NULO BLANCO,SEBASTIAN SICHEL,YASNA PROVOSTE
18+,0.009836065573770493,0.055737704918032774,0.2,0.35737704918032787,0.029508196721311476,0.02622950819672131,0.11147540983606558,0.2098360655737705
