,EDUARDO ARTES,FRANCO ALDO PARISI,GABRIEL BORIC,JOSE ANTONIO KAST,MARCO ENRIQUEZ-OMINAMI,NULO BLANCO,SEBASTIAN SICHEL,YASNA PROVOSTE
18+,0.006195786864931847,0.05204460966542751,0.11028500619578686,0.5192069392812887,0.05328376703841387,0.022304832713754646,0.10285006195786865,0.13382899628252787
