,EDUARDO ARTES,FRANCO ALDO PARISI,GABRIEL BORIC,JOSE ANTONIO KAST,MARCO ENRIQUEZ-OMINAMI,NULO BLANCO,SEBASTIAN SICHEL,YASNA PROVOSTE
18+,0.034482758620689655,0.3103448275862069,0.1724137931034483,0.24137931034482762,0.034482758620689655,0.034482758620689655,0.06896551724137931,0.10344827586206899
