,EDUARDO ARTES,FRANCO ALDO PARISI,GABRIEL BORIC,JOSE ANTONIO KAST,MARCO ENRIQUEZ-OMINAMI,NULO BLANCO,SEBASTIAN SICHEL,YASNA PROVOSTE
18+,0.027366047081196453,0.11083056115706062,0.351221744660657,0.1935678991634518,0.12203544531742429,0.011220016441611927,0.08487345312878676,0.09888483304981116
