,EDUARDO ARTES,FRANCO ALDO PARISI,GABRIEL BORIC,JOSE ANTONIO KAST,MARCO ENRIQUEZ-OMINAMI,NULO BLANCO,SEBASTIAN SICHEL,YASNA PROVOSTE
18+,0.021052631578947368,0.15789473684210523,0.17894736842105263,0.2736842105263158,0.1368421052631579,0.042105263157894736,0.07368421052631578,0.11578947368421053
