,EDUARDO ARTES,FRANCO ALDO PARISI,GABRIEL BORIC,JOSE ANTONIO KAST,MARCO ENRIQUEZ-OMINAMI,NULO BLANCO,SEBASTIAN SICHEL,YASNA PROVOSTE
18+,0.012775885054066065,0.16297585542882537,0.20134054214190492,0.21089468226929345,0.1468671307954377,0.02881054658569101,0.098985335505851,0.13735002221893053
