,EDUARDO ARTES,FRANCO ALDO PARISI,GABRIEL BORIC,JOSE ANTONIO KAST,MARCO ENRIQUEZ-OMINAMI,NULO BLANCO,SEBASTIAN SICHEL,YASNA PROVOSTE
18+,0.002197802197802198,0.15417871602082128,0.11670040485829959,0.36353383458646615,0.07048872180451128,0.026474840948525157,0.09031231925968769,0.17611336032388664
