,EDUARDO ARTES,FRANCO ALDO PARISI,GABRIEL BORIC,JOSE ANTONIO KAST,MARCO ENRIQUEZ-OMINAMI,NULO BLANCO,SEBASTIAN SICHEL,YASNA PROVOSTE
18-49,0.026222465285927896,0.10607135210094099,0.46522896131972546,0.27270955355949295,0.033211237272968853,0.012091274923781656,0.07407433733722403,0.010390818199938168
50+,1.7052679714217455e-06,0.10997197525177418,0.10815701103614035,0.22789574557790868,0.052075032880800405,0.018260494122288605,0.1706196747321877,0.3130183611309287
