,EDUARDO ARTES,FRANCO ALDO PARISI,GABRIEL BORIC,JOSE ANTONIO KAST,MARCO ENRIQUEZ-OMINAMI,NULO BLANCO,SEBASTIAN SICHEL,YASNA PROVOSTE
18+,0.010245901639344262,0.055327868852459015,0.1557377049180328,0.3012295081967213,0.028688524590163935,0.028688524590163935,0.14959016393442623,0.27049180327868855
