,EDUARDO ARTES,FRANCO ALDO PARISI,GABRIEL BORIC,JOSE ANTONIO KAST,MARCO ENRIQUEZ-OMINAMI,NULO BLANCO,SEBASTIAN SICHEL,YASNA PROVOSTE
18+,0.01807782466010314,0.18185787957939856,0.2762119081106423,0.19379010113187328,0.06254370102471368,0.016992833701694462,0.11712544370772218,0.1334003080838524
