,EDUARDO ARTES,FRANCO ALDO PARISI,GABRIEL BORIC,JOSE ANTONIO KAST,MARCO ENRIQUEZ-OMINAMI,NULO BLANCO,SEBASTIAN SICHEL,YASNA PROVOSTE
18-29,0.025267897416235533,0.12641424554300656,0.34025973342317634,0.3098679564248744,0.029093634007799837,0.012714418907551563,0.1247586996212688,0.03162341465608742
30-39,0.015115062016984525,0.16491367837392618,0.30005416112688876,0.31989609889428333,0.053833933119378216,0.004087334381442421,0.11531694437723397,0.026782787709862407
40-49,0.016094928020209797,0.07897227087817991,0.22052027714217456,0.3774146075477282,0.07170439580441752,0.00615273017942074,0.13214896862135972,0.09699182180650952
50-59,0.003758542766044744,0.06559497727784426,0.2631761631013184,0.2959119482250965,0.09508808123955612,0.014973498797687746,0.15436315785071966,0.10713363074173232
60-69,0.0043633252743709005,0.039146351227640507,0.2082358939962822,0.4173306880230967,0.061991327817587934,0.004967019157806604,0.1659661194549485,0.0979992750482669
70+,0.011908756810636995,0.024658683383178868,0.12344856699364729,0.47795182057565144,0.013726812133487197,0.00167903716681514,0.1996465431401703,0.14697977979641325
