,EDUARDO ARTES,FRANCO ALDO PARISI,GABRIEL BORIC,JOSE ANTONIO KAST,MARCO ENRIQUEZ-OMINAMI,NULO BLANCO,SEBASTIAN SICHEL,YASNA PROVOSTE
18-19,0.027856418793609304,0.07414485507155928,0.4842130118193686,0.16251597076481522,0.06011294213694286,0.015785186200433166,0.11407419298502716,0.06129742222824425
20-29,0.03953129672029213,0.09470981014170815,0.5243625427161033,0.11772886813832215,0.0683316105267053,0.012408322249247022,0.10651124119856877,0.03641630830905333
30-39,0.02221669715908002,0.13413464783443355,0.4021317864424492,0.18648908482921636,0.09255020991152749,0.00701932045365338,0.11099105869285854,0.04446719467678173
40-49,0.010612180145401894,0.07554804532823403,0.3013954627333555,0.2597709712746457,0.10620056740395893,0.0007640793894790736,0.160320051183546,0.08538864254137897
50-59,0.013077305408136447,0.032932382827669866,0.31428414042842784,0.23775329628577652,0.10650352026133045,0.006296564571601106,0.1689792007985001,0.12017358941855774
60+,0.009937425224832163,0.01832046684900249,0.2983267987766637,0.2685997952353057,0.07418730418698835,0.010560428112723647,0.1538973511396922,0.16617043047479174
