,EDUARDO ARTES,FRANCO ALDO PARISI,GABRIEL BORIC,JOSE ANTONIO KAST,MARCO ENRIQUEZ-OMINAMI,NULO BLANCO,SEBASTIAN SICHEL,YASNA PROVOSTE
18+,0.015576323987538937,0.018691588785046728,0.4485981308411215,0.19003115264797513,0.06853582554517133,0.012461059190031152,0.1308411214953271,0.11526479750778816
