,EDUARDO ARTES,FRANCO ALDO PARISI,GABRIEL BORIC,JOSE ANTONIO KAST,MARCO ENRIQUEZ-OMINAMI,NULO BLANCO,SEBASTIAN SICHEL,YASNA PROVOSTE
18+,0.012295081967213115,0.12704918032786888,0.0942622950819672,0.29098360655737704,0.12295081967213115,0.06967213114754098,0.1721311475409836,0.11065573770491804
