,EDUARDO ARTES,FRANCO ALDO PARISI,GABRIEL BORIC,JOSE ANTONIO KAST,MARCO ENRIQUEZ-OMINAMI,NULO BLANCO,SEBASTIAN SICHEL,YASNA PROVOSTE
H,0.006441735062852631,0.18782454080721403,0.16037709854233706,0.3321645052186405,0.056742196915119995,0.011644728881445677,0.10787527782901607,0.136929916743374
M,0.00617683586003345,0.11811182701208756,0.13268653959609525,0.33421707594175676,0.049269458646395765,0.02468310699782667,0.10117631102868155,0.23367884491712285
