,EDUARDO ARTES,FRANCO ALDO PARISI,GABRIEL BORIC,JOSE ANTONIO KAST,MARCO ENRIQUEZ-OMINAMI,NULO BLANCO,SEBASTIAN SICHEL,YASNA PROVOSTE
18+,0.0,0.48148148148148145,0.0617283950617284,0.11111111111111113,0.1234567901234568,0.012345679012345682,0.11111111111111113,0.09876543209876545
