,EDUARDO ARTES,FRANCO ALDO PARISI,GABRIEL BORIC,JOSE ANTONIO KAST,MARCO ENRIQUEZ-OMINAMI,NULO BLANCO,SEBASTIAN SICHEL,YASNA PROVOSTE
18+,0.017476249323036968,0.13073165910901213,0.27189565995806936,0.23041415353667363,0.068973771210822,0.014629342652217698,0.1294058913970588,0.13647327281310945
