,EDUARDO ARTES,FRANCO ALDO PARISI,GABRIEL BORIC,JOSE ANTONIO KAST,MARCO ENRIQUEZ-OMINAMI,NULO BLANCO,SEBASTIAN SICHEL,YASNA PROVOSTE
18-39,0.011617724872030359,0.28050592800510843,0.17680092384979984,0.3838872579279298,0.03526668415225237,0.012680239091254191,0.03530597586836453,0.06393526623326051
40-49,0.017415169829694897,0.17299153821102065,0.08400961628758805,0.4102388836004908,0.0662892095229133,0.017886067218096647,0.07433322661191476,0.1568362887182809
50+,0.0055474496592467365,0.06389182298715905,0.1343648344598121,0.46241996924632917,0.05132282919053311,0.023226703869909753,0.071928663058465,0.18729772752854512
