,EDUARDO ARTES,FRANCO ALDO PARISI,GABRIEL BORIC,JOSE ANTONIO KAST,MARCO ENRIQUEZ-OMINAMI,NULO BLANCO,SEBASTIAN SICHEL,YASNA PROVOSTE
18+,0.00788091068301226,0.11646234676007006,0.13572679509632224,0.37653239929947463,0.0691768826619965,0.022767075306479857,0.11208406304728546,0.159369527145359
