,EDUARDO ARTES,FRANCO ALDO PARISI,GABRIEL BORIC,JOSE ANTONIO KAST,MARCO ENRIQUEZ-OMINAMI,NULO BLANCO,SEBASTIAN SICHEL,YASNA PROVOSTE
18-39,0.01832913889779658,0.12949548355797474,0.35877247643664223,0.24266761833417144,0.057397381537776036,0.0073553270586297,0.15342648013511842,0.032556094041890825
40+,0.005360266288947936,0.06488555791665024,0.27449450829097466,0.2551040786274494,0.12001531768136971,0.004834425193711012,0.1751774352245795,0.10012841077631751
