,EDUARDO ARTES,FRANCO ALDO PARISI,GABRIEL BORIC,JOSE ANTONIO KAST,MARCO ENRIQUEZ-OMINAMI,NULO BLANCO,SEBASTIAN SICHEL,YASNA PROVOSTE
18+,0.014413190312368701,0.3401654406231989,0.14264238671257734,0.16497866673650566,0.06507829628492727,0.011436570987743918,0.060029964420515156,0.201255483922163
