,EDUARDO ARTES,FRANCO ALDO PARISI,GABRIEL BORIC,JOSE ANTONIO KAST,MARCO ENRIQUEZ-OMINAMI,NULO BLANCO,SEBASTIAN SICHEL,YASNA PROVOSTE
18-29,0.022156723097162417,0.30574964150742795,0.2892189319286247,0.1959366568152015,0.054824317850972915,0.021190327206499857,0.06363379161774449,0.04728960997636621
30-39,0.01030447936647436,0.3696225759679125,0.18100456624142322,0.2954249751511566,0.045261904185973936,0.0002795939418643314,0.05384483350219611,0.044257071642998996
40-49,0.017673051572417522,0.18855631372016882,0.19068451705617556,0.2902582942133794,0.06970411262411279,0.01167092193206955,0.09047147831968849,0.1409813105619879
50+,0.009968321772320024,0.085966717874062,0.17021150170731542,0.32147453648034136,0.06703491232212833,0.041763241176410004,0.12103542040636942,0.18254534826105343
