,EDUARDO ARTES,FRANCO ALDO PARISI,GABRIEL BORIC,JOSE ANTONIO KAST,MARCO ENRIQUEZ-OMINAMI,NULO BLANCO,SEBASTIAN SICHEL,YASNA PROVOSTE
18+,0.009132420091324199,0.1141552511415525,0.0867579908675799,0.4444444444444444,0.0715372907153729,0.0197869101978691,0.1126331811263318,0.1415525114155251
