,EDUARDO ARTES,FRANCO ALDO PARISI,GABRIEL BORIC,JOSE ANTONIO KAST,MARCO ENRIQUEZ-OMINAMI,NULO BLANCO,SEBASTIAN SICHEL,YASNA PROVOSTE
18+,0.00663716814159292,0.13938053097345132,0.2234513274336283,0.18584070796460178,0.06305309734513274,0.008849557522123894,0.13163716814159293,0.2411504424778761
