REGION,CIRCUNSCRIPCION ELECTORAL,LOCAL,MESA,EDUARDO ARTES,FRANCO ALDO PARISI,GABRIEL BORIC,JOSE ANTONIO KAST,MARCO ENRIQUEZ-OMINAMI,SEBASTIAN SICHEL,VOTOS EN BLANCO,VOTOS NULOS,YASNA PROVOSTE,NULO BLANCO,18-19,20-29,30-39,40-49,50-59,60-69,70-79,80+,NUM VOTOS,NUM MESAS,P-VALOR,LOG P-VALOR,E_EDUARDO ARTES,E_FRANCO ALDO PARISI,E_GABRIEL BORIC,E_JOSE ANTONIO KAST,E_MARCO ENRIQUEZ-OMINAMI,E_NULO BLANCO,E_SEBASTIAN SICHEL,E_YASNA PROVOSTE,18+,P_EDUARDO ARTES_18+,P_FRANCO ALDO PARISI_18+,P_GABRIEL BORIC_18+,P_JOSE ANTONIO KAST_18+,P_MARCO ENRIQUEZ-OMINAMI_18+,P_NULO BLANCO_18+,P_SEBASTIAN SICHEL_18+,P_YASNA PROVOSTE_18+,DIF_EDUARDO ARTES,DIF_FRANCO ALDO PARISI,DIF_GABRIEL BORIC,DIF_JOSE ANTONIO KAST,DIF_MARCO ENRIQUEZ-OMINAMI,DIF_NULO BLANCO,DIF_SEBASTIAN SICHEL,DIF_YASNA PROVOSTE
DE VALPARAISO,PULLALLY,ESCUELA RURAL PULLALLY,1,1,35,48,36,6,17,0,0,29,0,0,5,80,84,2,1,0,0,172,5,-1,-1,1,24,38,32,11,2,23,41,172,0.00663716814159292,0.13938053097345132,0.2234513274336283,0.18584070796460178,0.06305309734513274,0.008849557522123894,0.13163716814159293,0.2411504424778761,0.0,11.0,10.0,4.0,-5.0,-2.0,-6.0,-12.0
DE VALPARAISO,PULLALLY,ESCUELA RURAL PULLALLY,2,1,26,41,29,8,33,1,0,50,1,10,19,23,3,20,54,56,4,189,5,-1,-1,1,26,42,35,12,2,25,46,189,0.00663716814159292,0.13938053097345132,0.2234513274336283,0.18584070796460178,0.06305309734513274,0.008849557522123894,0.13163716814159293,0.2411504424778761,0.0,0.0,-1.0,-6.0,-4.0,-1.0,8.0,4.0
DE VALPARAISO,PULLALLY,ESCUELA RURAL PULLALLY,3,0,29,39,31,12,16,1,0,34,1,1,99,15,2,17,6,4,18,162,5,-1,-1,1,23,36,30,10,2,21,39,162,0.00663716814159292,0.13938053097345132,0.2234513274336283,0.18584070796460178,0.06305309734513274,0.008849557522123894,0.13163716814159293,0.2411504424778761,-1.0,6.0,3.0,1.0,2.0,-1.0,-5.0,-5.0
DE VALPARAISO,PULLALLY,ESCUELA RURAL PULLALLY,4,3,15,39,40,18,25,0,5,74,5,0,1,3,27,117,67,4,0,219,5,-1,-1,1,30,49,41,14,2,29,53,219,0.00663716814159292,0.13938053097345132,0.2234513274336283,0.18584070796460178,0.06305309734513274,0.008849557522123894,0.13163716814159293,0.2411504424778761,2.0,-15.0,-10.0,-1.0,4.0,3.0,-4.0,21.0
DE VALPARAISO,PULLALLY,ESCUELA RURAL PULLALLY,5,1,21,35,32,13,28,1,0,31,1,9,14,30,53,29,16,9,2,162,5,-1,-1,1,23,36,30,10,2,21,39,162,0.00663716814159292,0.13938053097345132,0.2234513274336283,0.18584070796460178,0.06305309734513274,0.008849557522123894,0.13163716814159293,0.2411504424778761,0.0,-2.0,-1.0,2.0,3.0,-1.0,7.0,-8.0
