,EDUARDO ARTES,FRANCO ALDO PARISI,GABRIEL BORIC,JOSE ANTONIO KAST,MARCO ENRIQUEZ-OMINAMI,NULO BLANCO,SEBASTIAN SICHEL,YASNA PROVOSTE
18-39,0.01265667461029248,0.20112483954349258,0.19277839587972612,0.4178787944793412,0.021210315932236563,0.006783943821652303,0.09587041106045541,0.051696624672803664
40+,0.010675031737639014,0.07842036095952223,0.13010869472015024,0.4279786673462061,0.04625573296899874,0.01711384649406328,0.1150197973755979,0.1744278683978224
