,EDUARDO ARTES,FRANCO ALDO PARISI,GABRIEL BORIC,JOSE ANTONIO KAST,MARCO ENRIQUEZ-OMINAMI,NULO BLANCO,SEBASTIAN SICHEL,YASNA PROVOSTE
18+,0.016916473808714826,0.09469195693047681,0.18592529230915764,0.16823067062670363,0.047328119834162005,0.02194177048331561,0.08285115029427056,0.38211456571319896
