,EDUARDO ARTES,FRANCO ALDO PARISI,GABRIEL BORIC,JOSE ANTONIO KAST,MARCO ENRIQUEZ-OMINAMI,NULO BLANCO,SEBASTIAN SICHEL,YASNA PROVOSTE
18+,0.0038910505836575876,0.08657587548638132,0.20719844357976655,0.3550583657587549,0.04182879377431906,0.030155642023346304,0.0914396887159533,0.18385214007782102
