,EDUARDO ARTES,FRANCO ALDO PARISI,GABRIEL BORIC,JOSE ANTONIO KAST,MARCO ENRIQUEZ-OMINAMI,NULO BLANCO,SEBASTIAN SICHEL,YASNA PROVOSTE
18+,0.009836065573770493,0.07540983606557378,0.16721311475409836,0.3737704918032787,0.05245901639344262,0.036065573770491806,0.16393442622950818,0.12131147540983608
