,EDUARDO ARTES,FRANCO ALDO PARISI,GABRIEL BORIC,JOSE ANTONIO KAST,MARCO ENRIQUEZ-OMINAMI,NULO BLANCO,SEBASTIAN SICHEL,YASNA PROVOSTE
H,0.012987012987012988,0.38311688311688313,0.08441558441558442,0.20129870129870134,0.05844155844155844,0.03246753246753247,0.06493506493506494,0.16233766233766234
M,0.012987012987012988,0.38311688311688313,0.08441558441558442,0.20129870129870128,0.05844155844155844,0.03246753246753247,0.06493506493506494,0.16233766233766234
