REGION,CIRCUNSCRIPCION ELECTORAL,LOCAL,MESA,EDUARDO ARTES,FRANCO ALDO PARISI,GABRIEL BORIC,JOSE ANTONIO KAST,MARCO ENRIQUEZ-OMINAMI,SEBASTIAN SICHEL,VOTOS EN BLANCO,VOTOS NULOS,YASNA PROVOSTE,NULO BLANCO,18-19,20-29,30-39,40-49,50-59,60-69,70-79,80+,NUM VOTOS,NUM MESAS,P-VALOR,LOG P-VALOR,E_EDUARDO ARTES,E_FRANCO ALDO PARISI,E_GABRIEL BORIC,E_JOSE ANTONIO KAST,E_MARCO ENRIQUEZ-OMINAMI,E_NULO BLANCO,E_SEBASTIAN SICHEL,E_YASNA PROVOSTE,18+,P_EDUARDO ARTES_18+,P_FRANCO ALDO PARISI_18+,P_GABRIEL BORIC_18+,P_JOSE ANTONIO KAST_18+,P_MARCO ENRIQUEZ-OMINAMI_18+,P_NULO BLANCO_18+,P_SEBASTIAN SICHEL_18+,P_YASNA PROVOSTE_18+,DIF_EDUARDO ARTES,DIF_FRANCO ALDO PARISI,DIF_GABRIEL BORIC,DIF_JOSE ANTONIO KAST,DIF_MARCO ENRIQUEZ-OMINAMI,DIF_NULO BLANCO,DIF_SEBASTIAN SICHEL,DIF_YASNA PROVOSTE
DE LA ARAUCANIA,ICALMA,ESCUELA BASICA LAFQUEN ICALMA,1M,0,25,14,31,5,4,11,9,24,20,3,9,14,25,35,22,12,3,123,4,-1,-1,3,21,18,34,5,14,5,23,123,0.02340425531914894,0.17446808510638298,0.14468085106382977,0.2765957446808511,0.04042553191489362,0.1106382978723404,0.04468085106382979,0.1851063829787234,-3.0,4.0,-4.0,-3.0,0.0,6.0,-1.0,1.0
DE LA ARAUCANIA,ICALMA,ESCUELA BASICA LAFQUEN ICALMA,1V,4,26,20,41,8,10,9,4,35,13,2,12,22,34,27,34,21,5,157,4,-1,-1,4,27,23,44,6,17,7,29,157,0.02340425531914894,0.17446808510638298,0.14468085106382977,0.2765957446808511,0.04042553191489362,0.1106382978723404,0.04468085106382979,0.1851063829787234,0.0,-1.0,-3.0,-3.0,2.0,-4.0,3.0,6.0
DE LA ARAUCANIA,ICALMA,ESCUELA BASICA LAFQUEN ICALMA,2,5,16,19,32,3,5,4,4,13,8,2,16,19,18,23,13,8,2,101,4,-1,-1,2,18,15,28,4,11,4,19,101,0.02340425531914894,0.17446808510638298,0.14468085106382977,0.2765957446808511,0.04042553191489362,0.1106382978723404,0.04468085106382979,0.1851063829787234,3.0,-2.0,4.0,4.0,-1.0,-3.0,1.0,-6.0
DE LA ARAUCANIA,ICALMA,ESCUELA BASICA LAFQUEN ICALMA,3,2,15,15,26,3,2,2,9,15,11,3,17,18,21,15,10,3,2,89,4,-1,-1,2,15,13,25,4,10,4,16,89,0.02340425531914894,0.17446808510638298,0.14468085106382977,0.2765957446808511,0.04042553191489362,0.1106382978723404,0.04468085106382979,0.1851063829787234,0.0,0.0,2.0,1.0,-1.0,1.0,-2.0,-1.0
