,EDUARDO ARTES,FRANCO ALDO PARISI,GABRIEL BORIC,JOSE ANTONIO KAST,MARCO ENRIQUEZ-OMINAMI,NULO BLANCO,SEBASTIAN SICHEL,YASNA PROVOSTE
18+,0.0,0.17886178861788618,0.18699186991869918,0.13821138211382114,0.0894308943089431,0.04065040650406503,0.12195121951219512,0.2439024390243902
