REGION,CIRCUNSCRIPCION ELECTORAL,LOCAL,MESA,EDUARDO ARTES,FRANCO ALDO PARISI,GABRIEL BORIC,JOSE ANTONIO KAST,MARCO ENRIQUEZ-OMINAMI,SEBASTIAN SICHEL,VOTOS EN BLANCO,VOTOS NULOS,YASNA PROVOSTE,NULO BLANCO,18-19 H,18-19 M,20-29 H,20-29 M,30-39 H,30-39 M,40-49 H,40-49 M,50-59 H,50-59 M,60-69 H,60-69 M,70-79 H,70-79 M,80+ H,80+ M,NUM VOTOS,NUM MESAS,P-VALOR,LOG P-VALOR,E_EDUARDO ARTES,E_FRANCO ALDO PARISI,E_GABRIEL BORIC,E_JOSE ANTONIO KAST,E_MARCO ENRIQUEZ-OMINAMI,E_NULO BLANCO,E_SEBASTIAN SICHEL,E_YASNA PROVOSTE,H,M,P_EDUARDO ARTES_H,P_FRANCO ALDO PARISI_H,P_GABRIEL BORIC_H,P_JOSE ANTONIO KAST_H,P_MARCO ENRIQUEZ-OMINAMI_H,P_NULO BLANCO_H,P_SEBASTIAN SICHEL_H,P_YASNA PROVOSTE_H,P_EDUARDO ARTES_M,P_FRANCO ALDO PARISI_M,P_GABRIEL BORIC_M,P_JOSE ANTONIO KAST_M,P_MARCO ENRIQUEZ-OMINAMI_M,P_NULO BLANCO_M,P_SEBASTIAN SICHEL_M,P_YASNA PROVOSTE_M,DIF_EDUARDO ARTES,DIF_FRANCO ALDO PARISI,DIF_GABRIEL BORIC,DIF_JOSE ANTONIO KAST,DIF_MARCO ENRIQUEZ-OMINAMI,DIF_NULO BLANCO,DIF_SEBASTIAN SICHEL,DIF_YASNA PROVOSTE
DEL MAULE,TOCONEY,ESCUELA RIVERA DEL MAULE,1M-2M-1V,1,9,15,44,2,29,2,2,47,4,0,2,4,10,3,10,0,12,16,29,13,22,10,11,4,5,151,2,-1,-1,1,10,16,44,2,3,29,46,41,110,3.281821926451598e-15,0.2346027884455856,0.400255601925781,0.22901416324704896,0.02636701431628984,1.3127287705806393e-14,0.107653165332739,0.002107266732539205,0.007333028074063928,0.0002970331406353008,0.00021867008606424432,0.31388251171476944,0.00803112231853157,0.02933211229625571,0.22409074093538575,0.416814781434294,0.0,-1.0,-1.0,0.0,0.0,1.0,0.0,1.0
DEL MAULE,TOCONEY,ESCUELA RIVERA DEL MAULE,2V,0,8,14,15,1,9,0,0,9,0,1,0,1,4,5,2,17,2,8,1,7,1,7,0,0,0,56,2,-1,-1,0,7,13,15,1,1,9,10,32,24,3.281821926451598e-15,0.2346027884455856,0.400255601925781,0.22901416324704896,0.02636701431628984,1.3127287705806393e-14,0.107653165332739,0.002107266732539205,0.007333028074063928,0.0002970331406353008,0.00021867008606424432,0.31388251171476944,0.00803112231853157,0.02933211229625571,0.22409074093538575,0.416814781434294,0.0,1.0,1.0,0.0,0.0,-1.0,0.0,-1.0
