,EDUARDO ARTES,FRANCO ALDO PARISI,GABRIEL BORIC,JOSE ANTONIO KAST,MARCO ENRIQUEZ-OMINAMI,NULO BLANCO,SEBASTIAN SICHEL,YASNA PROVOSTE
18-39,0.01390196735322604,0.1523540697769657,0.3648320664654833,0.255183241141731,0.05473249968359249,0.006608132878779298,0.11420221935161759,0.0381858033486046
40+,0.005399513243195531,0.051462678886576234,0.2198872079191073,0.273161983175011,0.0875283506218129,0.013756004624479878,0.15846376128606324,0.19034050024375393
