REGION,CIRCUNSCRIPCION ELECTORAL,LOCAL,MESA,EDUARDO ARTES,FRANCO ALDO PARISI,GABRIEL BORIC,JOSE ANTONIO KAST,MARCO ENRIQUEZ-OMINAMI,SEBASTIAN SICHEL,VOTOS EN BLANCO,VOTOS NULOS,YASNA PROVOSTE,NULO BLANCO,18-19 H,18-19 M,20-29 H,20-29 M,30-39 H,30-39 M,40-49 H,40-49 M,50-59 H,50-59 M,60-69 H,60-69 M,70-79 H,70-79 M,80+ H,80+ M,NUM VOTOS,NUM MESAS,P-VALOR,LOG P-VALOR,E_EDUARDO ARTES,E_FRANCO ALDO PARISI,E_GABRIEL BORIC,E_JOSE ANTONIO KAST,E_MARCO ENRIQUEZ-OMINAMI,E_NULO BLANCO,E_SEBASTIAN SICHEL,E_YASNA PROVOSTE,H,M,P_EDUARDO ARTES_H,P_FRANCO ALDO PARISI_H,P_GABRIEL BORIC_H,P_JOSE ANTONIO KAST_H,P_MARCO ENRIQUEZ-OMINAMI_H,P_NULO BLANCO_H,P_SEBASTIAN SICHEL_H,P_YASNA PROVOSTE_H,P_EDUARDO ARTES_M,P_FRANCO ALDO PARISI_M,P_GABRIEL BORIC_M,P_JOSE ANTONIO KAST_M,P_MARCO ENRIQUEZ-OMINAMI_M,P_NULO BLANCO_M,P_SEBASTIAN SICHEL_M,P_YASNA PROVOSTE_M,DIF_EDUARDO ARTES,DIF_FRANCO ALDO PARISI,DIF_GABRIEL BORIC,DIF_JOSE ANTONIO KAST,DIF_MARCO ENRIQUEZ-OMINAMI,DIF_NULO BLANCO,DIF_SEBASTIAN SICHEL,DIF_YASNA PROVOSTE
DE TARAPACA,CHANAVAYITA,ESCUELA BASICA DE CHANAVAYITA,1,1,27,29,20,9,5,1,2,20,3,1,1,6,10,8,9,14,4,21,10,10,10,4,3,1,2,114,2,-1,-1,1,29,24,23,10,1,6,20,53,61,0.009986833296921831,0.29826154755418566,0.05654959954042523,0.2998758032698237,0.1170596281915363,0.009942759052719848,0.09140488882268145,0.11691894027170593,0.008603556181628521,0.21412594313816993,0.3414770856359181,0.11285271728312156,0.06061770094988457,0.01724330150938203,0.02143094722024785,0.2236487480816474,0.0,-2.0,5.0,-3.0,-1.0,2.0,-1.0,0.0
DE TARAPACA,CHANAVAYITA,ESCUELA BASICA DE CHANAVAYITA,2,1,28,15,24,10,7,0,0,17,0,1,2,10,7,6,8,8,10,9,11,12,9,4,2,1,2,102,2,-1,-1,1,26,20,21,9,2,6,17,52,50,0.009986833296921831,0.29826154755418566,0.05654959954042523,0.2998758032698237,0.1170596281915363,0.009942759052719848,0.09140488882268145,0.11691894027170593,0.008603556181628521,0.21412594313816993,0.3414770856359181,0.11285271728312156,0.06061770094988457,0.01724330150938203,0.02143094722024785,0.2236487480816474,0.0,2.0,-5.0,3.0,1.0,-2.0,1.0,0.0
