,EDUARDO ARTES,FRANCO ALDO PARISI,GABRIEL BORIC,JOSE ANTONIO KAST,MARCO ENRIQUEZ-OMINAMI,NULO BLANCO,SEBASTIAN SICHEL,YASNA PROVOSTE
18+,0.012195121951219511,0.25853658536585367,0.13170731707317074,0.2780487804878049,0.07073170731707315,0.024390243902439022,0.06829268292682927,0.15609756097560976
