,EDUARDO ARTES,FRANCO ALDO PARISI,GABRIEL BORIC,JOSE ANTONIO KAST,MARCO ENRIQUEZ-OMINAMI,NULO BLANCO,SEBASTIAN SICHEL,YASNA PROVOSTE
18-29,0.01638778115456421,0.2430888426971829,0.27093648925749725,0.32541687248530143,0.01924013355288207,0.013397055344450275,0.07086254914351887,0.04067027636460294
30-39,0.01197341733590302,0.19322766536720767,0.19931749490669667,0.3826918975991516,0.054955891719515856,0.007708373002968228,0.05106753120572807,0.099057728862829
40-49,0.00978664576862628,0.13293596941417,0.1499416761661185,0.39919441520723115,0.0668582985486149,0.00556081598987969,0.11841573000329647,0.11730644890206308
50-59,0.017755931337126492,0.13725771450914864,0.1980510264460578,0.27725313624949943,0.05450405463928116,0.005894107749672762,0.15670784212247404,0.15257618694673988
60+,0.0004230462369329148,0.048773353262578756,0.09829080534953541,0.41625079158909384,0.04434571957306294,0.02354369406612425,0.13899962946195143,0.22937296046072048
