,EDUARDO ARTES,FRANCO ALDO PARISI,GABRIEL BORIC,JOSE ANTONIO KAST,MARCO ENRIQUEZ-OMINAMI,NULO BLANCO,SEBASTIAN SICHEL,YASNA PROVOSTE
18+,0.02565492109604847,0.08895257324049419,0.14855261661964794,0.3439175411613565,0.06923640879438066,0.026593455380460224,0.11553625024031111,0.181556233467301
