,EDUARDO ARTES,FRANCO ALDO PARISI,GABRIEL BORIC,JOSE ANTONIO KAST,MARCO ENRIQUEZ-OMINAMI,NULO BLANCO,SEBASTIAN SICHEL,YASNA PROVOSTE
18+,0.017857142857142856,0.1461038961038961,0.13474025974025974,0.46266233766233766,0.05519480519480519,0.011363636363636364,0.08116883116883117,0.09090909090909091
