,EDUARDO ARTES,FRANCO ALDO PARISI,GABRIEL BORIC,JOSE ANTONIO KAST,MARCO ENRIQUEZ-OMINAMI,NULO BLANCO,SEBASTIAN SICHEL,YASNA PROVOSTE
18-59,0.005172526898320743,0.32868840491841345,0.17204364599138744,0.230309129456841,0.07049851945577343,0.014998167010067617,0.09319782782711214,0.08509177844208425
60+,0.008983587256854846,0.15801903077128374,0.22503129753859843,0.23593487034352298,0.08444119791565897,0.008782019866935028,0.08365786049966013,0.19515013580748586
