,EDUARDO ARTES,FRANCO ALDO PARISI,GABRIEL BORIC,JOSE ANTONIO KAST,MARCO ENRIQUEZ-OMINAMI,NULO BLANCO,SEBASTIAN SICHEL,YASNA PROVOSTE
18+,0.005496626225721162,0.10248101835525969,0.08486970870193483,0.5317063728075171,0.01769786430343636,0.017623249995623275,0.12869695207808243,0.11142820753242522
