,EDUARDO ARTES,FRANCO ALDO PARISI,GABRIEL BORIC,JOSE ANTONIO KAST,MARCO ENRIQUEZ-OMINAMI,NULO BLANCO,SEBASTIAN SICHEL,YASNA PROVOSTE
18+,0.008032128514056226,0.032128514056224904,0.09036144578313253,0.7068273092369478,0.03413654618473896,0.018072289156626505,0.0642570281124498,0.04618473895582329
