REGION,CIRCUNSCRIPCION ELECTORAL,LOCAL,MESA,EDUARDO ARTES,FRANCO ALDO PARISI,GABRIEL BORIC,JOSE ANTONIO KAST,MARCO ENRIQUEZ-OMINAMI,SEBASTIAN SICHEL,VOTOS EN BLANCO,VOTOS NULOS,YASNA PROVOSTE,NULO BLANCO,18-19,20-29,30-39,40-49,50-59,60-69,70-79,80+,NUM VOTOS,NUM MESAS,P-VALOR,LOG P-VALOR,E_EDUARDO ARTES,E_FRANCO ALDO PARISI,E_GABRIEL BORIC,E_JOSE ANTONIO KAST,E_MARCO ENRIQUEZ-OMINAMI,E_NULO BLANCO,E_SEBASTIAN SICHEL,E_YASNA PROVOSTE,18+,P_EDUARDO ARTES_18+,P_FRANCO ALDO PARISI_18+,P_GABRIEL BORIC_18+,P_JOSE ANTONIO KAST_18+,P_MARCO ENRIQUEZ-OMINAMI_18+,P_NULO BLANCO_18+,P_SEBASTIAN SICHEL_18+,P_YASNA PROVOSTE_18+,DIF_EDUARDO ARTES,DIF_FRANCO ALDO PARISI,DIF_GABRIEL BORIC,DIF_JOSE ANTONIO KAST,DIF_MARCO ENRIQUEZ-OMINAMI,DIF_NULO BLANCO,DIF_SEBASTIAN SICHEL,DIF_YASNA PROVOSTE
DE LA ARAUCANIA,PICHIPELLAHUEN,ESCUELA MUNICIPAL PICHIPELLAHUEN,1M-2M-5V-6,0,4,13,115,4,7,2,0,9,2,4,25,15,13,39,26,24,8,154,4,-1,-1,1,5,14,109,5,3,10,7,154,0.008032128514056226,0.032128514056224904,0.09036144578313253,0.7068273092369478,0.03413654618473896,0.018072289156626505,0.0642570281124498,0.04618473895582329,-1.0,-1.0,-1.0,6.0,-1.0,-1.0,-3.0,2.0
DE LA ARAUCANIA,PICHIPELLAHUEN,ESCUELA MUNICIPAL PICHIPELLAHUEN,2V-3V,1,2,8,81,2,9,2,1,4,3,1,4,7,13,40,25,16,4,110,4,-1,-1,1,3,10,78,4,2,7,5,110,0.008032128514056226,0.032128514056224904,0.09036144578313253,0.7068273092369478,0.03413654618473896,0.018072289156626505,0.0642570281124498,0.04618473895582329,0.0,-1.0,-2.0,3.0,-2.0,1.0,2.0,-1.0
DE LA ARAUCANIA,PICHIPELLAHUEN,ESCUELA MUNICIPAL PICHIPELLAHUEN,3M-1V,2,6,14,102,6,10,1,0,6,1,1,12,25,29,39,18,14,9,147,4,-1,-1,1,5,13,104,5,3,9,7,147,0.008032128514056226,0.032128514056224904,0.09036144578313253,0.7068273092369478,0.03413654618473896,0.018072289156626505,0.0642570281124498,0.04618473895582329,1.0,1.0,1.0,-2.0,1.0,-2.0,1.0,-1.0
DE LA ARAUCANIA,PICHIPELLAHUEN,ESCUELA MUNICIPAL PICHIPELLAHUEN,4V,1,4,10,54,5,6,2,1,4,3,0,5,13,28,15,16,8,2,87,4,-1,-1,1,3,8,61,3,1,6,4,87,0.008032128514056226,0.032128514056224904,0.09036144578313253,0.7068273092369478,0.03413654618473896,0.018072289156626505,0.0642570281124498,0.04618473895582329,0.0,1.0,2.0,-7.0,2.0,2.0,0.0,0.0
