,EDUARDO ARTES,FRANCO ALDO PARISI,GABRIEL BORIC,JOSE ANTONIO KAST,MARCO ENRIQUEZ-OMINAMI,NULO BLANCO,SEBASTIAN SICHEL,YASNA PROVOSTE
18+,0.011817451162095286,0.07102090296468769,0.11293477540375814,0.48462780733839916,0.039154556040047576,0.039118400353662,0.11750074079857431,0.12382536593877584
