,EDUARDO ARTES,FRANCO ALDO PARISI,GABRIEL BORIC,JOSE ANTONIO KAST,MARCO ENRIQUEZ-OMINAMI,NULO BLANCO,SEBASTIAN SICHEL,YASNA PROVOSTE
18+,0.008695652173913044,0.12318840579710146,0.1,0.45072463768115945,0.03188405797101449,0.028985507246376812,0.08405797101449275,0.17246376811594205
