,EDUARDO ARTES,FRANCO ALDO PARISI,GABRIEL BORIC,JOSE ANTONIO KAST,MARCO ENRIQUEZ-OMINAMI,NULO BLANCO,SEBASTIAN SICHEL,YASNA PROVOSTE
18+,0.020166489186441032,0.14120644769114576,0.25513365921570236,0.26063316419277577,0.07860757437093265,0.013021389102246799,0.13832436965957196,0.09290690658118368
