,EDUARDO ARTES,FRANCO ALDO PARISI,GABRIEL BORIC,JOSE ANTONIO KAST,MARCO ENRIQUEZ-OMINAMI,NULO BLANCO,SEBASTIAN SICHEL,YASNA PROVOSTE
18+,0.01390178257986504,0.11723680617857003,0.23563599485119163,0.3365565393766821,0.053177048796661075,0.016905254124897608,0.12265085618442095,0.10393571790771151
