,EDUARDO ARTES,FRANCO ALDO PARISI,GABRIEL BORIC,JOSE ANTONIO KAST,MARCO ENRIQUEZ-OMINAMI,NULO BLANCO,SEBASTIAN SICHEL,YASNA PROVOSTE
18+,0.006423982869379014,0.047109207708779445,0.10920770877944326,0.43254817987152033,0.03426124197002141,0.010706638115631691,0.0899357601713062,0.26980728051391856
