,EDUARDO ARTES,FRANCO ALDO PARISI,GABRIEL BORIC,JOSE ANTONIO KAST,MARCO ENRIQUEZ-OMINAMI,NULO BLANCO,SEBASTIAN SICHEL,YASNA PROVOSTE
18+,0.006355932203389829,0.211864406779661,0.11864406779661017,0.2838983050847458,0.07627118644067797,0.029661016949152543,0.09110169491525423,0.18220338983050846
