REGION,CIRCUNSCRIPCION ELECTORAL,LOCAL,MESA,EDUARDO ARTES,FRANCO ALDO PARISI,GABRIEL BORIC,JOSE ANTONIO KAST,MARCO ENRIQUEZ-OMINAMI,SEBASTIAN SICHEL,VOTOS EN BLANCO,VOTOS NULOS,YASNA PROVOSTE,NULO BLANCO,18-19 H,18-19 M,20-29 H,20-29 M,30-39 H,30-39 M,40-49 H,40-49 M,50-59 H,50-59 M,60-69 H,60-69 M,70-79 H,70-79 M,80+ H,80+ M,NUM VOTOS,NUM MESAS,P-VALOR,LOG P-VALOR,E_EDUARDO ARTES,E_FRANCO ALDO PARISI,E_GABRIEL BORIC,E_JOSE ANTONIO KAST,E_MARCO ENRIQUEZ-OMINAMI,E_NULO BLANCO,E_SEBASTIAN SICHEL,E_YASNA PROVOSTE,H,M,P_EDUARDO ARTES_H,P_FRANCO ALDO PARISI_H,P_GABRIEL BORIC_H,P_JOSE ANTONIO KAST_H,P_MARCO ENRIQUEZ-OMINAMI_H,P_NULO BLANCO_H,P_SEBASTIAN SICHEL_H,P_YASNA PROVOSTE_H,P_EDUARDO ARTES_M,P_FRANCO ALDO PARISI_M,P_GABRIEL BORIC_M,P_JOSE ANTONIO KAST_M,P_MARCO ENRIQUEZ-OMINAMI_M,P_NULO BLANCO_M,P_SEBASTIAN SICHEL_M,P_YASNA PROVOSTE_M,DIF_EDUARDO ARTES,DIF_FRANCO ALDO PARISI,DIF_GABRIEL BORIC,DIF_JOSE ANTONIO KAST,DIF_MARCO ENRIQUEZ-OMINAMI,DIF_NULO BLANCO,DIF_SEBASTIAN SICHEL,DIF_YASNA PROVOSTE
DEL MAULE,SAUZAL,ESCUELA OCTAVIO PALMA PEREZ,1M-2M-4V,1,6,12,80,8,20,2,0,12,2,4,1,6,4,10,7,9,14,2,21,12,31,2,11,1,6,141,2,-1,-1,0,5,10,85,7,1,20,13,55,86,0.0005135826138145873,0.0012276551139790116,0.003742915751769715,0.7811966056503153,0.003244238874998637,0.0010271652276291746,0.023507888582840527,0.1855399481846529,0.004778475708625326,0.05155836122541338,0.11853294708211674,0.4849693284295082,0.08212671415822533,0.009556951417250652,0.21636015665093655,0.03211706532792391,1.0,1.0,2.0,-5.0,1.0,1.0,0.0,-1.0
DEL MAULE,SAUZAL,ESCUELA OCTAVIO PALMA PEREZ,3M-1V-2V-3V,0,4,11,113,8,24,0,0,18,0,1,2,2,8,6,15,21,19,25,12,23,3,23,8,7,3,178,2,-1,-1,1,5,13,108,9,1,24,17,74,104,0.0005135826138145873,0.0012276551139790116,0.003742915751769715,0.7811966056503153,0.003244238874998637,0.0010271652276291746,0.023507888582840527,0.1855399481846529,0.004778475708625326,0.05155836122541338,0.11853294708211674,0.4849693284295082,0.08212671415822533,0.009556951417250652,0.21636015665093655,0.03211706532792391,-1.0,-1.0,-2.0,5.0,-1.0,-1.0,0.0,1.0
