,EDUARDO ARTES,FRANCO ALDO PARISI,GABRIEL BORIC,JOSE ANTONIO KAST,MARCO ENRIQUEZ-OMINAMI,NULO BLANCO,SEBASTIAN SICHEL,YASNA PROVOSTE
18+,0.008032128514056224,0.13172690763052208,0.13253012048192772,0.3759036144578313,0.043373493975903614,0.023293172690763052,0.12048192771084337,0.1646586345381526
