,EDUARDO ARTES,FRANCO ALDO PARISI,GABRIEL BORIC,JOSE ANTONIO KAST,MARCO ENRIQUEZ-OMINAMI,NULO BLANCO,SEBASTIAN SICHEL,YASNA PROVOSTE
18+,0.037209302325581395,0.06511627906976744,0.3116279069767442,0.1813953488372093,0.06976744186046512,0.07906976744186046,0.09302325581395349,0.16279069767441862
