,EDUARDO ARTES,FRANCO ALDO PARISI,GABRIEL BORIC,JOSE ANTONIO KAST,MARCO ENRIQUEZ-OMINAMI,NULO BLANCO,SEBASTIAN SICHEL,YASNA PROVOSTE
18+,0.011871975189497293,0.09734216548877711,0.15905530032375162,0.26601525431930173,0.08430960618434577,0.023780073370556255,0.1449718699903851,0.21265375513338514
