,EDUARDO ARTES,FRANCO ALDO PARISI,GABRIEL BORIC,JOSE ANTONIO KAST,MARCO ENRIQUEZ-OMINAMI,NULO BLANCO,SEBASTIAN SICHEL,YASNA PROVOSTE
18+,0.00546448087431694,0.04644808743169399,0.08743169398907102,0.48633879781420764,0.019125683060109287,0.02459016393442623,0.1366120218579235,0.19398907103825136
