,EDUARDO ARTES,FRANCO ALDO PARISI,GABRIEL BORIC,JOSE ANTONIO KAST,MARCO ENRIQUEZ-OMINAMI,NULO BLANCO,SEBASTIAN SICHEL,YASNA PROVOSTE
18+,0.011684152301383912,0.17325643327671214,0.10161227736414995,0.3920437892521677,0.05797113562986181,0.02608102239936504,0.1069956545440932,0.1303555352322662
