,EDUARDO ARTES,FRANCO ALDO PARISI,GABRIEL BORIC,JOSE ANTONIO KAST,MARCO ENRIQUEZ-OMINAMI,NULO BLANCO,SEBASTIAN SICHEL,YASNA PROVOSTE
18+,0.010038427152225943,0.13684653017253348,0.11880070634880971,0.38898273554678175,0.05621709119784985,0.031082734991476058,0.10155452268701308,0.15647725190331022
