,EDUARDO ARTES,FRANCO ALDO PARISI,GABRIEL BORIC,JOSE ANTONIO KAST,MARCO ENRIQUEZ-OMINAMI,NULO BLANCO,SEBASTIAN SICHEL,YASNA PROVOSTE
18+,0.010248764148138611,0.1257193944597589,0.19962584926374943,0.3780177690292038,0.057666549280895964,0.007428508393609784,0.1181335039347747,0.10315966148986899
