,EDUARDO ARTES,FRANCO ALDO PARISI,GABRIEL BORIC,JOSE ANTONIO KAST,MARCO ENRIQUEZ-OMINAMI,NULO BLANCO,SEBASTIAN SICHEL,YASNA PROVOSTE
18+,0.016317016317016316,0.0628509116920438,0.24859325682292188,0.234449152069783,0.06686290110829889,0.01693708448716153,0.16238225375846008,0.1916074237443145
