,EDUARDO ARTES,FRANCO ALDO PARISI,GABRIEL BORIC,JOSE ANTONIO KAST,MARCO ENRIQUEZ-OMINAMI,NULO BLANCO,SEBASTIAN SICHEL,YASNA PROVOSTE
18+,0.006024096385542169,0.08433734939759036,0.15060240963855423,0.4246987951807229,0.054216867469879505,0.0286144578313253,0.07831325301204818,0.17319277108433734
