REGION,CIRCUNSCRIPCION ELECTORAL,LOCAL,MESA,EDUARDO ARTES,FRANCO ALDO PARISI,GABRIEL BORIC,JOSE ANTONIO KAST,MARCO ENRIQUEZ-OMINAMI,SEBASTIAN SICHEL,VOTOS EN BLANCO,VOTOS NULOS,YASNA PROVOSTE,NULO BLANCO,18-19,20-29,30-39,40-49,50-59,60-69,70-79,80+,NUM VOTOS,NUM MESAS,P-VALOR,LOG P-VALOR,E_EDUARDO ARTES,E_FRANCO ALDO PARISI,E_GABRIEL BORIC,E_JOSE ANTONIO KAST,E_MARCO ENRIQUEZ-OMINAMI,E_NULO BLANCO,E_SEBASTIAN SICHEL,E_YASNA PROVOSTE,18+,P_EDUARDO ARTES_18+,P_FRANCO ALDO PARISI_18+,P_GABRIEL BORIC_18+,P_JOSE ANTONIO KAST_18+,P_MARCO ENRIQUEZ-OMINAMI_18+,P_NULO BLANCO_18+,P_SEBASTIAN SICHEL_18+,P_YASNA PROVOSTE_18+,DIF_EDUARDO ARTES,DIF_FRANCO ALDO PARISI,DIF_GABRIEL BORIC,DIF_JOSE ANTONIO KAST,DIF_MARCO ENRIQUEZ-OMINAMI,DIF_NULO BLANCO,DIF_SEBASTIAN SICHEL,DIF_YASNA PROVOSTE
DE LOS LAGOS,CANITAS,ESCUELA RURAL CANITAS,1M,3,8,12,64,4,15,0,0,21,0,5,5,17,15,24,30,26,5,127,4,-1,-1,2,9,13,65,4,2,13,19,127,0.012965308334094974,0.07467129744480279,0.1070910966326757,0.5087545208842,0.029560380733525706,0.013095875386804895,0.10177701758738202,0.15208450299651385,1.0,-1.0,-1.0,-1.0,0.0,-2.0,2.0,2.0
DE LOS LAGOS,CANITAS,ESCUELA RURAL CANITAS,2M,1,22,14,56,2,13,0,2,15,2,1,19,29,27,29,13,5,2,125,4,-1,-1,2,9,13,63,4,2,13,19,125,0.012965308334094974,0.07467129744480279,0.1070910966326757,0.5087545208842,0.029560380733525706,0.013095875386804895,0.10177701758738202,0.15208450299651385,-1.0,13.0,1.0,-7.0,-2.0,0.0,0.0,-4.0
DE LOS LAGOS,CANITAS,ESCUELA RURAL CANITAS,2V-3V,2,2,14,74,4,15,2,1,25,3,8,11,19,32,26,28,21,4,139,4,-1,-1,2,10,15,71,4,2,14,21,149,0.012965308334094974,0.07467129744480279,0.1070910966326757,0.5087545208842,0.029560380733525706,0.013095875386804895,0.10177701758738202,0.15208450299651385,0.0,-8.0,-1.0,3.0,0.0,1.0,1.0,4.0
DE LOS LAGOS,CANITAS,ESCUELA RURAL CANITAS,3M-1V,1,9,18,81,6,12,1,1,21,2,4,8,22,18,35,30,27,6,150,4,-1,-1,2,11,16,76,5,2,15,23,150,0.012965308334094974,0.07467129744480279,0.1070910966326757,0.5087545208842,0.029560380733525706,0.013095875386804895,0.10177701758738202,0.15208450299651385,-1.0,-2.0,2.0,5.0,1.0,0.0,-3.0,-2.0
