,EDUARDO ARTES,FRANCO ALDO PARISI,GABRIEL BORIC,JOSE ANTONIO KAST,MARCO ENRIQUEZ-OMINAMI,NULO BLANCO,SEBASTIAN SICHEL,YASNA PROVOSTE
18+,0.006711409395973154,0.21073825503355706,0.1395973154362416,0.29261744966442954,0.06577181208053691,0.03355704697986578,0.11140939597315436,0.1395973154362416
