,EDUARDO ARTES,FRANCO ALDO PARISI,GABRIEL BORIC,JOSE ANTONIO KAST,MARCO ENRIQUEZ-OMINAMI,NULO BLANCO,SEBASTIAN SICHEL,YASNA PROVOSTE
18+,0.00937207122774133,0.17881681913052477,0.20038408242822892,0.30895061550934044,0.04028265706843912,0.01686397847298486,0.09362871648622074,0.15170105967651978
