,EDUARDO ARTES,FRANCO ALDO PARISI,GABRIEL BORIC,JOSE ANTONIO KAST,MARCO ENRIQUEZ-OMINAMI,NULO BLANCO,SEBASTIAN SICHEL,YASNA PROVOSTE
18-39,0.0023910874129101796,0.5804409878121671,0.07112011030851982,0.2063920632269493,0.016258048520225072,0.01666810745185627,0.01350081024011966,0.09322878502725253
40+,0.014076336895138231,0.3054884450508355,0.10225493123332043,0.29332581930434154,0.07411714263905998,0.01198266501299043,0.06328762617630626,0.13546703368800767
