,EDUARDO ARTES,FRANCO ALDO PARISI,GABRIEL BORIC,JOSE ANTONIO KAST,MARCO ENRIQUEZ-OMINAMI,NULO BLANCO,SEBASTIAN SICHEL,YASNA PROVOSTE
18+,0.008702560367270127,0.13013733568315142,0.12012391690467383,0.3467487035024391,0.03539524506503742,0.010044553101828767,0.13532367058737027,0.21352401478822916
