,EDUARDO ARTES,FRANCO ALDO PARISI,GABRIEL BORIC,JOSE ANTONIO KAST,MARCO ENRIQUEZ-OMINAMI,NULO BLANCO,SEBASTIAN SICHEL,YASNA PROVOSTE
18+,0.0021775898520084566,0.2587354009729264,0.12147375767154499,0.183034545044028,0.059892444426199225,0.04280568156160841,0.08081959810340936,0.25106098236827523
