,EDUARDO ARTES,FRANCO ALDO PARISI,GABRIEL BORIC,JOSE ANTONIO KAST,MARCO ENRIQUEZ-OMINAMI,NULO BLANCO,SEBASTIAN SICHEL,YASNA PROVOSTE
18+,0.010084033613445379,0.2739495798319328,0.1546218487394958,0.3025210084033613,0.03361344537815126,0.021848739495798325,0.07394957983193277,0.12941176470588237
