,EDUARDO ARTES,FRANCO ALDO PARISI,GABRIEL BORIC,JOSE ANTONIO KAST,MARCO ENRIQUEZ-OMINAMI,NULO BLANCO,SEBASTIAN SICHEL,YASNA PROVOSTE
18+,0.00934511760900098,0.20097727537510718,0.18610048294231832,0.2952772282323498,0.07411353315563848,0.011841074502509255,0.12768799648166262,0.09465729170141335
