,EDUARDO ARTES,FRANCO ALDO PARISI,GABRIEL BORIC,JOSE ANTONIO KAST,MARCO ENRIQUEZ-OMINAMI,NULO BLANCO,SEBASTIAN SICHEL,YASNA PROVOSTE
18+,0.007009345794392523,0.10514018691588785,0.18457943925233644,0.338785046728972,0.028037383177570093,0.02570093457943925,0.12383177570093458,0.18691588785046728
