,EDUARDO ARTES,FRANCO ALDO PARISI,GABRIEL BORIC,JOSE ANTONIO KAST,MARCO ENRIQUEZ-OMINAMI,NULO BLANCO,SEBASTIAN SICHEL,YASNA PROVOSTE
18+,0.0,0.11508951406649616,0.09718670076726342,0.4936061381074169,0.033248081841432214,0.010230179028132991,0.16624040920716113,0.08439897698209718
