,EDUARDO ARTES,FRANCO ALDO PARISI,GABRIEL BORIC,JOSE ANTONIO KAST,MARCO ENRIQUEZ-OMINAMI,NULO BLANCO,SEBASTIAN SICHEL,YASNA PROVOSTE
18+,0.012797965786037039,0.3294552853970815,0.12257021302095461,0.30482617930177147,0.050814255587929964,0.026762213851719632,0.07525038512594528,0.07752350192856054
