REGION,CIRCUNSCRIPCION ELECTORAL,LOCAL,MESA,EDUARDO ARTES,FRANCO ALDO PARISI,GABRIEL BORIC,JOSE ANTONIO KAST,MARCO ENRIQUEZ-OMINAMI,SEBASTIAN SICHEL,VOTOS EN BLANCO,VOTOS NULOS,YASNA PROVOSTE,NULO BLANCO,18-19 H,18-19 M,20-29 H,20-29 M,30-39 H,30-39 M,40-49 H,40-49 M,50-59 H,50-59 M,60-69 H,60-69 M,70-79 H,70-79 M,80+ H,80+ M,NUM VOTOS,NUM MESAS,P-VALOR,LOG P-VALOR,E_EDUARDO ARTES,E_FRANCO ALDO PARISI,E_GABRIEL BORIC,E_JOSE ANTONIO KAST,E_MARCO ENRIQUEZ-OMINAMI,E_NULO BLANCO,E_SEBASTIAN SICHEL,E_YASNA PROVOSTE,H,M,P_EDUARDO ARTES_H,P_FRANCO ALDO PARISI_H,P_GABRIEL BORIC_H,P_JOSE ANTONIO KAST_H,P_MARCO ENRIQUEZ-OMINAMI_H,P_NULO BLANCO_H,P_SEBASTIAN SICHEL_H,P_YASNA PROVOSTE_H,P_EDUARDO ARTES_M,P_FRANCO ALDO PARISI_M,P_GABRIEL BORIC_M,P_JOSE ANTONIO KAST_M,P_MARCO ENRIQUEZ-OMINAMI_M,P_NULO BLANCO_M,P_SEBASTIAN SICHEL_M,P_YASNA PROVOSTE_M,DIF_EDUARDO ARTES,DIF_FRANCO ALDO PARISI,DIF_GABRIEL BORIC,DIF_JOSE ANTONIO KAST,DIF_MARCO ENRIQUEZ-OMINAMI,DIF_NULO BLANCO,DIF_SEBASTIAN SICHEL,DIF_YASNA PROVOSTE
DE VALPARAISO,PLAYA LOS MOLLES,ESCUELA BASICA LOS MOLLES,1,1,27,47,33,13,47,2,2,24,4,2,1,23,23,10,9,2,2,16,23,22,19,13,18,8,4,196,2,-1,-1,1,28,47,34,13,4,45,24,72,123,0.0023115985189346767,0.07512143716868168,0.45843639577635814,0.44896016858888765,0.007770899062385279,0.00038426237143235765,0.001232408103432971,0.005782830409887241,0.00691241347801499,0.17885662813009578,0.111372908549352,0.011864247882288705,0.10243915005958797,0.03171008441464868,0.3653637475176815,0.19148081996833016,0.0,-1.0,0.0,-1.0,0.0,0.0,2.0,0.0
DE VALPARAISO,PLAYA LOS MOLLES,ESCUELA BASICA LOS MOLLES,2-3,1,28,74,64,11,33,0,3,19,3,3,1,2,10,29,35,22,35,8,15,28,29,7,6,1,1,233,2,-1,-1,1,27,74,63,11,3,35,19,137,95,0.0023115985189346767,0.07512143716868168,0.45843639577635814,0.44896016858888765,0.007770899062385279,0.00038426237143235765,0.001232408103432971,0.005782830409887241,0.00691241347801499,0.17885662813009578,0.111372908549352,0.011864247882288705,0.10243915005958797,0.03171008441464868,0.3653637475176815,0.19148081996833016,0.0,1.0,0.0,1.0,0.0,0.0,-2.0,0.0
