,EDUARDO ARTES,FRANCO ALDO PARISI,GABRIEL BORIC,JOSE ANTONIO KAST,MARCO ENRIQUEZ-OMINAMI,NULO BLANCO,SEBASTIAN SICHEL,YASNA PROVOSTE
18+,0.01112130078460486,0.09115390773978485,0.12444502671150123,0.41550577172220043,0.05556283389376536,0.024484329737834258,0.11330916925047674,0.16441766015983228
