,EDUARDO ARTES,FRANCO ALDO PARISI,GABRIEL BORIC,JOSE ANTONIO KAST,MARCO ENRIQUEZ-OMINAMI,NULO BLANCO,SEBASTIAN SICHEL,YASNA PROVOSTE
18+,0.006982944214530324,0.07171461398596718,0.09962408111816347,0.4336676073934432,0.03492587593561413,0.01223688466987183,0.13283210815755128,0.20801588452485859
