REGION,CIRCUNSCRIPCION ELECTORAL,LOCAL,MESA,EDUARDO ARTES,FRANCO ALDO PARISI,GABRIEL BORIC,JOSE ANTONIO KAST,MARCO ENRIQUEZ-OMINAMI,SEBASTIAN SICHEL,VOTOS EN BLANCO,VOTOS NULOS,YASNA PROVOSTE,NULO BLANCO,18-19,20-29,30-39,40-49,50-59,60-69,70-79,80+,NUM VOTOS,NUM MESAS,P-VALOR,LOG P-VALOR,E_EDUARDO ARTES,E_FRANCO ALDO PARISI,E_GABRIEL BORIC,E_JOSE ANTONIO KAST,E_MARCO ENRIQUEZ-OMINAMI,E_NULO BLANCO,E_SEBASTIAN SICHEL,E_YASNA PROVOSTE,18+,P_EDUARDO ARTES_18+,P_FRANCO ALDO PARISI_18+,P_GABRIEL BORIC_18+,P_JOSE ANTONIO KAST_18+,P_MARCO ENRIQUEZ-OMINAMI_18+,P_NULO BLANCO_18+,P_SEBASTIAN SICHEL_18+,P_YASNA PROVOSTE_18+,DIF_EDUARDO ARTES,DIF_FRANCO ALDO PARISI,DIF_GABRIEL BORIC,DIF_JOSE ANTONIO KAST,DIF_MARCO ENRIQUEZ-OMINAMI,DIF_NULO BLANCO,DIF_SEBASTIAN SICHEL,DIF_YASNA PROVOSTE
DE LOS RIOS,PUERTO NUEVO,ESCUELA RURAL PUERTO NUEVO,1,1,13,12,55,0,15,0,0,34,0,2,14,18,23,29,23,16,5,130,4,-1,-1,1,9,13,56,5,2,17,27,130,0.006982944214530324,0.07171461398596718,0.09962408111816347,0.4336676073934432,0.03492587593561413,0.01223688466987183,0.13283210815755128,0.20801588452485859,0.0,4.0,-1.0,-1.0,-5.0,-2.0,-2.0,7.0
DE LOS RIOS,PUERTO NUEVO,ESCUELA RURAL PUERTO NUEVO,2,1,6,15,66,7,18,1,1,25,2,0,12,23,22,35,21,22,5,140,4,-1,-1,1,10,14,61,5,2,18,29,140,0.006982944214530324,0.07171461398596718,0.09962408111816347,0.4336676073934432,0.03492587593561413,0.01223688466987183,0.13283210815755128,0.20801588452485859,0.0,-4.0,1.0,5.0,2.0,0.0,0.0,-4.0
DE LOS RIOS,PUERTO NUEVO,ESCUELA RURAL PUERTO NUEVO,3,0,14,12,68,4,19,2,1,25,3,1,17,26,22,25,33,15,6,145,4,-1,-1,1,10,15,63,5,2,19,30,145,0.006982944214530324,0.07171461398596718,0.09962408111816347,0.4336676073934432,0.03492587593561413,0.01223688466987183,0.13283210815755128,0.20801588452485859,-1.0,4.0,-3.0,5.0,-1.0,1.0,0.0,-5.0
DE LOS RIOS,PUERTO NUEVO,ESCUELA RURAL PUERTO NUEVO,4,2,8,18,59,9,24,1,1,35,2,11,16,12,26,33,32,21,5,157,4,-1,-1,1,11,16,68,5,2,21,33,156,0.006982944214530324,0.07171461398596718,0.09962408111816347,0.4336676073934432,0.03492587593561413,0.01223688466987183,0.13283210815755128,0.20801588452485859,1.0,-3.0,2.0,-9.0,4.0,0.0,3.0,2.0
