,EDUARDO ARTES,FRANCO ALDO PARISI,GABRIEL BORIC,JOSE ANTONIO KAST,MARCO ENRIQUEZ-OMINAMI,NULO BLANCO,SEBASTIAN SICHEL,YASNA PROVOSTE
18+,0.010126658513466348,0.1263312366651461,0.20284579340301098,0.3828745084962871,0.0573391179313117,0.009686454677258172,0.1095117431167224,0.1012844871967972
