,EDUARDO ARTES,FRANCO ALDO PARISI,GABRIEL BORIC,JOSE ANTONIO KAST,MARCO ENRIQUEZ-OMINAMI,NULO BLANCO,SEBASTIAN SICHEL,YASNA PROVOSTE
18-59,0.0221599164656798,0.0630409543271789,0.07694324248962132,0.5887434969141816,0.0631021475538648,0.007166194423020918,0.09525191838342714,0.08359212944302578
60+,0.00046710322768103973,0.06825062413526929,0.14436773153066948,0.42382524765819035,0.06044741012334096,0.03384913508542867,0.07430196841361399,0.1944907798258062
