,EDUARDO ARTES,FRANCO ALDO PARISI,GABRIEL BORIC,JOSE ANTONIO KAST,MARCO ENRIQUEZ-OMINAMI,NULO BLANCO,SEBASTIAN SICHEL,YASNA PROVOSTE
18+,0.011990407673860911,0.11750599520383694,0.10551558752997602,0.36211031175059955,0.06235011990407674,0.03117505995203837,0.19664268585131894,0.11270983213429256
