,EDUARDO ARTES,FRANCO ALDO PARISI,GABRIEL BORIC,JOSE ANTONIO KAST,MARCO ENRIQUEZ-OMINAMI,NULO BLANCO,SEBASTIAN SICHEL,YASNA PROVOSTE
18+,0.020969855832241154,0.14809960681520315,0.22935779816513763,0.20445609436435125,0.06684141546526867,0.01703800786369594,0.06684141546526869,0.24639580602883362
