,EDUARDO ARTES,FRANCO ALDO PARISI,GABRIEL BORIC,JOSE ANTONIO KAST,MARCO ENRIQUEZ-OMINAMI,NULO BLANCO,SEBASTIAN SICHEL,YASNA PROVOSTE
18+,0.009596928982725527,0.1343570057581574,0.2706333973128599,0.2514395393474088,0.07389635316698656,0.012476007677543186,0.1343570057581574,0.11324376199616124
