,EDUARDO ARTES,FRANCO ALDO PARISI,GABRIEL BORIC,JOSE ANTONIO KAST,MARCO ENRIQUEZ-OMINAMI,NULO BLANCO,SEBASTIAN SICHEL,YASNA PROVOSTE
18-29,0.017132453144947886,0.1817003397038623,0.3758265454464986,0.16582925892634204,0.07785653506349455,0.006775363675401525,0.10389058764333287,0.07098891639612034
30-39,0.0062152473888438114,0.19367725582223455,0.265038357294025,0.2823258311336536,0.07307801866877492,0.010696172317390963,0.10699874449433237,0.06197037288074477
40+,0.009997358857348492,0.049003545696056514,0.19159945168212567,0.2554009693647424,0.09521175393901561,0.029565986997519278,0.15701358315131822,0.2122073503118739
