,EDUARDO ARTES,FRANCO ALDO PARISI,GABRIEL BORIC,JOSE ANTONIO KAST,MARCO ENRIQUEZ-OMINAMI,NULO BLANCO,SEBASTIAN SICHEL,YASNA PROVOSTE
18+,0.02052814949718901,0.2725341146039539,0.18012114973473753,0.21323936970464802,0.08096444690791037,0.017116689101802727,0.05811360097130942,0.15738247947844905
