,EDUARDO ARTES,FRANCO ALDO PARISI,GABRIEL BORIC,JOSE ANTONIO KAST,MARCO ENRIQUEZ-OMINAMI,NULO BLANCO,SEBASTIAN SICHEL,YASNA PROVOSTE
18+,0.010597077027097312,0.1325154730327144,0.2721108337234098,0.18730171113538255,0.09628387163884122,0.024743849794559732,0.10688744994018828,0.16955973370780675
