,EDUARDO ARTES,FRANCO ALDO PARISI,GABRIEL BORIC,JOSE ANTONIO KAST,MARCO ENRIQUEZ-OMINAMI,NULO BLANCO,SEBASTIAN SICHEL,YASNA PROVOSTE
18+,0.0077173779362931984,0.3088283523961792,0.09849137047513631,0.2857787070061083,0.03670110277538638,0.026985200672324027,0.04632476530152093,0.1891731234370516
