,EDUARDO ARTES,FRANCO ALDO PARISI,GABRIEL BORIC,JOSE ANTONIO KAST,MARCO ENRIQUEZ-OMINAMI,NULO BLANCO,SEBASTIAN SICHEL,YASNA PROVOSTE
18-29,0.03030841811655726,0.26583752966035074,0.2590387153272673,0.27187600059954337,0.05537101021271448,0.018674558189279274,0.05226674613962652,0.046627021754661206
30-49,0.0003912371691678189,0.17294143301115628,0.172545943642099,0.41132173899578073,0.06061277249882554,0.009706222433366092,0.09296546262742711,0.07951518962217761
50+,0.01571560923779339,0.08724333885847799,0.12076956403431449,0.436281605842029,0.06755862464619036,0.022345564542347585,0.07771645871855616,0.172369234120291
