REGION,CIRCUNSCRIPCION ELECTORAL,LOCAL,MESA,EDUARDO ARTES,FRANCO ALDO PARISI,GABRIEL BORIC,JOSE ANTONIO KAST,MARCO ENRIQUEZ-OMINAMI,SEBASTIAN SICHEL,VOTOS EN BLANCO,VOTOS NULOS,YASNA PROVOSTE,NULO BLANCO,18-19 H,18-19 M,20-29 H,20-29 M,30-39 H,30-39 M,40-49 H,40-49 M,50-59 H,50-59 M,60-69 H,60-69 M,70-79 H,70-79 M,80+ H,80+ M,NUM VOTOS,NUM MESAS,P-VALOR,LOG P-VALOR,E_EDUARDO ARTES,E_FRANCO ALDO PARISI,E_GABRIEL BORIC,E_JOSE ANTONIO KAST,E_MARCO ENRIQUEZ-OMINAMI,E_NULO BLANCO,E_SEBASTIAN SICHEL,E_YASNA PROVOSTE,H,M,P_EDUARDO ARTES_H,P_FRANCO ALDO PARISI_H,P_GABRIEL BORIC_H,P_JOSE ANTONIO KAST_H,P_MARCO ENRIQUEZ-OMINAMI_H,P_NULO BLANCO_H,P_SEBASTIAN SICHEL_H,P_YASNA PROVOSTE_H,P_EDUARDO ARTES_M,P_FRANCO ALDO PARISI_M,P_GABRIEL BORIC_M,P_JOSE ANTONIO KAST_M,P_MARCO ENRIQUEZ-OMINAMI_M,P_NULO BLANCO_M,P_SEBASTIAN SICHEL_M,P_YASNA PROVOSTE_M,DIF_EDUARDO ARTES,DIF_FRANCO ALDO PARISI,DIF_GABRIEL BORIC,DIF_JOSE ANTONIO KAST,DIF_MARCO ENRIQUEZ-OMINAMI,DIF_NULO BLANCO,DIF_SEBASTIAN SICHEL,DIF_YASNA PROVOSTE
DE VALPARAISO,RIO COLORADO,ESCUELA RIO COLORADO,1,1,36,33,25,9,25,3,0,43,3,1,2,3,2,0,0,5,1,21,23,27,23,25,27,6,9,175,2,-1,-1,1,36,33,25,9,3,25,43,14,161,0.038239814702896155,0.37345752343037386,0.2728340634719491,0.12130213664456252,0.07759502241920993,0.03754661897324521,0.03130918119113374,0.04771563916662945,0.0028702883230629114,0.1908843829403278,0.1811870962322283,0.14498282693532283,0.04912923600479367,0.01533597941037981,0.15270677244609168,0.2629034177077929,0.0,0.0,0.0,0.0,0.0,0.0,0.0,0.0
DE VALPARAISO,RIO COLORADO,ESCUELA RIO COLORADO,2-3,6,73,57,31,16,18,3,4,30,7,0,3,21,25,21,26,22,33,19,26,17,13,5,2,3,2,238,2,-1,-1,6,73,57,31,16,7,18,30,151,87,0.038239814702896155,0.37345752343037386,0.2728340634719491,0.12130213664456252,0.07759502241920993,0.03754661897324521,0.03130918119113374,0.04771563916662945,0.0028702883230629114,0.1908843829403278,0.1811870962322283,0.14498282693532283,0.04912923600479367,0.01533597941037981,0.15270677244609168,0.2629034177077929,0.0,0.0,0.0,0.0,0.0,0.0,0.0,0.0
