,EDUARDO ARTES,FRANCO ALDO PARISI,GABRIEL BORIC,JOSE ANTONIO KAST,MARCO ENRIQUEZ-OMINAMI,NULO BLANCO,SEBASTIAN SICHEL,YASNA PROVOSTE
18+,0.006578947368421054,0.12137058689421575,0.2018831200554266,0.2640576146430433,0.10960057765644987,0.02605172112605998,0.06854359366857739,0.20191383858780618
