,EDUARDO ARTES,FRANCO ALDO PARISI,GABRIEL BORIC,JOSE ANTONIO KAST,MARCO ENRIQUEZ-OMINAMI,NULO BLANCO,SEBASTIAN SICHEL,YASNA PROVOSTE
18+,0.010469432913336869,0.09909234436052643,0.12956189918865704,0.3613402093277009,0.04588568049790001,0.040472663655371256,0.14182957530981596,0.17134819474669152
