,EDUARDO ARTES,FRANCO ALDO PARISI,GABRIEL BORIC,JOSE ANTONIO KAST,MARCO ENRIQUEZ-OMINAMI,NULO BLANCO,SEBASTIAN SICHEL,YASNA PROVOSTE
18+,0.00816326530612245,0.20816326530612242,0.11836734693877551,0.2938775510204082,0.09387755102040816,0.06938775510204082,0.044897959183673466,0.16326530612244897
