,EDUARDO ARTES,FRANCO ALDO PARISI,GABRIEL BORIC,JOSE ANTONIO KAST,MARCO ENRIQUEZ-OMINAMI,NULO BLANCO,SEBASTIAN SICHEL,YASNA PROVOSTE
18+,0.014604428605206964,0.19104000748144276,0.17941239611790194,0.2655452253544354,0.0918724392741345,0.01654858159468528,0.10531188614226936,0.1356650354299238
