,EDUARDO ARTES,FRANCO ALDO PARISI,GABRIEL BORIC,JOSE ANTONIO KAST,MARCO ENRIQUEZ-OMINAMI,NULO BLANCO,SEBASTIAN SICHEL,YASNA PROVOSTE
18+,0.006820652173913043,0.11698369565217391,0.13597826086956522,0.3850407608695652,0.07756793478260869,0.024456521739130436,0.13199728260869567,0.12115489130434783
