,EDUARDO ARTES,FRANCO ALDO PARISI,GABRIEL BORIC,JOSE ANTONIO KAST,MARCO ENRIQUEZ-OMINAMI,NULO BLANCO,SEBASTIAN SICHEL,YASNA PROVOSTE
18+,0.021714121368996257,0.03932988208225481,0.14423353465631292,0.388769053781996,0.03918607995398332,0.06111590451538682,0.1180615473109002,0.18758987633016969
