REGION,CIRCUNSCRIPCION ELECTORAL,LOCAL,MESA,EDUARDO ARTES,FRANCO ALDO PARISI,GABRIEL BORIC,JOSE ANTONIO KAST,MARCO ENRIQUEZ-OMINAMI,SEBASTIAN SICHEL,VOTOS EN BLANCO,VOTOS NULOS,YASNA PROVOSTE,NULO BLANCO,18-19 H,18-19 M,20-29 H,20-29 M,30-39 H,30-39 M,40-49 H,40-49 M,50-59 H,50-59 M,60-69 H,60-69 M,70-79 H,70-79 M,80+ H,80+ M,NUM VOTOS,NUM MESAS,P-VALOR,LOG P-VALOR,E_EDUARDO ARTES,E_FRANCO ALDO PARISI,E_GABRIEL BORIC,E_JOSE ANTONIO KAST,E_MARCO ENRIQUEZ-OMINAMI,E_NULO BLANCO,E_SEBASTIAN SICHEL,E_YASNA PROVOSTE,H,M,P_EDUARDO ARTES_H,P_FRANCO ALDO PARISI_H,P_GABRIEL BORIC_H,P_JOSE ANTONIO KAST_H,P_MARCO ENRIQUEZ-OMINAMI_H,P_NULO BLANCO_H,P_SEBASTIAN SICHEL_H,P_YASNA PROVOSTE_H,P_EDUARDO ARTES_M,P_FRANCO ALDO PARISI_M,P_GABRIEL BORIC_M,P_JOSE ANTONIO KAST_M,P_MARCO ENRIQUEZ-OMINAMI_M,P_NULO BLANCO_M,P_SEBASTIAN SICHEL_M,P_YASNA PROVOSTE_M,DIF_EDUARDO ARTES,DIF_FRANCO ALDO PARISI,DIF_GABRIEL BORIC,DIF_JOSE ANTONIO KAST,DIF_MARCO ENRIQUEZ-OMINAMI,DIF_NULO BLANCO,DIF_SEBASTIAN SICHEL,DIF_YASNA PROVOSTE
DE LOS LAGOS,RALUN,ESCUELA RURAL CRISTO REY,1M,1,14,12,34,3,16,1,0,18,1,0,1,2,4,4,11,2,15,3,23,2,21,0,9,1,1,99,2,-1,-1,1,14,19,34,2,2,12,15,39,60,0.0017881779024425592,0.13671187118027212,0.2364803519558091,0.34866269714516324,0.01840580351201894,0.031936658976525874,0.10063618330903021,0.125378256018738,0.0064831848185135715,0.14055167070992503,0.15742815556641712,0.3466476638277044,0.026393038465284145,0.01697679287751511,0.14168998982846082,0.16382950390617984,0.0,0.0,-7.0,0.0,1.0,-1.0,4.0,3.0
DE LOS LAGOS,RALUN,ESCUELA RURAL CRISTO REY,1V-2,0,16,29,41,2,11,1,3,14,4,0,3,3,5,9,10,12,7,21,4,15,2,16,2,8,0,117,2,-1,-1,0,16,22,41,3,3,15,17,49,68,0.0017881779024425592,0.13671187118027212,0.2364803519558091,0.34866269714516324,0.01840580351201894,0.031936658976525874,0.10063618330903021,0.125378256018738,0.0064831848185135715,0.14055167070992503,0.15742815556641712,0.3466476638277044,0.026393038465284145,0.01697679287751511,0.14168998982846082,0.16382950390617984,0.0,0.0,7.0,0.0,-1.0,1.0,-4.0,-3.0
