,EDUARDO ARTES,FRANCO ALDO PARISI,GABRIEL BORIC,JOSE ANTONIO KAST,MARCO ENRIQUEZ-OMINAMI,NULO BLANCO,SEBASTIAN SICHEL,YASNA PROVOSTE
18+,0.009750514991989014,0.4659418631265736,0.046807049668116274,0.2728770885786221,0.05067521171892882,0.027260242618448158,0.05069810025177386,0.07598992904554817
