,EDUARDO ARTES,FRANCO ALDO PARISI,GABRIEL BORIC,JOSE ANTONIO KAST,MARCO ENRIQUEZ-OMINAMI,NULO BLANCO,SEBASTIAN SICHEL,YASNA PROVOSTE
18+,0.0,0.023809523809523808,0.0761904761904762,0.638095238095238,0.0380952380952381,0.047619047619047616,0.10476190476190476,0.07142857142857142
