,EDUARDO ARTES,FRANCO ALDO PARISI,GABRIEL BORIC,JOSE ANTONIO KAST,MARCO ENRIQUEZ-OMINAMI,NULO BLANCO,SEBASTIAN SICHEL,YASNA PROVOSTE
18+,0.021233870181541256,0.09537652137997164,0.19464245363037774,0.3607918263812456,0.07007506644079387,0.04247471058281869,0.0988144974918983,0.11659105391135292
