,EDUARDO ARTES,FRANCO ALDO PARISI,GABRIEL BORIC,JOSE ANTONIO KAST,MARCO ENRIQUEZ-OMINAMI,NULO BLANCO,SEBASTIAN SICHEL,YASNA PROVOSTE
18+,0.006726457399103139,0.13028608730203783,0.1415536129874553,0.42243287733439283,0.07416132145087131,0.018008173922915365,0.07411874893568712,0.13271272066753706
