,EDUARDO ARTES,FRANCO ALDO PARISI,GABRIEL BORIC,JOSE ANTONIO KAST,MARCO ENRIQUEZ-OMINAMI,NULO BLANCO,SEBASTIAN SICHEL,YASNA PROVOSTE
18+,0.010057471264367814,0.08764367816091953,0.1508620689655172,0.40086206896551724,0.053160919540229876,0.031609195402298854,0.13218390804597702,0.1336206896551724
