REGION,CIRCUNSCRIPCION ELECTORAL,LOCAL,MESA,EDUARDO ARTES,FRANCO ALDO PARISI,GABRIEL BORIC,JOSE ANTONIO KAST,MARCO ENRIQUEZ-OMINAMI,SEBASTIAN SICHEL,VOTOS EN BLANCO,VOTOS NULOS,YASNA PROVOSTE,NULO BLANCO,18-19,20-29,30-39,40-49,50-59,60-69,70-79,80+,NUM VOTOS,NUM MESAS,P-VALOR,LOG P-VALOR,E_EDUARDO ARTES,E_FRANCO ALDO PARISI,E_GABRIEL BORIC,E_JOSE ANTONIO KAST,E_MARCO ENRIQUEZ-OMINAMI,E_NULO BLANCO,E_SEBASTIAN SICHEL,E_YASNA PROVOSTE,18+,P_EDUARDO ARTES_18+,P_FRANCO ALDO PARISI_18+,P_GABRIEL BORIC_18+,P_JOSE ANTONIO KAST_18+,P_MARCO ENRIQUEZ-OMINAMI_18+,P_NULO BLANCO_18+,P_SEBASTIAN SICHEL_18+,P_YASNA PROVOSTE_18+,DIF_EDUARDO ARTES,DIF_FRANCO ALDO PARISI,DIF_GABRIEL BORIC,DIF_JOSE ANTONIO KAST,DIF_MARCO ENRIQUEZ-OMINAMI,DIF_NULO BLANCO,DIF_SEBASTIAN SICHEL,DIF_YASNA PROVOSTE
DE LOS LAGOS,PUELO,ESCUELA RURAL RIO PUELO,1M,1,11,10,55,7,16,2,2,18,4,0,2,4,25,35,37,13,6,122,5,-1,-1,1,11,18,49,7,4,16,16,122,0.010057471264367814,0.08764367816091953,0.1508620689655172,0.40086206896551724,0.053160919540229876,0.031609195402298854,0.13218390804597702,0.1336206896551724,0.0,0.0,-8.0,6.0,0.0,0.0,0.0,2.0
DE LOS LAGOS,PUELO,ESCUELA RURAL RIO PUELO,2M,1,13,14,51,5,23,1,1,16,2,1,11,33,23,32,14,9,2,125,5,-1,-1,1,11,19,50,7,4,16,17,125,0.010057471264367814,0.08764367816091953,0.1508620689655172,0.40086206896551724,0.053160919540229876,0.031609195402298854,0.13218390804597702,0.1336206896551724,0.0,2.0,-5.0,1.0,-2.0,-2.0,7.0,-1.0
DE LOS LAGOS,PUELO,ESCUELA RURAL RIO PUELO,2V-4V-5,1,13,31,54,12,15,3,2,21,5,6,17,26,18,42,27,13,3,152,5,-1,-1,2,13,23,61,8,5,20,20,152,0.010057471264367814,0.08764367816091953,0.1508620689655172,0.40086206896551724,0.053160919540229876,0.031609195402298854,0.13218390804597702,0.1336206896551724,-1.0,0.0,8.0,-7.0,4.0,0.0,-5.0,1.0
DE LOS LAGOS,PUELO,ESCUELA RURAL RIO PUELO,3M-1V,1,11,18,62,6,15,6,2,21,8,6,15,21,16,19,39,15,11,142,5,-1,-1,1,12,21,57,8,5,19,19,142,0.010057471264367814,0.08764367816091953,0.1508620689655172,0.40086206896551724,0.053160919540229876,0.031609195402298854,0.13218390804597702,0.1336206896551724,0.0,-1.0,-3.0,5.0,-2.0,3.0,-4.0,2.0
DE LOS LAGOS,PUELO,ESCUELA RURAL RIO PUELO,3V-6,3,13,32,57,7,23,3,0,17,3,5,14,31,42,29,23,9,2,155,5,-1,-1,2,14,23,62,8,5,20,21,155,0.010057471264367814,0.08764367816091953,0.1508620689655172,0.40086206896551724,0.053160919540229876,0.031609195402298854,0.13218390804597702,0.1336206896551724,1.0,-1.0,9.0,-5.0,-1.0,-2.0,3.0,-4.0
