,EDUARDO ARTES,FRANCO ALDO PARISI,GABRIEL BORIC,JOSE ANTONIO KAST,MARCO ENRIQUEZ-OMINAMI,NULO BLANCO,SEBASTIAN SICHEL,YASNA PROVOSTE
18+,0.008332005259173672,0.1416391091278537,0.15452806884736445,0.32428582812064227,0.06439499581656641,0.016664010518347344,0.165141041475756,0.12501494083429618
