,EDUARDO ARTES,FRANCO ALDO PARISI,GABRIEL BORIC,JOSE ANTONIO KAST,MARCO ENRIQUEZ-OMINAMI,NULO BLANCO,SEBASTIAN SICHEL,YASNA PROVOSTE
18+,0.009750861704057569,0.24844112778814523,0.14492589556048383,0.2440433080998072,0.08931346339638667,0.022301646343435653,0.07955732810568548,0.16166636900199832
