,EDUARDO ARTES,FRANCO ALDO PARISI,GABRIEL BORIC,JOSE ANTONIO KAST,MARCO ENRIQUEZ-OMINAMI,NULO BLANCO,SEBASTIAN SICHEL,YASNA PROVOSTE
18+,0.01277258566978193,0.09968847352024922,0.163719146896717,0.49106158638868924,0.04349388928828181,0.012796549245147374,0.09468008626887131,0.08178768272226217
