,EDUARDO ARTES,FRANCO ALDO PARISI,GABRIEL BORIC,JOSE ANTONIO KAST,MARCO ENRIQUEZ-OMINAMI,NULO BLANCO,SEBASTIAN SICHEL,YASNA PROVOSTE
18+,0.008843599516169524,0.1673750654427145,0.11214007976533687,0.3307437166084698,0.07382968560330193,0.0324461619954421,0.08565641570288482,0.1889652753656805
