,EDUARDO ARTES,FRANCO ALDO PARISI,GABRIEL BORIC,JOSE ANTONIO KAST,MARCO ENRIQUEZ-OMINAMI,NULO BLANCO,SEBASTIAN SICHEL,YASNA PROVOSTE
18+,0.006944444444444444,0.09722222222222222,0.3055555555555556,0.09027777777777778,0.041666666666666664,0.09722222222222222,0.05555555555555555,0.3055555555555556
