,EDUARDO ARTES,FRANCO ALDO PARISI,GABRIEL BORIC,JOSE ANTONIO KAST,MARCO ENRIQUEZ-OMINAMI,NULO BLANCO,SEBASTIAN SICHEL,YASNA PROVOSTE
18+,0.004195804195804196,0.1062937062937063,0.2,0.3832167832167832,0.03496503496503497,0.012587412587412588,0.13426573426573427,0.12447552447552447
