,EDUARDO ARTES,FRANCO ALDO PARISI,GABRIEL BORIC,JOSE ANTONIO KAST,MARCO ENRIQUEZ-OMINAMI,NULO BLANCO,SEBASTIAN SICHEL,YASNA PROVOSTE
18+,0.01908468978532673,0.14427144766847524,0.2407092867814736,0.17073995439175904,0.054092946449634347,0.013800424628450108,0.10180073916804278,0.2555005111268381
