,EDUARDO ARTES,FRANCO ALDO PARISI,GABRIEL BORIC,JOSE ANTONIO KAST,MARCO ENRIQUEZ-OMINAMI,NULO BLANCO,SEBASTIAN SICHEL,YASNA PROVOSTE
18-19,0.0013887877341217712,0.002185868733112313,0.04297986424842259,0.5979889027770717,0.002819844750577316,0.0049045798033256465,0.3205229025181659,0.027209249435202566
20-29,0.003682514796205363,0.029674336057537963,0.10125467943702295,0.4529171183682977,0.015291775003329025,0.007514837624403363,0.36445926304577453,0.025205475667429023
30-39,0.0031232860870010933,0.010077910549031227,0.04622406172063117,0.5584738978157501,0.000653935502511257,0.0005867391184820904,0.37995619150458043,0.0009039777020128619
40-49,0.00019914243584843476,0.013812573060689089,0.03387390003931541,0.6444826180821857,0.0014630989111269839,3.6619681719070303e-05,0.2682116201775694,0.03792042761154584
50-59,0.001781971677610817,0.0096628811565625,0.04831011534841226,0.5280895139332081,0.012792619462551244,0.0015692129147886573,0.319869405018586,0.07792428048828016
60+,0.008760829897242256,0.04249879351540809,0.17400585983887967,0.41046974444459655,0.0778103478886457,0.012092248511587633,0.17747793645702392,0.09688423944661602
