REGION,CIRCUNSCRIPCION ELECTORAL,LOCAL,MESA,EDUARDO ARTES,FRANCO ALDO PARISI,GABRIEL BORIC,JOSE ANTONIO KAST,MARCO ENRIQUEZ-OMINAMI,SEBASTIAN SICHEL,VOTOS EN BLANCO,VOTOS NULOS,YASNA PROVOSTE,NULO BLANCO,18-19 H,18-19 M,20-29 H,20-29 M,30-39 H,30-39 M,40-49 H,40-49 M,50-59 H,50-59 M,60-69 H,60-69 M,70-79 H,70-79 M,80+ H,80+ M,NUM VOTOS,NUM MESAS,P-VALOR,LOG P-VALOR,E_EDUARDO ARTES,E_FRANCO ALDO PARISI,E_GABRIEL BORIC,E_JOSE ANTONIO KAST,E_MARCO ENRIQUEZ-OMINAMI,E_NULO BLANCO,E_SEBASTIAN SICHEL,E_YASNA PROVOSTE,H,M,P_EDUARDO ARTES_H,P_FRANCO ALDO PARISI_H,P_GABRIEL BORIC_H,P_JOSE ANTONIO KAST_H,P_MARCO ENRIQUEZ-OMINAMI_H,P_NULO BLANCO_H,P_SEBASTIAN SICHEL_H,P_YASNA PROVOSTE_H,P_EDUARDO ARTES_M,P_FRANCO ALDO PARISI_M,P_GABRIEL BORIC_M,P_JOSE ANTONIO KAST_M,P_MARCO ENRIQUEZ-OMINAMI_M,P_NULO BLANCO_M,P_SEBASTIAN SICHEL_M,P_YASNA PROVOSTE_M,DIF_EDUARDO ARTES,DIF_FRANCO ALDO PARISI,DIF_GABRIEL BORIC,DIF_JOSE ANTONIO KAST,DIF_MARCO ENRIQUEZ-OMINAMI,DIF_NULO BLANCO,DIF_SEBASTIAN SICHEL,DIF_YASNA PROVOSTE
DEL MAULE,CORINTO,ESCUELA CORINTO,1M-2V,1,11,27,50,6,30,1,0,35,1,1,3,2,5,5,25,4,27,2,34,0,29,1,15,1,7,161,2,-1,-1,2,15,26,48,5,2,29,34,72,89,0.026596582567043326,0.2080826286984091,0.12572256357978792,0.25751469413859646,0.002633662492047615,0.026596582567043326,0.23303076705354456,0.11982251890352778,6.7415604529751595e-06,0.0003600503159397187,0.1904630436207651,0.3330640115052757,0.05822609431188568,6.7415604529751595e-06,0.13717084539313695,0.28070247173209095,-1.0,-4.0,1.0,2.0,1.0,-1.0,1.0,1.0
DEL MAULE,CORINTO,ESCUELA CORINTO,1V-3,3,20,23,43,4,27,1,2,29,3,1,6,5,10,20,8,19,7,20,1,27,4,16,2,6,0,152,2,-1,-1,2,16,24,45,5,2,28,30,76,76,0.026596582567043326,0.2080826286984091,0.12572256357978792,0.25751469413859646,0.002633662492047615,0.026596582567043326,0.23303076705354456,0.11982251890352778,6.7415604529751595e-06,0.0003600503159397187,0.1904630436207651,0.3330640115052757,0.05822609431188568,6.7415604529751595e-06,0.13717084539313695,0.28070247173209095,1.0,4.0,-1.0,-2.0,-1.0,1.0,-1.0,-1.0
