REGION,CIRCUNSCRIPCION ELECTORAL,LOCAL,MESA,EDUARDO ARTES,FRANCO ALDO PARISI,GABRIEL BORIC,JOSE ANTONIO KAST,MARCO ENRIQUEZ-OMINAMI,SEBASTIAN SICHEL,VOTOS EN BLANCO,VOTOS NULOS,YASNA PROVOSTE,NULO BLANCO,18-19,20-29,30-39,40-49,50-59,60-69,70-79,80+,NUM VOTOS,NUM MESAS,P-VALOR,LOG P-VALOR,E_EDUARDO ARTES,E_FRANCO ALDO PARISI,E_GABRIEL BORIC,E_JOSE ANTONIO KAST,E_MARCO ENRIQUEZ-OMINAMI,E_NULO BLANCO,E_SEBASTIAN SICHEL,E_YASNA PROVOSTE,18+,P_EDUARDO ARTES_18+,P_FRANCO ALDO PARISI_18+,P_GABRIEL BORIC_18+,P_JOSE ANTONIO KAST_18+,P_MARCO ENRIQUEZ-OMINAMI_18+,P_NULO BLANCO_18+,P_SEBASTIAN SICHEL_18+,P_YASNA PROVOSTE_18+,DIF_EDUARDO ARTES,DIF_FRANCO ALDO PARISI,DIF_GABRIEL BORIC,DIF_JOSE ANTONIO KAST,DIF_MARCO ENRIQUEZ-OMINAMI,DIF_NULO BLANCO,DIF_SEBASTIAN SICHEL,DIF_YASNA PROVOSTE
DE LOS LAGOS,CONCORDIA,ESCUELA RURAL LA PAZ,1,1,14,22,40,10,7,1,2,36,3,2,52,6,4,3,17,44,5,133,5,-1,-1,1,11,18,50,7,2,9,35,133,0.004332432260237191,0.08524697594407886,0.13732718055138393,0.3771218451064449,0.05343636512574066,0.01734793253784052,0.06505929789112488,0.260127970583149,0.0,3.0,4.0,-10.0,3.0,1.0,-2.0,1.0
DE LOS LAGOS,CONCORDIA,ESCUELA RURAL LA PAZ,2,1,15,17,65,12,7,1,1,40,2,0,19,18,4,94,9,12,2,159,5,-1,-1,1,14,22,60,8,3,10,41,158,0.004332432260237191,0.08524697594407886,0.13732718055138393,0.3771218451064449,0.05343636512574066,0.01734793253784052,0.06505929789112488,0.260127970583149,0.0,1.0,-5.0,5.0,4.0,-1.0,-3.0,-1.0
DE LOS LAGOS,CONCORDIA,ESCUELA RURAL LA PAZ,3,0,7,22,57,7,12,1,1,41,2,4,3,1,6,38,88,7,1,148,5,-1,-1,1,13,20,56,8,2,10,38,148,0.004332432260237191,0.08524697594407886,0.13732718055138393,0.3771218451064449,0.05343636512574066,0.01734793253784052,0.06505929789112488,0.260127970583149,-1.0,-6.0,2.0,1.0,-1.0,0.0,2.0,3.0
DE LOS LAGOS,CONCORDIA,ESCUELA RURAL LA PAZ,4,1,11,17,55,4,12,1,1,39,2,0,2,11,53,30,3,29,13,141,5,-1,-1,1,12,19,53,8,2,9,37,141,0.004332432260237191,0.08524697594407886,0.13732718055138393,0.3771218451064449,0.05343636512574066,0.01734793253784052,0.06505929789112488,0.260127970583149,0.0,-1.0,-2.0,2.0,-4.0,0.0,3.0,2.0
DE LOS LAGOS,CONCORDIA,ESCUELA RURAL LA PAZ,5,0,12,17,44,4,7,3,0,24,3,1,8,27,43,11,8,6,7,111,5,-1,-1,1,9,15,42,6,2,7,29,111,0.004332432260237191,0.08524697594407886,0.13732718055138393,0.3771218451064449,0.05343636512574066,0.01734793253784052,0.06505929789112488,0.260127970583149,-1.0,3.0,2.0,2.0,-2.0,1.0,0.0,-5.0
