,EDUARDO ARTES,FRANCO ALDO PARISI,GABRIEL BORIC,JOSE ANTONIO KAST,MARCO ENRIQUEZ-OMINAMI,NULO BLANCO,SEBASTIAN SICHEL,YASNA PROVOSTE
18+,0.00816326530612245,0.12244897959183673,0.18775510204081633,0.3224489795918367,0.0530612244897959,0.0163265306122449,0.11836734693877551,0.17142857142857143
