,EDUARDO ARTES,FRANCO ALDO PARISI,GABRIEL BORIC,JOSE ANTONIO KAST,MARCO ENRIQUEZ-OMINAMI,NULO BLANCO,SEBASTIAN SICHEL,YASNA PROVOSTE
18+,0.01675666832178198,0.22748625525559182,0.2567107937816987,0.18010545330802288,0.06488791325409633,0.027429216393792505,0.06103681051708595,0.16558688916792988
