,EDUARDO ARTES,FRANCO ALDO PARISI,GABRIEL BORIC,JOSE ANTONIO KAST,MARCO ENRIQUEZ-OMINAMI,NULO BLANCO,SEBASTIAN SICHEL,YASNA PROVOSTE
18+,0.006237006237006237,0.07484407484407486,0.1101871101871102,0.39916839916839925,0.035343035343035345,0.018711018711018712,0.10395010395010396,0.2515592515592516
