REGION,CIRCUNSCRIPCION ELECTORAL,LOCAL,MESA,EDUARDO ARTES,FRANCO ALDO PARISI,GABRIEL BORIC,JOSE ANTONIO KAST,MARCO ENRIQUEZ-OMINAMI,SEBASTIAN SICHEL,VOTOS EN BLANCO,VOTOS NULOS,YASNA PROVOSTE,NULO BLANCO,18-19,20-29,30-39,40-49,50-59,60-69,70-79,80+,NUM VOTOS,NUM MESAS,P-VALOR,LOG P-VALOR,E_EDUARDO ARTES,E_FRANCO ALDO PARISI,E_GABRIEL BORIC,E_JOSE ANTONIO KAST,E_MARCO ENRIQUEZ-OMINAMI,E_NULO BLANCO,E_SEBASTIAN SICHEL,E_YASNA PROVOSTE,18+,P_EDUARDO ARTES_18+,P_FRANCO ALDO PARISI_18+,P_GABRIEL BORIC_18+,P_JOSE ANTONIO KAST_18+,P_MARCO ENRIQUEZ-OMINAMI_18+,P_NULO BLANCO_18+,P_SEBASTIAN SICHEL_18+,P_YASNA PROVOSTE_18+,DIF_EDUARDO ARTES,DIF_FRANCO ALDO PARISI,DIF_GABRIEL BORIC,DIF_JOSE ANTONIO KAST,DIF_MARCO ENRIQUEZ-OMINAMI,DIF_NULO BLANCO,DIF_SEBASTIAN SICHEL,DIF_YASNA PROVOSTE
DE LOS RIOS,CHOSHUENCO,ESCUELA RURAL LA RINCONADA,1M-2M,0,20,16,44,7,12,4,3,25,7,0,13,31,21,21,23,16,6,131,4,-1,-1,2,17,24,42,10,5,11,20,131,0.01195219123505976,0.13147410358565736,0.1852589641434263,0.3207171314741036,0.07370517928286853,0.04183266932270916,0.08366533864541832,0.15139442231075698,-2.0,3.0,-8.0,2.0,-3.0,2.0,1.0,5.0
DE LOS RIOS,CHOSHUENCO,ESCUELA RURAL LA RINCONADA,2V-3V-4V-5V,4,12,29,42,9,10,2,4,21,6,3,13,13,13,44,23,18,6,133,4,-1,-1,2,17,25,43,10,5,11,20,133,0.01195219123505976,0.13147410358565736,0.1852589641434263,0.3207171314741036,0.07370517928286853,0.04183266932270916,0.08366533864541832,0.15139442231075698,2.0,-5.0,4.0,-1.0,-1.0,1.0,-1.0,1.0
DE LOS RIOS,CHOSHUENCO,ESCUELA RURAL LA RINCONADA,3M-4M-5M-1V-7V,2,21,40,53,18,15,4,3,21,7,9,14,21,31,49,36,14,3,177,4,-1,-1,2,23,33,57,13,7,15,27,177,0.01195219123505976,0.13147410358565736,0.1852589641434263,0.3207171314741036,0.07370517928286853,0.04183266932270916,0.08366533864541832,0.15139442231075698,0.0,-2.0,7.0,-4.0,5.0,0.0,0.0,-6.0
DE LOS RIOS,CHOSHUENCO,ESCUELA RURAL LA RINCONADA,6V,0,13,8,22,3,5,1,0,9,1,1,6,12,32,6,3,1,0,61,4,-1,-1,1,8,11,20,4,3,5,9,61,0.01195219123505976,0.13147410358565736,0.1852589641434263,0.3207171314741036,0.07370517928286853,0.04183266932270916,0.08366533864541832,0.15139442231075698,-1.0,5.0,-3.0,2.0,-1.0,-2.0,0.0,0.0
