,EDUARDO ARTES,FRANCO ALDO PARISI,GABRIEL BORIC,JOSE ANTONIO KAST,MARCO ENRIQUEZ-OMINAMI,NULO BLANCO,SEBASTIAN SICHEL,YASNA PROVOSTE
18+,0.009216589861751152,0.3778801843317972,0.14285714285714285,0.20276497695852536,0.055299539170506916,0.004608294930875575,0.055299539170506916,0.15207373271889402
