REGION,CIRCUNSCRIPCION ELECTORAL,LOCAL,MESA,EDUARDO ARTES,FRANCO ALDO PARISI,GABRIEL BORIC,JOSE ANTONIO KAST,MARCO ENRIQUEZ-OMINAMI,SEBASTIAN SICHEL,VOTOS EN BLANCO,VOTOS NULOS,YASNA PROVOSTE,NULO BLANCO,18-19 H,18-19 M,20-29 H,20-29 M,30-39 H,30-39 M,40-49 H,40-49 M,50-59 H,50-59 M,60-69 H,60-69 M,70-79 H,70-79 M,80+ H,80+ M,NUM VOTOS,NUM MESAS,P-VALOR,LOG P-VALOR,E_EDUARDO ARTES,E_FRANCO ALDO PARISI,E_GABRIEL BORIC,E_JOSE ANTONIO KAST,E_MARCO ENRIQUEZ-OMINAMI,E_NULO BLANCO,E_SEBASTIAN SICHEL,E_YASNA PROVOSTE,H,M,P_EDUARDO ARTES_H,P_FRANCO ALDO PARISI_H,P_GABRIEL BORIC_H,P_JOSE ANTONIO KAST_H,P_MARCO ENRIQUEZ-OMINAMI_H,P_NULO BLANCO_H,P_SEBASTIAN SICHEL_H,P_YASNA PROVOSTE_H,P_EDUARDO ARTES_M,P_FRANCO ALDO PARISI_M,P_GABRIEL BORIC_M,P_JOSE ANTONIO KAST_M,P_MARCO ENRIQUEZ-OMINAMI_M,P_NULO BLANCO_M,P_SEBASTIAN SICHEL_M,P_YASNA PROVOSTE_M,DIF_EDUARDO ARTES,DIF_FRANCO ALDO PARISI,DIF_GABRIEL BORIC,DIF_JOSE ANTONIO KAST,DIF_MARCO ENRIQUEZ-OMINAMI,DIF_NULO BLANCO,DIF_SEBASTIAN SICHEL,DIF_YASNA PROVOSTE
DEL BIOBIO,RALCO LEPOY,ESCUELA RALCO LEPOY,1,2,25,23,46,7,19,8,2,12,10,0,0,5,6,2,2,6,3,30,27,28,21,6,5,3,0,144,3,-1,-1,2,26,23,46,7,9,19,12,24,120,0.02564463484227349,0.030676527610947253,0.21238625468453876,0.2432676663092743,0.08959311006800943,0.05411487994092976,0.12518225320446247,0.2191346733395646,0.01028546076871339,0.20954790081794047,0.14788118973997894,0.3378645127783112,0.04025719849218372,0.06952275786967196,0.13115010423756296,0.05349087529563725,0.0,-1.0,0.0,0.0,0.0,1.0,0.0,0.0
DEL BIOBIO,RALCO LEPOY,ESCUELA RALCO LEPOY,2,0,8,12,20,5,7,1,1,8,2,0,1,1,5,4,12,6,12,5,3,6,0,5,0,1,1,62,3,-1,-1,1,6,12,17,4,4,8,10,41,21,0.02564463484227349,0.030676527610947253,0.21238625468453876,0.2432676663092743,0.08959311006800943,0.05411487994092976,0.12518225320446247,0.2191346733395646,0.01028546076871339,0.20954790081794047,0.14788118973997894,0.3378645127783112,0.04025719849218372,0.06952275786967196,0.13115010423756296,0.05349087529563725,-1.0,2.0,0.0,3.0,1.0,-2.0,-1.0,-2.0
DEL BIOBIO,RALCO LEPOY,ESCUELA RALCO LEPOY,3,3,4,16,19,6,11,5,1,17,6,1,0,6,8,14,14,15,8,2,5,7,0,1,1,0,0,82,3,-1,-1,2,5,16,22,7,5,10,15,66,16,0.02564463484227349,0.030676527610947253,0.21238625468453876,0.2432676663092743,0.08959311006800943,0.05411487994092976,0.12518225320446247,0.2191346733395646,0.01028546076871339,0.20954790081794047,0.14788118973997894,0.3378645127783112,0.04025719849218372,0.06952275786967196,0.13115010423756296,0.05349087529563725,1.0,-1.0,0.0,-3.0,-1.0,1.0,1.0,2.0
