,EDUARDO ARTES,FRANCO ALDO PARISI,GABRIEL BORIC,JOSE ANTONIO KAST,MARCO ENRIQUEZ-OMINAMI,NULO BLANCO,SEBASTIAN SICHEL,YASNA PROVOSTE
18+,0.0025575447570332483,0.10708534621578099,0.13007167440245018,0.3571563891256986,0.04845126456379653,0.020428783429635944,0.1607148495469041,0.17353414795870037
