,EDUARDO ARTES,FRANCO ALDO PARISI,GABRIEL BORIC,JOSE ANTONIO KAST,MARCO ENRIQUEZ-OMINAMI,NULO BLANCO,SEBASTIAN SICHEL,YASNA PROVOSTE
18+,0.014003319177699067,0.06482660519542129,0.18461722685073817,0.276812718347468,0.06895458195943452,0.012955804427561703,0.17931972094235732,0.19851002309931992
