,EDUARDO ARTES,FRANCO ALDO PARISI,GABRIEL BORIC,JOSE ANTONIO KAST,MARCO ENRIQUEZ-OMINAMI,NULO BLANCO,SEBASTIAN SICHEL,YASNA PROVOSTE
18+,0.008631319358816275,0.07028360049321825,0.19728729963008632,0.3785450061652281,0.024660912453760793,0.027127003699136867,0.0998766954377312,0.1935881627620222
