,EDUARDO ARTES,FRANCO ALDO PARISI,GABRIEL BORIC,JOSE ANTONIO KAST,MARCO ENRIQUEZ-OMINAMI,NULO BLANCO,SEBASTIAN SICHEL,YASNA PROVOSTE
18+,0.014018691588785047,0.07476635514018691,0.2570093457943925,0.38317757009345793,0.04205607476635515,0.028037383177570093,0.11214953271028037,0.08878504672897196
