{"M": 50, "G": 2, "I": 2, "J": 100, "p": [[0.8472026960159116, 0.15279730398408845], [0.3400917229559595, 0.6599082770440405]], "r": [[[62, 11], [8, 19]], [[58, 14], [7, 21]], [[58, 13], [11, 18]], [[60, 13], [8, 19]], [[63, 17], [8, 12]], [[68, 12], [3, 17]], [[67, 7], [5, 21]], [[68, 11], [9, 12]], [[69, 11], [7, 13]], [[70, 11], [1, 18]], [[64, 13], [9, 14]], [[64, 9], [4, 23]], [[70, 13], [6, 11]], [[64, 11], [8, 17]], [[63, 10], [8, 19]], [[63, 10], [12, 15]], [[54, 12], [9, 25]], [[64, 13], [13, 10]], [[59, 14], [11, 16]], [[61, 11], [10, 18]], [[60, 12], [12, 16]], [[67, 7], [10, 16]], [[64, 6], [10, 20]], [[61, 15], [8, 16]], [[58, 13], [8, 21]], [[20, 4], [23, 53]], [[31, 4], [19, 46]], [[20, 5], [22, 53]], [[29, 3], [18, 50]], [[15, 2], [28, 55]], [[21, 1], [29, 49]], [[23, 1], [21, 55]], [[19, 4], [18, 59]], [[21, 4], [34, 41]], [[25, 1], [19, 55]], [[28, 4], [16, 52]], [[21, 3], [25, 51]], [[25, 7], [25, 43]], [[11, 5], [22, 62]], [[18, 1], [30, 51]], [[22, 3], [29, 46]], [[26, 5], [31, 38]], [[22, 1], [16, 61]], [[31, 0], [26, 43]], [[22, 3], [20, 55]], [[21, 1], [32, 46]], [[23, 1], [19, 57]], [[20, 5], [25, 50]], [[18, 5], [30, 47]], [[25, 4], [19, 52]]], "n": [[70, 30], [65, 35], [69, 31], [68, 32], [71, 29], [71, 29], [72, 28], [77, 23], [76, 24], [71, 29], [73, 27], [68, 32], [76, 24], [72, 28], [71, 29], [75, 25], [63, 37], [77, 23], [70, 30], [71, 29], [72, 28], [77, 23], [74, 26], [69, 31], [66, 34], [43, 57], [50, 50], [42, 58], [47, 53], [43, 57], [50, 50], [44, 56], [37, 63], [55, 45], [44, 56], [44, 56], [46, 54], [50, 50], [33, 67], [48, 52], [51, 49], [57, 43], [38, 62], [57, 43], [42, 58], [53, 47], [42, 58], [45, 55], [48, 52], [44, 56]], "lambda_": 0.5, "b": [[73, 27], [72, 28], [71, 29], [73, 27], [80, 20], [80, 20], [74, 26], [79, 21], [80, 20], [81, 19], [77, 23], [73, 27], [83, 17], [75, 25], [73, 27], [73, 27], [66, 34], [77, 23], [73, 27], [72, 28], [72, 28], [74, 26], [70, 30], [76, 24], [71, 29], [24, 76], [35, 65], [25, 75], [32, 68], [17, 83], [22, 78], [24, 76], [23, 77], [25, 75], [26, 74], [32, 68], [24, 76], [32, 68], [16, 84], [19, 81], [25, 75], [31, 69], [23, 77], [31, 69], [25, 75], [22, 78], [24, 76], [25, 75], [23, 77], [29, 71]]}