{"M": 50, "G": 2, "I": 2, "J": 100, "p": [[0.5987968574721769, 0.40120314252782313], [0.9130943604190191, 0.08690563958098092]], "r": [[[52, 26], [20, 2]], [[43, 33], [22, 2]], [[49, 30], [19, 2]], [[42, 31], [25, 2]], [[44, 33], [20, 3]], [[49, 25], [23, 3]], [[49, 23], [26, 2]], [[48, 27], [25, 0]], [[43, 30], [22, 5]], [[51, 26], [21, 2]], [[46, 25], [26, 3]], [[44, 32], [21, 3]], [[48, 28], [22, 2]], [[45, 29], [24, 2]], [[48, 32], [19, 1]], [[47, 26], [27, 0]], [[49, 33], [16, 2]], [[42, 33], [22, 3]], [[50, 30], [20, 0]], [[55, 22], [19, 4]], [[43, 24], [30, 3]], [[45, 31], [22, 2]], [[44, 31], [23, 2]], [[47, 31], [21, 1]], [[46, 36], [17, 1]], [[10, 7], [80, 3]], [[10, 5], [79, 6]], [[18, 7], [70, 5]], [[18, 14], [66, 2]], [[13, 8], [74, 5]], [[14, 13], [67, 6]], [[13, 11], [72, 4]], [[15, 10], [71, 4]], [[12, 11], [69, 8]], [[20, 11], [63, 6]], [[14, 9], [72, 5]], [[12, 10], [68, 10]], [[13, 13], [66, 8]], [[8, 7], [80, 5]], [[15, 12], [68, 5]], [[12, 8], [75, 5]], [[17, 10], [68, 5]], [[10, 11], [73, 6]], [[19, 7], [65, 9]], [[11, 17], [67, 5]], [[13, 5], [71, 11]], [[17, 14], [63, 6]], [[18, 15], [62, 5]], [[17, 6], [73, 4]], [[14, 12], [69, 5]]], "n": [[72, 28], [65, 35], [68, 32], [67, 33], [64, 36], [72, 28], [75, 25], [73, 27], [65, 35], [72, 28], [72, 28], [65, 35], [70, 30], [69, 31], [67, 33], [74, 26], [65, 35], [64, 36], [70, 30], [74, 26], [73, 27], [67, 33], [67, 33], [68, 32], [63, 37], [90, 10], [89, 11], [88, 12], [84, 16], [87, 13], [81, 19], [85, 15], [86, 14], [81, 19], [83, 17], [86, 14], [80, 20], [79, 21], [88, 12], [83, 17], [87, 13], [85, 15], [83, 17], [84, 16], [78, 22], [84, 16], [80, 20], [80, 20], [90, 10], [83, 17]], "lambda_": 0.5, "b": [[78, 22], [76, 24], [79, 21], [73, 27], [77, 23], [74, 26], [72, 28], [75, 25], [73, 27], [77, 23], [71, 29], [76, 24], [76, 24], [74, 26], [80, 20], [73, 27], [82, 18], [75, 25], [80, 20], [77, 23], [67, 33], [76, 24], [75, 25], [78, 22], [82, 18], [17, 83], [15, 85], [25, 75], [32, 68], [21, 79], [27, 73], [24, 76], [25, 75], [23, 77], [31, 69], [23, 77], [22, 78], [26, 74], [15, 85], [27, 73], [20, 80], [27, 73], [21, 79], [26, 74], [28, 72], [18, 82], [31, 69], [33, 67], [23, 77], [26, 74]]}