{"M": 50, "G": 4, "I": 4, "J": 100, "p": [[0.7291758061645759, 0.07607413623142865, 0.021573712816720172, 0.17317634478727548], [0.178428232666503, 0.4181994674757037, 0.20226194250932708, 0.2011103573484663], [0.03692154969556357, 0.08959825887736461, 0.7779063949102077, 0.09557379651686392], [0.2454144268167292, 0.3895043399526712, 0.3192166875931127, 0.045864545637486896]], "r": [[[54, 2, 1, 8], [1, 7, 5, 3], [0, 0, 8, 3], [0, 5, 1, 2]], [[46, 5, 2, 11], [2, 3, 2, 5], [0, 1, 11, 3], [2, 4, 3, 0]], [[50, 3, 1, 17], [2, 7, 1, 0], [0, 2, 7, 1], [2, 6, 0, 1]], [[45, 7, 0, 11], [0, 3, 2, 1], [1, 0, 10, 0], [1, 11, 6, 2]], [[44, 2, 1, 10], [2, 5, 5, 6], [1, 1, 11, 0], [3, 6, 3, 0]], [[47, 2, 1, 3], [3, 6, 3, 4], [0, 3, 13, 4], [3, 5, 3, 0]], [[49, 3, 0, 9], [1, 4, 4, 2], [0, 0, 12, 1], [3, 7, 1, 4]], [[51, 5, 0, 16], [1, 7, 2, 2], [1, 0, 7, 0], [5, 2, 1, 0]], [[46, 7, 1, 5], [1, 3, 2, 5], [0, 0, 13, 2], [5, 5, 5, 0]], [[42, 6, 0, 11], [0, 7, 4, 3], [0, 0, 11, 0], [5, 7, 3, 1]], [[39, 10, 4, 11], [1, 10, 1, 2], [1, 2, 9, 1], [1, 3, 4, 1]], [[53, 3, 1, 13], [2, 5, 0, 4], [2, 0, 4, 0], [1, 5, 7, 0]], [[26, 7, 2, 12], [5, 12, 13, 7], [0, 1, 8, 0], [2, 1, 4, 0]], [[10, 1, 2, 5], [14, 23, 11, 14], [0, 0, 8, 0], [5, 5, 2, 0]], [[6, 4, 0, 2], [13, 25, 10, 14], [0, 1, 11, 2], [3, 2, 7, 0]], [[11, 2, 0, 1], [9, 32, 15, 13], [0, 1, 6, 0], [4, 2, 2, 2]], [[8, 2, 0, 3], [10, 28, 11, 14], [1, 0, 8, 0], [6, 8, 1, 0]], [[10, 1, 0, 7], [11, 24, 16, 8], [1, 0, 6, 1], [1, 9, 4, 1]], [[11, 1, 0, 1], [7, 26, 12, 14], [0, 0, 12, 3], [1, 6, 6, 0]], [[7, 0, 1, 2], [9, 18, 15, 8], [0, 1, 18, 1], [4, 6, 9, 1]], [[8, 1, 0, 0], [7, 38, 9, 11], [4, 1, 10, 1], [3, 5, 1, 1]], [[9, 1, 0, 3], [15, 25, 11, 10], [0, 1, 7, 1], [2, 5, 10, 0]], [[7, 1, 0, 3], [12, 19, 11, 17], [0, 3, 13, 0], [0, 9, 4, 1]], [[9, 1, 0, 0], [12, 29, 8, 14], [2, 1, 8, 3], [2, 8, 3, 0]], [[12, 1, 0, 0], [10, 30, 12, 13], [0, 0, 9, 0], [3, 5, 4, 1]], [[8, 0, 2, 3], [6, 3, 3, 3], [1, 7, 45, 9], [5, 3, 2, 0]], [[6, 1, 1, 3], [3, 4, 2, 3], [1, 2, 48, 7], [3, 7, 7, 2]], [[6, 0, 0, 4], [3, 7, 2, 1], [0, 6, 51, 7], [3, 6, 2, 2]], [[7, 0, 1, 3], [5, 8, 3, 0], [3, 7, 44, 9], [6, 2, 2, 0]], [[6, 0, 0, 1], [0, 8, 1, 3], [1, 8, 51, 6], [0, 9, 6, 0]], [[7, 1, 0, 4], [3, 6, 1, 2], [2, 7, 55, 3], [2, 5, 2, 0]], [[2, 1, 0, 1], [1, 8, 1, 3], [5, 5, 51, 7], [4, 5, 5, 1]], [[9, 2, 0, 1], [2, 8, 3, 1], [3, 2, 51, 5], [1, 3, 6, 3]], [[9, 2, 0, 3], [1, 7, 0, 0], [2, 4, 48, 9], [4, 5, 6, 0]], [[4, 3, 0, 3], [3, 8, 1, 2], [2, 5, 54, 7], [2, 4, 2, 0]], [[7, 0, 0, 5], [1, 7, 4, 4], [1, 11, 41, 1], [4, 9, 5, 0]], [[5, 2, 0, 1], [5, 7, 1, 1], [2, 5, 51, 9], [2, 5, 3, 1]], [[4, 1, 1, 2], [2, 4, 3, 6], [0, 6, 38, 4], [7, 8, 9, 5]], [[5, 1, 0, 6], [3, 8, 3, 1], [1, 2, 7, 2], [15, 26, 17, 3]], [[13, 1, 0, 0], [3, 3, 5, 4], [1, 0, 7, 0], [12, 30, 20, 1]], [[12, 1, 1, 0], [3, 4, 3, 3], [0, 0, 7, 1], [20, 25, 17, 3]], [[9, 1, 1, 3], [0, 6, 2, 4], [0, 2, 5, 2], [17, 29, 18, 1]], [[8, 0, 0, 3], [4, 6, 1, 4], [1, 0, 4, 4], [15, 26, 21, 3]], [[9, 0, 1, 1], [3, 5, 3, 4], [2, 0, 9, 1], [20, 21, 19, 2]], [[10, 1, 1, 1], [1, 0, 4, 3], [1, 2, 9, 1], [7, 34, 22, 3]], [[10, 0, 0, 2], [2, 9, 2, 1], [0, 1, 7, 0], [16, 31, 17, 2]], [[8, 3, 0, 2], [2, 3, 3, 3], [0, 0, 12, 1], [9, 29, 23, 2]], [[13, 1, 0, 2], [1, 7, 0, 4], [2, 1, 14, 0], [13, 24, 17, 1]], [[10, 0, 0, 1], [1, 7, 1, 3], [0, 4, 12, 5], [15, 21, 20, 0]], [[13, 4, 1, 2], [4, 2, 1, 2], [0, 0, 10, 1], [14, 25, 19, 2]]], "n": [[55, 14, 15, 16], [50, 13, 18, 19], [54, 18, 9, 19], [47, 21, 18, 14], [50, 14, 20, 16], [53, 16, 20, 11], [53, 14, 17, 16], [58, 14, 10, 18], [52, 15, 21, 12], [47, 20, 18, 15], [42, 25, 18, 15], [58, 13, 12, 17], [33, 21, 27, 19], [29, 29, 23, 19], [22, 32, 28, 18], [24, 37, 23, 16], [25, 38, 20, 17], [23, 34, 26, 17], [19, 33, 30, 18], [20, 25, 43, 12], [22, 45, 20, 13], [26, 32, 28, 14], [19, 32, 28, 21], [25, 39, 19, 17], [25, 36, 25, 14], [20, 13, 52, 15], [13, 14, 58, 15], [12, 19, 55, 14], [21, 17, 50, 12], [7, 25, 58, 10], [14, 19, 58, 9], [12, 19, 57, 12], [15, 15, 60, 10], [16, 18, 54, 12], [11, 20, 57, 12], [13, 27, 50, 10], [14, 19, 55, 12], [13, 19, 51, 17], [24, 37, 27, 12], [29, 34, 32, 5], [35, 30, 28, 7], [26, 38, 26, 10], [28, 32, 26, 14], [34, 26, 32, 8], [19, 37, 36, 8], [28, 41, 26, 5], [19, 35, 38, 8], [29, 33, 31, 7], [26, 32, 33, 9], [31, 31, 31, 7]], "lambda_": 0.5, "b": [[65, 16, 11, 8], [64, 12, 15, 9], [71, 10, 10, 9], [63, 6, 11, 20], [57, 18, 13, 12], [53, 16, 20, 11], [61, 11, 13, 15], [72, 12, 8, 8], [59, 11, 15, 15], [59, 14, 11, 16], [64, 14, 13, 9], [70, 11, 6, 13], [47, 37, 9, 7], [18, 62, 8, 12], [12, 62, 14, 12], [14, 69, 7, 10], [13, 63, 9, 15], [18, 59, 8, 15], [13, 59, 15, 13], [10, 50, 20, 20], [9, 65, 16, 10], [13, 61, 9, 17], [11, 59, 16, 14], [10, 63, 14, 13], [13, 65, 9, 13], [13, 15, 62, 10], [11, 12, 58, 19], [10, 13, 64, 13], [11, 16, 63, 10], [7, 12, 66, 15], [12, 12, 67, 9], [4, 13, 68, 15], [12, 14, 61, 13], [14, 8, 63, 15], [10, 14, 68, 8], [12, 16, 54, 18], [8, 14, 67, 11], [8, 15, 48, 29], [12, 15, 12, 61], [14, 15, 8, 63], [14, 13, 8, 65], [14, 12, 9, 65], [11, 15, 9, 65], [11, 15, 12, 62], [13, 8, 13, 66], [12, 14, 8, 66], [13, 11, 13, 63], [16, 12, 17, 55], [11, 12, 21, 56], [20, 9, 11, 60]]}