{"M": 50, "G": 3, "I": 3, "J": 100, "p": [[0.43718503692497424, 0.10152387292062479, 0.461291090154401], [0.46562077068857344, 0.4440250450179633, 0.09035418429346312], [0.9262422786367088, 0.0015473037448547695, 0.07221041761843656]], "r": [[[24, 9, 38], [5, 8, 5], [11, 0, 0]], [[31, 5, 29], [6, 11, 3], [12, 0, 3]], [[27, 9, 25], [4, 11, 2], [22, 0, 0]], [[24, 10, 39], [8, 6, 0], [13, 0, 0]], [[24, 9, 35], [8, 6, 1], [15, 0, 2]], [[36, 6, 32], [5, 9, 1], [9, 0, 2]], [[32, 7, 27], [7, 4, 1], [19, 0, 3]], [[28, 8, 35], [7, 7, 2], [12, 0, 1]], [[20, 9, 34], [6, 10, 2], [18, 1, 0]], [[33, 3, 28], [11, 7, 1], [17, 0, 0]], [[29, 5, 37], [7, 7, 0], [14, 0, 1]], [[37, 6, 33], [3, 6, 1], [13, 0, 1]], [[26, 10, 20], [12, 6, 3], [21, 0, 2]], [[26, 7, 30], [13, 7, 1], [16, 0, 0]], [[21, 9, 36], [9, 10, 0], [15, 0, 0]], [[27, 12, 28], [11, 5, 0], [17, 0, 0]], [[22, 6, 24], [17, 14, 4], [13, 0, 0]], [[3, 0, 14], [25, 32, 3], [21, 0, 2]], [[8, 0, 3], [39, 22, 9], [17, 0, 2]], [[8, 0, 7], [31, 37, 5], [12, 0, 0]], [[8, 1, 7], [32, 23, 12], [16, 0, 1]], [[5, 3, 8], [26, 28, 6], [20, 0, 4]], [[10, 2, 10], [25, 24, 11], [16, 0, 2]], [[7, 2, 6], [31, 33, 6], [14, 0, 1]], [[6, 0, 7], [30, 33, 8], [15, 0, 1]], [[3, 0, 4], [41, 32, 9], [11, 0, 0]], [[9, 1, 10], [35, 26, 7], [11, 0, 1]], [[8, 1, 7], [32, 34, 8], [9, 0, 1]], [[7, 0, 4], [29, 30, 10], [20, 0, 0]], [[10, 1, 8], [34, 25, 9], [12, 0, 1]], [[20, 3, 10], [25, 28, 2], [12, 0, 0]], [[13, 0, 5], [34, 28, 8], [12, 0, 0]], [[3, 2, 12], [31, 28, 9], [14, 0, 1]], [[6, 2, 13], [14, 12, 4], [48, 0, 1]], [[8, 4, 6], [9, 7, 0], [58, 0, 8]], [[8, 1, 6], [7, 9, 0], [64, 0, 5]], [[9, 2, 3], [5, 9, 1], [63, 0, 8]], [[8, 0, 6], [6, 4, 2], [62, 0, 12]], [[7, 1, 6], [6, 12, 1], [64, 0, 3]], [[8, 1, 6], [10, 8, 3], [61, 0, 3]], [[8, 3, 10], [8, 7, 3], [58, 0, 3]], [[7, 2, 13], [10, 7, 1], [57, 0, 3]], [[9, 0, 9], [11, 4, 3], [56, 0, 8]], [[7, 2, 5], [5, 7, 1], [64, 0, 9]], [[5, 2, 8], [10, 6, 3], [61, 0, 5]], [[12, 2, 7], [6, 4, 1], [65, 1, 2]], [[8, 1, 6], [8, 5, 0], [65, 2, 5]], [[7, 0, 7], [8, 8, 0], [68, 0, 2]], [[4, 0, 6], [4, 5, 2], [73, 0, 6]], [[8, 2, 4], [6, 8, 2], [63, 0, 7]]], "n": [[40, 17, 43], [49, 16, 35], [53, 20, 27], [45, 16, 39], [47, 15, 38], [50, 15, 35], [58, 11, 31], [47, 15, 38], [44, 20, 36], [61, 10, 29], [50, 12, 38], [53, 12, 35], [59, 16, 25], [55, 14, 31], [45, 19, 36], [55, 17, 28], [52, 20, 28], [49, 32, 19], [64, 22, 14], [51, 37, 12], [56, 24, 20], [51, 31, 18], [51, 26, 23], [52, 35, 13], [51, 33, 16], [55, 32, 13], [55, 27, 18], [49, 35, 16], [56, 30, 14], [56, 26, 18], [57, 31, 12], [59, 28, 13], [48, 30, 22], [68, 14, 18], [75, 11, 14], [79, 10, 11], [77, 11, 12], [76, 4, 20], [77, 13, 10], [79, 9, 12], [74, 10, 16], [74, 9, 17], [76, 4, 20], [76, 9, 15], [76, 8, 16], [83, 7, 10], [81, 8, 11], [83, 8, 9], [81, 5, 14], [77, 10, 13]], "lambda_": 0.5, "b": [[71, 18, 11], [65, 20, 15], [61, 17, 22], [73, 14, 13], [68, 15, 17], [74, 15, 11], [66, 12, 22], [71, 16, 13], [63, 18, 19], [64, 19, 17], [71, 14, 15], [76, 10, 14], [56, 21, 23], [63, 21, 16], [66, 19, 15], [67, 16, 17], [52, 35, 13], [17, 60, 23], [11, 70, 19], [15, 73, 12], [16, 67, 17], [16, 60, 24], [22, 60, 18], [15, 70, 15], [13, 71, 16], [7, 82, 11], [20, 68, 12], [16, 74, 10], [11, 69, 20], [19, 68, 13], [33, 55, 12], [18, 70, 12], [17, 68, 15], [21, 30, 49], [18, 16, 66], [15, 16, 69], [14, 15, 71], [14, 12, 74], [14, 19, 67], [15, 21, 64], [21, 18, 61], [22, 18, 60], [18, 18, 64], [14, 13, 73], [15, 19, 66], [21, 11, 68], [15, 13, 72], [14, 16, 70], [10, 11, 79], [14, 16, 70]]}