{"M": 50, "G": 4, "I": 4, "J": 100, "p": [[0.2585614460385923, 0.17324016215639787, 0.5188187471563106, 0.049379644648699164], [0.21703835825592904, 0.1574156191244908, 0.12450764575610422, 0.5010383768634759], [0.09238691118307572, 0.008931557240493508, 0.31410714573850357, 0.5845743858379271], [0.7300155228089201, 0.01151980247078856, 0.06483281052781999, 0.1936318641924714]], "r": [[[20, 7, 34, 3], [1, 1, 1, 8], [1, 0, 4, 7], [10, 0, 1, 2]], [[10, 14, 48, 3], [1, 2, 3, 3], [1, 1, 0, 6], [5, 0, 1, 2]], [[12, 10, 40, 5], [2, 2, 2, 6], [0, 0, 3, 9], [6, 0, 2, 1]], [[20, 9, 28, 1], [1, 3, 3, 9], [1, 0, 2, 12], [7, 0, 0, 4]], [[15, 9, 38, 2], [3, 2, 0, 5], [0, 0, 5, 8], [9, 0, 0, 4]], [[10, 12, 34, 2], [3, 5, 0, 6], [4, 1, 2, 7], [9, 0, 1, 4]], [[15, 12, 33, 3], [2, 2, 1, 5], [1, 0, 1, 14], [9, 0, 1, 1]], [[21, 13, 31, 4], [2, 3, 2, 6], [4, 0, 2, 4], [3, 1, 0, 4]], [[11, 13, 27, 3], [5, 4, 2, 11], [0, 0, 2, 12], [7, 0, 0, 3]], [[19, 10, 34, 2], [2, 2, 1, 4], [2, 0, 4, 10], [9, 0, 0, 1]], [[13, 7, 33, 3], [1, 4, 4, 7], [1, 0, 2, 8], [13, 0, 0, 4]], [[18, 9, 32, 3], [1, 2, 1, 9], [2, 0, 3, 4], [13, 0, 0, 3]], [[13, 9, 15, 2], [9, 5, 4, 16], [0, 0, 1, 11], [12, 1, 0, 2]], [[2, 3, 5, 1], [17, 14, 8, 24], [4, 0, 3, 4], [13, 1, 0, 1]], [[0, 1, 2, 1], [17, 10, 8, 37], [1, 0, 4, 7], [8, 0, 1, 3]], [[3, 2, 10, 1], [12, 11, 9, 26], [2, 0, 5, 6], [13, 0, 0, 0]], [[2, 5, 8, 0], [19, 7, 2, 35], [0, 0, 7, 5], [7, 0, 0, 3]], [[7, 2, 7, 0], [9, 8, 6, 35], [2, 0, 3, 13], [5, 0, 1, 2]], [[2, 1, 5, 0], [13, 8, 8, 32], [2, 0, 9, 7], [8, 0, 2, 3]], [[2, 3, 6, 2], [16, 9, 4, 28], [0, 0, 7, 7], [11, 0, 1, 4]], [[2, 2, 5, 1], [17, 12, 9, 23], [2, 0, 7, 8], [7, 1, 0, 4]], [[2, 4, 7, 0], [15, 7, 11, 27], [1, 0, 4, 4], [14, 0, 0, 4]], [[1, 8, 3, 0], [11, 8, 9, 34], [1, 0, 2, 13], [8, 0, 0, 2]], [[3, 2, 5, 0], [15, 10, 8, 36], [2, 0, 4, 7], [5, 0, 1, 2]], [[2, 0, 9, 0], [16, 11, 4, 34], [0, 0, 2, 7], [12, 1, 0, 2]], [[3, 1, 8, 2], [0, 1, 0, 5], [6, 0, 26, 41], [5, 0, 0, 2]], [[2, 2, 2, 1], [2, 2, 3, 7], [4, 0, 23, 36], [10, 0, 2, 4]], [[2, 2, 6, 0], [2, 3, 0, 6], [7, 0, 15, 42], [13, 0, 1, 1]], [[3, 4, 9, 0], [2, 2, 1, 6], [6, 0, 18, 37], [8, 0, 0, 4]], [[4, 3, 5, 1], [6, 1, 1, 7], [5, 1, 24, 32], [5, 0, 1, 4]], [[6, 1, 8, 0], [2, 1, 3, 11], [5, 0, 16, 27], [14, 0, 2, 4]], [[4, 3, 3, 1], [2, 0, 1, 8], [8, 3, 19, 32], [13, 0, 0, 3]], [[2, 2, 14, 0], [2, 1, 0, 1], [8, 1, 21, 37], [10, 0, 0, 1]], [[4, 2, 3, 0], [8, 2, 0, 5], [1, 2, 20, 31], [17, 0, 0, 5]], [[5, 3, 2, 1], [6, 2, 0, 5], [8, 1, 18, 37], [11, 0, 1, 0]], [[4, 3, 6, 0], [2, 0, 0, 9], [3, 0, 23, 39], [7, 1, 1, 2]], [[2, 4, 2, 2], [1, 2, 1, 6], [5, 0, 28, 34], [9, 1, 2, 1]], [[7, 3, 8, 1], [6, 3, 1, 7], [2, 1, 12, 17], [23, 1, 1, 7]], [[1, 1, 3, 0], [6, 0, 1, 6], [1, 0, 7, 10], [45, 1, 9, 9]], [[3, 1, 11, 1], [4, 0, 0, 10], [0, 0, 3, 1], [50, 2, 6, 8]], [[0, 3, 8, 0], [3, 5, 0, 4], [0, 0, 3, 7], [49, 1, 3, 14]], [[2, 1, 7, 1], [5, 6, 1, 4], [4, 0, 2, 8], [41, 0, 6, 12]], [[4, 1, 5, 0], [2, 0, 3, 13], [2, 0, 6, 5], [45, 2, 5, 7]], [[4, 5, 7, 1], [2, 1, 2, 5], [0, 0, 6, 4], [48, 0, 2, 13]], [[5, 2, 6, 0], [3, 2, 1, 6], [1, 0, 5, 7], [50, 0, 2, 10]], [[2, 3, 5, 0], [3, 3, 1, 2], [1, 0, 5, 6], [56, 0, 3, 10]], [[3, 3, 8, 3], [3, 0, 3, 9], [0, 0, 5, 6], [44, 1, 2, 10]], [[6, 3, 4, 0], [6, 0, 4, 9], [0, 0, 4, 9], [41, 0, 3, 11]], [[3, 1, 6, 3], [4, 2, 1, 4], [0, 1, 5, 9], [53, 0, 0, 8]], [[6, 0, 11, 0], [1, 0, 0, 7], [2, 0, 5, 4], [47, 0, 3, 14]]], "n": [[32, 8, 40, 20], [17, 17, 52, 14], [20, 12, 47, 21], [29, 12, 33, 26], [27, 11, 43, 19], [26, 18, 37, 19], [27, 14, 36, 23], [30, 17, 35, 18], [23, 17, 31, 29], [32, 12, 39, 17], [28, 11, 39, 22], [34, 11, 36, 19], [34, 15, 20, 31], [36, 18, 16, 30], [26, 11, 15, 48], [30, 13, 24, 33], [28, 12, 17, 43], [23, 10, 17, 50], [25, 9, 24, 42], [29, 12, 18, 41], [28, 15, 21, 36], [32, 11, 22, 35], [21, 16, 14, 49], [25, 12, 18, 45], [30, 12, 15, 43], [14, 2, 34, 50], [18, 4, 30, 48], [24, 5, 22, 49], [19, 6, 28, 47], [20, 5, 31, 44], [27, 2, 29, 42], [27, 6, 23, 44], [22, 4, 35, 39], [30, 6, 23, 41], [30, 6, 21, 43], [16, 4, 30, 50], [17, 7, 33, 43], [38, 8, 22, 32], [53, 2, 20, 25], [57, 3, 20, 20], [52, 9, 14, 25], [52, 7, 16, 25], [53, 3, 19, 25], [54, 6, 17, 23], [59, 4, 14, 23], [62, 6, 14, 18], [50, 4, 18, 28], [53, 3, 15, 29], [60, 4, 12, 24], [56, 0, 19, 25]], "lambda_": 0.5, "b": [[64, 11, 12, 13], [75, 9, 8, 8], [67, 12, 12, 9], [58, 16, 15, 11], [64, 10, 13, 13], [58, 14, 14, 14], [63, 10, 16, 11], [69, 13, 10, 8], [54, 22, 14, 10], [65, 9, 16, 10], [56, 16, 11, 17], [62, 13, 9, 16], [39, 34, 12, 15], [11, 63, 11, 15], [4, 72, 12, 12], [16, 58, 13, 13], [15, 63, 12, 10], [16, 58, 18, 8], [8, 61, 18, 13], [13, 57, 14, 16], [10, 61, 17, 12], [13, 60, 9, 18], [12, 62, 16, 10], [10, 69, 13, 8], [11, 65, 9, 15], [14, 6, 73, 7], [7, 14, 63, 16], [10, 11, 64, 15], [16, 11, 61, 12], [13, 15, 62, 10], [15, 17, 48, 20], [11, 11, 62, 16], [18, 4, 67, 11], [9, 15, 54, 22], [11, 13, 64, 12], [13, 11, 65, 11], [10, 10, 67, 13], [19, 17, 32, 32], [5, 13, 18, 64], [16, 14, 4, 66], [11, 12, 10, 67], [11, 16, 14, 59], [10, 18, 13, 59], [17, 10, 10, 63], [13, 12, 13, 62], [10, 9, 12, 69], [17, 15, 11, 57], [13, 19, 13, 55], [13, 11, 15, 61], [17, 8, 11, 64]]}