{"M": 50, "G": 2, "I": 10, "J": 100, "p": [[0.054910088458875995, 0.1189603042476769, 0.03344167839223429, 0.011060521380987629, 0.2432453609081194, 0.16800779444181613, 0.15962455027817882, 0.1348181661404833, 0.006267763850691715, 0.06966377190093574], [0.26764821479172474, 0.005689670582752995, 0.18334443193306962, 0.19276480901552057, 0.004828508985390069, 0.09709804345455451, 0.07372765194530778, 0.08362216390249816, 0.06071040895748447, 0.03056609643169713]], "r": [[[0, 11, 1, 1, 19, 11, 15, 11, 0, 6], [6, 0, 4, 3, 0, 5, 3, 3, 1, 0]], [[3, 10, 6, 1, 13, 14, 10, 13, 0, 6], [9, 0, 3, 6, 0, 1, 1, 2, 1, 1]], [[2, 7, 5, 1, 12, 10, 12, 8, 1, 8], [8, 1, 8, 6, 1, 3, 1, 2, 2, 2]], [[5, 13, 2, 2, 16, 13, 10, 8, 0, 7], [10, 0, 2, 3, 0, 3, 2, 2, 1, 1]], [[7, 7, 1, 0, 19, 15, 14, 9, 0, 5], [2, 1, 4, 6, 0, 2, 3, 3, 1, 1]], [[5, 9, 1, 1, 18, 14, 9, 11, 0, 3], [4, 0, 6, 5, 1, 5, 1, 5, 1, 1]], [[3, 6, 2, 2, 18, 12, 19, 12, 2, 4], [4, 0, 4, 4, 0, 5, 0, 1, 2, 0]], [[2, 6, 4, 1, 18, 16, 10, 12, 0, 6], [4, 0, 6, 3, 0, 4, 3, 2, 1, 2]], [[6, 0, 0, 0, 24, 21, 15, 8, 0, 4], [7, 0, 6, 3, 0, 3, 1, 2, 0, 0]], [[7, 9, 6, 0, 15, 17, 14, 10, 0, 4], [5, 0, 3, 2, 0, 2, 3, 3, 0, 0]], [[4, 7, 2, 1, 20, 13, 14, 11, 0, 4], [5, 0, 4, 5, 0, 6, 1, 1, 2, 0]], [[4, 8, 2, 2, 14, 9, 17, 16, 1, 8], [6, 0, 0, 5, 1, 2, 2, 2, 1, 0]], [[4, 12, 0, 3, 18, 12, 16, 7, 0, 2], [6, 0, 5, 7, 0, 2, 2, 4, 0, 0]], [[2, 7, 2, 0, 15, 17, 12, 11, 0, 7], [9, 0, 6, 8, 0, 1, 0, 1, 0, 2]], [[4, 12, 3, 0, 19, 19, 9, 8, 0, 2], [9, 1, 2, 1, 1, 2, 3, 0, 3, 2]], [[6, 9, 2, 1, 18, 12, 9, 8, 1, 2], [11, 0, 8, 5, 1, 1, 1, 2, 0, 3]], [[6, 13, 6, 1, 17, 10, 10, 9, 0, 3], [3, 1, 5, 2, 0, 2, 2, 6, 2, 2]], [[2, 10, 0, 1, 18, 11, 13, 9, 1, 8], [8, 0, 3, 7, 0, 3, 1, 0, 1, 4]], [[4, 8, 1, 2, 15, 15, 17, 6, 0, 8], [5, 0, 9, 4, 0, 2, 2, 1, 0, 1]], [[6, 7, 3, 0, 15, 20, 17, 9, 0, 0], [7, 0, 6, 2, 0, 2, 0, 1, 2, 3]], [[4, 10, 1, 1, 24, 16, 14, 8, 1, 2], [4, 0, 2, 6, 0, 3, 2, 1, 0, 1]], [[6, 9, 3, 1, 13, 21, 13, 11, 2, 5], [5, 0, 1, 6, 0, 2, 0, 1, 1, 0]], [[2, 8, 3, 1, 15, 13, 12, 10, 0, 7], [6, 0, 5, 8, 0, 0, 5, 3, 1, 1]], [[6, 7, 4, 0, 14, 10, 11, 16, 0, 5], [8, 0, 3, 4, 0, 4, 3, 2, 2, 1]], [[4, 9, 1, 0, 22, 8, 9, 11, 0, 4], [10, 0, 9, 4, 0, 1, 4, 0, 4, 0]], [[2, 5, 0, 0, 5, 3, 8, 4, 0, 0], [22, 0, 14, 12, 0, 9, 2, 9, 5, 0]], [[2, 1, 0, 1, 7, 4, 3, 2, 0, 4], [18, 1, 12, 19, 1, 7, 5, 10, 1, 2]], [[3, 2, 0, 1, 8, 4, 4, 3, 1, 2], [24, 0, 16, 12, 0, 7, 5, 3, 2, 3]], [[1, 4, 1, 0, 5, 1, 9, 3, 0, 1], [17, 0, 13, 10, 0, 10, 3, 8, 6, 8]], [[0, 2, 0, 0, 14, 3, 2, 2, 0, 0], [24, 2, 10, 14, 0, 8, 5, 6, 7, 1]], [[2, 4, 0, 0, 6, 5, 4, 3, 0, 3], [19, 0, 12, 16, 1, 6, 9, 4, 4, 2]], [[1, 5, 0, 0, 7, 4, 7, 2, 0, 1], [20, 0, 12, 9, 1, 9, 4, 8, 8, 2]], [[3, 2, 1, 0, 12, 2, 3, 3, 0, 1], [19, 0, 15, 12, 1, 8, 9, 3, 4, 2]], [[2, 0, 1, 0, 5, 3, 2, 2, 0, 1], [17, 0, 19, 18, 0, 9, 5, 9, 5, 2]], [[0, 1, 0, 0, 8, 6, 8, 4, 1, 1], [15, 0, 9, 15, 0, 18, 5, 5, 4, 0]], [[0, 2, 1, 1, 5, 4, 4, 7, 0, 0], [21, 0, 14, 16, 0, 7, 5, 6, 6, 1]], [[2, 1, 1, 2, 7, 3, 3, 5, 0, 1], [20, 0, 13, 5, 2, 13, 7, 6, 5, 4]], [[2, 2, 0, 0, 5, 6, 3, 4, 0, 1], [18, 1, 18, 13, 0, 9, 6, 6, 4, 2]], [[2, 2, 2, 1, 7, 2, 4, 4, 0, 2], [23, 0, 16, 12, 0, 4, 5, 8, 5, 1]], [[3, 1, 0, 0, 4, 5, 9, 3, 0, 0], [22, 0, 18, 15, 0, 2, 5, 3, 5, 5]], [[1, 2, 0, 0, 6, 1, 4, 5, 0, 4], [27, 0, 12, 19, 0, 2, 8, 6, 1, 2]], [[4, 4, 0, 1, 7, 3, 4, 3, 0, 1], [13, 0, 18, 19, 0, 9, 5, 2, 6, 1]], [[2, 3, 1, 2, 7, 3, 5, 6, 0, 2], [16, 1, 10, 13, 0, 9, 3, 9, 6, 2]], [[0, 5, 0, 0, 8, 6, 2, 2, 0, 1], [17, 0, 12, 12, 0, 10, 8, 6, 7, 4]], [[1, 2, 0, 1, 7, 4, 6, 3, 0, 0], [24, 1, 10, 11, 0, 3, 13, 5, 5, 4]], [[3, 5, 1, 0, 6, 3, 3, 1, 0, 3], [18, 0, 16, 15, 0, 8, 5, 2, 8, 3]], [[1, 3, 1, 0, 6, 3, 5, 5, 0, 1], [25, 1, 11, 12, 1, 8, 6, 3, 7, 1]], [[1, 2, 0, 1, 5, 4, 6, 2, 0, 1], [19, 0, 17, 16, 0, 12, 3, 7, 3, 1]], [[3, 1, 0, 1, 3, 2, 4, 2, 0, 2], [24, 0, 10, 16, 1, 10, 4, 9, 6, 2]], [[3, 2, 1, 0, 6, 9, 2, 1, 0, 1], [22, 2, 16, 8, 1, 7, 5, 9, 4, 1]]], "n": [[6, 11, 5, 4, 19, 16, 18, 14, 1, 6], [12, 10, 9, 7, 13, 15, 11, 15, 1, 7], [10, 8, 13, 7, 13, 13, 13, 10, 3, 10], [15, 13, 4, 5, 16, 16, 12, 10, 1, 8], [9, 8, 5, 6, 19, 17, 17, 12, 1, 6], [9, 9, 7, 6, 19, 19, 10, 16, 1, 4], [7, 6, 6, 6, 18, 17, 19, 13, 4, 4], [6, 6, 10, 4, 18, 20, 13, 14, 1, 8], [13, 0, 6, 3, 24, 24, 16, 10, 0, 4], [12, 9, 9, 2, 15, 19, 17, 13, 0, 4], [9, 7, 6, 6, 20, 19, 15, 12, 2, 4], [10, 8, 2, 7, 15, 11, 19, 18, 2, 8], [10, 12, 5, 10, 18, 14, 18, 11, 0, 2], [11, 7, 8, 8, 15, 18, 12, 12, 0, 9], [13, 13, 5, 1, 20, 21, 12, 8, 3, 4], [17, 9, 10, 6, 19, 13, 10, 10, 1, 5], [9, 14, 11, 3, 17, 12, 12, 15, 2, 5], [10, 10, 3, 8, 18, 14, 14, 9, 2, 12], [9, 8, 10, 6, 15, 17, 19, 7, 0, 9], [13, 7, 9, 2, 15, 22, 17, 10, 2, 3], [8, 10, 3, 7, 24, 19, 16, 9, 1, 3], [11, 9, 4, 7, 13, 23, 13, 12, 3, 5], [8, 8, 8, 9, 15, 13, 17, 13, 1, 8], [14, 7, 7, 4, 14, 14, 14, 18, 2, 6], [14, 9, 10, 4, 22, 9, 13, 11, 4, 4], [24, 5, 14, 12, 5, 12, 10, 13, 5, 0], [20, 2, 12, 20, 8, 11, 8, 12, 1, 6], [27, 2, 16, 13, 8, 11, 9, 6, 3, 5], [18, 4, 14, 10, 5, 11, 12, 11, 6, 9], [24, 4, 10, 14, 14, 11, 7, 8, 7, 1], [21, 4, 12, 16, 7, 11, 13, 7, 4, 5], [21, 5, 12, 9, 8, 13, 11, 10, 8, 3], [22, 2, 16, 12, 13, 10, 12, 6, 4, 3], [19, 0, 20, 18, 5, 12, 7, 11, 5, 3], [15, 1, 9, 15, 8, 24, 13, 9, 5, 1], [21, 2, 15, 17, 5, 11, 9, 13, 6, 1], [22, 1, 14, 7, 9, 16, 10, 11, 5, 5], [20, 3, 18, 13, 5, 15, 9, 10, 4, 3], [25, 2, 18, 13, 7, 6, 9, 12, 5, 3], [25, 1, 18, 15, 4, 7, 14, 6, 5, 5], [28, 2, 12, 19, 6, 3, 12, 11, 1, 6], [17, 4, 18, 20, 7, 12, 9, 5, 6, 2], [18, 4, 11, 15, 7, 12, 8, 15, 6, 4], [17, 5, 12, 12, 8, 16, 10, 8, 7, 5], [25, 3, 10, 12, 7, 7, 19, 8, 5, 4], [21, 5, 17, 15, 6, 11, 8, 3, 8, 6], [26, 4, 12, 12, 7, 11, 11, 8, 7, 2], [20, 2, 17, 17, 5, 16, 9, 9, 3, 2], [27, 1, 10, 17, 4, 12, 8, 11, 6, 4], [25, 4, 17, 8, 7, 16, 7, 10, 4, 2]], "lambda_": 0.5, "b": [[75, 25], [76, 24], [66, 34], [76, 24], [77, 23], [71, 29], [80, 20], [75, 25], [78, 22], [82, 18], [76, 24], [81, 19], [74, 26], [73, 27], [76, 24], [68, 32], [75, 25], [73, 27], [76, 24], [77, 23], [81, 19], [84, 16], [71, 29], [73, 27], [68, 32], [27, 73], [24, 76], [28, 72], [25, 75], [23, 77], [27, 73], [27, 73], [27, 73], [16, 84], [29, 71], [24, 76], [25, 75], [23, 77], [26, 74], [25, 75], [23, 77], [27, 73], [31, 69], [24, 76], [24, 76], [25, 75], [25, 75], [22, 78], [18, 82], [25, 75]]}