{"M": 50, "G": 2, "I": 10, "J": 100, "p": [[0.009979671571522972, 0.13928787470867682, 0.02757947892839535, 0.014455766703033052, 0.039154695612610146, 0.008426035089635008, 0.10839645532130762, 0.15977019010638813, 0.39476431468310097, 0.09818551727533002], [0.04431469118661911, 0.1450778429746958, 0.1436824498426366, 0.04858205604654739, 0.021994251157037275, 0.12615259812409607, 0.030059954829732515, 0.13859323982483718, 0.08915854488567555, 0.2123843711281225]], "r": [[[0, 12, 2, 4, 2, 0, 6, 8, 33, 8], [0, 3, 6, 2, 0, 5, 0, 2, 3, 4]], [[0, 19, 2, 2, 3, 1, 10, 6, 32, 3], [1, 1, 2, 0, 1, 2, 1, 3, 5, 6]], [[1, 7, 2, 3, 2, 1, 8, 13, 27, 6], [2, 4, 7, 1, 1, 4, 1, 3, 2, 5]], [[0, 10, 2, 0, 4, 0, 6, 13, 39, 2], [0, 4, 4, 0, 2, 1, 1, 7, 0, 5]], [[0, 11, 1, 1, 1, 1, 8, 12, 28, 9], [1, 2, 5, 2, 0, 6, 1, 2, 4, 5]], [[0, 6, 1, 1, 5, 0, 7, 18, 26, 8], [2, 6, 7, 1, 0, 4, 0, 2, 2, 4]], [[2, 6, 3, 1, 5, 1, 10, 17, 33, 1], [1, 7, 4, 1, 0, 2, 1, 1, 2, 2]], [[1, 6, 3, 4, 1, 1, 12, 11, 31, 4], [0, 5, 5, 0, 0, 3, 1, 4, 4, 4]], [[1, 11, 5, 0, 5, 0, 6, 12, 25, 5], [1, 3, 8, 2, 0, 2, 0, 1, 3, 10]], [[1, 10, 1, 2, 5, 0, 9, 7, 37, 8], [0, 1, 3, 0, 1, 2, 1, 5, 1, 6]], [[2, 9, 2, 1, 4, 1, 5, 15, 34, 9], [0, 0, 4, 2, 1, 5, 0, 1, 1, 4]], [[0, 11, 4, 1, 2, 0, 6, 14, 33, 5], [1, 7, 3, 1, 0, 3, 0, 5, 0, 4]], [[1, 12, 4, 1, 6, 0, 12, 12, 25, 8], [0, 0, 3, 0, 0, 1, 3, 3, 2, 7]], [[0, 14, 3, 1, 1, 1, 5, 14, 30, 10], [3, 1, 2, 3, 0, 4, 0, 3, 1, 4]], [[1, 8, 2, 2, 1, 0, 6, 19, 29, 10], [0, 6, 4, 0, 0, 2, 0, 3, 3, 4]], [[1, 11, 1, 1, 4, 1, 16, 10, 30, 9], [0, 3, 2, 1, 0, 3, 1, 2, 1, 3]], [[1, 7, 4, 1, 3, 0, 6, 8, 31, 8], [1, 6, 1, 1, 0, 5, 0, 4, 6, 7]], [[1, 7, 2, 0, 3, 1, 12, 14, 22, 12], [0, 4, 6, 0, 0, 5, 1, 6, 2, 2]], [[1, 10, 1, 0, 1, 1, 9, 15, 30, 8], [0, 6, 3, 1, 2, 3, 2, 1, 0, 6]], [[1, 12, 2, 0, 1, 1, 6, 17, 35, 6], [1, 4, 2, 4, 0, 4, 0, 2, 1, 1]], [[2, 13, 4, 1, 2, 0, 4, 15, 27, 5], [1, 4, 1, 1, 1, 4, 1, 4, 2, 8]], [[3, 11, 2, 0, 2, 1, 6, 9, 26, 6], [3, 4, 7, 0, 0, 4, 2, 2, 2, 10]], [[1, 7, 3, 1, 2, 3, 12, 13, 26, 5], [2, 7, 1, 1, 1, 0, 0, 5, 1, 9]], [[3, 11, 3, 0, 3, 1, 3, 12, 38, 4], [0, 4, 4, 1, 0, 2, 1, 4, 2, 4]], [[0, 7, 1, 0, 3, 1, 14, 8, 33, 6], [2, 4, 3, 1, 1, 0, 2, 5, 4, 5]], [[0, 7, 0, 0, 2, 0, 2, 4, 6, 4], [2, 13, 8, 2, 4, 13, 1, 13, 6, 13]], [[0, 5, 0, 1, 0, 0, 2, 7, 13, 1], [6, 6, 10, 3, 2, 8, 0, 17, 6, 13]], [[0, 5, 0, 0, 0, 0, 3, 3, 11, 2], [4, 16, 9, 10, 0, 10, 4, 7, 6, 10]], [[0, 3, 0, 0, 2, 0, 1, 10, 13, 2], [1, 13, 9, 3, 2, 6, 2, 11, 6, 16]], [[0, 1, 1, 0, 2, 1, 4, 1, 16, 2], [2, 9, 17, 1, 1, 10, 2, 12, 7, 11]], [[0, 1, 1, 0, 0, 0, 4, 3, 11, 2], [4, 8, 12, 4, 1, 9, 3, 12, 8, 17]], [[0, 5, 0, 0, 0, 0, 2, 4, 6, 1], [3, 14, 8, 4, 2, 9, 4, 12, 8, 18]], [[0, 11, 0, 1, 3, 0, 1, 4, 9, 0], [2, 11, 14, 3, 1, 11, 0, 5, 5, 19]], [[2, 3, 0, 0, 0, 0, 1, 4, 6, 3], [4, 11, 4, 7, 1, 10, 4, 17, 6, 17]], [[0, 2, 1, 0, 1, 0, 3, 4, 9, 3], [3, 10, 11, 4, 3, 7, 2, 11, 7, 19]], [[0, 2, 1, 0, 2, 0, 2, 5, 7, 5], [6, 12, 7, 1, 1, 14, 2, 8, 9, 16]], [[0, 3, 1, 0, 0, 1, 0, 3, 11, 0], [1, 13, 12, 6, 2, 12, 5, 7, 9, 14]], [[1, 2, 1, 1, 1, 1, 4, 3, 13, 2], [2, 12, 6, 5, 2, 9, 1, 12, 3, 19]], [[1, 0, 1, 0, 1, 0, 3, 4, 13, 4], [3, 11, 11, 3, 2, 8, 2, 7, 10, 16]], [[0, 2, 1, 0, 1, 1, 1, 4, 11, 3], [4, 11, 16, 2, 1, 4, 2, 10, 9, 17]], [[0, 1, 1, 0, 0, 0, 4, 7, 9, 1], [3, 10, 8, 5, 1, 11, 8, 5, 8, 18]], [[0, 1, 1, 1, 2, 0, 0, 4, 10, 2], [3, 10, 12, 6, 1, 9, 3, 9, 8, 18]], [[0, 6, 0, 0, 0, 0, 2, 3, 11, 3], [6, 6, 13, 4, 2, 8, 5, 16, 4, 11]], [[0, 5, 2, 0, 0, 0, 3, 6, 10, 1], [2, 8, 7, 7, 1, 10, 4, 11, 9, 14]], [[0, 1, 0, 0, 3, 0, 2, 7, 7, 2], [2, 13, 9, 6, 6, 11, 0, 11, 4, 16]], [[0, 5, 0, 0, 0, 0, 4, 2, 7, 2], [2, 11, 15, 6, 1, 6, 1, 9, 7, 22]], [[0, 2, 1, 1, 1, 0, 1, 5, 9, 4], [1, 10, 10, 3, 5, 12, 3, 9, 6, 17]], [[0, 4, 2, 1, 1, 1, 5, 8, 7, 2], [5, 16, 14, 2, 0, 3, 4, 9, 4, 12]], [[1, 1, 0, 1, 2, 0, 3, 4, 9, 3], [2, 12, 10, 4, 2, 10, 0, 10, 7, 19]], [[0, 3, 0, 1, 2, 1, 5, 5, 5, 3], [2, 11, 12, 3, 2, 10, 2, 11, 5, 17]]], "n": [[0, 15, 8, 6, 2, 5, 6, 10, 36, 12], [1, 20, 4, 2, 4, 3, 11, 9, 37, 9], [3, 11, 9, 4, 3, 5, 9, 16, 29, 11], [0, 14, 6, 0, 6, 1, 7, 20, 39, 7], [1, 13, 6, 3, 1, 7, 9, 14, 32, 14], [2, 12, 8, 2, 5, 4, 7, 20, 28, 12], [3, 13, 7, 2, 5, 3, 11, 18, 35, 3], [1, 11, 8, 4, 1, 4, 13, 15, 35, 8], [2, 14, 13, 2, 5, 2, 6, 13, 28, 15], [1, 11, 4, 2, 6, 2, 10, 12, 38, 14], [2, 9, 6, 3, 5, 6, 5, 16, 35, 13], [1, 18, 7, 2, 2, 3, 6, 19, 33, 9], [1, 12, 7, 1, 6, 1, 15, 15, 27, 15], [3, 15, 5, 4, 1, 5, 5, 17, 31, 14], [1, 14, 6, 2, 1, 2, 6, 22, 32, 14], [1, 14, 3, 2, 4, 4, 17, 12, 31, 12], [2, 13, 5, 2, 3, 5, 6, 12, 37, 15], [1, 11, 8, 0, 3, 6, 13, 20, 24, 14], [1, 16, 4, 1, 3, 4, 11, 16, 30, 14], [2, 16, 4, 4, 1, 5, 6, 19, 36, 7], [3, 17, 5, 2, 3, 4, 5, 19, 29, 13], [6, 15, 9, 0, 2, 5, 8, 11, 28, 16], [3, 14, 4, 2, 3, 3, 12, 18, 27, 14], [3, 15, 7, 1, 3, 3, 4, 16, 40, 8], [2, 11, 4, 1, 4, 1, 16, 13, 37, 11], [2, 20, 8, 2, 6, 13, 3, 17, 12, 17], [6, 11, 10, 4, 2, 8, 2, 24, 19, 14], [4, 21, 9, 10, 0, 10, 7, 10, 17, 12], [1, 16, 9, 3, 4, 6, 3, 21, 19, 18], [2, 10, 18, 1, 3, 11, 6, 13, 23, 13], [4, 9, 13, 4, 1, 9, 7, 15, 19, 19], [3, 19, 8, 4, 2, 9, 6, 16, 14, 19], [2, 22, 14, 4, 4, 11, 1, 9, 14, 19], [6, 14, 4, 7, 1, 10, 5, 21, 12, 20], [3, 12, 12, 4, 4, 7, 5, 15, 16, 22], [6, 14, 8, 1, 3, 14, 4, 13, 16, 21], [1, 16, 13, 6, 2, 13, 5, 10, 20, 14], [3, 14, 7, 6, 3, 10, 5, 15, 16, 21], [4, 11, 12, 3, 3, 8, 5, 11, 23, 20], [4, 13, 17, 2, 2, 5, 3, 14, 20, 20], [3, 11, 9, 5, 1, 11, 12, 12, 17, 19], [3, 11, 13, 7, 3, 9, 3, 13, 18, 20], [6, 12, 13, 4, 2, 8, 7, 19, 15, 14], [2, 13, 9, 7, 1, 10, 7, 17, 19, 15], [2, 14, 9, 6, 9, 11, 2, 18, 11, 18], [2, 16, 15, 6, 1, 6, 5, 11, 14, 24], [1, 12, 11, 4, 6, 12, 4, 14, 15, 21], [5, 20, 16, 3, 1, 4, 9, 17, 11, 14], [3, 13, 10, 5, 4, 10, 3, 14, 16, 22], [2, 14, 12, 4, 4, 11, 7, 16, 10, 20]], "lambda_": 0.5, "b": [[75, 25], [78, 22], [70, 30], [76, 24], [72, 28], [72, 28], [79, 21], [74, 26], [70, 30], [80, 20], [82, 18], [76, 24], [81, 19], [79, 21], [78, 22], [84, 16], [69, 31], [74, 26], [76, 24], [81, 19], [73, 27], [66, 34], [73, 27], [78, 22], [73, 27], [25, 75], [29, 71], [24, 76], [31, 69], [28, 72], [22, 78], [18, 82], [29, 71], [19, 81], [23, 77], [24, 76], [19, 81], [29, 71], [27, 73], [24, 76], [23, 77], [21, 79], [25, 75], [27, 73], [22, 78], [20, 80], [24, 76], [31, 69], [24, 76], [25, 75]]}