{"M": 50, "G": 2, "I": 3, "J": 100, "p": [[0.007491295386115966, 0.5006270462506499, 0.49188165836323405], [0.2643149851472051, 0.28198911632292084, 0.4536958985298739]], "r": [[[0, 37, 29], [10, 7, 17]], [[0, 29, 47], [5, 3, 16]], [[1, 43, 32], [5, 7, 12]], [[0, 29, 45], [8, 5, 13]], [[1, 39, 28], [10, 9, 13]], [[0, 38, 39], [7, 6, 10]], [[0, 39, 37], [6, 8, 10]], [[0, 40, 33], [7, 6, 14]], [[0, 30, 42], [9, 8, 11]], [[0, 29, 43], [9, 11, 8]], [[0, 38, 40], [7, 7, 8]], [[0, 35, 37], [7, 9, 12]], [[0, 40, 40], [3, 7, 10]], [[0, 38, 32], [6, 10, 14]], [[2, 35, 39], [8, 7, 9]], [[1, 43, 34], [5, 7, 10]], [[0, 35, 40], [10, 7, 8]], [[1, 37, 36], [7, 5, 14]], [[1, 35, 36], [5, 11, 12]], [[1, 39, 36], [9, 6, 9]], [[0, 45, 33], [8, 6, 8]], [[0, 37, 37], [7, 6, 13]], [[0, 38, 33], [6, 10, 13]], [[1, 39, 35], [11, 8, 6]], [[1, 41, 33], [8, 9, 8]], [[1, 15, 14], [21, 19, 30]], [[0, 10, 15], [16, 26, 33]], [[0, 10, 12], [27, 19, 32]], [[0, 11, 11], [17, 28, 33]], [[0, 15, 11], [20, 14, 40]], [[1, 16, 16], [19, 12, 36]], [[0, 18, 10], [15, 19, 38]], [[0, 8, 12], [20, 27, 33]], [[0, 13, 8], [16, 26, 37]], [[0, 15, 9], [20, 30, 26]], [[0, 13, 8], [23, 20, 36]], [[0, 7, 15], [26, 18, 34]], [[0, 5, 20], [22, 21, 32]], [[1, 12, 10], [22, 18, 37]], [[0, 16, 10], [19, 19, 36]], [[0, 12, 13], [16, 22, 37]], [[0, 15, 11], [17, 19, 38]], [[0, 14, 16], [19, 20, 31]], [[0, 19, 11], [20, 24, 26]], [[2, 17, 14], [21, 18, 28]], [[0, 19, 12], [19, 25, 25]], [[0, 18, 6], [19, 18, 39]], [[0, 16, 12], [16, 17, 39]], [[0, 10, 15], [26, 23, 26]], [[0, 15, 13], [17, 19, 36]]], "n": [[10, 44, 46], [5, 32, 63], [6, 50, 44], [8, 34, 58], [11, 48, 41], [7, 44, 49], [6, 47, 47], [7, 46, 47], [9, 38, 53], [9, 40, 51], [7, 45, 48], [7, 44, 49], [3, 47, 50], [6, 48, 46], [10, 42, 48], [6, 50, 44], [10, 42, 48], [8, 42, 50], [6, 46, 48], [10, 45, 45], [8, 51, 41], [7, 43, 50], [6, 48, 46], [12, 47, 41], [9, 50, 41], [22, 34, 44], [16, 36, 48], [27, 29, 44], [17, 39, 44], [20, 29, 51], [20, 28, 52], [15, 37, 48], [20, 35, 45], [16, 39, 45], [20, 45, 35], [23, 33, 44], [26, 25, 49], [22, 26, 52], [23, 30, 47], [19, 35, 46], [16, 34, 50], [17, 34, 49], [19, 34, 47], [20, 43, 37], [23, 35, 42], [19, 44, 37], [19, 36, 45], [16, 33, 51], [26, 33, 41], [17, 34, 49]], "lambda_": 0.5, "b": [[66, 34], [76, 24], [76, 24], [74, 26], [68, 32], [77, 23], [76, 24], [73, 27], [72, 28], [72, 28], [78, 22], [72, 28], [80, 20], [70, 30], [76, 24], [78, 22], [75, 25], [74, 26], [72, 28], [76, 24], [78, 22], [74, 26], [71, 29], [75, 25], [75, 25], [30, 70], [25, 75], [22, 78], [22, 78], [26, 74], [33, 67], [28, 72], [20, 80], [21, 79], [24, 76], [21, 79], [22, 78], [25, 75], [23, 77], [26, 74], [25, 75], [26, 74], [30, 70], [30, 70], [33, 67], [31, 69], [24, 76], [28, 72], [25, 75], [28, 72]]}