{"M": 50, "G": 3, "I": 4, "J": 100, "p": [[0.09326453929899305, 0.009227641030135639, 0.2919101149392348, 0.6055977047316363], [0.2883152320526974, 0.35143913888251793, 0.006803892732103463, 0.3534417363326812], [0.4608825498502226, 0.308299510147119, 0.21216300284705122, 0.018654937155607145]], "r": [[[9, 0, 16, 38], [2, 7, 0, 7], [12, 5, 3, 1]], [[3, 0, 25, 41], [6, 6, 0, 6], [7, 3, 3, 0]], [[7, 0, 27, 34], [6, 9, 0, 2], [9, 5, 1, 0]], [[5, 0, 21, 52], [6, 3, 0, 2], [3, 3, 5, 0]], [[7, 1, 23, 41], [6, 4, 0, 3], [7, 5, 3, 0]], [[4, 0, 23, 37], [4, 6, 1, 6], [11, 5, 3, 0]], [[10, 0, 16, 44], [3, 5, 0, 7], [8, 5, 2, 0]], [[5, 1, 10, 45], [3, 8, 0, 7], [10, 7, 4, 0]], [[7, 0, 18, 36], [1, 12, 0, 9], [7, 6, 4, 0]], [[4, 0, 27, 42], [6, 6, 0, 4], [4, 5, 1, 1]], [[6, 1, 19, 41], [4, 5, 0, 8], [8, 7, 1, 0]], [[8, 0, 15, 48], [5, 2, 0, 5], [9, 3, 5, 0]], [[4, 0, 17, 49], [3, 4, 0, 3], [7, 7, 6, 0]], [[6, 0, 23, 40], [8, 6, 0, 1], [6, 4, 5, 1]], [[7, 1, 19, 29], [6, 5, 0, 10], [8, 10, 5, 0]], [[6, 0, 19, 36], [6, 7, 1, 6], [10, 5, 3, 1]], [[4, 0, 21, 25], [7, 13, 1, 15], [6, 3, 4, 1]], [[0, 0, 6, 11], [15, 29, 1, 22], [6, 5, 5, 0]], [[0, 0, 4, 10], [22, 24, 0, 24], [8, 6, 2, 0]], [[1, 0, 5, 9], [11, 28, 0, 33], [5, 6, 1, 1]], [[1, 0, 7, 9], [19, 22, 0, 27], [7, 3, 4, 1]], [[2, 0, 2, 7], [20, 25, 0, 33], [4, 2, 4, 1]], [[0, 1, 8, 15], [19, 21, 0, 20], [11, 1, 4, 0]], [[0, 0, 9, 13], [13, 24, 2, 23], [6, 8, 1, 1]], [[2, 0, 3, 11], [19, 19, 1, 24], [11, 7, 3, 0]], [[2, 0, 4, 8], [23, 20, 3, 19], [5, 9, 6, 1]], [[1, 0, 8, 11], [23, 17, 0, 18], [10, 8, 4, 0]], [[2, 0, 5, 12], [17, 26, 0, 26], [3, 6, 3, 0]], [[1, 0, 4, 5], [16, 27, 0, 26], [9, 6, 6, 0]], [[2, 0, 2, 8], [18, 28, 0, 26], [6, 5, 5, 0]], [[0, 0, 4, 5], [18, 28, 0, 19], [12, 7, 6, 1]], [[2, 0, 6, 9], [12, 32, 1, 27], [6, 2, 3, 0]], [[2, 0, 4, 8], [19, 23, 0, 25], [9, 6, 3, 1]], [[0, 0, 5, 10], [9, 20, 0, 3], [24, 13, 16, 0]], [[1, 0, 5, 12], [5, 4, 0, 2], [33, 21, 17, 0]], [[1, 1, 5, 11], [6, 7, 0, 1], [30, 18, 19, 1]], [[1, 0, 7, 10], [4, 5, 0, 7], [33, 17, 14, 2]], [[2, 0, 3, 16], [4, 7, 0, 4], [34, 13, 16, 1]], [[0, 1, 4, 10], [4, 6, 0, 9], [26, 24, 16, 0]], [[2, 0, 4, 15], [5, 7, 0, 1], [24, 27, 14, 1]], [[3, 0, 6, 12], [3, 7, 0, 9], [24, 18, 17, 1]], [[2, 1, 2, 9], [3, 7, 0, 5], [35, 20, 15, 1]], [[1, 0, 8, 5], [1, 2, 0, 10], [33, 19, 20, 1]], [[3, 0, 1, 14], [6, 3, 0, 4], [40, 17, 12, 0]], [[1, 0, 6, 11], [6, 8, 0, 9], [26, 20, 12, 1]], [[2, 0, 9, 7], [6, 8, 0, 10], [25, 25, 7, 1]], [[1, 0, 4, 11], [5, 8, 0, 6], [37, 12, 14, 2]], [[0, 0, 3, 10], [6, 3, 0, 3], [32, 20, 23, 0]], [[2, 0, 6, 12], [5, 9, 0, 2], [34, 19, 10, 1]], [[3, 0, 4, 9], [6, 7, 0, 9], [29, 18, 14, 1]]], "n": [[23, 12, 19, 46], [16, 9, 28, 47], [22, 14, 28, 36], [14, 6, 26, 54], [20, 10, 26, 44], [19, 11, 27, 43], [21, 10, 18, 51], [18, 16, 14, 52], [15, 18, 22, 45], [14, 11, 28, 47], [18, 13, 20, 49], [22, 5, 20, 53], [14, 11, 23, 52], [20, 10, 28, 42], [21, 16, 24, 39], [22, 12, 23, 43], [17, 16, 26, 41], [21, 34, 12, 33], [30, 30, 6, 34], [17, 34, 6, 43], [27, 25, 11, 37], [26, 27, 6, 41], [30, 23, 12, 35], [19, 32, 12, 37], [32, 26, 7, 35], [30, 29, 13, 28], [34, 25, 12, 29], [22, 32, 8, 38], [26, 33, 10, 31], [26, 33, 7, 34], [30, 35, 10, 25], [20, 34, 10, 36], [30, 29, 7, 34], [33, 33, 21, 13], [39, 25, 22, 14], [37, 26, 24, 13], [38, 22, 21, 19], [40, 20, 19, 21], [30, 31, 20, 19], [31, 34, 18, 17], [30, 25, 23, 22], [40, 28, 17, 15], [35, 21, 28, 16], [49, 20, 13, 18], [33, 28, 18, 21], [33, 33, 16, 18], [43, 20, 18, 19], [38, 23, 26, 13], [41, 28, 16, 15], [38, 25, 18, 19]], "lambda_": 0.5, "b": [[63, 16, 21], [69, 18, 13], [68, 17, 15], [78, 11, 11], [72, 13, 15], [64, 17, 19], [70, 15, 15], [61, 18, 21], [61, 22, 17], [73, 16, 11], [67, 17, 16], [71, 12, 17], [70, 10, 20], [69, 15, 16], [56, 21, 23], [61, 20, 19], [50, 36, 14], [17, 67, 16], [14, 70, 16], [15, 72, 13], [17, 68, 15], [11, 78, 11], [24, 60, 16], [22, 62, 16], [16, 63, 21], [14, 65, 21], [20, 58, 22], [19, 69, 12], [10, 69, 21], [12, 72, 16], [9, 65, 26], [17, 72, 11], [14, 67, 19], [15, 32, 53], [18, 11, 71], [18, 14, 68], [18, 16, 66], [21, 15, 64], [15, 19, 66], [21, 13, 66], [21, 19, 60], [14, 15, 71], [14, 13, 73], [18, 13, 69], [18, 23, 59], [18, 24, 58], [16, 19, 65], [13, 12, 75], [20, 16, 64], [16, 22, 62]]}