{"M": 50, "G": 2, "I": 2, "J": 100, "p": [[0.2544015113621387, 0.7455984886378614], [0.9448776098362869, 0.05512239016371314]], "r": [[[16, 56], [27, 1]], [[21, 55], [22, 2]], [[20, 51], [27, 2]], [[19, 54], [26, 1]], [[21, 62], [16, 1]], [[15, 62], [22, 1]], [[23, 55], [22, 0]], [[19, 52], [29, 0]], [[20, 59], [18, 3]], [[24, 46], [28, 2]], [[23, 61], [16, 0]], [[17, 55], [26, 2]], [[23, 48], [29, 0]], [[19, 59], [19, 3]], [[21, 52], [25, 2]], [[17, 52], [29, 2]], [[15, 56], [28, 1]], [[21, 54], [23, 2]], [[21, 58], [21, 0]], [[15, 62], [23, 0]], [[21, 53], [24, 2]], [[19, 59], [21, 1]], [[17, 56], [25, 2]], [[18, 57], [23, 2]], [[24, 50], [25, 1]], [[7, 23], [65, 5]], [[6, 19], [72, 3]], [[7, 20], [67, 6]], [[3, 16], [75, 6]], [[9, 20], [67, 4]], [[9, 22], [64, 5]], [[8, 16], [73, 3]], [[3, 24], [68, 5]], [[9, 25], [63, 3]], [[4, 15], [78, 3]], [[1, 26], [68, 5]], [[4, 25], [67, 4]], [[8, 19], [68, 5]], [[6, 18], [73, 3]], [[10, 19], [71, 0]], [[3, 16], [79, 2]], [[9, 15], [75, 1]], [[8, 21], [68, 3]], [[4, 13], [79, 4]], [[6, 16], [74, 4]], [[6, 25], [63, 6]], [[2, 18], [74, 6]], [[6, 21], [65, 8]], [[4, 11], [80, 5]], [[6, 18], [72, 4]]], "n": [[43, 57], [43, 57], [47, 53], [45, 55], [37, 63], [37, 63], [45, 55], [48, 52], [38, 62], [52, 48], [39, 61], [43, 57], [52, 48], [38, 62], [46, 54], [46, 54], [43, 57], [44, 56], [42, 58], [38, 62], [45, 55], [40, 60], [42, 58], [41, 59], [49, 51], [72, 28], [78, 22], [74, 26], [78, 22], [76, 24], [73, 27], [81, 19], [71, 29], [72, 28], [82, 18], [69, 31], [71, 29], [76, 24], [79, 21], [81, 19], [82, 18], [84, 16], [76, 24], [83, 17], [80, 20], [69, 31], [76, 24], [71, 29], [84, 16], [78, 22]], "lambda_": 0.5, "b": [[72, 28], [76, 24], [71, 29], [73, 27], [83, 17], [77, 23], [78, 22], [71, 29], [79, 21], [70, 30], [84, 16], [72, 28], [71, 29], [78, 22], [73, 27], [69, 31], [71, 29], [75, 25], [79, 21], [77, 23], [74, 26], [78, 22], [73, 27], [75, 25], [74, 26], [30, 70], [25, 75], [27, 73], [19, 81], [29, 71], [31, 69], [24, 76], [27, 73], [34, 66], [19, 81], [27, 73], [29, 71], [27, 73], [24, 76], [29, 71], [19, 81], [24, 76], [29, 71], [17, 83], [22, 78], [31, 69], [20, 80], [27, 73], [15, 85], [24, 76]]}