{"M": 50, "G": 3, "I": 3, "J": 100, "p": [[0.42795213106645874, 0.07718333778764562, 0.49486453114589557], [0.4453934543281796, 0.47485814852501324, 0.0797483971468072], [0.27148763699248735, 0.431879006667955, 0.2966333563395577]], "r": [[[25, 5, 32], [1, 12, 2], [6, 12, 5]], [[40, 2, 28], [7, 5, 1], [5, 9, 3]], [[22, 4, 33], [7, 8, 0], [11, 6, 9]], [[30, 3, 38], [6, 10, 1], [3, 7, 2]], [[28, 7, 40], [3, 11, 2], [0, 4, 5]], [[31, 4, 34], [8, 7, 2], [5, 4, 5]], [[36, 6, 30], [5, 9, 0], [3, 7, 4]], [[29, 5, 33], [7, 8, 0], [3, 7, 8]], [[31, 5, 35], [6, 6, 1], [4, 7, 5]], [[27, 8, 33], [8, 8, 1], [7, 3, 5]], [[30, 5, 27], [13, 9, 1], [2, 6, 7]], [[39, 6, 21], [5, 6, 0], [7, 11, 5]], [[35, 6, 32], [7, 3, 0], [5, 8, 4]], [[32, 4, 31], [6, 7, 3], [2, 13, 2]], [[24, 5, 35], [7, 10, 1], [6, 8, 4]], [[26, 2, 43], [6, 7, 3], [3, 5, 5]], [[28, 3, 25], [12, 15, 1], [4, 7, 5]], [[5, 4, 5], [27, 35, 8], [5, 5, 6]], [[4, 1, 8], [33, 30, 5], [7, 8, 4]], [[9, 2, 8], [29, 31, 1], [5, 8, 7]], [[7, 2, 9], [30, 26, 3], [5, 10, 8]], [[8, 0, 7], [21, 35, 8], [6, 8, 7]], [[7, 1, 8], [35, 27, 6], [2, 8, 6]], [[8, 0, 6], [37, 25, 9], [4, 10, 1]], [[9, 0, 6], [25, 39, 3], [4, 8, 6]], [[6, 1, 9], [26, 34, 6], [6, 5, 7]], [[11, 2, 11], [23, 33, 5], [2, 8, 5]], [[8, 1, 7], [24, 35, 7], [6, 8, 4]], [[6, 1, 10], [19, 31, 9], [6, 12, 6]], [[3, 2, 5], [32, 37, 3], [3, 10, 5]], [[6, 1, 9], [28, 28, 7], [5, 6, 10]], [[7, 0, 8], [32, 36, 4], [4, 5, 4]], [[8, 1, 6], [26, 38, 7], [2, 8, 4]], [[9, 1, 7], [19, 17, 5], [10, 20, 12]], [[7, 3, 6], [8, 6, 1], [17, 36, 16]], [[8, 0, 13], [15, 9, 1], [14, 22, 18]], [[5, 0, 14], [9, 9, 2], [21, 27, 13]], [[8, 1, 12], [6, 10, 3], [17, 30, 13]], [[7, 1, 3], [4, 10, 1], [24, 34, 16]], [[4, 1, 7], [4, 12, 1], [18, 30, 23]], [[4, 2, 7], [9, 10, 1], [20, 32, 15]], [[9, 2, 10], [4, 8, 1], [20, 34, 12]], [[8, 0, 9], [3, 9, 0], [21, 26, 24]], [[9, 0, 9], [9, 5, 4], [21, 23, 20]], [[7, 1, 8], [8, 8, 0], [19, 32, 17]], [[9, 0, 8], [7, 8, 1], [24, 23, 20]], [[7, 2, 4], [11, 11, 2], [16, 22, 25]], [[5, 1, 3], [10, 10, 0], [15, 27, 29]], [[5, 4, 6], [10, 4, 2], [19, 30, 20]], [[7, 1, 8], [9, 16, 3], [12, 26, 18]]], "n": [[32, 29, 39], [52, 16, 32], [40, 18, 42], [39, 20, 41], [31, 22, 47], [44, 15, 41], [44, 22, 34], [39, 20, 41], [41, 18, 41], [42, 19, 39], [45, 20, 35], [51, 23, 26], [47, 17, 36], [40, 24, 36], [37, 23, 40], [35, 14, 51], [44, 25, 31], [37, 44, 19], [44, 39, 17], [43, 41, 16], [42, 38, 20], [35, 43, 22], [44, 36, 20], [49, 35, 16], [38, 47, 15], [38, 40, 22], [36, 43, 21], [38, 44, 18], [31, 44, 25], [38, 49, 13], [39, 35, 26], [43, 41, 16], [36, 47, 17], [38, 38, 24], [32, 45, 23], [37, 31, 32], [35, 36, 29], [31, 41, 28], [35, 45, 20], [26, 43, 31], [33, 44, 23], [33, 44, 23], [32, 35, 33], [39, 28, 33], [34, 41, 25], [40, 31, 29], [34, 35, 31], [30, 38, 32], [34, 38, 28], [28, 43, 29]], "lambda_": 0.5, "b": [[62, 15, 23], [70, 13, 17], [59, 15, 26], [71, 17, 12], [75, 16, 9], [69, 17, 14], [72, 14, 14], [67, 15, 18], [71, 13, 16], [68, 17, 15], [62, 23, 15], [66, 11, 23], [73, 10, 17], [67, 16, 17], [64, 18, 18], [71, 16, 13], [56, 28, 16], [14, 70, 16], [13, 68, 19], [19, 61, 20], [18, 59, 23], [15, 64, 21], [16, 68, 16], [14, 71, 15], [15, 67, 18], [16, 66, 18], [24, 61, 15], [16, 66, 18], [17, 59, 24], [10, 72, 18], [16, 63, 21], [15, 72, 13], [15, 71, 14], [17, 41, 42], [16, 15, 69], [21, 25, 54], [19, 20, 61], [21, 19, 60], [11, 15, 74], [12, 17, 71], [13, 20, 67], [21, 13, 66], [17, 12, 71], [18, 18, 64], [16, 16, 68], [17, 16, 67], [13, 24, 63], [9, 20, 71], [15, 16, 69], [16, 28, 56]]}