{"M": 50, "G": 4, "I": 4, "J": 100, "p": [[0.13733033971538156, 0.402486971039085, 0.4348163195023544, 0.025366369743179053], [0.21871205928257512, 0.12338807712654326, 0.5704957772744377, 0.08740408631644406], [0.019119524157554624, 0.7421267660583135, 0.217462744278536, 0.02129096550559572], [0.6134834404594476, 0.08252507150969982, 0.13779843141340273, 0.16619305661744993]], "r": [[[9, 24, 29, 2], [3, 3, 6, 0], [3, 9, 2, 0], [5, 1, 3, 1]], [[6, 19, 37, 0], [3, 2, 9, 0], [1, 12, 3, 0], [7, 0, 1, 0]], [[14, 25, 23, 0], [2, 1, 6, 2], [0, 7, 3, 0], [13, 1, 2, 1]], [[7, 29, 29, 1], [2, 0, 7, 0], [0, 12, 0, 0], [7, 0, 3, 3]], [[6, 21, 30, 4], [0, 2, 8, 1], [0, 10, 4, 1], [7, 2, 3, 1]], [[13, 23, 23, 3], [1, 2, 13, 0], [0, 13, 2, 0], [5, 0, 1, 1]], [[13, 25, 24, 1], [2, 2, 3, 1], [0, 11, 6, 0], [5, 1, 3, 3]], [[10, 24, 19, 2], [6, 0, 8, 0], [0, 15, 2, 0], [12, 1, 0, 1]], [[4, 20, 30, 3], [3, 0, 8, 3], [0, 13, 4, 0], [10, 1, 1, 0]], [[7, 26, 24, 2], [2, 1, 9, 0], [0, 9, 1, 1], [9, 3, 3, 3]], [[6, 34, 26, 2], [4, 1, 8, 0], [0, 8, 1, 1], [4, 1, 2, 2]], [[9, 25, 28, 0], [3, 3, 3, 2], [1, 12, 2, 0], [6, 1, 5, 0]], [[4, 17, 18, 2], [13, 3, 16, 2], [0, 10, 6, 0], [6, 0, 1, 2]], [[2, 9, 2, 1], [11, 9, 36, 6], [1, 9, 0, 0], [10, 0, 3, 1]], [[1, 5, 6, 0], [11, 10, 34, 4], [0, 8, 2, 0], [9, 3, 3, 4]], [[1, 5, 4, 0], [14, 5, 38, 11], [0, 10, 2, 0], [5, 0, 2, 3]], [[3, 4, 5, 0], [9, 8, 42, 7], [0, 5, 2, 0], [9, 1, 4, 1]], [[2, 7, 9, 1], [13, 8, 32, 6], [1, 5, 4, 0], [7, 1, 1, 3]], [[4, 4, 1, 0], [11, 4, 36, 9], [0, 9, 5, 0], [9, 1, 3, 4]], [[3, 4, 5, 1], [20, 7, 32, 3], [0, 10, 2, 1], [7, 0, 2, 3]], [[1, 5, 4, 0], [16, 5, 43, 5], [0, 8, 1, 2], [6, 0, 0, 4]], [[2, 8, 9, 0], [12, 2, 34, 8], [0, 8, 2, 0], [8, 2, 3, 2]], [[2, 5, 5, 0], [10, 11, 36, 7], [0, 10, 6, 1], [5, 0, 0, 2]], [[1, 6, 5, 0], [16, 7, 37, 5], [3, 7, 2, 0], [6, 2, 1, 2]], [[2, 1, 7, 0], [12, 9, 32, 6], [0, 14, 2, 0], [12, 1, 0, 2]], [[4, 8, 5, 1], [6, 1, 9, 1], [1, 38, 13, 0], [8, 2, 1, 2]], [[1, 5, 9, 0], [0, 0, 8, 0], [2, 43, 15, 3], [6, 3, 2, 3]], [[2, 6, 7, 0], [0, 3, 4, 1], [1, 47, 10, 0], [10, 1, 3, 5]], [[0, 6, 3, 0], [1, 1, 11, 2], [0, 45, 17, 1], [4, 2, 3, 4]], [[2, 2, 9, 0], [2, 2, 11, 0], [0, 50, 12, 3], [4, 1, 1, 1]], [[3, 4, 8, 0], [3, 0, 7, 0], [2, 44, 14, 1], [10, 0, 2, 2]], [[2, 3, 3, 0], [1, 4, 11, 1], [2, 45, 13, 1], [9, 1, 1, 3]], [[3, 8, 5, 1], [3, 2, 6, 0], [1, 47, 13, 2], [2, 0, 2, 5]], [[1, 5, 8, 0], [3, 1, 7, 0], [1, 50, 12, 0], [8, 0, 4, 0]], [[3, 2, 2, 1], [5, 5, 6, 0], [1, 50, 13, 1], [8, 0, 2, 1]], [[1, 7, 5, 0], [3, 3, 7, 4], [0, 38, 14, 4], [8, 2, 2, 2]], [[4, 7, 7, 1], [7, 1, 6, 2], [0, 51, 7, 0], [6, 1, 0, 0]], [[2, 5, 4, 0], [1, 2, 13, 2], [1, 23, 9, 1], [25, 4, 3, 5]], [[1, 7, 3, 0], [4, 4, 5, 0], [1, 7, 5, 3], [39, 5, 6, 10]], [[2, 6, 7, 0], [5, 2, 9, 1], [2, 4, 4, 1], [33, 4, 13, 7]], [[0, 2, 8, 0], [3, 0, 11, 0], [0, 6, 6, 1], [42, 7, 9, 5]], [[4, 6, 6, 0], [4, 1, 3, 1], [1, 8, 3, 1], [34, 4, 10, 14]], [[1, 4, 12, 0], [2, 1, 7, 0], [0, 10, 3, 0], [38, 7, 9, 6]], [[1, 6, 2, 0], [0, 3, 5, 0], [0, 11, 3, 1], [37, 6, 11, 14]], [[1, 3, 4, 1], [4, 1, 10, 1], [0, 17, 2, 0], [33, 5, 8, 10]], [[2, 4, 7, 0], [1, 1, 11, 1], [0, 5, 2, 0], [35, 7, 13, 11]], [[1, 7, 3, 0], [3, 2, 6, 1], [2, 10, 4, 0], [40, 8, 6, 7]], [[3, 4, 7, 0], [2, 0, 9, 1], [0, 7, 5, 0], [36, 4, 9, 13]], [[2, 4, 2, 1], [1, 1, 5, 1], [0, 6, 2, 0], [44, 9, 10, 12]], [[3, 5, 1, 0], [0, 1, 8, 1], [0, 14, 4, 0], [33, 3, 14, 13]]], "n": [[20, 37, 40, 3], [17, 33, 50, 0], [29, 34, 34, 3], [16, 41, 39, 4], [13, 35, 45, 7], [19, 38, 39, 4], [20, 39, 36, 5], [28, 40, 29, 3], [17, 34, 43, 6], [18, 39, 37, 6], [14, 44, 37, 5], [19, 41, 38, 2], [23, 30, 41, 6], [24, 27, 41, 8], [21, 26, 45, 8], [20, 20, 46, 14], [21, 18, 53, 8], [23, 21, 46, 10], [24, 18, 45, 13], [30, 21, 41, 8], [23, 18, 48, 11], [22, 20, 48, 10], [17, 26, 47, 10], [26, 22, 45, 7], [26, 25, 41, 8], [19, 49, 28, 4], [9, 51, 34, 6], [13, 57, 24, 6], [5, 54, 34, 7], [8, 55, 33, 4], [18, 48, 31, 3], [14, 53, 28, 5], [9, 57, 26, 8], [13, 56, 31, 0], [17, 57, 23, 3], [12, 50, 28, 10], [17, 60, 20, 3], [29, 34, 29, 8], [45, 23, 19, 13], [42, 16, 33, 9], [45, 15, 34, 6], [43, 19, 22, 16], [41, 22, 31, 6], [38, 26, 21, 15], [38, 26, 24, 12], [38, 17, 33, 12], [46, 27, 19, 8], [41, 15, 30, 14], [47, 20, 19, 14], [36, 23, 27, 14]], "lambda_": 0.5, "b": [[64, 12, 14, 10], [62, 14, 16, 8], [62, 11, 10, 17], [66, 9, 12, 13], [61, 11, 15, 13], [62, 16, 15, 7], [63, 8, 17, 12], [55, 14, 17, 14], [57, 14, 17, 12], [59, 12, 11, 18], [68, 13, 10, 9], [62, 11, 15, 12], [41, 34, 16, 9], [14, 62, 10, 14], [12, 59, 10, 19], [10, 68, 12, 10], [12, 66, 7, 15], [19, 59, 10, 12], [9, 60, 14, 17], [13, 62, 13, 12], [10, 69, 11, 10], [19, 56, 10, 15], [12, 64, 17, 7], [12, 65, 12, 11], [10, 59, 16, 15], [18, 17, 52, 13], [15, 8, 63, 14], [15, 8, 58, 19], [9, 15, 63, 13], [13, 15, 65, 7], [15, 10, 61, 14], [8, 17, 61, 14], [17, 11, 63, 9], [14, 11, 63, 12], [8, 16, 65, 11], [13, 17, 56, 14], [19, 16, 58, 7], [11, 18, 34, 37], [11, 13, 16, 60], [15, 17, 11, 57], [10, 14, 13, 63], [16, 9, 13, 62], [17, 10, 13, 60], [9, 8, 15, 68], [9, 16, 19, 56], [13, 14, 7, 66], [11, 12, 16, 61], [14, 12, 12, 62], [9, 8, 8, 75], [9, 10, 18, 63]]}