{"M": 50, "G": 3, "I": 3, "J": 100, "p": [[0.5124501492524153, 0.09255883207878725, 0.3949910186687975], [0.040161431888498515, 0.10740706609794944, 0.8524315020135521], [0.4423699895794689, 0.3181175039485857, 0.23951250647194552]], "r": [[[26, 6, 35], [2, 1, 16], [2, 9, 3]], [[34, 5, 23], [1, 0, 15], [8, 8, 6]], [[31, 4, 32], [1, 3, 16], [7, 4, 2]], [[33, 3, 35], [0, 3, 9], [8, 4, 5]], [[36, 8, 23], [0, 2, 15], [4, 6, 6]], [[32, 3, 31], [2, 1, 14], [9, 7, 1]], [[44, 3, 25], [0, 0, 13], [9, 1, 5]], [[33, 3, 26], [0, 3, 19], [8, 3, 5]], [[36, 5, 22], [1, 0, 15], [10, 6, 5]], [[41, 5, 26], [1, 2, 13], [7, 3, 2]], [[30, 5, 29], [0, 1, 16], [12, 5, 2]], [[37, 7, 26], [0, 2, 16], [7, 5, 0]], [[35, 5, 29], [0, 2, 11], [6, 3, 9]], [[38, 6, 27], [1, 1, 12], [7, 5, 3]], [[29, 7, 32], [1, 1, 19], [3, 4, 4]], [[30, 4, 31], [0, 1, 17], [8, 4, 5]], [[27, 3, 17], [0, 3, 33], [8, 7, 2]], [[11, 1, 5], [5, 3, 58], [5, 5, 7]], [[5, 2, 5], [5, 9, 56], [8, 4, 6]], [[10, 2, 5], [1, 8, 60], [5, 8, 1]], [[7, 1, 8], [4, 9, 53], [6, 6, 6]], [[10, 1, 8], [0, 9, 57], [7, 4, 4]], [[3, 2, 9], [2, 6, 62], [7, 4, 5]], [[12, 1, 2], [1, 3, 59], [10, 7, 5]], [[10, 1, 6], [1, 8, 61], [6, 3, 4]], [[8, 0, 7], [0, 7, 63], [8, 3, 4]], [[5, 2, 7], [3, 10, 59], [9, 5, 0]], [[11, 3, 8], [1, 6, 54], [6, 10, 1]], [[4, 2, 3], [1, 5, 66], [3, 12, 4]], [[9, 1, 10], [6, 10, 44], [9, 3, 8]], [[5, 2, 5], [2, 6, 65], [9, 6, 0]], [[10, 3, 6], [3, 12, 51], [4, 5, 6]], [[6, 1, 7], [0, 8, 55], [8, 8, 7]], [[5, 0, 4], [4, 2, 23], [29, 18, 15]], [[10, 3, 5], [0, 2, 15], [23, 22, 20]], [[6, 1, 6], [1, 1, 13], [34, 22, 16]], [[18, 1, 6], [0, 1, 18], [32, 13, 11]], [[4, 3, 14], [0, 0, 13], [32, 20, 14]], [[12, 5, 3], [1, 1, 13], [20, 22, 23]], [[9, 3, 6], [1, 1, 13], [39, 11, 17]], [[10, 4, 8], [0, 1, 19], [23, 19, 16]], [[13, 0, 8], [0, 3, 8], [28, 20, 20]], [[14, 0, 11], [1, 5, 11], [27, 18, 13]], [[5, 5, 8], [0, 2, 16], [32, 14, 18]], [[9, 2, 5], [0, 5, 14], [35, 11, 19]], [[8, 2, 7], [0, 0, 15], [27, 22, 19]], [[7, 2, 5], [0, 0, 14], [35, 21, 16]], [[10, 2, 4], [0, 2, 18], [26, 16, 22]], [[5, 1, 3], [0, 1, 16], [33, 25, 16]], [[4, 0, 7], [0, 1, 10], [30, 19, 29]]], "n": [[30, 16, 54], [43, 13, 44], [39, 11, 50], [41, 10, 49], [40, 16, 44], [43, 11, 46], [53, 4, 43], [41, 9, 50], [47, 11, 42], [49, 10, 41], [42, 11, 47], [44, 14, 42], [41, 10, 49], [46, 12, 42], [33, 12, 55], [38, 9, 53], [35, 13, 52], [21, 9, 70], [18, 15, 67], [16, 18, 66], [17, 16, 67], [17, 14, 69], [12, 12, 76], [23, 11, 66], [17, 12, 71], [16, 10, 74], [17, 17, 66], [18, 19, 63], [8, 19, 73], [24, 14, 62], [16, 14, 70], [17, 20, 63], [14, 17, 69], [38, 20, 42], [33, 27, 40], [41, 24, 35], [50, 15, 35], [36, 23, 41], [33, 28, 39], [49, 15, 36], [33, 24, 43], [41, 23, 36], [42, 23, 35], [37, 21, 42], [44, 18, 38], [35, 24, 41], [42, 23, 35], [36, 20, 44], [38, 27, 35], [34, 20, 46]], "lambda_": 0.5, "b": [[67, 19, 14], [62, 16, 22], [67, 20, 13], [71, 12, 17], [67, 17, 16], [66, 17, 17], [72, 13, 15], [62, 22, 16], [63, 16, 21], [72, 16, 12], [64, 17, 19], [70, 18, 12], [69, 13, 18], [71, 14, 15], [68, 21, 11], [65, 18, 17], [47, 36, 17], [17, 66, 17], [12, 70, 18], [17, 69, 14], [16, 66, 18], [19, 66, 15], [14, 70, 16], [15, 63, 22], [17, 70, 13], [15, 70, 15], [14, 72, 14], [22, 61, 17], [9, 72, 19], [20, 60, 20], [12, 73, 15], [19, 66, 15], [14, 63, 23], [9, 29, 62], [18, 17, 65], [13, 15, 72], [25, 19, 56], [21, 13, 66], [20, 15, 65], [18, 15, 67], [22, 20, 58], [21, 11, 68], [25, 17, 58], [18, 18, 64], [16, 19, 65], [17, 15, 68], [14, 14, 72], [16, 20, 64], [9, 17, 74], [11, 11, 78]]}