{"M": 50, "G": 2, "I": 10, "J": 100, "p": [[0.00808261828816172, 0.15413970663026186, 0.05875164698758138, 0.13088878561109682, 0.38859135211187357, 0.07873826310006307, 0.07080871498828735, 0.0076143966059739766, 0.03182816707434811, 0.07055634860235216], [0.11844066583086636, 0.16961555343026474, 0.049953613728310794, 0.007105277171464392, 0.03540434652102236, 0.25035815833408864, 0.02500173849863604, 0.06267770316701331, 0.278816438584351, 0.002626504733982544]], "r": [[[1, 10, 2, 5, 33, 12, 6, 0, 2, 7], [1, 4, 1, 0, 0, 6, 2, 0, 8, 0]], [[1, 9, 7, 10, 30, 6, 7, 0, 4, 8], [3, 2, 1, 0, 0, 4, 0, 4, 4, 0]], [[1, 10, 1, 9, 34, 5, 5, 1, 1, 5], [4, 5, 2, 0, 1, 5, 1, 2, 8, 0]], [[0, 12, 5, 12, 28, 10, 5, 0, 3, 5], [1, 4, 0, 0, 2, 6, 0, 1, 5, 1]], [[0, 12, 5, 10, 28, 2, 6, 1, 4, 7], [7, 2, 0, 0, 1, 8, 0, 3, 4, 0]], [[1, 14, 4, 12, 25, 6, 7, 2, 6, 3], [2, 1, 2, 0, 0, 5, 1, 1, 8, 0]], [[1, 12, 4, 10, 28, 5, 4, 1, 2, 2], [1, 2, 2, 0, 1, 13, 0, 0, 12, 0]], [[1, 14, 3, 4, 30, 6, 5, 1, 2, 7], [1, 6, 2, 0, 1, 8, 3, 0, 6, 0]], [[0, 13, 3, 15, 25, 7, 3, 1, 1, 3], [6, 4, 2, 0, 1, 5, 1, 1, 9, 0]], [[0, 10, 7, 10, 23, 7, 5, 2, 2, 5], [5, 6, 1, 0, 2, 7, 0, 0, 8, 0]], [[1, 10, 8, 7, 26, 8, 5, 2, 2, 8], [2, 4, 1, 0, 2, 6, 0, 1, 7, 0]], [[0, 8, 2, 13, 26, 5, 7, 0, 2, 4], [2, 10, 1, 0, 0, 5, 0, 5, 10, 0]], [[0, 20, 6, 14, 26, 4, 5, 0, 0, 5], [2, 2, 2, 0, 1, 8, 0, 1, 4, 0]], [[0, 14, 3, 6, 32, 2, 5, 1, 2, 4], [4, 8, 1, 0, 0, 5, 1, 0, 12, 0]], [[0, 9, 2, 11, 21, 6, 3, 1, 4, 13], [2, 9, 2, 0, 1, 8, 1, 1, 6, 0]], [[0, 12, 3, 11, 28, 6, 6, 1, 0, 5], [3, 7, 4, 0, 0, 4, 1, 0, 9, 0]], [[1, 11, 1, 13, 20, 4, 7, 0, 3, 5], [4, 4, 4, 0, 2, 4, 0, 3, 14, 0]], [[0, 11, 5, 16, 31, 6, 4, 1, 1, 5], [0, 3, 0, 0, 0, 5, 0, 1, 11, 0]], [[0, 10, 7, 9, 29, 6, 8, 0, 3, 5], [4, 4, 1, 0, 1, 4, 0, 1, 8, 0]], [[1, 14, 2, 10, 36, 5, 3, 1, 1, 6], [3, 2, 0, 0, 0, 7, 2, 0, 7, 0]], [[0, 15, 3, 11, 28, 2, 7, 0, 2, 8], [2, 6, 1, 0, 1, 6, 0, 3, 5, 0]], [[1, 16, 4, 8, 28, 5, 5, 2, 1, 4], [3, 11, 0, 0, 0, 8, 0, 2, 2, 0]], [[1, 14, 7, 10, 35, 5, 2, 1, 0, 5], [2, 1, 1, 0, 0, 5, 0, 3, 8, 0]], [[2, 13, 3, 9, 23, 4, 6, 0, 3, 7], [3, 5, 0, 1, 1, 7, 1, 2, 10, 0]], [[0, 13, 5, 13, 27, 7, 5, 1, 3, 0], [2, 4, 1, 0, 2, 8, 0, 3, 6, 0]], [[0, 4, 1, 3, 9, 1, 1, 0, 2, 2], [7, 17, 4, 0, 2, 21, 1, 6, 19, 0]], [[0, 3, 1, 4, 4, 2, 1, 0, 1, 2], [6, 9, 5, 0, 5, 20, 5, 6, 26, 0]], [[0, 5, 2, 5, 4, 1, 4, 1, 1, 1], [5, 17, 10, 1, 3, 17, 0, 4, 19, 0]], [[1, 3, 0, 3, 13, 1, 3, 0, 0, 3], [11, 14, 4, 0, 2, 17, 3, 5, 17, 0]], [[0, 9, 1, 1, 9, 2, 2, 0, 3, 1], [14, 11, 4, 2, 2, 18, 3, 1, 16, 1]], [[1, 6, 0, 4, 6, 3, 1, 0, 0, 1], [12, 14, 3, 1, 6, 13, 3, 4, 22, 0]], [[2, 1, 0, 4, 9, 3, 3, 1, 0, 1], [7, 16, 6, 1, 4, 14, 1, 4, 23, 0]], [[0, 6, 1, 4, 9, 3, 3, 0, 0, 1], [8, 12, 2, 0, 0, 22, 1, 9, 19, 0]], [[0, 8, 1, 1, 12, 1, 2, 0, 0, 4], [7, 14, 3, 2, 2, 18, 0, 5, 20, 0]], [[0, 4, 1, 3, 12, 3, 1, 0, 1, 1], [3, 17, 5, 1, 3, 14, 5, 8, 18, 0]], [[2, 5, 1, 4, 11, 2, 2, 0, 2, 1], [11, 8, 6, 0, 3, 17, 0, 2, 23, 0]], [[0, 3, 0, 2, 13, 2, 0, 1, 2, 0], [7, 11, 1, 1, 2, 29, 0, 3, 23, 0]], [[1, 2, 1, 5, 11, 2, 1, 1, 0, 1], [8, 15, 4, 1, 4, 17, 0, 4, 22, 0]], [[0, 9, 2, 8, 13, 1, 2, 0, 1, 1], [11, 8, 3, 1, 1, 13, 2, 1, 23, 0]], [[0, 5, 1, 2, 10, 0, 3, 0, 1, 2], [9, 6, 4, 1, 3, 22, 4, 6, 21, 0]], [[1, 3, 3, 4, 6, 1, 1, 0, 0, 2], [5, 16, 5, 2, 3, 22, 1, 5, 19, 1]], [[0, 4, 1, 5, 7, 2, 1, 0, 1, 2], [7, 15, 2, 0, 2, 16, 0, 3, 32, 0]], [[0, 6, 2, 2, 12, 2, 2, 0, 0, 1], [7, 15, 5, 0, 2, 21, 1, 3, 19, 0]], [[0, 5, 3, 0, 13, 1, 1, 0, 0, 0], [6, 11, 3, 0, 4, 18, 0, 8, 27, 0]], [[1, 10, 2, 3, 11, 0, 3, 0, 0, 1], [10, 12, 3, 1, 2, 19, 2, 3, 17, 0]], [[0, 2, 2, 4, 11, 2, 3, 0, 0, 0], [11, 13, 3, 0, 4, 16, 0, 9, 20, 0]], [[0, 5, 0, 6, 6, 3, 1, 1, 2, 0], [10, 18, 2, 0, 2, 17, 0, 4, 23, 0]], [[0, 2, 2, 3, 10, 2, 2, 0, 0, 3], [10, 15, 3, 0, 2, 26, 1, 5, 14, 0]], [[0, 4, 0, 3, 16, 2, 2, 0, 0, 3], [7, 14, 2, 0, 2, 14, 3, 5, 23, 0]], [[0, 2, 2, 5, 13, 3, 1, 0, 0, 1], [9, 16, 2, 1, 1, 19, 0, 4, 21, 0]]], "n": [[2, 14, 3, 5, 33, 18, 8, 0, 10, 7], [4, 11, 8, 10, 30, 10, 7, 4, 8, 8], [5, 15, 3, 9, 35, 10, 6, 3, 9, 5], [1, 16, 5, 12, 30, 16, 5, 1, 8, 6], [7, 14, 5, 10, 29, 10, 6, 4, 8, 7], [3, 15, 6, 12, 25, 11, 8, 3, 14, 3], [2, 14, 6, 10, 29, 18, 4, 1, 14, 2], [2, 20, 5, 4, 31, 14, 8, 1, 8, 7], [6, 17, 5, 15, 26, 12, 4, 2, 10, 3], [5, 16, 8, 10, 25, 14, 5, 2, 10, 5], [3, 14, 9, 7, 28, 14, 5, 3, 9, 8], [2, 18, 3, 13, 26, 10, 7, 5, 12, 4], [2, 22, 8, 14, 27, 12, 5, 1, 4, 5], [4, 22, 4, 6, 32, 7, 6, 1, 14, 4], [2, 18, 4, 11, 22, 14, 4, 2, 10, 13], [3, 19, 7, 11, 28, 10, 7, 1, 9, 5], [5, 15, 5, 13, 22, 8, 7, 3, 17, 5], [0, 14, 5, 16, 31, 11, 4, 2, 12, 5], [4, 14, 8, 9, 30, 10, 8, 1, 11, 5], [4, 16, 2, 10, 36, 12, 5, 1, 8, 6], [2, 21, 4, 11, 29, 8, 7, 3, 7, 8], [4, 27, 4, 8, 28, 13, 5, 4, 3, 4], [3, 15, 8, 10, 35, 10, 2, 4, 8, 5], [5, 18, 3, 10, 24, 11, 7, 2, 13, 7], [2, 17, 6, 13, 29, 15, 5, 4, 9, 0], [7, 21, 5, 3, 11, 22, 2, 6, 21, 2], [6, 12, 6, 4, 9, 22, 6, 6, 27, 2], [5, 22, 12, 6, 7, 18, 4, 5, 20, 1], [12, 17, 4, 3, 15, 18, 6, 5, 17, 3], [14, 20, 5, 3, 11, 20, 5, 1, 19, 2], [13, 20, 3, 5, 12, 16, 4, 4, 22, 1], [9, 17, 6, 5, 13, 17, 4, 5, 23, 1], [8, 18, 3, 4, 9, 25, 4, 9, 19, 1], [7, 22, 4, 3, 14, 19, 2, 5, 20, 4], [3, 21, 6, 4, 15, 17, 6, 8, 19, 1], [13, 13, 7, 4, 14, 19, 2, 2, 25, 1], [7, 14, 1, 3, 15, 31, 0, 4, 25, 0], [9, 17, 5, 6, 15, 19, 1, 5, 22, 1], [11, 17, 5, 9, 14, 14, 4, 1, 24, 1], [9, 11, 5, 3, 13, 22, 7, 6, 22, 2], [6, 19, 8, 6, 9, 23, 2, 5, 19, 3], [7, 19, 3, 5, 9, 18, 1, 3, 33, 2], [7, 21, 7, 2, 14, 23, 3, 3, 19, 1], [6, 16, 6, 0, 17, 19, 1, 8, 27, 0], [11, 22, 5, 4, 13, 19, 5, 3, 17, 1], [11, 15, 5, 4, 15, 18, 3, 9, 20, 0], [10, 23, 2, 6, 8, 20, 1, 5, 25, 0], [10, 17, 5, 3, 12, 28, 3, 5, 14, 3], [7, 18, 2, 3, 18, 16, 5, 5, 23, 3], [9, 18, 4, 6, 14, 22, 1, 4, 21, 1]], "lambda_": 0.5, "b": [[78, 22], [82, 18], [72, 28], [80, 20], [75, 25], [80, 20], [69, 31], [73, 27], [71, 29], [71, 29], [77, 23], [67, 33], [80, 20], [69, 31], [70, 30], [72, 28], [65, 35], [80, 20], [77, 23], [79, 21], [76, 24], [74, 26], [80, 20], [70, 30], [74, 26], [23, 77], [18, 82], [24, 76], [27, 73], [28, 72], [22, 78], [24, 76], [27, 73], [29, 71], [26, 74], [30, 70], [23, 77], [25, 75], [37, 63], [24, 76], [21, 79], [23, 77], [27, 73], [23, 77], [31, 69], [24, 76], [24, 76], [24, 76], [30, 70], [27, 73]]}