{"M": 50, "G": 3, "I": 3, "J": 100, "p": [[0.16462456721633445, 0.42313389130268786, 0.41224154148097764], [0.582351120333567, 0.012580030813523983, 0.40506884885290895], [0.20877069949759983, 0.3206161607287713, 0.47061313977362884]], "r": [[[10, 29, 26], [9, 0, 10], [4, 4, 8]], [[4, 21, 37], [14, 0, 9], [2, 3, 10]], [[5, 25, 33], [10, 0, 10], [1, 9, 7]], [[17, 25, 28], [6, 0, 9], [4, 6, 5]], [[8, 25, 31], [9, 1, 7], [4, 8, 7]], [[10, 29, 25], [11, 0, 7], [2, 6, 10]], [[9, 22, 24], [11, 0, 9], [7, 6, 12]], [[8, 26, 28], [10, 0, 5], [5, 10, 8]], [[12, 34, 19], [6, 0, 8], [5, 6, 10]], [[16, 25, 24], [9, 0, 6], [0, 4, 16]], [[12, 33, 26], [5, 1, 4], [4, 4, 11]], [[15, 27, 27], [11, 0, 3], [1, 6, 10]], [[8, 23, 30], [12, 0, 10], [3, 8, 6]], [[11, 30, 27], [8, 0, 10], [2, 4, 8]], [[9, 34, 31], [10, 0, 8], [2, 3, 3]], [[11, 34, 27], [11, 1, 4], [6, 4, 2]], [[7, 28, 23], [20, 0, 15], [3, 1, 3]], [[4, 11, 6], [31, 3, 27], [2, 8, 8]], [[1, 7, 8], [45, 0, 26], [1, 4, 8]], [[3, 11, 7], [36, 1, 29], [1, 4, 8]], [[3, 5, 9], [41, 0, 26], [3, 4, 9]], [[2, 6, 8], [41, 0, 30], [6, 3, 4]], [[3, 7, 7], [46, 1, 18], [5, 7, 6]], [[2, 6, 9], [30, 0, 34], [3, 5, 11]], [[2, 4, 10], [39, 0, 26], [2, 8, 9]], [[1, 5, 6], [45, 0, 31], [5, 3, 4]], [[3, 9, 1], [41, 1, 24], [3, 10, 8]], [[4, 9, 7], [29, 0, 36], [0, 5, 10]], [[4, 10, 5], [40, 1, 25], [4, 3, 8]], [[4, 7, 5], [33, 0, 33], [2, 7, 9]], [[3, 5, 9], [32, 0, 33], [1, 5, 12]], [[3, 9, 5], [33, 0, 32], [4, 5, 9]], [[3, 7, 4], [46, 1, 18], [4, 6, 11]], [[5, 7, 5], [21, 1, 14], [12, 13, 22]], [[3, 4, 5], [13, 0, 10], [14, 21, 30]], [[2, 11, 10], [6, 0, 4], [13, 17, 37]], [[5, 6, 4], [6, 0, 10], [14, 21, 34]], [[7, 3, 10], [8, 1, 3], [12, 24, 32]], [[4, 2, 16], [6, 0, 6], [13, 24, 29]], [[3, 9, 9], [12, 0, 4], [12, 15, 36]], [[4, 4, 8], [7, 0, 8], [12, 25, 32]], [[1, 6, 8], [13, 0, 7], [18, 19, 28]], [[4, 8, 8], [10, 1, 5], [13, 17, 34]], [[5, 4, 8], [15, 0, 5], [17, 24, 22]], [[4, 7, 4], [10, 0, 8], [9, 25, 33]], [[2, 6, 12], [8, 0, 12], [9, 23, 28]], [[5, 4, 4], [11, 0, 5], [13, 29, 29]], [[3, 9, 4], [6, 0, 4], [17, 23, 34]], [[2, 5, 4], [11, 0, 9], [20, 19, 30]], [[3, 9, 6], [5, 2, 7], [7, 21, 40]]], "n": [[23, 33, 44], [20, 24, 56], [16, 34, 50], [27, 31, 42], [21, 34, 45], [23, 35, 42], [27, 28, 45], [23, 36, 41], [23, 40, 37], [25, 29, 46], [21, 38, 41], [27, 33, 40], [23, 31, 46], [21, 34, 45], [21, 37, 42], [28, 39, 33], [30, 29, 41], [37, 22, 41], [47, 11, 42], [40, 16, 44], [47, 9, 44], [49, 9, 42], [54, 15, 31], [35, 11, 54], [43, 12, 45], [51, 8, 41], [47, 20, 33], [33, 14, 53], [48, 14, 38], [39, 14, 47], [36, 10, 54], [40, 14, 46], [53, 14, 33], [38, 21, 41], [30, 25, 45], [21, 28, 51], [25, 27, 48], [27, 28, 45], [23, 26, 51], [27, 24, 49], [23, 29, 48], [32, 25, 43], [27, 26, 47], [37, 28, 35], [23, 32, 45], [19, 29, 52], [29, 33, 38], [26, 32, 42], [33, 24, 43], [15, 32, 53]], "lambda_": 0.5, "b": [[65, 19, 16], [62, 23, 15], [63, 20, 17], [70, 15, 15], [64, 17, 19], [64, 18, 18], [55, 20, 25], [62, 15, 23], [65, 14, 21], [65, 15, 20], [71, 10, 19], [69, 14, 17], [61, 22, 17], [68, 18, 14], [74, 18, 8], [72, 16, 12], [58, 35, 7], [21, 61, 18], [16, 71, 13], [21, 66, 13], [17, 67, 16], [16, 71, 13], [17, 65, 18], [17, 64, 19], [16, 65, 19], [12, 76, 12], [13, 66, 21], [20, 65, 15], [19, 66, 15], [16, 66, 18], [17, 65, 18], [17, 65, 18], [14, 65, 21], [17, 36, 47], [12, 23, 65], [23, 10, 67], [15, 16, 69], [20, 12, 68], [22, 12, 66], [21, 16, 63], [16, 15, 69], [15, 20, 65], [20, 16, 64], [17, 20, 63], [15, 18, 67], [20, 20, 60], [13, 16, 71], [16, 10, 74], [11, 20, 69], [18, 14, 68]]}