{"M": 50, "G": 4, "I": 4, "J": 100, "p": [[0.21831765719287097, 0.039374696974012705, 0.25245268623476663, 0.48985495959834957], [0.5422012093016421, 0.09105809283714718, 0.14155571116247334, 0.2251849866987375], [0.38055044211495703, 0.4747687767594026, 0.013226562056458096, 0.13145421906918225], [0.016696599894866992, 0.5387004486483383, 0.12920367408963102, 0.31539927736716344]], "r": [[[18, 5, 11, 29], [5, 1, 2, 6], [7, 5, 0, 2], [0, 7, 1, 1]], [[17, 3, 13, 35], [6, 1, 2, 5], [1, 4, 1, 2], [0, 5, 0, 5]], [[15, 2, 20, 20], [7, 0, 2, 1], [5, 8, 1, 2], [0, 8, 2, 7]], [[19, 3, 13, 30], [7, 2, 1, 2], [5, 6, 0, 2], [0, 4, 0, 6]], [[14, 4, 11, 35], [6, 0, 2, 3], [1, 10, 0, 2], [0, 8, 0, 4]], [[12, 4, 26, 32], [3, 1, 3, 2], [4, 5, 0, 0], [0, 8, 0, 0]], [[12, 7, 17, 34], [3, 1, 3, 4], [5, 10, 0, 0], [0, 3, 0, 1]], [[19, 4, 16, 32], [4, 1, 0, 1], [4, 2, 0, 2], [1, 9, 2, 3]], [[13, 2, 12, 33], [8, 1, 2, 5], [4, 3, 0, 1], [2, 11, 2, 1]], [[17, 4, 9, 32], [12, 0, 1, 6], [2, 2, 0, 1], [0, 12, 0, 2]], [[15, 4, 13, 28], [7, 0, 3, 4], [4, 8, 0, 1], [0, 6, 1, 6]], [[21, 3, 14, 27], [5, 2, 3, 1], [7, 10, 0, 0], [0, 5, 2, 0]], [[7, 2, 11, 23], [19, 1, 3, 8], [5, 3, 0, 3], [0, 10, 5, 0]], [[3, 3, 3, 4], [30, 4, 10, 16], [4, 10, 1, 0], [0, 6, 2, 4]], [[0, 2, 3, 7], [25, 11, 7, 12], [5, 12, 0, 4], [0, 8, 3, 1]], [[2, 0, 4, 5], [29, 6, 14, 13], [4, 3, 0, 1], [0, 13, 4, 2]], [[4, 0, 5, 5], [28, 6, 9, 11], [3, 10, 0, 2], [0, 11, 3, 3]], [[3, 0, 2, 6], [27, 7, 11, 19], [2, 5, 0, 2], [0, 9, 3, 4]], [[3, 1, 0, 7], [36, 4, 6, 14], [8, 6, 0, 4], [0, 8, 1, 2]], [[2, 1, 1, 6], [36, 8, 7, 11], [4, 5, 0, 3], [0, 9, 4, 3]], [[2, 0, 4, 5], [43, 4, 7, 7], [7, 6, 1, 1], [0, 7, 4, 2]], [[0, 0, 4, 7], [38, 7, 6, 13], [6, 3, 0, 2], [0, 5, 2, 7]], [[4, 1, 1, 3], [35, 5, 12, 16], [4, 7, 0, 1], [0, 4, 1, 6]], [[2, 1, 3, 5], [39, 6, 10, 13], [1, 3, 0, 1], [0, 9, 1, 6]], [[3, 0, 1, 7], [36, 7, 5, 15], [4, 12, 0, 1], [0, 6, 0, 3]], [[5, 0, 2, 5], [9, 0, 2, 3], [25, 27, 2, 13], [0, 5, 1, 1]], [[6, 0, 1, 12], [7, 2, 5, 1], [19, 31, 0, 7], [0, 5, 1, 3]], [[0, 0, 5, 5], [2, 1, 2, 2], [19, 36, 2, 12], [0, 6, 6, 2]], [[5, 3, 3, 1], [8, 1, 1, 6], [12, 34, 0, 11], [0, 4, 2, 9]], [[1, 1, 1, 3], [7, 0, 0, 3], [20, 35, 3, 11], [0, 7, 1, 7]], [[4, 0, 1, 10], [7, 1, 0, 2], [20, 35, 0, 6], [0, 8, 2, 4]], [[2, 0, 7, 3], [7, 0, 2, 2], [26, 32, 1, 4], [1, 8, 1, 4]], [[4, 0, 2, 4], [7, 0, 1, 4], [23, 31, 1, 12], [0, 7, 0, 4]], [[2, 0, 5, 6], [8, 0, 5, 2], [25, 25, 2, 11], [0, 4, 3, 2]], [[3, 4, 3, 4], [7, 0, 3, 3], [13, 35, 2, 11], [0, 5, 2, 5]], [[4, 0, 5, 4], [10, 2, 9, 0], [19, 30, 3, 6], [0, 4, 1, 3]], [[4, 0, 5, 5], [10, 0, 1, 2], [23, 25, 1, 8], [0, 8, 2, 6]], [[1, 1, 2, 8], [8, 0, 2, 2], [20, 18, 1, 3], [0, 17, 3, 14]], [[3, 0, 3, 5], [2, 2, 0, 2], [5, 3, 0, 1], [4, 36, 6, 28]], [[2, 0, 5, 0], [9, 1, 3, 2], [9, 7, 0, 1], [2, 26, 8, 25]], [[0, 0, 1, 5], [6, 4, 1, 6], [2, 4, 1, 0], [2, 37, 8, 23]], [[2, 1, 6, 10], [7, 1, 1, 3], [5, 1, 0, 2], [1, 36, 14, 10]], [[5, 1, 4, 4], [5, 3, 2, 1], [9, 8, 0, 0], [2, 31, 10, 15]], [[3, 3, 2, 5], [6, 1, 7, 2], [5, 3, 0, 0], [2, 32, 6, 23]], [[1, 1, 4, 2], [7, 1, 4, 5], [4, 7, 1, 2], [0, 34, 7, 20]], [[2, 0, 3, 6], [8, 0, 1, 2], [1, 5, 0, 3], [1, 38, 5, 25]], [[2, 0, 1, 8], [6, 2, 0, 6], [2, 9, 0, 3], [0, 34, 7, 20]], [[2, 0, 1, 6], [7, 1, 2, 2], [4, 9, 1, 2], [2, 30, 11, 20]], [[5, 1, 4, 6], [7, 0, 2, 2], [3, 4, 1, 3], [1, 35, 7, 19]], [[2, 1, 1, 4], [9, 0, 7, 4], [7, 13, 0, 1], [1, 23, 8, 19]]], "n": [[30, 18, 14, 38], [24, 13, 16, 47], [27, 18, 25, 30], [31, 15, 14, 40], [21, 22, 13, 44], [19, 18, 29, 34], [20, 21, 20, 39], [28, 16, 18, 38], [27, 17, 16, 40], [31, 18, 10, 41], [26, 18, 17, 39], [33, 20, 19, 28], [31, 16, 19, 34], [37, 23, 16, 24], [30, 33, 13, 24], [35, 22, 22, 21], [35, 27, 17, 21], [32, 21, 16, 31], [47, 19, 7, 27], [42, 23, 12, 23], [52, 17, 16, 15], [44, 15, 12, 29], [43, 17, 14, 26], [42, 19, 14, 25], [43, 25, 6, 26], [39, 32, 7, 22], [32, 38, 7, 23], [21, 43, 15, 21], [25, 42, 6, 27], [28, 43, 5, 24], [31, 44, 3, 22], [36, 40, 11, 13], [34, 38, 4, 24], [35, 29, 15, 21], [23, 44, 10, 23], [33, 36, 18, 13], [37, 33, 9, 21], [29, 36, 8, 27], [14, 41, 9, 36], [22, 34, 16, 28], [10, 45, 11, 34], [15, 39, 21, 25], [21, 43, 16, 20], [16, 39, 15, 30], [12, 43, 16, 29], [12, 43, 9, 36], [10, 45, 8, 37], [15, 40, 15, 30], [16, 40, 14, 30], [19, 37, 16, 28]], "lambda_": 0.5, "b": [[63, 14, 14, 9], [68, 14, 8, 10], [57, 10, 16, 17], [65, 12, 13, 10], [64, 11, 13, 12], [74, 9, 9, 8], [70, 11, 15, 4], [71, 6, 8, 15], [60, 16, 8, 16], [62, 19, 5, 14], [60, 14, 13, 13], [65, 11, 17, 7], [43, 31, 11, 15], [13, 60, 15, 12], [12, 55, 21, 12], [11, 62, 8, 19], [14, 54, 15, 17], [11, 64, 9, 16], [11, 60, 18, 11], [10, 62, 12, 16], [11, 61, 15, 13], [11, 64, 11, 14], [9, 68, 12, 11], [11, 68, 5, 16], [11, 63, 17, 9], [12, 14, 67, 7], [19, 15, 57, 9], [10, 7, 69, 14], [12, 16, 57, 15], [6, 10, 69, 15], [15, 10, 61, 14], [12, 11, 63, 14], [10, 12, 67, 11], [13, 15, 63, 9], [14, 13, 61, 12], [13, 21, 58, 8], [14, 13, 57, 16], [12, 12, 42, 34], [11, 6, 9, 74], [7, 15, 17, 61], [6, 17, 7, 70], [19, 12, 8, 61], [14, 11, 17, 58], [13, 16, 8, 63], [8, 17, 14, 61], [11, 11, 9, 69], [11, 14, 14, 61], [9, 12, 16, 63], [16, 11, 11, 62], [8, 20, 21, 51]]}