{"M": 50, "G": 4, "I": 3, "J": 100, "p": [[0.2719923306744691, 0.18223906229356635, 0.5457686070319646], [0.0573478133834925, 0.5463733738946434, 0.3962788127218642], [0.18885986669153693, 0.7600018495823246, 0.05113828372613846], [0.009840710045439974, 0.34608044948750466, 0.6440788404670554]], "r": [[[21, 9, 34], [0, 5, 2], [6, 12, 1], [0, 4, 6]], [[14, 14, 40], [1, 4, 2], [3, 8, 0], [0, 6, 8]], [[21, 13, 33], [0, 7, 5], [3, 9, 1], [0, 2, 6]], [[25, 11, 25], [1, 10, 7], [2, 5, 0], [0, 6, 8]], [[13, 15, 39], [2, 7, 5], [1, 11, 0], [0, 3, 4]], [[16, 9, 35], [0, 6, 9], [3, 8, 0], [0, 5, 9]], [[15, 16, 32], [0, 5, 4], [1, 14, 0], [0, 2, 11]], [[16, 18, 30], [1, 11, 4], [1, 7, 0], [0, 2, 10]], [[13, 14, 33], [0, 8, 5], [2, 7, 1], [0, 4, 13]], [[17, 13, 38], [1, 4, 4], [2, 11, 0], [0, 6, 4]], [[13, 14, 33], [2, 7, 3], [6, 13, 0], [0, 3, 6]], [[21, 7, 33], [0, 3, 8], [2, 12, 0], [0, 7, 7]], [[8, 9, 18], [1, 15, 20], [3, 12, 1], [0, 7, 6]], [[2, 3, 11], [7, 37, 23], [1, 7, 1], [0, 2, 6]], [[3, 0, 2], [3, 33, 30], [1, 17, 1], [0, 6, 4]], [[4, 3, 5], [8, 26, 26], [4, 5, 1], [0, 6, 12]], [[4, 2, 10], [4, 32, 27], [2, 7, 0], [0, 5, 7]], [[2, 1, 11], [4, 32, 25], [3, 11, 1], [0, 4, 6]], [[4, 3, 3], [3, 34, 23], [5, 10, 0], [0, 7, 8]], [[2, 5, 3], [6, 35, 22], [5, 13, 1], [0, 0, 8]], [[0, 2, 7], [4, 35, 26], [1, 10, 0], [0, 6, 9]], [[3, 3, 7], [5, 40, 19], [2, 7, 1], [0, 5, 8]], [[3, 2, 4], [4, 34, 26], [6, 9, 1], [0, 3, 8]], [[3, 1, 6], [6, 34, 25], [2, 12, 0], [0, 8, 3]], [[5, 2, 4], [1, 38, 27], [5, 7, 0], [0, 6, 5]], [[1, 3, 8], [1, 6, 3], [12, 54, 2], [0, 3, 7]], [[3, 1, 4], [0, 5, 2], [13, 51, 1], [1, 6, 13]], [[3, 1, 5], [1, 5, 3], [14, 51, 3], [0, 3, 11]], [[3, 2, 11], [1, 9, 6], [11, 48, 1], [0, 3, 5]], [[2, 1, 11], [1, 10, 5], [9, 46, 1], [1, 4, 9]], [[3, 1, 10], [1, 3, 8], [11, 46, 2], [0, 5, 10]], [[4, 1, 8], [0, 12, 2], [11, 45, 2], [0, 5, 10]], [[8, 1, 7], [2, 3, 3], [16, 48, 2], [0, 2, 8]], [[5, 0, 4], [1, 9, 4], [14, 40, 5], [0, 8, 10]], [[3, 1, 8], [1, 10, 6], [6, 46, 4], [0, 5, 10]], [[3, 1, 7], [0, 6, 4], [12, 49, 2], [1, 5, 10]], [[2, 4, 7], [1, 4, 6], [8, 53, 1], [0, 6, 8]], [[1, 4, 11], [3, 6, 8], [3, 30, 2], [0, 11, 21]], [[2, 0, 3], [1, 3, 4], [2, 18, 0], [0, 23, 44]], [[6, 3, 8], [0, 7, 4], [0, 10, 0], [1, 18, 43]], [[2, 2, 9], [2, 2, 6], [3, 8, 1], [0, 23, 42]], [[3, 1, 5], [1, 6, 6], [1, 11, 1], [0, 22, 43]], [[5, 4, 3], [0, 7, 7], [4, 10, 1], [0, 27, 32]], [[6, 4, 8], [0, 7, 5], [1, 10, 1], [0, 16, 42]], [[3, 1, 8], [1, 11, 5], [2, 8, 1], [0, 23, 37]], [[3, 1, 7], [0, 6, 3], [2, 12, 0], [1, 21, 44]], [[5, 3, 11], [1, 9, 5], [3, 8, 1], [0, 22, 32]], [[2, 2, 8], [0, 11, 7], [2, 8, 0], [0, 19, 41]], [[3, 2, 5], [1, 8, 4], [1, 5, 0], [2, 28, 41]], [[2, 7, 9], [0, 2, 4], [2, 9, 2], [1, 23, 39]]], "n": [[27, 30, 43], [18, 32, 50], [24, 31, 45], [28, 32, 40], [16, 36, 48], [19, 28, 53], [16, 37, 47], [18, 38, 44], [15, 33, 52], [20, 34, 46], [21, 37, 42], [23, 29, 48], [12, 43, 45], [10, 49, 41], [7, 56, 37], [16, 40, 44], [10, 46, 44], [9, 48, 43], [12, 54, 34], [13, 53, 34], [5, 53, 42], [10, 55, 35], [13, 48, 39], [11, 55, 34], [11, 53, 36], [14, 66, 20], [17, 63, 20], [18, 60, 22], [15, 62, 23], [13, 61, 26], [15, 55, 30], [15, 63, 22], [26, 54, 20], [20, 57, 23], [10, 62, 28], [16, 61, 23], [11, 67, 22], [7, 51, 42], [5, 44, 51], [7, 38, 55], [7, 35, 58], [5, 40, 55], [9, 48, 43], [7, 37, 56], [6, 43, 51], [6, 40, 54], [9, 42, 49], [4, 40, 56], [7, 43, 50], [5, 41, 54]], "lambda_": 0.5, "b": [[64, 7, 19, 10], [68, 7, 11, 14], [67, 12, 13, 8], [61, 18, 7, 14], [67, 14, 12, 7], [60, 15, 11, 14], [63, 9, 15, 13], [64, 16, 8, 12], [60, 13, 10, 17], [68, 9, 13, 10], [60, 12, 19, 9], [61, 11, 14, 14], [35, 36, 16, 13], [16, 67, 9, 8], [5, 66, 19, 10], [12, 60, 10, 18], [16, 63, 9, 12], [14, 61, 15, 10], [10, 60, 15, 15], [10, 63, 19, 8], [9, 65, 11, 15], [13, 64, 10, 13], [9, 64, 16, 11], [10, 65, 14, 11], [11, 66, 12, 11], [12, 10, 68, 10], [8, 7, 65, 20], [9, 9, 68, 14], [16, 16, 60, 8], [14, 16, 56, 14], [14, 12, 59, 15], [13, 14, 58, 15], [16, 8, 66, 10], [9, 14, 59, 18], [12, 17, 56, 15], [11, 10, 63, 16], [13, 11, 62, 14], [16, 17, 35, 32], [5, 8, 20, 67], [17, 11, 10, 62], [13, 10, 12, 65], [9, 13, 13, 65], [12, 14, 15, 59], [18, 12, 12, 58], [12, 17, 11, 60], [11, 9, 14, 66], [19, 15, 12, 54], [12, 18, 10, 60], [10, 13, 6, 71], [18, 6, 13, 63]]}