{"M": 50, "G": 3, "I": 10, "J": 100, "p": [[0.09500060664178235, 0.017133841334523565, 0.10985441420096699, 0.213159663431239, 0.22726109271150324, 0.038166572341381357, 0.05933241211278907, 0.0943852305406974, 0.06482789691534085, 0.08087826976977602], [0.006888335521354323, 0.06846078087268449, 0.011645208371382151, 0.37572194421425487, 0.09011437757363162, 0.21997833859893373, 0.05718687176099196, 0.08248393862623987, 0.001826590536552423, 0.08569361392397443], [0.27956318930356217, 0.02307379390994991, 0.036123216791498255, 0.23454490768563666, 0.0030440371355612453, 0.006318257987249565, 0.09330015776904851, 0.19433754783255683, 0.0008218471450782652, 0.12887304443985828]], "r": [[[6, 4, 12, 14, 13, 2, 2, 7, 3, 5], [0, 1, 0, 7, 2, 6, 2, 1, 0, 0], [7, 0, 0, 3, 0, 0, 1, 2, 0, 0]], [[4, 1, 12, 12, 11, 6, 4, 4, 2, 7], [1, 0, 0, 8, 4, 5, 1, 1, 0, 1], [8, 0, 0, 1, 1, 0, 1, 1, 0, 4]], [[6, 1, 10, 19, 13, 1, 3, 6, 5, 1], [0, 1, 0, 9, 1, 4, 1, 2, 0, 1], [6, 0, 2, 3, 0, 0, 0, 5, 0, 0]], [[6, 0, 11, 11, 12, 3, 6, 6, 4, 6], [0, 1, 0, 8, 3, 3, 1, 1, 0, 3], [3, 0, 1, 5, 0, 0, 2, 2, 1, 1]], [[7, 1, 11, 20, 15, 2, 3, 2, 8, 6], [0, 2, 0, 4, 5, 3, 1, 0, 0, 2], [2, 1, 0, 2, 0, 0, 0, 2, 0, 1]], [[5, 2, 3, 17, 21, 1, 8, 7, 5, 6], [1, 0, 0, 4, 0, 4, 1, 1, 0, 3], [2, 0, 1, 3, 0, 0, 3, 0, 0, 2]], [[6, 0, 9, 19, 18, 5, 3, 6, 5, 7], [0, 0, 0, 4, 1, 2, 0, 2, 0, 0], [3, 1, 1, 2, 1, 1, 0, 0, 0, 4]], [[4, 0, 6, 12, 17, 1, 5, 10, 9, 10], [0, 2, 0, 6, 1, 1, 1, 0, 0, 1], [3, 0, 1, 1, 0, 0, 3, 2, 0, 4]], [[9, 2, 12, 13, 15, 1, 2, 8, 1, 4], [0, 3, 0, 2, 1, 4, 1, 0, 0, 3], [4, 0, 1, 6, 0, 0, 1, 5, 0, 2]], [[9, 0, 5, 8, 19, 0, 5, 5, 10, 1], [0, 2, 1, 7, 1, 8, 2, 0, 1, 0], [4, 2, 0, 5, 0, 0, 1, 2, 0, 2]], [[6, 0, 5, 18, 10, 1, 4, 6, 7, 6], [0, 1, 0, 7, 0, 7, 0, 1, 0, 2], [5, 0, 0, 6, 0, 0, 0, 3, 0, 5]], [[5, 2, 8, 11, 25, 1, 3, 5, 0, 7], [0, 1, 0, 6, 0, 4, 3, 2, 0, 2], [7, 0, 0, 2, 1, 0, 4, 1, 0, 0]], [[7, 0, 4, 15, 17, 2, 4, 6, 7, 8], [0, 0, 0, 7, 3, 1, 0, 0, 1, 1], [6, 2, 0, 6, 0, 0, 0, 3, 0, 0]], [[10, 1, 7, 15, 20, 3, 2, 4, 2, 8], [0, 1, 0, 4, 0, 6, 0, 2, 0, 2], [1, 0, 0, 2, 0, 0, 2, 6, 0, 2]], [[3, 1, 5, 8, 17, 3, 8, 10, 4, 5], [0, 2, 0, 7, 2, 4, 1, 2, 0, 1], [5, 0, 1, 4, 0, 0, 2, 5, 0, 0]], [[8, 3, 8, 14, 10, 4, 8, 5, 5, 2], [1, 1, 0, 7, 0, 1, 0, 2, 0, 2], [3, 0, 0, 6, 0, 0, 6, 3, 0, 1]], [[8, 1, 5, 11, 11, 0, 0, 4, 4, 3], [2, 0, 1, 10, 3, 9, 1, 2, 0, 3], [7, 2, 1, 2, 0, 0, 2, 5, 0, 3]], [[0, 0, 4, 4, 3, 1, 0, 2, 2, 1], [1, 0, 0, 19, 9, 14, 5, 10, 0, 12], [4, 0, 0, 2, 0, 0, 1, 3, 0, 3]], [[1, 1, 5, 4, 1, 0, 0, 1, 0, 2], [0, 8, 0, 34, 4, 14, 2, 3, 0, 5], [4, 1, 0, 7, 0, 0, 1, 1, 0, 1]], [[4, 0, 5, 3, 7, 1, 2, 2, 0, 1], [0, 9, 0, 23, 6, 17, 2, 4, 0, 2], [1, 0, 1, 5, 0, 0, 2, 1, 0, 2]], [[2, 2, 1, 1, 5, 0, 1, 2, 0, 1], [0, 2, 1, 28, 5, 18, 2, 5, 0, 5], [5, 0, 1, 4, 0, 1, 0, 5, 0, 3]], [[2, 0, 2, 1, 2, 0, 0, 2, 0, 1], [0, 4, 0, 25, 12, 11, 7, 3, 0, 7], [6, 0, 1, 4, 0, 0, 2, 6, 0, 2]], [[3, 2, 2, 6, 4, 0, 0, 1, 0, 2], [0, 3, 0, 28, 6, 14, 4, 4, 1, 7], [6, 1, 0, 0, 0, 0, 1, 3, 0, 2]], [[2, 1, 0, 3, 1, 1, 3, 0, 1, 0], [0, 7, 0, 19, 6, 20, 5, 5, 0, 10], [8, 1, 1, 2, 0, 1, 1, 0, 0, 2]], [[1, 0, 2, 4, 3, 2, 1, 1, 0, 4], [0, 7, 1, 24, 3, 16, 3, 8, 1, 3], [4, 0, 0, 5, 0, 0, 5, 1, 0, 1]], [[1, 0, 4, 4, 2, 0, 1, 2, 0, 3], [0, 4, 1, 25, 2, 17, 2, 7, 0, 7], [4, 0, 0, 5, 0, 0, 1, 4, 0, 4]], [[1, 0, 0, 5, 4, 0, 1, 1, 0, 0], [0, 5, 1, 23, 5, 18, 6, 4, 0, 6], [9, 0, 1, 5, 0, 0, 1, 2, 0, 2]], [[0, 1, 4, 4, 3, 0, 2, 3, 2, 1], [1, 3, 0, 27, 9, 6, 3, 7, 0, 6], [3, 0, 2, 6, 0, 0, 2, 4, 0, 1]], [[1, 1, 4, 4, 3, 1, 0, 3, 0, 1], [0, 4, 0, 19, 6, 11, 5, 8, 1, 8], [1, 0, 0, 7, 0, 1, 1, 7, 0, 3]], [[1, 0, 3, 2, 2, 2, 1, 1, 0, 0], [0, 3, 1, 26, 3, 21, 5, 7, 1, 7], [4, 0, 0, 5, 0, 0, 0, 2, 0, 3]], [[0, 0, 1, 6, 3, 0, 0, 2, 0, 1], [0, 2, 1, 26, 7, 11, 10, 2, 1, 4], [8, 0, 1, 4, 0, 0, 2, 5, 0, 3]], [[2, 0, 3, 2, 1, 1, 2, 0, 3, 2], [1, 7, 0, 18, 8, 14, 3, 8, 0, 5], [6, 0, 2, 3, 0, 0, 3, 3, 0, 3]], [[1, 0, 0, 5, 2, 1, 1, 0, 2, 2], [0, 5, 0, 30, 7, 11, 3, 4, 0, 7], [6, 0, 1, 6, 0, 0, 0, 3, 0, 3]], [[2, 1, 2, 1, 3, 1, 0, 2, 0, 1], [0, 5, 1, 16, 4, 4, 2, 3, 0, 4], [21, 1, 2, 12, 0, 0, 4, 6, 0, 2]], [[3, 0, 1, 2, 7, 1, 2, 1, 3, 0], [0, 0, 0, 6, 1, 6, 0, 1, 0, 2], [12, 0, 0, 21, 0, 0, 8, 12, 0, 11]], [[2, 1, 4, 4, 2, 2, 1, 1, 1, 1], [0, 1, 0, 8, 1, 5, 1, 2, 0, 0], [17, 2, 2, 17, 0, 0, 4, 9, 0, 12]], [[1, 0, 0, 6, 5, 1, 0, 1, 1, 1], [0, 1, 0, 7, 0, 7, 2, 1, 0, 0], [23, 0, 0, 12, 0, 1, 7, 17, 0, 6]], [[4, 0, 0, 4, 2, 2, 3, 2, 1, 0], [0, 1, 0, 4, 1, 5, 0, 2, 0, 0], [19, 2, 3, 18, 0, 0, 8, 12, 0, 7]], [[1, 3, 6, 5, 5, 0, 0, 0, 1, 1], [0, 1, 0, 5, 1, 4, 2, 0, 0, 1], [13, 1, 1, 15, 1, 0, 8, 15, 0, 10]], [[0, 0, 2, 0, 5, 0, 1, 0, 1, 2], [0, 0, 0, 2, 4, 6, 1, 1, 0, 3], [17, 1, 4, 13, 0, 1, 6, 17, 1, 12]], [[2, 0, 1, 4, 3, 0, 1, 3, 0, 0], [0, 2, 1, 3, 2, 3, 0, 4, 0, 2], [23, 2, 2, 15, 0, 0, 5, 13, 0, 9]], [[3, 1, 3, 4, 4, 0, 1, 2, 0, 3], [0, 1, 0, 4, 1, 2, 1, 0, 0, 2], [21, 2, 2, 16, 1, 0, 5, 14, 0, 7]], [[1, 0, 1, 3, 6, 0, 2, 0, 1, 1], [0, 0, 0, 8, 1, 4, 3, 2, 0, 0], [20, 0, 1, 17, 0, 1, 12, 8, 0, 8]], [[2, 2, 3, 4, 4, 1, 0, 2, 0, 1], [0, 0, 0, 5, 2, 5, 1, 1, 0, 1], [19, 0, 3, 19, 0, 0, 3, 16, 1, 5]], [[0, 0, 2, 3, 4, 0, 0, 1, 2, 1], [0, 2, 0, 5, 2, 3, 1, 3, 1, 2], [16, 1, 4, 18, 0, 0, 11, 9, 1, 8]], [[1, 0, 3, 1, 1, 2, 0, 4, 1, 2], [0, 2, 0, 4, 0, 1, 1, 0, 0, 0], [19, 1, 5, 12, 0, 0, 5, 19, 1, 15]], [[1, 0, 2, 4, 4, 0, 1, 2, 1, 0], [1, 1, 0, 6, 0, 2, 1, 1, 0, 1], [18, 5, 3, 13, 0, 0, 6, 15, 0, 12]], [[1, 0, 2, 3, 3, 2, 1, 0, 0, 0], [0, 2, 0, 10, 0, 5, 2, 3, 0, 2], [22, 0, 3, 11, 0, 0, 6, 15, 0, 7]], [[1, 0, 2, 2, 4, 1, 1, 2, 1, 1], [0, 2, 0, 7, 1, 4, 2, 1, 0, 1], [22, 3, 3, 20, 0, 1, 7, 7, 0, 4]], [[2, 0, 2, 4, 4, 0, 0, 0, 1, 1], [0, 3, 1, 10, 3, 5, 0, 1, 0, 2], [13, 1, 0, 17, 0, 1, 9, 14, 0, 6]]], "n": [[13, 5, 12, 24, 15, 8, 5, 10, 3, 5], [13, 1, 12, 21, 16, 11, 6, 6, 2, 12], [12, 2, 12, 31, 14, 5, 4, 13, 5, 2], [9, 1, 12, 24, 15, 6, 9, 9, 5, 10], [9, 4, 11, 26, 20, 5, 4, 4, 8, 9], [8, 2, 4, 24, 21, 5, 12, 8, 5, 11], [9, 1, 10, 25, 20, 8, 3, 8, 5, 11], [7, 2, 7, 19, 18, 2, 9, 12, 9, 15], [13, 5, 13, 21, 16, 5, 4, 13, 1, 9], [13, 4, 6, 20, 20, 8, 8, 7, 11, 3], [11, 1, 5, 31, 10, 8, 4, 10, 7, 13], [12, 3, 8, 19, 26, 5, 10, 8, 0, 9], [13, 2, 4, 28, 20, 3, 4, 9, 8, 9], [11, 2, 7, 21, 20, 9, 4, 12, 2, 12], [8, 3, 6, 19, 19, 7, 11, 17, 4, 6], [12, 4, 8, 27, 10, 5, 14, 10, 5, 5], [17, 3, 7, 23, 14, 9, 3, 11, 4, 9], [5, 0, 4, 25, 12, 15, 6, 15, 2, 16], [5, 10, 5, 45, 5, 14, 3, 5, 0, 8], [5, 9, 6, 31, 13, 18, 6, 7, 0, 5], [7, 4, 3, 33, 10, 19, 3, 12, 0, 9], [8, 4, 3, 30, 14, 11, 9, 11, 0, 10], [9, 6, 2, 34, 10, 14, 5, 8, 1, 11], [10, 9, 1, 24, 7, 22, 9, 5, 1, 12], [5, 7, 3, 33, 6, 18, 9, 10, 1, 8], [5, 4, 5, 34, 4, 17, 4, 13, 0, 14], [10, 5, 2, 33, 9, 18, 8, 7, 0, 8], [4, 4, 6, 37, 12, 6, 7, 14, 2, 8], [2, 5, 4, 30, 9, 13, 6, 18, 1, 12], [5, 3, 4, 33, 5, 23, 6, 10, 1, 10], [8, 2, 3, 36, 10, 11, 12, 9, 1, 8], [9, 7, 5, 23, 9, 15, 8, 11, 3, 10], [7, 5, 1, 41, 9, 12, 4, 7, 2, 12], [23, 7, 5, 29, 7, 5, 6, 11, 0, 7], [15, 0, 1, 29, 8, 7, 10, 14, 3, 13], [19, 4, 6, 29, 3, 7, 6, 12, 1, 13], [24, 1, 0, 25, 5, 9, 9, 19, 1, 7], [23, 3, 3, 26, 3, 7, 11, 16, 1, 7], [14, 5, 7, 25, 7, 4, 10, 15, 1, 12], [17, 1, 6, 15, 9, 7, 8, 18, 2, 17], [25, 4, 4, 22, 5, 3, 6, 20, 0, 11], [24, 4, 5, 24, 6, 2, 7, 16, 0, 12], [21, 0, 2, 28, 7, 5, 17, 10, 1, 9], [21, 2, 6, 28, 6, 6, 4, 19, 1, 7], [16, 3, 6, 26, 6, 3, 12, 13, 4, 11], [20, 3, 8, 17, 1, 3, 6, 23, 2, 17], [20, 6, 5, 23, 4, 2, 8, 18, 1, 13], [23, 2, 5, 24, 3, 7, 9, 18, 0, 9], [23, 5, 5, 29, 5, 6, 10, 10, 1, 6], [15, 4, 3, 31, 7, 6, 9, 15, 1, 9]], "lambda_": 0.5,