{"M": 50, "G": 3, "I": 10, "J": 100, "p": [[0.07275655957967196, 0.1496149553698512, 0.20608955322757225, 0.0008148213285219813, 0.03738335505130502, 0.31875757195560495, 0.0725851899237404, 0.03864012484880083, 0.07813803605270303, 0.025219832662228388], [0.16106647274809777, 0.04108471195722066, 0.07591668817572599, 0.0005777338549660091, 0.10966663037368535, 0.02312003217408864, 0.2644408416027836, 0.04597428467004392, 0.13690581024077314, 0.141246794202615], [0.2745702066325458, 0.015670213003462923, 0.047928096851870335, 0.08652929862672606, 0.15012209735757456, 0.04000969841925268, 0.1622404246103444, 0.14373135909456444, 0.02698626539329689, 0.05221234001036193]], "r": [[[5, 17, 10, 1, 3, 18, 2, 1, 6, 2], [3, 2, 1, 0, 3, 0, 5, 4, 0, 2], [3, 0, 0, 2, 2, 0, 2, 2, 1, 3]], [[2, 14, 15, 0, 6, 26, 4, 2, 1, 1], [2, 2, 4, 0, 1, 0, 3, 0, 3, 4], [1, 0, 0, 2, 2, 1, 3, 1, 0, 0]], [[5, 15, 11, 1, 4, 19, 4, 0, 9, 5], [1, 0, 2, 0, 2, 0, 6, 3, 1, 2], [3, 0, 0, 0, 3, 0, 3, 1, 0, 0]], [[5, 9, 11, 0, 2, 23, 4, 1, 6, 3], [2, 0, 3, 0, 2, 0, 4, 0, 3, 2], [8, 0, 0, 0, 4, 1, 4, 3, 0, 0]], [[6, 7, 15, 0, 2, 27, 3, 2, 6, 1], [1, 0, 0, 0, 5, 2, 5, 0, 2, 1], [3, 0, 1, 3, 1, 2, 0, 3, 0, 2]], [[8, 6, 25, 0, 2, 20, 3, 1, 4, 2], [4, 0, 0, 0, 2, 1, 2, 1, 3, 4], [2, 0, 1, 1, 1, 0, 4, 1, 1, 1]], [[7, 9, 13, 0, 1, 17, 2, 3, 7, 2], [3, 1, 0, 0, 1, 0, 3, 1, 4, 2], [6, 0, 3, 6, 1, 1, 3, 2, 0, 2]], [[2, 10, 13, 0, 4, 21, 7, 4, 4, 4], [3, 0, 1, 0, 2, 0, 4, 1, 2, 3], [4, 1, 1, 1, 6, 0, 1, 1, 0, 0]], [[2, 10, 23, 0, 5, 18, 5, 3, 6, 1], [3, 1, 3, 0, 0, 0, 2, 0, 2, 0], [4, 1, 2, 1, 2, 0, 2, 2, 0, 2]], [[3, 12, 12, 0, 6, 17, 1, 5, 2, 0], [2, 1, 0, 0, 4, 0, 8, 1, 1, 2], [7, 0, 2, 2, 2, 2, 1, 6, 0, 1]], [[4, 7, 10, 0, 7, 25, 5, 2, 4, 1], [7, 0, 2, 0, 2, 0, 3, 0, 2, 1], [3, 0, 1, 1, 4, 1, 5, 0, 2, 1]], [[5, 11, 19, 0, 2, 25, 4, 1, 2, 1], [1, 1, 0, 0, 1, 1, 3, 1, 3, 3], [4, 0, 0, 1, 5, 1, 2, 0, 1, 2]], [[8, 5, 9, 0, 0, 26, 4, 2, 4, 0], [6, 1, 1, 0, 5, 1, 4, 1, 2, 5], [4, 0, 1, 0, 2, 0, 4, 4, 0, 1]], [[4, 11, 10, 0, 2, 20, 5, 2, 3, 2], [1, 3, 1, 0, 2, 0, 7, 1, 1, 2], [7, 0, 1, 0, 3, 1, 4, 2, 4, 1]], [[5, 9, 8, 0, 1, 21, 10, 3, 6, 4], [4, 0, 0, 0, 0, 1, 3, 0, 3, 6], [6, 0, 2, 1, 2, 0, 3, 1, 0, 1]], [[5, 6, 12, 0, 3, 28, 3, 4, 3, 0], [3, 0, 2, 0, 2, 3, 3, 0, 4, 1], [7, 0, 0, 2, 2, 0, 6, 0, 0, 1]], [[7, 12, 9, 0, 3, 15, 5, 2, 2, 2], [3, 3, 3, 0, 7, 0, 3, 0, 4, 7], [3, 0, 1, 0, 1, 2, 3, 2, 0, 1]], [[1, 3, 4, 0, 2, 5, 3, 2, 1, 0], [7, 4, 9, 0, 5, 0, 14, 4, 7, 12], [5, 0, 2, 1, 3, 0, 2, 3, 1, 0]], [[1, 0, 4, 0, 0, 8, 1, 0, 0, 0], [3, 2, 3, 0, 11, 3, 25, 4, 5, 8], [4, 0, 2, 3, 2, 0, 3, 5, 0, 3]], [[1, 0, 4, 0, 0, 2, 3, 0, 2, 0], [11, 1, 3, 0, 7, 1, 26, 5, 9, 5], [6, 0, 0, 3, 3, 1, 1, 4, 2, 0]], [[1, 1, 3, 1, 3, 7, 1, 0, 1, 1], [15, 2, 7, 0, 5, 0, 15, 4, 10, 10], [5, 0, 2, 1, 0, 1, 1, 3, 0, 0]], [[2, 5, 4, 0, 3, 3, 0, 1, 2, 0], [9, 4, 3, 0, 4, 2, 21, 3, 11, 7], [2, 1, 1, 3, 1, 1, 1, 2, 3, 1]], [[1, 1, 2, 0, 1, 11, 1, 0, 1, 2], [17, 4, 3, 0, 5, 1, 13, 4, 5, 13], [4, 0, 0, 2, 2, 0, 2, 2, 1, 2]], [[1, 2, 2, 0, 1, 9, 1, 0, 1, 0], [15, 1, 4, 0, 8, 3, 16, 2, 11, 11], [2, 0, 0, 3, 3, 0, 3, 1, 0, 0]], [[1, 2, 5, 0, 2, 5, 1, 0, 0, 0], [13, 3, 7, 0, 6, 3, 16, 7, 4, 10], [4, 0, 1, 1, 3, 0, 3, 1, 0, 2]], [[0, 4, 2, 0, 1, 4, 0, 1, 1, 1], [15, 5, 3, 0, 8, 0, 13, 4, 10, 15], [3, 0, 0, 2, 1, 3, 1, 2, 0, 1]], [[1, 2, 5, 0, 0, 4, 1, 0, 1, 1], [10, 2, 7, 0, 4, 1, 22, 5, 6, 11], [4, 0, 0, 1, 4, 1, 1, 1, 3, 2]], [[2, 7, 5, 0, 0, 3, 1, 1, 3, 0], [10, 1, 5, 0, 10, 1, 18, 2, 6, 8], [5, 1, 2, 1, 2, 0, 3, 2, 1, 0]], [[0, 3, 3, 0, 0, 4, 1, 1, 1, 0], [11, 1, 2, 0, 11, 2, 16, 1, 10, 8], [7, 0, 1, 1, 4, 1, 3, 4, 1, 3]], [[2, 1, 4, 0, 0, 4, 1, 0, 1, 0], [14, 2, 4, 0, 11, 2, 18, 5, 8, 8], [2, 1, 0, 0, 2, 0, 5, 3, 0, 2]], [[0, 3, 8, 0, 1, 7, 2, 0, 0, 1], [9, 1, 7, 0, 5, 2, 16, 2, 6, 6], [10, 0, 1, 2, 2, 1, 3, 2, 0, 3]], [[1, 4, 4, 0, 2, 4, 0, 1, 1, 0], [5, 1, 7, 0, 9, 0, 20, 2, 9, 10], [3, 0, 1, 2, 3, 0, 5, 3, 1, 2]], [[1, 4, 7, 0, 1, 7, 1, 2, 3, 0], [12, 3, 3, 0, 4, 1, 14, 1, 9, 8], [7, 1, 1, 2, 4, 1, 2, 1, 0, 0]], [[1, 0, 2, 0, 1, 3, 1, 0, 4, 2], [5, 2, 2, 0, 4, 0, 13, 2, 2, 8], [13, 0, 0, 6, 4, 2, 12, 7, 1, 3]], [[2, 2, 0, 0, 0, 2, 1, 1, 2, 0], [1, 1, 1, 0, 2, 0, 6, 1, 2, 3], [19, 2, 3, 8, 9, 3, 8, 17, 3, 1]], [[1, 2, 2, 0, 1, 9, 1, 1, 2, 0], [2, 0, 1, 0, 5, 0, 3, 1, 2, 3], [18, 1, 0, 4, 18, 3, 8, 9, 1, 2]], [[0, 2, 2, 0, 1, 7, 1, 0, 3, 1], [0, 1, 0, 0, 1, 0, 6, 1, 2, 2], [16, 0, 6, 4, 14, 4, 10, 11, 0, 5]], [[0, 2, 4, 0, 0, 2, 3, 0, 0, 0], [2, 1, 0, 0, 2, 0, 3, 2, 3, 5], [22, 2, 2, 4, 12, 2, 8, 15, 0, 4]], [[0, 3, 4, 0, 0, 5, 2, 0, 2, 1], [4, 1, 0, 0, 4, 1, 4, 2, 3, 6], [20, 0, 4, 5, 8, 0, 8, 7, 3, 3]], [[1, 3, 3, 0, 0, 5, 1, 1, 1, 0], [4, 0, 3, 0, 0, 0, 4, 1, 3, 3], [21, 0, 2, 3, 19, 1, 8, 9, 2, 2]], [[1, 4, 2, 0, 2, 5, 1, 0, 1, 0], [0, 1, 1, 0, 3, 0, 6, 0, 7, 3], [20, 2, 3, 3, 8, 4, 12, 8, 1, 2]], [[0, 0, 6, 0, 1, 6, 0, 0, 2, 0], [3, 0, 3, 0, 3, 0, 5, 1, 7, 2], [10, 1, 2, 9, 9, 2, 14, 7, 3, 4]], [[1, 4, 3, 0, 1, 7, 1, 2, 2, 1], [3, 2, 0, 0, 1, 1, 2, 2, 0, 5], [15, 1, 3, 7, 10, 4, 7, 10, 1, 4]], [[1, 0, 2, 0, 1, 1, 1, 2, 3, 1], [2, 1, 2, 0, 3, 0, 6, 0, 3, 0], [16, 1, 7, 5, 14, 3, 8, 12, 1, 4]], [[1, 0, 1, 0, 0, 7, 0, 0, 4, 0], [2, 1, 3, 0, 1, 0, 9, 0, 2, 1], [21, 0, 3, 6, 10, 1, 10, 13, 1, 3]], [[0, 1, 5, 0, 1, 4, 5, 1, 3, 2], [3, 1, 1, 0, 3, 0, 4, 0, 3, 0], [18, 0, 3, 7, 8, 3, 8, 11, 1, 4]], [[0, 2, 4, 0, 2, 4, 3, 0, 2, 1], [2, 1, 2, 0, 3, 0, 4, 1, 2, 3], [20, 1, 2, 10, 11, 3, 5, 9, 1, 2]], [[2, 4, 3, 0, 1, 6, 1, 0, 2, 0], [1, 1, 0, 0, 2, 0, 3, 0, 5, 6], [20, 1, 2, 4, 5, 2, 17, 10, 0, 2]], [[1, 0, 4, 0, 2, 8, 0, 0, 0, 1], [6, 0, 1, 0, 0, 0, 2, 3, 2, 3], [20, 2, 3, 4, 9, 3, 13, 10, 2, 1]], [[2, 3, 3, 0, 2, 3, 1, 0, 0, 3], [2, 1, 0, 0, 2, 0, 3, 2, 0, 1], [19, 2, 3, 3, 10, 1, 13, 12, 3, 6]]], "n": [[11, 19, 11, 3, 8, 18, 9, 7, 7, 7], [5, 16, 19, 2, 9, 27, 10, 3, 4, 5], [9, 15, 13, 1, 9, 19, 13, 4, 10, 7], [15, 9, 14, 0, 8, 24, 12, 4, 9, 5], [10, 7, 16, 3, 8, 31, 8, 5, 8, 4], [14, 6, 26, 1, 5, 21, 9, 3, 8, 7], [16, 10, 16, 6, 3, 18, 8, 6, 11, 6], [9, 11, 15, 1, 12, 21, 12, 6, 6, 7], [9, 12, 28, 1, 7, 18, 9, 5, 8, 3], [12, 13, 14, 2, 12, 19, 10, 12, 3, 3], [14, 7, 13, 1, 13, 26, 13, 2, 8, 3], [10, 12, 19, 1, 8, 27, 9, 2, 6, 6], [18, 6, 11, 0, 7, 27, 12, 7, 6, 6], [12, 14, 12, 0, 7, 21, 16, 5, 8, 5], [15, 9, 10, 1, 3, 22, 16, 4, 9, 11], [15, 6, 14, 2, 7, 31, 12, 4, 7, 2], [13, 15, 13, 0, 11, 17, 11, 4, 6, 10], [13, 7, 15, 1, 10, 5, 19, 9, 9, 12], [8, 2, 9, 3, 13, 11, 29, 9, 5, 11], [18, 1, 7, 3, 10, 4, 30, 9, 13, 5], [21, 3, 12, 2, 8, 8, 17, 7, 11, 11], [13, 10, 8, 3, 8, 6, 22, 6, 16, 8], [22, 5, 5, 2, 8, 12, 16, 6, 7, 17], [18, 3, 6, 3, 12, 12, 20, 3, 12, 11], [18, 5, 13, 1, 11, 8, 20, 8, 4, 12], [18, 9, 5, 2, 10, 7, 14, 7, 11, 17], [15, 4, 12, 1, 8, 6, 24, 6, 10, 14], [17, 9, 12, 1, 12, 4, 22, 5, 10, 8], [18, 4, 6, 1, 15, 7, 20, 6, 12, 11], [18, 4, 8, 0, 13, 6, 24, 8, 9, 10], [19, 4, 16, 2, 8, 10, 21, 4, 6, 10], [9, 5, 12, 2, 14, 4, 25, 6, 11, 12], [20, 8, 11, 2, 9, 9, 17, 4, 12, 8], [19, 2, 4, 6, 9, 5, 26, 9, 7, 13], [22, 5, 4, 8, 11, 5, 15, 19, 7, 4], [21, 3, 3, 4, 24, 12, 12, 11, 5, 5], [16, 3, 8, 4, 16, 11, 17, 12, 5, 8], [24, 5, 6, 4, 14, 4, 14, 17, 3, 9], [24, 4, 8, 5, 12, 6, 14, 9, 8, 10], [26, 3, 8, 3, 19, 6, 13, 11, 6, 5], [21, 7, 6, 3, 13, 9, 19, 8, 9, 5], [13, 1, 11, 9, 13, 8, 19, 8, 12, 6], [19, 7, 6, 7, 12, 12, 10, 14, 3, 10], [19, 2, 11, 5, 18, 4, 15, 14, 7, 5], [24, 1, 7, 6, 11, 8, 19, 13, 7, 4], [21, 2, 9, 7, 12, 7, 17, 12, 7, 6], [22, 4, 8, 10, 16, 7, 12, 10, 5, 6], [23, 6, 5, 4, 8, 8, 21, 10, 7, 8], [27, 2, 8, 4, 11, 11, 15, 13, 4, 5], [23, 6, 6, 3, 14, 4, 17, 14, 3, 10]], "lambda_": 0.5,