{"M": 50, "G": 3, "I": 3, "J": 100, "p": [[0.26486681729550876, 0.5738223713514039, 0.16131081135308734], [0.02619029880018504, 0.5759826742791071, 0.397827026920708], [0.5308246993427004, 0.44833211672477563, 0.02084318393252381]], "r": [[[20, 40, 6], [0, 11, 10], [7, 6, 0]], [[15, 42, 13], [0, 6, 4], [10, 10, 0]], [[13, 43, 10], [1, 12, 1], [16, 3, 1]], [[11, 43, 8], [0, 8, 10], [12, 7, 1]], [[18, 28, 7], [2, 11, 5], [15, 11, 3]], [[14, 36, 6], [0, 8, 11], [14, 11, 0]], [[10, 57, 11], [0, 7, 3], [7, 5, 0]], [[17, 43, 16], [0, 9, 8], [2, 5, 0]], [[16, 45, 10], [1, 10, 2], [11, 5, 0]], [[22, 38, 6], [0, 7, 11], [5, 11, 0]], [[27, 37, 9], [0, 5, 7], [8, 6, 1]], [[18, 36, 17], [1, 10, 5], [6, 7, 0]], [[20, 44, 6], [0, 8, 11], [4, 7, 0]], [[15, 44, 10], [2, 6, 9], [9, 5, 0]], [[21, 46, 5], [0, 5, 4], [11, 8, 0]], [[16, 35, 5], [2, 13, 8], [11, 9, 1]], [[13, 34, 10], [1, 20, 13], [6, 3, 0]], [[2, 11, 3], [2, 38, 26], [11, 7, 0]], [[2, 17, 1], [2, 33, 30], [8, 6, 1]], [[14, 9, 1], [4, 27, 29], [7, 9, 0]], [[4, 6, 3], [2, 40, 33], [6, 6, 0]], [[3, 8, 0], [2, 44, 28], [9, 6, 0]], [[6, 8, 1], [5, 34, 27], [9, 10, 0]], [[2, 7, 5], [3, 36, 27], [9, 10, 1]], [[2, 10, 1], [1, 37, 29], [13, 6, 1]], [[3, 11, 3], [2, 37, 27], [12, 5, 0]], [[6, 13, 2], [1, 39, 19], [9, 11, 0]], [[4, 8, 4], [0, 43, 25], [8, 8, 0]], [[7, 7, 2], [4, 40, 27], [5, 8, 0]], [[2, 12, 1], [0, 39, 28], [8, 9, 1]], [[6, 14, 3], [3, 33, 23], [11, 5, 2]], [[11, 8, 3], [2, 38, 20], [12, 6, 0]], [[4, 8, 3], [3, 37, 27], [13, 5, 0]], [[1, 5, 0], [1, 21, 17], [24, 30, 1]], [[5, 12, 2], [1, 8, 9], [29, 34, 0]], [[3, 8, 6], [0, 7, 5], [40, 29, 2]], [[3, 14, 1], [0, 6, 8], [38, 29, 1]], [[4, 5, 0], [0, 11, 12], [38, 30, 0]], [[4, 11, 3], [1, 11, 8], [40, 22, 0]], [[7, 6, 1], [0, 13, 4], [32, 33, 4]], [[1, 11, 4], [1, 16, 12], [32, 22, 1]], [[7, 12, 4], [0, 11, 6], [30, 28, 2]], [[7, 12, 1], [1, 9, 9], [26, 34, 1]], [[3, 11, 1], [1, 9, 9], [40, 26, 0]], [[4, 8, 1], [2, 10, 10], [34, 30, 1]], [[6, 8, 4], [0, 7, 4], [34, 35, 2]], [[2, 6, 3], [0, 9, 7], [34, 37, 2]], [[1, 10, 4], [1, 7, 6], [33, 38, 0]], [[5, 12, 3], [0, 9, 10], [23, 37, 1]], [[3, 10, 0], [1, 11, 2], [36, 36, 1]]], "n": [[27, 57, 16], [25, 58, 17], [30, 58, 12], [23, 58, 19], [35, 50, 15], [28, 55, 17], [17, 69, 14], [19, 57, 24], [28, 60, 12], [27, 56, 17], [35, 48, 17], [25, 53, 22], [24, 59, 17], [26, 55, 19], [32, 59, 9], [29, 57, 14], [20, 57, 23], [15, 56, 29], [12, 56, 32], [25, 45, 30], [12, 52, 36], [14, 58, 28], [20, 52, 28], [14, 53, 33], [16, 53, 31], [17, 53, 30], [16, 63, 21], [12, 59, 29], [16, 55, 29], [10, 60, 30], [20, 52, 28], [25, 52, 23], [20, 50, 30], [26, 56, 18], [35, 54, 11], [43, 44, 13], [41, 49, 10], [42, 46, 12], [45, 44, 11], [39, 52, 9], [34, 49, 17], [37, 51, 12], [34, 55, 11], [44, 46, 10], [40, 48, 12], [40, 50, 10], [36, 52, 12], [35, 55, 10], [28, 58, 14], [40, 57, 3]], "lambda_": 0.5, "b": [[66, 21, 13], [70, 10, 20], [66, 14, 20], [62, 18, 20], [53, 18, 29], [56, 19, 25], [78, 10, 12], [76, 17, 7], [71, 13, 16], [66, 18, 16], [73, 12, 15], [71, 16, 13], [70, 19, 11], [69, 17, 14], [72, 9, 19], [56, 23, 21], [57, 34, 9], [16, 66, 18], [20, 65, 15], [24, 60, 16], [13, 75, 12], [11, 74, 15], [15, 66, 19], [14, 66, 20], [13, 67, 20], [17, 66, 17], [21, 59, 20], [16, 68, 16], [16, 71, 13], [15, 67, 18], [23, 59, 18], [22, 60, 18], [15, 67, 18], [6, 39, 55], [19, 18, 63], [17, 12, 71], [18, 14, 68], [9, 23, 68], [18, 20, 62], [14, 17, 69], [16, 29, 55], [23, 17, 60], [20, 19, 61], [15, 19, 66], [13, 22, 65], [18, 11, 71], [11, 16, 73], [15, 14, 71], [20, 19, 61], [13, 14, 73]]}