{"M": 50, "G": 4, "I": 2, "J": 100, "p": [[0.956143597579845, 0.04385640242015506], [0.582620503431051, 0.41737949656894896], [0.5762856135882685, 0.42371438641173154], [0.19166573323863004, 0.80833426676137]], "r": [[[57, 3], [5, 7], [6, 10], [4, 8]], [[61, 4], [7, 5], [8, 3], [3, 9]], [[62, 3], [7, 8], [5, 7], [1, 7]], [[63, 1], [4, 5], [6, 4], [4, 13]], [[68, 4], [8, 3], [5, 3], [2, 7]], [[57, 5], [8, 6], [5, 2], [3, 14]], [[66, 1], [5, 4], [5, 10], [5, 4]], [[53, 1], [10, 10], [7, 7], [4, 8]], [[66, 0], [6, 4], [6, 7], [0, 11]], [[60, 3], [6, 4], [7, 8], [2, 10]], [[58, 3], [6, 4], [7, 9], [1, 12]], [[52, 7], [6, 3], [8, 3], [3, 18]], [[32, 2], [25, 15], [7, 4], [5, 10]], [[7, 1], [38, 29], [4, 6], [1, 14]], [[14, 2], [32, 27], [7, 7], [2, 9]], [[5, 0], [42, 27], [9, 7], [1, 9]], [[11, 0], [36, 22], [10, 9], [3, 9]], [[7, 0], [51, 22], [8, 7], [1, 4]], [[17, 0], [41, 20], [6, 4], [1, 11]], [[11, 0], [40, 21], [6, 8], [3, 11]], [[14, 1], [38, 19], [11, 5], [4, 8]], [[12, 0], [34, 28], [9, 4], [1, 12]], [[14, 1], [37, 26], [7, 3], [4, 8]], [[19, 0], [38, 28], [6, 2], [0, 7]], [[12, 0], [29, 34], [9, 3], [2, 11]], [[14, 0], [10, 2], [29, 27], [2, 16]], [[11, 0], [12, 4], [39, 22], [1, 11]], [[12, 1], [6, 9], [28, 30], [1, 13]], [[16, 4], [9, 5], [37, 21], [1, 7]], [[17, 0], [2, 3], [41, 18], [3, 16]], [[10, 1], [6, 2], [40, 33], [0, 8]], [[10, 1], [6, 4], [44, 25], [2, 8]], [[17, 1], [5, 5], [34, 27], [5, 6]], [[8, 1], [7, 4], [42, 26], [3, 9]], [[7, 1], [10, 7], [39, 24], [0, 12]], [[14, 1], [3, 7], [29, 30], [2, 14]], [[13, 0], [10, 3], [35, 20], [6, 13]], [[15, 0], [12, 3], [24, 17], [6, 23]], [[15, 0], [6, 5], [9, 6], [6, 53]], [[8, 1], [11, 6], [7, 3], [6, 58]], [[8, 0], [6, 10], [4, 3], [16, 53]], [[9, 1], [2, 10], [9, 4], [15, 50]], [[10, 0], [5, 6], [10, 7], [16, 46]], [[22, 0], [8, 4], [9, 2], [8, 47]], [[8, 0], [8, 5], [11, 4], [11, 53]], [[11, 2], [7, 5], [4, 9], [14, 48]], [[9, 0], [4, 6], [8, 9], [11, 53]], [[5, 0], [6, 7], [7, 3], [20, 52]], [[10, 1], [9, 3], [8, 5], [17, 47]], [[17, 0], [9, 6], [7, 5], [9, 47]]], "n": [[72, 28], [79, 21], [75, 25], [77, 23], [83, 17], [73, 27], [81, 19], [74, 26], [78, 22], [75, 25], [72, 28], [69, 31], [69, 31], [50, 50], [55, 45], [57, 43], [60, 40], [67, 33], [65, 35], [60, 40], [67, 33], [56, 44], [62, 38], [63, 37], [52, 48], [55, 45], [63, 37], [47, 53], [63, 37], [63, 37], [56, 44], [62, 38], [61, 39], [60, 40], [56, 44], [48, 52], [64, 36], [57, 43], [36, 64], [32, 68], [34, 66], [35, 65], [41, 59], [47, 53], [38, 62], [36, 64], [32, 68], [38, 62], [44, 56], [42, 58]], "lambda_": 0.5, "b": [[60, 12, 16, 12], [65, 12, 11, 12], [65, 15, 12, 8], [64, 9, 10, 17], [72, 11, 8, 9], [62, 14, 7, 17], [67, 9, 15, 9], [54, 20, 14, 12], [66, 10, 13, 11], [63, 10, 15, 12], [61, 10, 16, 13], [59, 9, 11, 21], [34, 40, 11, 15], [8, 67, 10, 15], [16, 59, 14, 11], [5, 69, 16, 10], [11, 58, 19, 12], [7, 73, 15, 5], [17, 61, 10, 12], [11, 61, 14, 14], [15, 57, 16, 12], [12, 62, 13, 13], [15, 63, 10, 12], [19, 66, 8, 7], [12, 63, 12, 13], [14, 12, 56, 18], [11, 16, 61, 12], [13, 15, 58, 14], [20, 14, 58, 8], [17, 5, 59, 19], [11, 8, 73, 8], [11, 10, 69, 10], [18, 10, 61, 11], [9, 11, 68, 12], [8, 17, 63, 12], [15, 10, 59, 16], [13, 13, 55, 19], [15, 15, 41, 29], [15, 11, 15, 59], [9, 17, 10, 64], [8, 16, 7, 69], [10, 12, 13, 65], [10, 11, 17, 62], [22, 12, 11, 55], [8, 13, 15, 64], [13, 12, 13, 62], [9, 10, 17, 64], [5, 13, 10, 72], [11, 12, 13, 64], [17, 15, 12, 56]]}