{"M": 50, "G": 4, "I": 2, "J": 100, "p": [[0.3938804181844698, 0.6061195818155302], [0.3246727885812459, 0.6753272114187541], [0.49647207203009674, 0.5035279279699034], [0.3662289503236717, 0.6337710496763282]], "r": [[[33, 38], [5, 4], [5, 4], [5, 6]], [[26, 42], [4, 12], [2, 5], [2, 7]], [[28, 46], [4, 2], [6, 8], [3, 3]], [[25, 33], [3, 11], [12, 3], [6, 7]], [[25, 43], [3, 10], [3, 4], [3, 9]], [[33, 33], [3, 8], [7, 5], [3, 8]], [[25, 38], [5, 9], [7, 7], [1, 8]], [[22, 31], [6, 6], [14, 11], [4, 6]], [[21, 40], [1, 10], [4, 5], [6, 13]], [[26, 28], [7, 10], [9, 5], [6, 9]], [[22, 36], [10, 11], [5, 5], [3, 8]], [[20, 39], [0, 11], [7, 5], [8, 10]], [[14, 33], [11, 23], [7, 2], [3, 7]], [[5, 7], [19, 37], [5, 7], [8, 12]], [[3, 11], [25, 41], [6, 4], [2, 8]], [[2, 7], [22, 44], [4, 5], [1, 15]], [[1, 12], [24, 41], [6, 2], [9, 5]], [[3, 4], [26, 44], [8, 10], [2, 3]], [[5, 8], [16, 48], [5, 7], [4, 7]], [[5, 13], [23, 35], [5, 10], [8, 1]], [[4, 8], [28, 36], [6, 6], [5, 7]], [[7, 6], [21, 42], [5, 5], [7, 7]], [[4, 7], [24, 40], [10, 4], [3, 8]], [[4, 8], [21, 40], [7, 10], [4, 6]], [[4, 12], [25, 29], [11, 6], [5, 8]], [[3, 6], [4, 8], [31, 37], [3, 8]], [[4, 11], [3, 8], [35, 29], [5, 5]], [[4, 4], [6, 11], [29, 38], [4, 4]], [[6, 10], [3, 11], [29, 30], [5, 6]], [[5, 8], [7, 15], [18, 36], [4, 7]], [[10, 13], [2, 11], [27, 23], [4, 10]], [[5, 6], [3, 9], [24, 41], [7, 5]], [[5, 13], [1, 8], [25, 41], [1, 6]], [[4, 6], [2, 8], [40, 24], [5, 11]], [[6, 9], [4, 11], [30, 31], [1, 8]], [[8, 9], [3, 10], [27, 31], [5, 7]], [[5, 5], [6, 6], [35, 30], [0, 13]], [[1, 6], [4, 9], [20, 19], [18, 23]], [[5, 5], [9, 4], [4, 6], [24, 43]], [[4, 8], [2, 8], [6, 9], [24, 39]], [[5, 9], [4, 4], [6, 8], [24, 40]], [[6, 8], [3, 9], [4, 8], [25, 37]], [[2, 6], [3, 7], [12, 4], [21, 45]], [[4, 4], [3, 9], [7, 5], [37, 31]], [[2, 8], [7, 7], [7, 3], [27, 39]], [[1, 8], [1, 11], [9, 6], [22, 42]], [[1, 7], [5, 5], [10, 10], [26, 36]], [[5, 6], [3, 4], [6, 7], [22, 47]], [[4, 8], [2, 11], [6, 6], [21, 42]], [[6, 8], [4, 12], [8, 2], [17, 43]]], "n": [[48, 52], [34, 66], [41, 59], [46, 54], [34, 66], [46, 54], [38, 62], [46, 54], [32, 68], [48, 52], [40, 60], [35, 65], [35, 65], [37, 63], [36, 64], [29, 71], [40, 60], [39, 61], [30, 70], [41, 59], [43, 57], [40, 60], [41, 59], [36, 64], [45, 55], [41, 59], [47, 53], [43, 57], [43, 57], [34, 66], [43, 57], [39, 61], [32, 68], [51, 49], [41, 59], [43, 57], [46, 54], [43, 57], [42, 58], [36, 64], [39, 61], [38, 62], [38, 62], [51, 49], [43, 57], [33, 67], [42, 58], [36, 64], [33, 67], [35, 65]], "lambda_": 0.5, "b": [[71, 9, 9, 11], [68, 16, 7, 9], [74, 6, 14, 6], [58, 14, 15, 13], [68, 13, 7, 12], [66, 11, 12, 11], [63, 14, 14, 9], [53, 12, 25, 10], [61, 11, 9, 19], [54, 17, 14, 15], [58, 21, 10, 11], [59, 11, 12, 18], [47, 34, 9, 10], [12, 56, 12, 20], [14, 66, 10, 10], [9, 66, 9, 16], [13, 65, 8, 14], [7, 70, 18, 5], [13, 64, 12, 11], [18, 58, 15, 9], [12, 64, 12, 12], [13, 63, 10, 14], [11, 64, 14, 11], [12, 61, 17, 10], [16, 54, 17, 13], [9, 12, 68, 11], [15, 11, 64, 10], [8, 17, 67, 8], [16, 14, 59, 11], [13, 22, 54, 11], [23, 13, 50, 14], [11, 12, 65, 12], [18, 9, 66, 7], [10, 10, 64, 16], [15, 15, 61, 9], [17, 13, 58, 12], [10, 12, 65, 13], [7, 13, 39, 41], [10, 13, 10, 67], [12, 10, 15, 63], [14, 8, 14, 64], [14, 12, 12, 62], [8, 10, 16, 66], [8, 12, 12, 68], [10, 14, 10, 66], [9, 12, 15, 64], [8, 10, 20, 62], [11, 7, 13, 69], [12, 13, 12, 63], [14, 16, 10, 60]]}