{"M": 50, "G": 4, "I": 4, "J": 100, "p": [[0.29096972519164355, 0.013346201755036091, 0.4053198048712896, 0.2903642681820308], [0.25472546786309014, 0.1872870721984784, 0.10694707564706017, 0.4510403842913713], [0.14900963765748226, 0.1298458241845173, 0.40604164441947943, 0.3151028937385211], [0.05542663211584433, 0.27635762651681645, 0.0781815879716952, 0.5900341533956441]], "r": [[[18, 1, 32, 19], [4, 1, 0, 2], [3, 5, 2, 3], [0, 1, 2, 7]], [[29, 1, 23, 12], [3, 2, 3, 5], [0, 0, 3, 1], [1, 5, 0, 12]], [[16, 1, 26, 21], [2, 1, 1, 6], [1, 2, 6, 3], [1, 6, 0, 7]], [[16, 2, 27, 16], [4, 4, 1, 8], [1, 0, 8, 4], [0, 3, 3, 3]], [[17, 1, 34, 21], [0, 0, 1, 4], [1, 0, 6, 4], [1, 1, 1, 8]], [[17, 0, 29, 14], [2, 4, 1, 3], [3, 3, 5, 5], [1, 7, 2, 4]], [[23, 1, 25, 18], [4, 2, 1, 2], [2, 1, 5, 5], [0, 4, 0, 7]], [[15, 0, 27, 14], [2, 4, 0, 9], [2, 2, 8, 4], [1, 3, 0, 9]], [[26, 0, 24, 12], [3, 3, 1, 8], [2, 1, 6, 2], [0, 2, 1, 9]], [[20, 2, 22, 15], [5, 2, 1, 7], [2, 0, 5, 2], [1, 5, 1, 10]], [[17, 1, 26, 20], [3, 3, 4, 3], [0, 1, 5, 3], [2, 3, 2, 7]], [[21, 2, 24, 12], [4, 3, 1, 10], [1, 2, 5, 3], [1, 3, 0, 8]], [[8, 0, 12, 16], [11, 4, 5, 18], [1, 2, 5, 7], [0, 4, 1, 6]], [[2, 0, 4, 2], [20, 12, 5, 30], [2, 1, 7, 4], [1, 2, 0, 8]], [[0, 0, 4, 2], [20, 13, 4, 24], [3, 0, 5, 7], [0, 6, 1, 11]], [[3, 0, 3, 3], [18, 16, 5, 32], [2, 1, 5, 5], [1, 0, 1, 5]], [[5, 1, 6, 2], [14, 12, 6, 23], [1, 1, 9, 6], [1, 4, 2, 7]], [[5, 0, 3, 1], [15, 16, 9, 24], [4, 2, 5, 4], [0, 4, 0, 8]], [[5, 0, 4, 2], [20, 12, 9, 20], [5, 2, 7, 3], [0, 4, 1, 6]], [[5, 0, 6, 3], [20, 13, 3, 27], [1, 0, 5, 1], [0, 3, 0, 13]], [[3, 0, 5, 2], [18, 14, 2, 25], [6, 1, 5, 5], [1, 4, 1, 8]], [[4, 1, 5, 4], [11, 11, 7, 29], [1, 1, 5, 5], [1, 6, 0, 9]], [[5, 0, 4, 5], [12, 8, 6, 32], [4, 4, 3, 3], [0, 6, 0, 8]], [[10, 0, 6, 5], [17, 9, 2, 28], [3, 0, 5, 5], [0, 3, 0, 7]], [[6, 1, 3, 4], [17, 12, 8, 24], [0, 0, 4, 2], [2, 3, 2, 12]], [[2, 0, 4, 4], [4, 2, 5, 5], [6, 7, 28, 24], [0, 5, 1, 3]], [[6, 0, 5, 3], [2, 1, 2, 9], [10, 3, 29, 17], [0, 3, 1, 9]], [[3, 0, 3, 5], [6, 0, 1, 4], [11, 6, 27, 16], [4, 7, 1, 6]], [[5, 1, 10, 6], [3, 2, 1, 4], [7, 7, 24, 19], [1, 3, 1, 6]], [[4, 0, 5, 4], [1, 5, 2, 5], [9, 6, 22, 23], [3, 4, 0, 7]], [[7, 0, 5, 1], [2, 1, 3, 2], [9, 9, 31, 23], [1, 3, 1, 2]], [[3, 0, 4, 9], [4, 2, 0, 3], [11, 10, 26, 18], [2, 3, 2, 3]], [[1, 0, 5, 3], [8, 3, 2, 4], [7, 12, 23, 22], [1, 3, 1, 5]], [[3, 0, 6, 6], [4, 1, 2, 4], [9, 11, 21, 20], [2, 2, 1, 8]], [[2, 0, 6, 1], [4, 3, 2, 10], [6, 8, 26, 21], [0, 3, 0, 8]], [[5, 0, 4, 5], [4, 4, 0, 8], [5, 17, 23, 11], [0, 6, 0, 8]], [[4, 0, 4, 5], [3, 1, 0, 6], [12, 8, 24, 20], [0, 3, 1, 9]], [[2, 1, 6, 2], [5, 3, 1, 7], [1, 4, 18, 15], [3, 5, 6, 21]], [[3, 0, 8, 5], [4, 1, 2, 5], [1, 2, 6, 4], [2, 14, 9, 34]], [[4, 0, 7, 3], [3, 3, 0, 5], [0, 1, 5, 3], [4, 17, 5, 40]], [[1, 0, 4, 1], [8, 1, 1, 9], [1, 3, 3, 1], [1, 14, 7, 45]], [[1, 0, 5, 4], [5, 3, 1, 8], [1, 0, 3, 4], [4, 19, 8, 34]], [[5, 0, 1, 4], [5, 1, 2, 3], [3, 2, 6, 4], [4, 19, 4, 37]], [[4, 1, 6, 5], [1, 2, 2, 7], [5, 2, 3, 3], [0, 15, 8, 36]], [[4, 1, 4, 6], [1, 3, 1, 5], [2, 1, 6, 4], [3, 20, 5, 34]], [[4, 1, 3, 2], [2, 1, 3, 9], [1, 2, 6, 4], [4, 18, 8, 32]], [[5, 0, 8, 1], [5, 2, 0, 9], [4, 0, 6, 2], [1, 22, 2, 33]], [[1, 0, 5, 0], [2, 1, 1, 7], [2, 3, 11, 7], [4, 18, 8, 30]], [[2, 0, 6, 4], [0, 0, 2, 12], [2, 3, 6, 4], [4, 19, 8, 28]], [[4, 0, 7, 2], [3, 3, 2, 5], [4, 1, 6, 2], [1, 14, 7, 39]]], "n": [[25, 8, 36, 31], [33, 8, 29, 30], [20, 10, 33, 37], [21, 9, 39, 31], [19, 2, 42, 37], [23, 14, 37, 26], [29, 8, 31, 32], [20, 9, 35, 36], [31, 6, 32, 31], [28, 9, 29, 34], [22, 8, 37, 33], [27, 10, 30, 33], [20, 10, 23, 47], [25, 15, 16, 44], [23, 19, 14, 44], [24, 17, 14, 45], [21, 18, 23, 38], [24, 22, 17, 37], [30, 18, 21, 31], [26, 16, 14, 44], [28, 19, 13, 40], [17, 19, 17, 47], [21, 18, 13, 48], [30, 12, 13, 45], [25, 16, 17, 42], [12, 14, 38, 36], [18, 7, 37, 38], [24, 13, 32, 31], [16, 13, 36, 35], [17, 15, 29, 39], [19, 13, 40, 28], [20, 15, 32, 33], [17, 18, 31, 34], [18, 14, 30, 38], [12, 14, 34, 40], [14, 27, 27, 32], [19, 12, 29, 40], [11, 13, 31, 45], [10, 17, 25, 48], [11, 21, 17, 51], [11, 18, 15, 56], [11, 22, 17, 50], [17, 22, 13, 48], [10, 20, 19, 51], [10, 25, 16, 49], [11, 22, 20, 47], [15, 24, 16, 45], [9, 22, 25, 44], [8, 22, 22, 48], [12, 18, 22, 48]], "lambda_": 0.5, "b": [[70, 7, 13, 10], [65, 13, 4, 18], [64, 10, 12, 14], [61, 17, 13, 9], [73, 5, 11, 11], [60, 10, 16, 14], [67, 9, 13, 11], [56, 15, 16, 13], [62, 15, 11, 12], [59, 15, 9, 17], [64, 13, 9, 14], [59, 18, 11, 12], [36, 38, 15, 11], [8, 67, 14, 11], [6, 61, 15, 18], [9, 71, 13, 7], [14, 55, 17, 14], [9, 64, 15, 12], [11, 61, 17, 11], [14, 63, 7, 16], [10, 59, 17, 14], [14, 58, 12, 16], [14, 58, 14, 14], [21, 56, 13, 10], [14, 61, 6, 19], [10, 16, 65, 9], [14, 14, 59, 13], [11, 11, 60, 18], [22, 10, 57, 11], [13, 13, 60, 14], [13, 8, 72, 7], [16, 9, 65, 10], [9, 17, 64, 10], [15, 11, 61, 13], [9, 19, 61, 11], [14, 16, 56, 14], [13, 10, 64, 13], [11, 16, 38, 35], [16, 12, 13, 59], [14, 11, 9, 66], [6, 19, 8, 67], [10, 17, 8, 65], [10, 11, 15, 64], [16, 12, 13, 59], [15, 10, 13, 62], [10, 15, 13, 62], [14, 16, 12, 58], [6, 11, 23, 60], [12, 14, 15, 59], [13, 13, 13, 61]]}