{"M": 50, "G": 4, "I": 10, "J": 100, "p": [[0.11991661550111644, 0.005500336308888783, 0.16704342406662817, 0.11966709003802448, 0.11419385771146613, 0.08396111096879105, 0.047944554745746416, 0.2022021665049108, 0.07458129303841314, 0.0649895511160146], [0.10911846334865041, 0.08467984511938151, 0.01625022029009691, 0.0810237270119616, 0.022921616895543978, 0.1729887710175188, 0.21630711039323489, 0.0766399545108728, 0.21073926823980998, 0.009331023172928875], [0.19966258193982236, 0.019156405580939437, 0.15855947193431905, 0.028802863437738628, 0.038588756331956124, 0.2576840829919625, 0.0726925031860041, 0.03209262146888716, 0.0706085005185904, 0.12215221260978017], [0.08341911210575799, 0.029801868665378786, 0.13527487157614856, 0.0872725691336062, 0.09306938387280028, 0.06470445244119097, 0.2087249734595181, 0.11473843959917937, 0.023422700795430153, 0.15957162835098973]], "r": [[[6, 0, 8, 8, 9, 12, 5, 7, 2, 7], [1, 0, 0, 2, 0, 1, 3, 0, 1, 0], [0, 0, 4, 2, 0, 3, 1, 1, 0, 2], [2, 2, 2, 1, 0, 1, 4, 2, 0, 1]], [[5, 0, 10, 10, 10, 5, 3, 16, 4, 4], [1, 1, 1, 0, 0, 2, 2, 0, 2, 0], [2, 0, 2, 1, 0, 3, 1, 1, 1, 2], [1, 0, 3, 2, 1, 1, 1, 2, 0, 0]], [[8, 1, 14, 8, 9, 3, 3, 7, 3, 5], [1, 1, 0, 0, 0, 4, 5, 0, 2, 0], [0, 0, 1, 2, 1, 4, 1, 0, 0, 3], [0, 0, 5, 1, 0, 3, 2, 3, 0, 0]], [[11, 0, 13, 10, 9, 7, 1, 9, 2, 4], [3, 3, 0, 0, 0, 1, 4, 1, 1, 0], [3, 0, 1, 1, 0, 3, 0, 0, 1, 4], [0, 0, 0, 3, 1, 0, 1, 2, 1, 0]], [[8, 0, 12, 4, 9, 8, 4, 10, 7, 4], [0, 2, 0, 1, 1, 2, 3, 1, 1, 0], [3, 0, 4, 0, 0, 1, 1, 0, 0, 0], [0, 0, 2, 3, 0, 0, 6, 0, 1, 2]], [[6, 0, 12, 9, 7, 5, 3, 12, 4, 4], [2, 3, 0, 1, 0, 3, 2, 0, 3, 0], [3, 0, 2, 1, 0, 6, 0, 0, 1, 1], [3, 0, 0, 1, 0, 0, 3, 2, 0, 1]], [[5, 1, 16, 4, 7, 4, 5, 12, 6, 5], [1, 3, 0, 2, 1, 1, 3, 0, 2, 0], [1, 0, 0, 0, 0, 3, 0, 0, 0, 2], [2, 0, 3, 3, 0, 2, 1, 2, 0, 3]], [[3, 0, 11, 5, 10, 7, 2, 13, 4, 4], [0, 0, 0, 0, 0, 2, 5, 2, 2, 0], [3, 0, 3, 0, 1, 4, 2, 1, 2, 2], [2, 1, 3, 1, 0, 1, 1, 2, 0, 1]], [[11, 1, 9, 12, 9, 3, 7, 6, 6, 1], [0, 4, 1, 1, 0, 1, 2, 2, 2, 1], [5, 0, 4, 0, 0, 1, 0, 0, 0, 1], [1, 1, 3, 0, 2, 0, 2, 1, 0, 0]], [[2, 0, 11, 10, 6, 9, 3, 6, 6, 7], [2, 1, 0, 1, 1, 3, 3, 3, 5, 0], [1, 0, 2, 1, 0, 3, 2, 2, 1, 2], [1, 0, 1, 1, 1, 0, 1, 1, 0, 1]], [[5, 1, 14, 6, 7, 3, 2, 11, 5, 5], [2, 1, 0, 2, 0, 4, 5, 1, 2, 0], [1, 1, 2, 0, 0, 4, 1, 0, 1, 2], [1, 1, 1, 1, 0, 1, 4, 0, 0, 3]], [[12, 0, 8, 9, 4, 4, 2, 13, 6, 6], [1, 0, 1, 0, 0, 0, 6, 0, 3, 0], [1, 0, 2, 1, 0, 5, 1, 2, 1, 2], [1, 0, 1, 1, 4, 0, 1, 1, 0, 1]], [[5, 0, 8, 3, 4, 4, 0, 8, 2, 2], [3, 3, 0, 3, 2, 6, 8, 4, 10, 1], [5, 1, 0, 0, 0, 5, 0, 0, 0, 5], [0, 0, 1, 0, 1, 2, 1, 2, 1, 0]], [[3, 0, 3, 1, 3, 2, 1, 0, 0, 2], [10, 4, 1, 6, 0, 10, 12, 6, 8, 0], [1, 1, 3, 1, 0, 4, 2, 0, 3, 0], [1, 1, 1, 1, 3, 1, 1, 2, 0, 2]], [[4, 0, 1, 1, 1, 0, 0, 0, 1, 2], [11, 5, 1, 4, 0, 14, 9, 2, 17, 0], [2, 1, 3, 0, 2, 3, 2, 0, 0, 1], [2, 0, 3, 1, 1, 0, 0, 1, 1, 4]], [[0, 0, 1, 2, 2, 0, 0, 1, 0, 0], [3, 8, 0, 6, 0, 13, 10, 7, 21, 0], [2, 0, 4, 0, 0, 3, 1, 1, 1, 1], [0, 1, 1, 0, 0, 1, 5, 3, 0, 2]], [[1, 0, 5, 2, 0, 1, 0, 3, 0, 0], [8, 4, 0, 4, 0, 13, 16, 5, 16, 1], [1, 0, 1, 1, 0, 5, 0, 1, 1, 1], [0, 1, 2, 1, 1, 2, 0, 1, 0, 2]], [[0, 0, 1, 0, 1, 0, 1, 3, 1, 1], [11, 6, 1, 6, 2, 13, 12, 5, 14, 1], [2, 0, 0, 1, 2, 4, 0, 0, 0, 0], [2, 0, 1, 1, 1, 0, 4, 1, 0, 2]], [[0, 0, 1, 2, 0, 2, 1, 2, 2, 0], [8, 9, 2, 7, 1, 12, 12, 3, 10, 0], [2, 0, 2, 0, 1, 2, 0, 1, 2, 2], [0, 0, 4, 0, 0, 0, 6, 2, 0, 2]], [[1, 0, 2, 1, 1, 2, 1, 3, 1, 0], [8, 3, 2, 5, 3, 14, 7, 1, 16, 0], [2, 0, 6, 0, 0, 3, 2, 1, 0, 2], [0, 0, 1, 1, 0, 1, 4, 2, 0, 4]], [[1, 0, 2, 3, 6, 0, 0, 1, 3, 1], [8, 2, 0, 1, 2, 12, 13, 3, 17, 0], [2, 0, 4, 0, 0, 3, 1, 0, 0, 1], [1, 0, 0, 0, 3, 2, 2, 4, 0, 2]], [[2, 0, 1, 2, 0, 0, 1, 1, 1, 2], [9, 1, 2, 8, 0, 9, 12, 11, 10, 0], [7, 0, 0, 0, 0, 5, 1, 1, 2, 1], [2, 1, 1, 1, 1, 2, 3, 0, 0, 0]], [[2, 0, 0, 2, 1, 1, 0, 4, 2, 0], [10, 8, 1, 1, 0, 10, 17, 5, 12, 0], [0, 0, 3, 0, 0, 5, 0, 0, 3, 2], [2, 0, 3, 2, 1, 1, 1, 0, 0, 1]], [[3, 0, 3, 3, 1, 0, 2, 1, 1, 3], [7, 2, 0, 5, 1, 13, 9, 7, 15, 0], [2, 0, 3, 0, 1, 3, 0, 0, 0, 3], [1, 1, 2, 1, 1, 2, 1, 0, 1, 2]], [[2, 0, 4, 0, 6, 1, 1, 2, 1, 1], [5, 5, 1, 5, 2, 11, 14, 4, 11, 2], [1, 0, 0, 0, 1, 4, 0, 1, 0, 3], [0, 1, 1, 2, 1, 2, 4, 1, 0, 0]], [[1, 0, 1, 0, 0, 1, 1, 6, 1, 1], [2, 1, 0, 0, 0, 3, 0, 1, 5, 0], [5, 1, 10, 0, 0, 23, 5, 0, 5, 11], [2, 1, 2, 5, 1, 0, 3, 1, 0, 1]], [[2, 0, 1, 1, 2, 1, 0, 0, 1, 2], [2, 0, 0, 1, 0, 3, 2, 2, 3, 0], [13, 1, 9, 3, 3, 13, 6, 5, 6, 6], [1, 0, 2, 0, 2, 0, 2, 3, 0, 2]], [[1, 1, 5, 1, 3, 0, 0, 1, 0, 1], [0, 0, 0, 1, 0, 1, 3, 2, 5, 0], [14, 0, 6, 4, 4, 13, 2, 2, 4, 9], [1, 1, 4, 0, 2, 1, 3, 3, 1, 1]], [[0, 0, 4, 2, 0, 1, 0, 4, 2, 1], [1, 3, 0, 2, 0, 1, 3, 0, 0, 0], [13, 2, 15, 3, 2, 15, 1, 0, 7, 1], [1, 1, 1, 4, 1, 0, 2, 1, 0, 6]], [[3, 0, 3, 4, 1, 1, 0, 4, 2, 1], [0, 2, 1, 0, 0, 3, 2, 3, 1, 0], [11, 3, 11, 1, 3, 19, 3, 1, 3, 8], [1, 0, 1, 1, 0, 1, 1, 1, 0, 0]], [[3, 0, 1, 1, 2, 0, 1, 2, 0, 0], [0, 2, 0, 2, 0, 1, 2, 0, 0, 0], [17, 1, 8, 3, 2, 17, 5, 4, 5, 7], [2, 2, 3, 1, 0, 2, 1, 2, 0, 1]], [[2, 0, 4, 1, 3, 1, 1, 5, 1, 0], [1, 0, 0, 0, 0, 1, 2, 0, 1, 0], [11, 1, 22, 1, 4, 13, 7, 0, 2, 4], [2, 0, 0, 1, 3, 1, 1, 2, 0, 2]], [[0, 0, 3, 4, 3, 0, 0, 5, 2, 0], [2, 0, 0, 2, 0, 1, 3, 1, 3, 0], [10, 2, 10, 5, 2, 15, 4, 0, 2, 7], [2, 0, 3, 0, 1, 0, 1, 2, 1, 4]], [[5, 0, 1, 0, 0, 2, 0, 1, 1, 0], [3, 0, 0, 2, 0, 0, 0, 1, 3, 0], [15, 2, 5, 3, 3, 15, 3, 3, 3, 9], [4, 2, 3, 1, 1, 0, 4, 1, 0, 4]], [[2, 0, 3, 2, 0, 0, 0, 3, 3, 1], [0, 4, 0, 2, 1, 3, 4, 0, 1, 0], [16, 2, 5, 4, 3, 15, 5, 4, 3, 5], [1, 0, 0, 0, 0, 1, 2, 4, 0, 1]], [[2, 0, 3, 1, 0, 1, 0, 1, 0, 1], [1, 1, 1, 3, 2, 1, 1, 1, 4, 0], [9, 1, 11, 3, 2, 20, 4, 1, 5, 6], [0, 1, 3, 1, 0, 2, 2, 3, 0, 2]], [[2, 0, 2, 2, 1, 2, 1, 1, 1, 2], [2, 4, 0, 2, 1, 2, 3, 0, 0, 0], [11, 0, 10, 2, 1, 21, 2, 1, 4, 4], [1, 0, 1, 0, 0, 1, 6, 3, 1, 3]], [[2, 1, 0, 1, 1, 0, 1, 2, 1, 3], [0, 0, 1, 3, 0, 2, 1, 1, 1, 0], [4, 0, 7, 4, 1, 16, 3, 1, 3, 5], [4, 0, 2, 3, 6, 3, 5, 4, 0, 8]], [[1, 0, 1, 2, 1, 0, 0, 3, 2, 2], [3, 1, 0, 1, 0, 1, 4, 1, 3, 0], [1, 0, 1, 0, 1, 4, 1, 1, 2, 2], [3, 1, 9, 6, 7, 5, 16, 7, 0, 7]], [[2, 0, 1, 2, 5, 1, 1, 2, 0, 1], [1, 2, 0, 0, 0, 4, 2, 0, 4, 0], [3, 1, 0, 0, 0, 2, 1, 0, 1, 0], [9, 2, 8, 6, 4, 6, 12, 11, 0, 6]], [[3, 0, 0, 0, 1, 1, 0, 5, 0, 2], [0, 1, 1, 1, 0, 3, 4, 0, 3, 0], [2, 0, 0, 0, 1, 2, 0, 0, 0, 2], [7, 4, 8, 5, 7, 6, 10, 8, 1, 12]], [[2, 0, 2, 1, 0, 0, 0, 1, 1, 0], [1, 2, 1, 1, 1, 6, 2, 1, 7, 0], [2, 0, 1, 1, 2, 2, 0, 0, 4, 1], [4, 4, 4, 5, 4, 10, 7, 7, 4, 9]], [[0, 0, 2, 0, 3, 1, 0, 2, 2, 1], [3, 0, 0, 1, 0, 1, 3, 3, 1, 1], [1, 0, 3, 0, 1, 2, 1, 0, 1, 3], [0, 2, 7, 4, 6, 8, 17, 10, 2, 8]], [[0, 0, 3, 1, 3, 2, 1, 1, 0, 1], [2, 1, 1, 0, 0, 1, 2, 2, 3, 0], [3, 1, 4, 1, 1, 3, 0, 1, 0, 4], [4, 2, 6, 4, 12, 3, 13, 2, 1, 11]], [[7, 0, 4, 0, 2, 1, 0, 3, 0, 1], [0, 2, 0, 0, 1, 0, 1, 1, 4, 0], [2, 0, 1, 0, 0, 2, 0, 0, 0, 3], [2, 2, 12, 11, 6, 2, 12, 6, 4, 8]], [[4, 0, 3, 0, 0, 0, 2, 1, 1, 1], [1, 0, 0, 1, 0, 1, 6, 1, 4, 0], [4, 0, 1, 0, 0, 4, 1, 0, 0, 4], [8, 2, 10, 5, 6, 5, 10, 4, 2, 8]], [[1, 0, 3, 2, 1, 1, 1, 1, 2, 1], [0, 0, 0, 1, 1, 4, 2, 0, 3, 0], [0, 1, 1, 0, 1, 0, 0, 2, 1, 5], [3, 1, 10, 4, 9, 6, 15, 9, 1, 7]], [[1, 0, 2, 1, 2, 1, 0, 2, 0, 0], [2, 2, 1, 1, 0, 0, 3, 0, 3, 0], [4, 0, 1, 1, 0, 8, 0, 0, 3, 2], [7, 2, 11, 5, 5, 0, 14, 9, 2, 5]], [[0, 0, 0, 1, 0, 0, 1, 3, 1, 0], [5, 2, 0, 1, 0, 1, 5, 0, 0, 0], [2, 0, 2, 1, 0, 2, 2, 1, 2, 2], [4, 4, 5, 3, 12, 4, 16, 4, 5, 9]], [[0, 0, 2, 1, 2, 1, 1, 3, 1, 1], [3, 1, 0, 1, 0, 3, 3, 1, 1, 0], [6, 1, 1, 0, 0, 2, 0, 0, 2, 1], [6, 4, 6, 5, 6, 6, 13, 6, 0, 10]]],