{"M": 50, "G": 3, "I": 2, "J": 100, "p": [[0.014743209941968996, 0.9852567900580309], [0.8265656098094235, 0.17343439019057644], [0.3833014274177446, 0.6166985725822555]], "r": [[[0, 54], [21, 1], [7, 17]], [[0, 67], [12, 3], [6, 12]], [[2, 67], [14, 0], [5, 12]], [[0, 68], [10, 1], [8, 13]], [[1, 59], [17, 1], [10, 12]], [[0, 67], [20, 0], [4, 9]], [[0, 73], [8, 2], [6, 11]], [[0, 67], [9, 3], [6, 15]], [[1, 61], [9, 6], [10, 13]], [[0, 67], [12, 0], [9, 12]], [[2, 67], [14, 4], [7, 6]], [[0, 66], [12, 3], [7, 12]], [[1, 69], [16, 3], [2, 9]], [[0, 66], [11, 3], [9, 11]], [[2, 59], [20, 5], [5, 9]], [[2, 67], [16, 0], [7, 8]], [[1, 50], [26, 5], [12, 6]], [[0, 18], [54, 10], [7, 11]], [[0, 17], [51, 11], [7, 14]], [[1, 20], [50, 17], [8, 4]], [[0, 16], [55, 15], [8, 6]], [[0, 15], [61, 10], [4, 10]], [[1, 11], [55, 12], [10, 11]], [[1, 15], [64, 10], [6, 4]], [[0, 13], [57, 10], [10, 10]], [[0, 17], [54, 12], [7, 10]], [[0, 19], [51, 16], [4, 10]], [[0, 15], [51, 14], [9, 11]], [[0, 18], [53, 10], [9, 10]], [[1, 19], [50, 8], [7, 15]], [[0, 20], [56, 11], [4, 9]], [[0, 20], [57, 11], [4, 8]], [[0, 12], [58, 13], [9, 8]], [[0, 13], [33, 3], [14, 37]], [[1, 13], [18, 3], [27, 38]], [[0, 18], [9, 2], [25, 46]], [[0, 15], [15, 1], [25, 44]], [[0, 18], [10, 3], [29, 40]], [[1, 12], [14, 7], [26, 40]], [[2, 14], [18, 2], [19, 45]], [[1, 15], [17, 2], [19, 46]], [[0, 20], [10, 0], [25, 45]], [[0, 19], [14, 6], [28, 33]], [[0, 19], [15, 7], [26, 33]], [[1, 20], [15, 2], [28, 34]], [[0, 20], [18, 1], [28, 33]], [[0, 18], [11, 3], [24, 44]], [[0, 17], [19, 0], [18, 46]], [[0, 18], [13, 2], [30, 37]], [[0, 18], [18, 2], [21, 41]]], "n": [[28, 72], [18, 82], [21, 79], [18, 82], [28, 72], [24, 76], [14, 86], [15, 85], [20, 80], [21, 79], [23, 77], [19, 81], [19, 81], [20, 80], [27, 73], [25, 75], [39, 61], [61, 39], [58, 42], [59, 41], [63, 37], [65, 35], [66, 34], [71, 29], [67, 33], [61, 39], [55, 45], [60, 40], [62, 38], [58, 42], [60, 40], [61, 39], [67, 33], [47, 53], [46, 54], [34, 66], [40, 60], [39, 61], [41, 59], [39, 61], [37, 63], [35, 65], [42, 58], [41, 59], [44, 56], [46, 54], [35, 65], [37, 63], [43, 57], [39, 61]], "lambda_": 0.5, "b": [[54, 22, 24], [67, 15, 18], [69, 14, 17], [68, 11, 21], [60, 18, 22], [67, 20, 13], [73, 10, 17], [67, 12, 21], [62, 15, 23], [67, 12, 21], [69, 18, 13], [66, 15, 19], [70, 19, 11], [66, 14, 20], [61, 25, 14], [69, 16, 15], [51, 31, 18], [18, 64, 18], [17, 62, 21], [21, 67, 12], [16, 70, 14], [15, 71, 14], [12, 67, 21], [16, 74, 10], [13, 67, 20], [17, 66, 17], [19, 67, 14], [15, 65, 20], [18, 63, 19], [20, 58, 22], [20, 67, 13], [20, 68, 12], [12, 71, 17], [13, 36, 51], [14, 21, 65], [18, 11, 71], [15, 16, 69], [18, 13, 69], [13, 21, 66], [16, 20, 64], [16, 19, 65], [20, 10, 70], [19, 20, 61], [19, 22, 59], [21, 17, 62], [20, 19, 61], [18, 14, 68], [17, 19, 64], [18, 15, 67], [18, 20, 62]]}