{"M": 50, "G": 3, "I": 4, "J": 100, "p": [[0.022970939991479138, 0.4380676935460273, 0.16697318978046674, 0.3719881766820269], [0.712028237377669, 0.14427461235209513, 0.12974505029533678, 0.013952099974899297], [0.08289284454295551, 0.18375599268884832, 0.3015335000539094, 0.4318176627142868]], "r": [[[2, 29, 12, 28], [10, 2, 0, 0], [2, 3, 3, 9]], [[1, 32, 11, 26], [8, 2, 4, 0], [1, 2, 9, 4]], [[1, 37, 8, 25], [14, 0, 0, 0], [0, 4, 2, 9]], [[3, 27, 12, 27], [10, 2, 2, 0], [1, 4, 7, 5]], [[2, 27, 12, 27], [14, 2, 0, 0], [3, 1, 3, 9]], [[4, 30, 12, 23], [10, 3, 1, 0], [2, 6, 3, 6]], [[1, 28, 5, 17], [21, 3, 4, 0], [3, 6, 6, 6]], [[1, 25, 10, 26], [18, 4, 0, 1], [1, 1, 5, 8]], [[0, 30, 11, 22], [15, 2, 2, 0], [2, 2, 8, 6]], [[2, 29, 9, 29], [13, 3, 0, 0], [1, 2, 7, 5]], [[1, 30, 11, 23], [16, 0, 2, 0], [0, 6, 4, 7]], [[2, 27, 6, 30], [9, 3, 2, 1], [0, 5, 5, 10]], [[1, 28, 14, 22], [13, 2, 0, 0], [2, 2, 10, 6]], [[1, 36, 11, 21], [12, 1, 1, 0], [0, 3, 8, 6]], [[3, 30, 11, 20], [14, 4, 2, 0], [1, 8, 3, 4]], [[0, 26, 9, 27], [11, 1, 3, 0], [2, 6, 5, 10]], [[0, 19, 9, 14], [29, 5, 3, 1], [2, 6, 4, 8]], [[0, 6, 5, 11], [48, 8, 7, 0], [0, 2, 6, 7]], [[1, 12, 6, 4], [43, 9, 12, 0], [1, 1, 3, 8]], [[0, 6, 2, 7], [58, 6, 5, 0], [0, 3, 5, 8]], [[0, 12, 1, 7], [55, 7, 4, 1], [3, 3, 3, 4]], [[0, 10, 3, 7], [41, 10, 7, 2], [2, 3, 9, 6]], [[1, 9, 2, 8], [46, 10, 8, 2], [0, 3, 5, 6]], [[1, 5, 3, 6], [46, 9, 10, 0], [3, 3, 7, 7]], [[2, 7, 2, 5], [45, 8, 8, 0], [2, 9, 4, 8]], [[0, 10, 2, 3], [48, 11, 6, 3], [1, 2, 3, 11]], [[0, 6, 0, 3], [56, 9, 8, 0], [2, 3, 8, 5]], [[0, 8, 1, 3], [44, 10, 12, 2], [3, 2, 3, 12]], [[0, 5, 5, 9], [41, 12, 11, 1], [2, 2, 5, 7]], [[0, 9, 2, 5], [43, 10, 10, 2], [2, 4, 2, 11]], [[2, 7, 3, 2], [49, 8, 13, 1], [2, 2, 5, 6]], [[0, 8, 1, 4], [50, 13, 11, 1], [2, 2, 1, 7]], [[0, 8, 2, 8], [46, 13, 9, 3], [1, 2, 3, 5]], [[0, 8, 4, 7], [28, 5, 2, 0], [2, 7, 16, 21]], [[0, 5, 5, 9], [12, 7, 3, 1], [4, 13, 13, 28]], [[0, 5, 5, 9], [13, 2, 3, 0], [4, 14, 16, 29]], [[0, 6, 3, 5], [13, 2, 5, 2], [5, 8, 20, 31]], [[0, 9, 1, 7], [9, 1, 0, 0], [6, 19, 19, 29]], [[0, 14, 3, 4], [13, 3, 2, 0], [6, 12, 19, 24]], [[0, 4, 4, 5], [7, 2, 5, 0], [7, 11, 25, 30]], [[2, 12, 7, 2], [8, 2, 1, 0], [5, 16, 20, 25]], [[1, 5, 3, 5], [10, 2, 4, 0], [6, 13, 25, 26]], [[0, 8, 1, 3], [18, 5, 4, 0], [9, 10, 15, 27]], [[0, 9, 2, 9], [7, 1, 3, 0], [7, 11, 21, 30]], [[0, 9, 1, 11], [13, 1, 2, 0], [4, 11, 18, 30]], [[0, 8, 3, 9], [13, 1, 1, 0], [5, 12, 18, 30]], [[0, 8, 3, 5], [13, 2, 5, 0], [4, 16, 22, 22]], [[0, 6, 1, 9], [8, 0, 1, 0], [4, 17, 25, 29]], [[0, 12, 5, 8], [10, 1, 1, 0], [3, 19, 17, 24]], [[0, 9, 0, 8], [9, 5, 0, 0], [10, 17, 15, 27]]], "n": [[14, 34, 15, 37], [10, 36, 24, 30], [15, 41, 10, 34], [14, 33, 21, 32], [19, 30, 15, 36], [16, 39, 16, 29], [25, 37, 15, 23], [20, 30, 15, 35], [17, 34, 21, 28], [16, 34, 16, 34], [17, 36, 17, 30], [11, 35, 13, 41], [16, 32, 24, 28], [13, 40, 20, 27], [18, 42, 16, 24], [13, 33, 17, 37], [31, 30, 16, 23], [48, 16, 18, 18], [45, 22, 21, 12], [58, 15, 12, 15], [58, 22, 8, 12], [43, 23, 19, 15], [47, 22, 15, 16], [50, 17, 20, 13], [49, 24, 14, 13], [49, 23, 11, 17], [58, 18, 16, 8], [47, 20, 16, 17], [43, 19, 21, 17], [45, 23, 14, 18], [53, 17, 21, 9], [52, 23, 13, 12], [47, 23, 14, 16], [30, 20, 22, 28], [16, 25, 21, 38], [17, 21, 24, 38], [18, 16, 28, 38], [15, 29, 20, 36], [19, 29, 24, 28], [14, 17, 34, 35], [15, 30, 28, 27], [17, 20, 32, 31], [27, 23, 20, 30], [14, 21, 26, 39], [17, 21, 21, 41], [18, 21, 22, 39], [17, 26, 30, 27], [12, 23, 27, 38], [13, 32, 23, 32], [19, 31, 15, 35]], "lambda_": 0.5, "b": [[71, 12, 17], [70, 14, 16], [71, 14, 15], [69, 14, 17], [68, 16, 16], [69, 14, 17], [51, 28, 21], [62, 23, 15], [63, 19, 18], [69, 16, 15], [65, 18, 17], [65, 15, 20], [65, 15, 20], [69, 14, 17], [64, 20, 16], [62, 15, 23], [42, 38, 20], [22, 63, 15], [23, 64, 13], [15, 69, 16], [20, 67, 13], [20, 60, 20], [20, 66, 14], [15, 65, 20], [16, 61, 23], [15, 68, 17], [9, 73, 18], [12, 68, 20], [19, 65, 16], [16, 65, 19], [14, 71, 15], [13, 75, 12], [18, 71, 11], [19, 35, 46], [19, 23, 58], [19, 18, 63], [14, 22, 64], [17, 10, 73], [21, 18, 61], [13, 14, 73], [23, 11, 66], [14, 16, 70], [12, 27, 61], [20, 11, 69], [21, 16, 63], [20, 15, 65], [16, 20, 64], [16, 9, 75], [25, 12, 63], [17, 14, 69]]}