{"M": 50, "G": 3, "I": 10, "J": 100, "p": [[0.3933994877011556, 0.04104295009206226, 0.011639288492786368, 0.09343080879166801, 0.06707803596054586, 0.15721726600547498, 0.07603804426202529, 0.07560511910395219, 0.02467344936176653, 0.05987555022856308], [0.2953606482247047, 0.03628809157144844, 0.1496654943461996, 0.23753843791970947, 0.19467365456822786, 0.027970400863696843, 0.021652015798033372, 0.00565896413313319, 0.00475841081323897, 0.026433881761607405], [0.4551716897329145, 0.03250686022352594, 0.09959987655377801, 0.04470114642854681, 0.04967078499248004, 0.20217060418700536, 0.008077585943485758, 0.04360059758028075, 0.010636544040331203, 0.053864310317651654]], "r": [[[26, 6, 1, 6, 5, 7, 2, 4, 2, 4], [2, 1, 2, 3, 4, 0, 1, 0, 0, 2], [8, 1, 2, 4, 2, 1, 1, 1, 0, 2]], [[27, 1, 0, 9, 6, 11, 7, 5, 0, 3], [5, 0, 0, 5, 3, 0, 0, 0, 0, 1], [6, 1, 0, 1, 1, 5, 0, 3, 0, 0]], [[27, 4, 0, 4, 4, 10, 9, 6, 7, 3], [7, 0, 1, 4, 3, 1, 0, 0, 0, 0], [3, 0, 0, 1, 1, 3, 0, 2, 0, 0]], [[28, 2, 0, 7, 3, 7, 8, 5, 2, 3], [6, 0, 7, 3, 2, 0, 1, 0, 0, 0], [9, 0, 6, 0, 0, 1, 0, 0, 0, 0]], [[26, 3, 0, 5, 7, 3, 7, 2, 0, 7], [7, 0, 3, 7, 5, 1, 0, 1, 0, 0], [8, 1, 1, 1, 1, 3, 0, 0, 1, 0]], [[29, 3, 0, 6, 5, 10, 2, 6, 1, 1], [12, 0, 2, 4, 3, 0, 0, 0, 0, 2], [5, 2, 2, 1, 0, 3, 0, 0, 0, 1]], [[31, 4, 0, 10, 2, 11, 2, 8, 1, 2], [6, 0, 2, 2, 1, 0, 2, 0, 0, 1], [6, 0, 3, 0, 0, 4, 0, 2, 0, 0]], [[23, 6, 4, 3, 3, 17, 1, 7, 1, 10], [4, 2, 2, 0, 4, 0, 1, 0, 0, 0], [6, 0, 2, 0, 1, 3, 0, 0, 0, 0]], [[31, 4, 1, 6, 4, 12, 5, 6, 0, 2], [7, 1, 3, 1, 4, 1, 0, 0, 0, 0], [6, 0, 1, 0, 0, 3, 0, 1, 0, 1]], [[21, 2, 1, 1, 4, 17, 5, 4, 2, 6], [7, 0, 1, 6, 4, 2, 1, 1, 0, 0], [6, 0, 1, 0, 2, 4, 0, 2, 0, 0]], [[27, 3, 3, 6, 6, 7, 6, 6, 1, 3], [5, 0, 4, 3, 5, 0, 0, 0, 0, 0], [8, 0, 2, 0, 0, 5, 0, 0, 0, 0]], [[24, 3, 0, 5, 6, 14, 4, 6, 2, 6], [4, 0, 4, 3, 2, 0, 0, 0, 0, 0], [7, 1, 3, 0, 1, 3, 0, 1, 0, 1]], [[25, 3, 0, 8, 2, 15, 5, 4, 2, 3], [3, 0, 2, 5, 5, 1, 0, 0, 0, 0], [5, 0, 3, 0, 2, 5, 0, 2, 0, 0]], [[31, 2, 1, 5, 4, 12, 4, 6, 1, 6], [3, 0, 2, 3, 3, 0, 0, 0, 0, 0], [10, 0, 0, 0, 0, 6, 0, 0, 1, 0]], [[24, 4, 2, 9, 3, 9, 6, 2, 1, 2], [6, 0, 1, 4, 4, 1, 0, 0, 0, 1], [7, 0, 1, 2, 1, 6, 0, 4, 0, 0]], [[27, 4, 0, 11, 4, 10, 4, 4, 0, 8], [4, 0, 0, 6, 3, 0, 0, 0, 0, 0], [10, 0, 1, 0, 1, 2, 0, 0, 1, 0]], [[21, 3, 0, 4, 3, 10, 1, 1, 2, 4], [10, 1, 6, 6, 10, 0, 0, 1, 0, 1], [9, 1, 2, 0, 2, 1, 0, 1, 0, 0]], [[10, 0, 0, 1, 1, 4, 0, 1, 1, 1], [20, 2, 11, 14, 9, 1, 2, 0, 0, 2], [11, 1, 2, 0, 1, 3, 0, 1, 0, 1]], [[7, 0, 0, 3, 1, 4, 1, 2, 0, 1], [17, 2, 7, 15, 17, 1, 1, 0, 1, 2], [8, 0, 2, 0, 0, 4, 0, 1, 0, 3]], [[7, 1, 0, 3, 0, 3, 0, 0, 0, 0], [18, 4, 13, 15, 9, 1, 1, 1, 0, 1], [13, 1, 3, 1, 1, 3, 0, 1, 0, 0]], [[7, 0, 0, 1, 0, 0, 2, 2, 0, 1], [18, 1, 9, 19, 14, 1, 1, 1, 0, 4], [8, 0, 2, 1, 3, 4, 0, 0, 0, 1]], [[8, 1, 0, 0, 1, 4, 1, 2, 0, 0], [23, 4, 8, 11, 13, 2, 1, 0, 2, 2], [5, 0, 2, 1, 2, 7, 0, 0, 0, 0]], [[8, 0, 0, 5, 0, 1, 1, 1, 1, 2], [15, 2, 15, 13, 17, 0, 0, 1, 1, 2], [8, 1, 2, 1, 1, 1, 0, 0, 0, 1]], [[8, 0, 1, 0, 1, 3, 1, 2, 0, 0], [25, 2, 13, 15, 12, 2, 2, 0, 0, 1], [10, 0, 0, 1, 0, 1, 0, 0, 0, 0]], [[8, 0, 0, 2, 0, 2, 2, 0, 0, 1], [17, 3, 6, 24, 8, 2, 3, 1, 0, 1], [7, 2, 0, 3, 3, 5, 0, 0, 0, 0]], [[3, 0, 0, 1, 2, 4, 0, 4, 0, 1], [24, 4, 10, 16, 11, 0, 3, 0, 0, 2], [8, 0, 0, 2, 1, 1, 0, 1, 0, 2]], [[5, 1, 0, 2, 0, 4, 1, 3, 0, 0], [18, 2, 14, 19, 11, 0, 1, 0, 0, 0], [9, 0, 3, 1, 0, 3, 0, 0, 1, 2]], [[5, 0, 0, 1, 1, 3, 0, 2, 2, 2], [17, 2, 11, 16, 9, 3, 2, 0, 2, 5], [6, 0, 3, 2, 1, 4, 0, 1, 0, 0]], [[5, 1, 1, 2, 0, 2, 1, 1, 2, 1], [21, 0, 12, 9, 19, 2, 4, 1, 0, 1], [7, 0, 2, 1, 0, 4, 0, 0, 0, 1]], [[5, 1, 1, 1, 0, 2, 0, 1, 1, 1], [24, 3, 9, 11, 16, 2, 1, 0, 0, 3], [11, 1, 2, 0, 1, 1, 0, 0, 0, 2]], [[6, 0, 0, 0, 1, 5, 2, 3, 0, 0], [22, 1, 5, 21, 7, 3, 1, 0, 1, 3], [8, 1, 2, 0, 2, 2, 0, 1, 2, 1]], [[3, 1, 0, 1, 0, 0, 1, 1, 1, 0], [22, 1, 6, 15, 18, 5, 2, 2, 1, 2], [6, 2, 3, 1, 1, 3, 0, 1, 0, 1]], [[5, 0, 0, 0, 2, 2, 1, 2, 0, 2], [21, 2, 20, 17, 8, 0, 2, 1, 0, 2], [5, 1, 3, 0, 0, 2, 0, 2, 0, 0]], [[5, 0, 0, 1, 1, 2, 0, 2, 2, 3], [9, 0, 2, 12, 12, 0, 1, 0, 0, 2], [18, 5, 3, 1, 0, 9, 0, 5, 0, 5]], [[6, 0, 0, 1, 0, 0, 4, 0, 0, 2], [4, 1, 4, 8, 1, 0, 0, 0, 0, 0], [36, 2, 7, 3, 3, 7, 0, 4, 1, 6]], [[8, 2, 0, 0, 1, 5, 0, 0, 0, 2], [4, 1, 2, 9, 1, 0, 0, 0, 0, 1], [37, 1, 5, 5, 0, 14, 0, 2, 0, 0]], [[7, 0, 0, 3, 0, 1, 3, 2, 2, 0], [3, 0, 4, 4, 4, 0, 0, 0, 0, 2], [29, 2, 9, 5, 1, 9, 1, 1, 0, 8]], [[5, 0, 0, 0, 2, 1, 0, 0, 1, 4], [5, 0, 3, 6, 5, 0, 1, 1, 0, 0], [29, 0, 8, 2, 3, 14, 0, 5, 2, 3]], [[5, 1, 1, 2, 2, 2, 2, 2, 1, 0], [4, 0, 2, 1, 4, 0, 1, 1, 0, 0], [29, 2, 10, 3, 2, 15, 0, 2, 2, 4]], [[5, 1, 0, 1, 0, 3, 2, 3, 0, 2], [4, 1, 1, 2, 2, 0, 1, 0, 0, 0], [33, 3, 10, 4, 1, 13, 0, 0, 4, 4]], [[5, 2, 0, 1, 1, 3, 5, 1, 1, 0], [5, 0, 2, 3, 2, 1, 0, 0, 0, 0], [29, 4, 6, 4, 2, 10, 0, 4, 1, 8]], [[8, 1, 0, 0, 1, 4, 1, 2, 0, 1], [6, 2, 3, 4, 3, 0, 0, 0, 0, 0], [33, 4, 4, 4, 5, 7, 0, 3, 0, 4]], [[11, 1, 1, 3, 2, 1, 0, 0, 1, 1], [1, 0, 3, 4, 1, 1, 0, 1, 0, 0], [32, 1, 5, 2, 2, 13, 2, 5, 3, 3]], [[4, 0, 0, 1, 0, 1, 1, 1, 1, 2], [6, 0, 4, 2, 6, 2, 0, 0, 0, 0], [33, 3, 6, 2, 5, 12, 2, 3, 0, 3]], [[8, 0, 0, 1, 3, 2, 0, 1, 0, 0], [3, 0, 1, 5, 3, 1, 0, 0, 0, 0], [29, 0, 9, 4, 4, 15, 0, 5, 1, 5]], [[4, 0, 1, 2, 1, 2, 2, 3, 0, 1], [4, 0, 2, 4, 1, 0, 0, 0, 0, 0], [35, 1, 10, 2, 5, 11, 0, 2, 0, 7]], [[9, 0, 0, 0, 2, 5, 1, 0, 1, 0], [4, 3, 2, 4, 2, 0, 1, 0, 0, 1], [32, 1, 9, 2, 5, 12, 0, 3, 0, 1]], [[10, 0, 0, 0, 0, 2, 4, 2, 0, 0], [6, 1, 2, 4, 5, 0, 0, 0, 0, 0], [19, 1, 7, 5, 1, 23, 0, 2, 0, 6]], [[7, 3, 0, 1, 0, 1, 3, 1, 0, 2], [8, 0, 5, 4, 4, 1, 0, 0, 0, 0], [27, 3, 4, 3, 5, 10, 0, 3, 1, 4]], [[6, 0, 0, 2, 3, 3, 0, 4, 1, 1], [6, 0, 0, 6, 2, 0, 0, 0, 0, 0], [34, 2, 7, 3, 6, 8, 1, 2, 1, 2]]], "n": [[36, 8, 5, 13, 11, 8, 4, 5, 2, 8], [38, 2, 0, 15, 10, 16, 7, 8, 0, 4], [37, 4, 1, 9, 8, 14, 9, 8, 7, 3], [43, 2, 13, 10, 5, 8, 9, 5, 2, 3], [41, 4, 4, 13, 13, 7, 7, 3, 1, 7], [46, 5, 4, 11, 8, 13, 2, 6, 1, 4], [43, 4, 5, 12, 3, 15, 4, 10, 1, 3], [33, 8, 8, 3, 8, 20, 2, 7, 1, 10], [44, 5, 5, 7, 8, 16, 5, 7, 0, 3], [34, 2, 3, 7, 10, 23, 6, 7, 2, 6], [40, 3, 9, 9, 11, 12, 6, 6, 1, 3], [35, 4, 7, 8, 9, 17, 4, 7, 2, 7], [33, 3, 5, 13, 9, 21, 5, 6, 2, 3], [44, 2, 3, 8, 7, 18, 4, 6, 2, 6], [37, 4, 4, 15, 8, 16, 6, 6, 1, 3], [41, 4, 1, 17, 8, 12, 4, 4, 1, 8], [40, 5, 8, 10, 15, 11, 1, 3, 2, 5], [41, 3, 13, 15, 11, 8, 2, 2, 1, 4], [32, 2, 9, 18, 18, 9, 2, 3, 1, 6], [38, 6, 16, 19, 10, 7, 1, 2, 0, 1], [33, 1, 11, 21, 17, 5, 3, 3, 0, 6], [36, 5, 10, 12, 16, 13, 2, 2, 2, 2], [31, 3, 17, 19, 18, 2, 1, 2, 2, 5], [43, 2, 14, 16, 13, 6, 3, 2, 0, 1], [32, 5, 6, 29, 11, 9, 5, 1, 0, 2], [35, 4, 10, 19, 14, 5, 3, 5, 0, 5], [32, 3, 17, 22, 11, 7, 2, 3, 1, 2], [28, 2, 14, 19, 11, 10, 2, 3, 4, 7], [33, 1, 15, 12, 19, 8, 5, 2, 2, 3], [40, 5, 12, 12, 17, 5, 1, 1, 1, 6], [36, 2, 7, 21, 10, 10, 3, 4, 3, 4], [31, 4, 9, 17, 19, 8, 3, 4, 2, 3], [31, 3, 23, 17, 10, 4, 3, 5, 0, 4], [32, 5, 5, 14, 13, 11, 1, 7, 2, 10], [46, 3, 11, 12, 4, 7, 4, 4, 1, 8], [49, 4, 7, 14, 2, 19, 0, 2, 0, 3], [39, 2, 13, 12, 5, 10, 4, 3, 2, 10], [39, 0, 11, 8, 10, 15, 1, 6, 3, 7], [38, 3, 13, 6, 8, 17, 3, 5, 3, 4], [42, 5, 11, 7, 3, 16, 3, 3, 4, 6], [39, 6, 8, 8, 5, 14, 5, 5, 2, 8], [47, 7, 7, 8, 9, 11, 1, 5, 0, 5], [44, 2, 9, 9, 5, 15, 2, 6, 4, 4], [43, 3, 10, 5, 11, 15, 3, 4, 1, 5], [40, 0, 10, 10, 10, 18, 0, 6, 1, 5], [43, 1, 13, 8, 7, 13, 2, 5, 0, 8], [45, 4, 11, 6, 9, 17, 2, 3, 1, 2], [35, 2, 9, 9, 6, 25, 4, 4, 0, 6], [42, 6, 9, 8, 9, 12, 3, 4, 1, 6], [46, 2, 7, 11, 11, 11, 1, 6, 2, 3]], "lambda_": 0.5,