{"M": 50, "G": 2, "I": 2, "J": 100, "p": [[0.0668576111835421, 0.9331423888164578], [0.6561036700062735, 0.3438963299937265]], "r": [[[8, 64], [15, 13]], [[5, 77], [10, 8]], [[3, 68], [18, 11]], [[3, 64], [17, 16]], [[7, 62], [19, 12]], [[2, 67], [19, 12]], [[7, 70], [15, 8]], [[3, 71], [12, 14]], [[4, 71], [17, 8]], [[4, 75], [12, 9]], [[2, 68], [26, 4]], [[9, 65], [21, 5]], [[3, 76], [14, 7]], [[2, 70], [16, 12]], [[4, 77], [9, 10]], [[1, 73], [19, 7]], [[4, 67], [18, 11]], [[6, 72], [13, 9]], [[2, 79], [11, 8]], [[3, 80], [10, 7]], [[3, 75], [17, 5]], [[7, 66], [18, 9]], [[7, 71], [12, 10]], [[7, 72], [11, 10]], [[2, 71], [20, 7]], [[2, 30], [44, 24]], [[2, 26], [50, 22]], [[1, 24], [63, 12]], [[1, 33], [42, 24]], [[1, 22], [53, 24]], [[3, 22], [49, 26]], [[1, 18], [59, 22]], [[1, 23], [52, 24]], [[2, 19], [48, 31]], [[2, 21], [49, 28]], [[2, 23], [45, 30]], [[2, 20], [50, 28]], [[0, 24], [53, 23]], [[1, 28], [46, 25]], [[4, 20], [49, 27]], [[4, 24], [48, 24]], [[0, 22], [54, 24]], [[0, 31], [43, 26]], [[0, 20], [50, 30]], [[3, 19], [56, 22]], [[0, 19], [55, 26]], [[7, 19], [48, 26]], [[2, 27], [48, 23]], [[1, 28], [53, 18]], [[1, 18], [43, 38]]], "n": [[23, 77], [15, 85], [21, 79], [20, 80], [26, 74], [21, 79], [22, 78], [15, 85], [21, 79], [16, 84], [28, 72], [30, 70], [17, 83], [18, 82], [13, 87], [20, 80], [22, 78], [19, 81], [13, 87], [13, 87], [20, 80], [25, 75], [19, 81], [18, 82], [22, 78], [46, 54], [52, 48], [64, 36], [43, 57], [54, 46], [52, 48], [60, 40], [53, 47], [50, 50], [51, 49], [47, 53], [52, 48], [53, 47], [47, 53], [53, 47], [52, 48], [54, 46], [43, 57], [50, 50], [59, 41], [55, 45], [55, 45], [50, 50], [54, 46], [44, 56]], "lambda_": 0.5, "b": [[72, 28], [82, 18], [71, 29], [67, 33], [69, 31], [69, 31], [77, 23], [74, 26], [75, 25], [79, 21], [70, 30], [74, 26], [79, 21], [72, 28], [81, 19], [74, 26], [71, 29], [78, 22], [81, 19], [83, 17], [78, 22], [73, 27], [78, 22], [79, 21], [73, 27], [32, 68], [28, 72], [25, 75], [34, 66], [23, 77], [25, 75], [19, 81], [24, 76], [21, 79], [23, 77], [25, 75], [22, 78], [24, 76], [29, 71], [24, 76], [28, 72], [22, 78], [31, 69], [20, 80], [22, 78], [19, 81], [26, 74], [29, 71], [29, 71], [19, 81]]}