{"M": 50, "G": 2, "I": 10, "J": 100, "p": [[0.07961204957328555, 0.05334130276955757, 0.15974625935528347, 0.01520417981069265, 0.14485572387769835, 0.10506232004872461, 0.08309888306951296, 0.3344029938038988, 0.022500991524444326, 0.002175296166901715], [0.11041562041843452, 0.20549084721159183, 0.14569309460047292, 0.002299068470075074, 0.012939030064866993, 0.038644144714774474, 0.1269946163384455, 0.21625373472435236, 0.02421220214550745, 0.11705764131147908]], "r": [[[6, 2, 14, 1, 8, 10, 6, 30, 0, 0], [2, 4, 6, 0, 0, 2, 5, 2, 0, 2]], [[4, 6, 10, 0, 15, 11, 8, 27, 3, 0], [4, 2, 0, 0, 0, 2, 4, 4, 0, 0]], [[7, 4, 14, 1, 9, 4, 8, 30, 2, 0], [3, 5, 4, 0, 0, 0, 2, 3, 0, 4]], [[13, 1, 8, 3, 9, 11, 3, 24, 1, 0], [4, 2, 2, 0, 0, 2, 3, 11, 1, 2]], [[11, 7, 8, 1, 10, 10, 10, 19, 1, 1], [5, 5, 4, 0, 0, 1, 1, 4, 0, 2]], [[6, 4, 8, 0, 11, 5, 4, 30, 1, 0], [2, 2, 5, 0, 2, 2, 7, 7, 1, 3]], [[4, 4, 16, 1, 9, 6, 6, 25, 3, 0], [5, 4, 7, 0, 0, 1, 2, 4, 0, 3]], [[5, 4, 7, 2, 20, 7, 4, 28, 1, 1], [1, 2, 2, 0, 0, 1, 3, 7, 0, 5]], [[4, 6, 7, 2, 10, 9, 8, 21, 3, 0], [0, 6, 6, 0, 0, 3, 6, 8, 0, 1]], [[5, 3, 19, 1, 13, 9, 5, 21, 0, 0], [4, 6, 1, 0, 0, 2, 6, 3, 0, 2]], [[8, 1, 16, 0, 10, 5, 6, 20, 2, 0], [6, 5, 3, 0, 0, 1, 4, 8, 2, 3]], [[0, 4, 14, 3, 7, 10, 9, 25, 2, 0], [4, 5, 3, 0, 3, 0, 2, 8, 0, 1]], [[3, 8, 6, 0, 9, 9, 8, 30, 2, 0], [1, 8, 4, 0, 3, 0, 2, 4, 1, 2]], [[6, 3, 20, 1, 9, 7, 5, 26, 0, 1], [1, 5, 3, 0, 1, 1, 4, 5, 0, 2]], [[9, 4, 11, 1, 9, 10, 6, 24, 0, 1], [3, 5, 2, 0, 0, 1, 4, 7, 0, 3]], [[12, 3, 10, 1, 9, 10, 7, 20, 2, 0], [3, 9, 1, 0, 0, 1, 1, 2, 1, 8]], [[9, 7, 10, 1, 4, 9, 8, 31, 3, 0], [1, 3, 3, 0, 1, 0, 5, 3, 0, 2]], [[6, 4, 9, 3, 12, 3, 6, 32, 1, 0], [1, 5, 6, 0, 0, 1, 4, 4, 0, 3]], [[8, 9, 15, 1, 4, 7, 11, 21, 2, 0], [4, 6, 5, 0, 0, 0, 1, 3, 0, 3]], [[6, 6, 9, 4, 9, 7, 6, 26, 2, 0], [2, 6, 3, 0, 0, 1, 2, 8, 0, 3]], [[7, 1, 16, 1, 11, 9, 5, 20, 0, 0], [2, 6, 6, 0, 0, 2, 0, 9, 2, 3]], [[6, 5, 11, 2, 16, 7, 6, 18, 2, 0], [6, 6, 3, 0, 0, 1, 3, 6, 0, 2]], [[8, 4, 7, 0, 11, 11, 2, 30, 1, 0], [2, 3, 4, 0, 0, 6, 2, 4, 1, 4]], [[7, 2, 16, 2, 16, 7, 6, 23, 2, 0], [6, 5, 3, 0, 0, 1, 1, 2, 0, 1]], [[4, 5, 10, 2, 8, 9, 5, 32, 2, 0], [3, 5, 2, 0, 0, 2, 3, 5, 0, 3]], [[3, 1, 4, 0, 4, 0, 4, 5, 1, 0], [7, 21, 12, 0, 2, 2, 8, 18, 1, 7]], [[0, 1, 3, 1, 3, 1, 2, 6, 1, 0], [9, 20, 12, 0, 0, 5, 10, 21, 2, 3]], [[2, 5, 0, 1, 3, 3, 1, 4, 0, 0], [13, 15, 7, 0, 2, 1, 9, 24, 1, 9]], [[0, 3, 0, 0, 5, 4, 2, 15, 1, 0], [6, 14, 13, 0, 2, 1, 6, 18, 3, 7]], [[2, 2, 2, 0, 3, 1, 4, 12, 0, 0], [7, 17, 13, 0, 0, 4, 13, 14, 1, 5]], [[3, 0, 2, 3, 5, 2, 2, 5, 0, 0], [11, 11, 12, 1, 0, 0, 12, 18, 3, 10]], [[2, 0, 8, 0, 3, 1, 3, 9, 2, 0], [11, 15, 11, 0, 2, 4, 6, 13, 2, 8]], [[0, 0, 1, 1, 7, 2, 2, 5, 2, 0], [8, 20, 15, 0, 0, 4, 12, 11, 1, 9]], [[1, 2, 1, 0, 4, 6, 2, 9, 2, 0], [9, 14, 9, 0, 0, 2, 10, 16, 1, 12]], [[1, 0, 4, 0, 6, 3, 2, 7, 0, 0], [4, 16, 10, 0, 1, 7, 11, 14, 1, 13]], [[4, 0, 7, 0, 4, 2, 1, 6, 1, 0], [7, 21, 15, 0, 0, 4, 4, 13, 3, 8]], [[3, 0, 4, 0, 3, 2, 4, 5, 0, 0], [5, 16, 16, 0, 0, 4, 10, 18, 2, 8]], [[2, 1, 10, 1, 3, 8, 1, 5, 3, 0], [10, 9, 11, 0, 1, 6, 6, 13, 4, 6]], [[4, 1, 3, 0, 3, 3, 0, 2, 0, 0], [5, 15, 16, 0, 1, 4, 16, 18, 1, 8]], [[2, 2, 6, 1, 3, 0, 3, 12, 0, 0], [9, 14, 15, 1, 1, 0, 7, 16, 1, 7]], [[0, 1, 2, 1, 5, 4, 2, 6, 0, 0], [9, 15, 12, 0, 0, 6, 11, 12, 2, 12]], [[5, 2, 3, 1, 2, 3, 0, 9, 1, 0], [14, 10, 6, 0, 3, 3, 8, 21, 0, 9]], [[1, 3, 1, 0, 3, 3, 2, 7, 0, 0], [7, 15, 9, 1, 3, 3, 14, 18, 1, 9]], [[3, 0, 4, 0, 5, 7, 2, 6, 1, 0], [11, 17, 9, 0, 1, 2, 7, 16, 4, 5]], [[4, 1, 6, 1, 8, 1, 2, 4, 0, 0], [8, 12, 8, 0, 1, 4, 11, 22, 1, 6]], [[2, 0, 3, 1, 3, 2, 2, 7, 1, 0], [7, 18, 9, 0, 1, 4, 14, 12, 4, 10]], [[3, 1, 8, 1, 5, 0, 1, 13, 1, 0], [8, 20, 12, 1, 1, 1, 5, 12, 2, 5]], [[3, 2, 4, 1, 6, 5, 4, 6, 1, 0], [6, 13, 8, 0, 2, 6, 11, 14, 1, 7]], [[2, 0, 3, 1, 1, 3, 2, 7, 0, 1], [16, 17, 11, 0, 1, 3, 11, 11, 0, 10]], [[1, 1, 6, 0, 2, 1, 4, 9, 1, 0], [8, 20, 12, 0, 0, 2, 9, 13, 3, 8]]], "n": [[8, 6, 20, 1, 8, 12, 11, 32, 0, 2], [8, 8, 10, 0, 15, 13, 12, 31, 3, 0], [10, 9, 18, 1, 9, 4, 10, 33, 2, 4], [17, 3, 10, 3, 9, 13, 6, 35, 2, 2], [16, 12, 12, 1, 10, 11, 11, 23, 1, 3], [8, 6, 13, 0, 13, 7, 11, 37, 2, 3], [9, 8, 23, 1, 9, 7, 8, 29, 3, 3], [6, 6, 9, 2, 20, 8, 7, 35, 1, 6], [4, 12, 13, 2, 10, 12, 14, 29, 3, 1], [9, 9, 20, 1, 13, 11, 11, 24, 0, 2], [14, 6, 19, 0, 10, 6, 10, 28, 4, 3], [4, 9, 17, 3, 10, 10, 11, 33, 2, 1], [4, 16, 10, 0, 12, 9, 10, 34, 3, 2], [7, 8, 23, 1, 10, 8, 9, 31, 0, 3], [12, 9, 13, 1, 9, 11, 10, 31, 0, 4], [15, 12, 11, 1, 9, 11, 8, 22, 3, 8], [10, 10, 13, 1, 5, 9, 13, 34, 3, 2], [7, 9, 15, 3, 12, 4, 10, 36, 1, 3], [12, 15, 20, 1, 4, 7, 12, 24, 2, 3], [8, 12, 12, 4, 9, 8, 8, 34, 2, 3], [9, 7, 22, 1, 11, 11, 5, 29, 2, 3], [12, 11, 14, 2, 16, 8, 9, 24, 2, 2], [10, 7, 11, 0, 11, 17, 4, 34, 2, 4], [13, 7, 19, 2, 16, 8, 7, 25, 2, 1], [7, 10, 12, 2, 8, 11, 8, 37, 2, 3], [10, 22, 16, 0, 6, 2, 12, 23, 2, 7], [9, 21, 15, 1, 3, 6, 12, 27, 3, 3], [15, 20, 7, 1, 5, 4, 10, 28, 1, 9], [6, 17, 13, 0, 7, 5, 8, 33, 4, 7], [9, 19, 15, 0, 3, 5, 17, 26, 1, 5], [14, 11, 14, 4, 5, 2, 14, 23, 3, 10], [13, 15, 19, 0, 5, 5, 9, 22, 4, 8], [8, 20, 16, 1, 7, 6, 14, 16, 3, 9], [10, 16, 10, 0, 4, 8, 12, 25, 3, 12], [5, 16, 14, 0, 7, 10, 13, 21, 1, 13], [11, 21, 22, 0, 4, 6, 5, 19, 4, 8], [8, 16, 20, 0, 3, 6, 14, 23, 2, 8], [12, 10, 21, 1, 4, 14, 7, 18, 7, 6], [9, 16, 19, 0, 4, 7, 16, 20, 1, 8], [11, 16, 21, 2, 4, 0, 10, 28, 1, 7], [9, 16, 14, 1, 5, 10, 13, 18, 2, 12], [19, 12, 9, 1, 5, 6, 8, 30, 1, 9], [8, 18, 10, 1, 6, 6, 16, 25, 1, 9], [14, 17, 13, 0, 6, 9, 9, 22, 5, 5], [12, 13, 14, 1, 9, 5, 13, 26, 1, 6], [9, 18, 12, 1, 4, 6, 16, 19, 5, 10], [11, 21, 20, 2, 6, 1, 6, 25, 3, 5], [9, 15, 12, 1, 8, 11, 15, 20, 2, 7], [18, 17, 14, 1, 2, 6, 13, 18, 0, 11], [9, 21, 18, 0, 2, 3, 13, 22, 4, 8]], "lambda_": 0.5, "b": [[77, 23], [84, 16], [79, 21], [73, 27], [78, 22], [69, 31], [74, 26], [79, 21], [70, 30], [76, 24], [68, 32], [74, 26], [75, 25], [78, 22], [75, 25], [74, 26], [82, 18], [76, 24], [78, 22], [75, 25], [70, 30], [73, 27], [74, 26], [81, 19], [77, 23], [22, 78], [18, 82], [19, 81], [30, 70], [26, 74], [22, 78], [28, 72], [20, 80], [27, 73], [23, 77], [25, 75], [21, 79], [34, 66], [16, 84], [29, 71], [21, 79], [26, 74], [20, 80], [28, 72], [27, 73], [21, 79], [33, 67], [32, 68], [20, 80], [25, 75]]}