{"M": 50, "G": 4, "I": 2, "J": 100, "p": [[0.32718470976908715, 0.6728152902309128], [0.9960618458151494, 0.003938154184850614], [0.10496787147010402, 0.895032128529896], [0.6525959496916602, 0.3474040503083397]], "r": [[[24, 37], [13, 0], [1, 11], [12, 2]], [[22, 45], [7, 1], [1, 8], [13, 3]], [[21, 41], [8, 0], [4, 11], [10, 5]], [[16, 44], [11, 0], [2, 14], [8, 5]], [[20, 40], [8, 0], [0, 16], [6, 10]], [[28, 42], [10, 0], [1, 6], [11, 2]], [[22, 41], [16, 0], [1, 7], [9, 4]], [[17, 46], [8, 0], [0, 10], [13, 6]], [[26, 43], [11, 0], [0, 10], [7, 3]], [[17, 36], [12, 1], [3, 13], [13, 5]], [[15, 46], [12, 0], [2, 11], [8, 6]], [[28, 37], [10, 0], [3, 9], [11, 2]], [[11, 26], [37, 0], [0, 9], [10, 7]], [[3, 5], [60, 0], [4, 20], [7, 1]], [[0, 10], [60, 0], [0, 13], [11, 6]], [[5, 8], [60, 0], [2, 14], [9, 2]], [[5, 6], [63, 0], [2, 13], [8, 3]], [[1, 10], [68, 1], [0, 10], [9, 1]], [[5, 6], [60, 1], [0, 16], [8, 4]], [[2, 11], [62, 0], [0, 11], [9, 5]], [[3, 9], [61, 0], [1, 14], [5, 7]], [[7, 7], [59, 0], [1, 10], [10, 6]], [[5, 11], [63, 0], [0, 10], [5, 6]], [[3, 8], [69, 0], [0, 10], [5, 5]], [[4, 9], [63, 0], [5, 15], [1, 3]], [[1, 8], [17, 0], [4, 57], [7, 6]], [[6, 9], [15, 0], [6, 55], [5, 4]], [[3, 6], [13, 0], [5, 55], [11, 7]], [[6, 6], [9, 0], [2, 57], [15, 5]], [[2, 4], [12, 0], [6, 62], [8, 6]], [[5, 12], [11, 1], [5, 53], [10, 3]], [[3, 9], [14, 0], [4, 52], [10, 8]], [[5, 13], [10, 0], [7, 52], [8, 5]], [[1, 9], [14, 0], [7, 54], [11, 4]], [[2, 10], [11, 0], [2, 60], [11, 4]], [[4, 9], [7, 0], [9, 63], [7, 1]], [[2, 9], [13, 0], [5, 63], [4, 4]], [[3, 8], [12, 0], [6, 35], [23, 13]], [[2, 4], [19, 0], [2, 12], [44, 17]], [[4, 9], [20, 0], [1, 11], [37, 18]], [[3, 10], [11, 1], [2, 13], [43, 17]], [[5, 8], [12, 0], [4, 8], [42, 21]], [[5, 9], [13, 0], [1, 9], [41, 22]], [[5, 5], [8, 0], [1, 14], [44, 23]], [[4, 12], [16, 0], [2, 15], [30, 21]], [[6, 14], [13, 0], [0, 13], [31, 23]], [[6, 9], [12, 0], [0, 9], [43, 21]], [[4, 9], [22, 0], [0, 10], [36, 19]], [[2, 12], [13, 0], [1, 6], [47, 19]], [[6, 10], [16, 0], [0, 6], [37, 25]]], "n": [[50, 50], [43, 57], [43, 57], [37, 63], [34, 66], [50, 50], [48, 52], [38, 62], [44, 56], [45, 55], [37, 63], [52, 48], [58, 42], [74, 26], [71, 29], [76, 24], [78, 22], [78, 22], [73, 27], [73, 27], [70, 30], [77, 23], [73, 27], [77, 23], [73, 27], [29, 71], [32, 68], [32, 68], [32, 68], [28, 72], [31, 69], [31, 69], [30, 70], [33, 67], [26, 74], [27, 73], [24, 76], [44, 56], [67, 33], [62, 38], [59, 41], [63, 37], [60, 40], [58, 42], [52, 48], [50, 50], [61, 39], [62, 38], [63, 37], [59, 41]], "lambda_": 0.5, "b": [[61, 13, 12, 14], [67, 8, 9, 16], [62, 8, 15, 15], [60, 11, 16, 13], [60, 8, 16, 16], [70, 10, 7, 13], [63, 16, 8, 13], [63, 8, 10, 19], [69, 11, 10, 10], [53, 13, 16, 18], [61, 12, 13, 14], [65, 10, 12, 13], [37, 37, 9, 17], [8, 60, 24, 8], [10, 60, 13, 17], [13, 60, 16, 11], [11, 63, 15, 11], [11, 69, 10, 10], [11, 61, 16, 12], [13, 62, 11, 14], [12, 61, 15, 12], [14, 59, 11, 16], [16, 63, 10, 11], [11, 69, 10, 10], [13, 63, 20, 4], [9, 17, 61, 13], [15, 15, 61, 9], [9, 13, 60, 18], [12, 9, 59, 20], [6, 12, 68, 14], [17, 12, 58, 13], [12, 14, 56, 18], [18, 10, 59, 13], [10, 14, 61, 15], [12, 11, 62, 15], [13, 7, 72, 8], [11, 13, 68, 8], [11, 12, 41, 36], [6, 19, 14, 61], [13, 20, 12, 55], [13, 12, 15, 60], [13, 12, 12, 63], [14, 13, 10, 63], [10, 8, 15, 67], [16, 16, 17, 51], [20, 13, 13, 54], [15, 12, 9, 64], [13, 22, 10, 55], [14, 13, 7, 66], [16, 16, 6, 62]]}