{"M": 50, "G": 3, "I": 3, "J": 100, "p": [[0.09927750520862948, 0.8091342359282716, 0.09158825886309889], [0.6081484782973842, 0.16248736605778868, 0.2293641556448271], [0.5728345733599701, 0.28825508098764524, 0.13891034565238466]], "r": [[[9, 42, 12], [12, 5, 4], [11, 4, 1]], [[8, 51, 4], [12, 3, 3], [8, 7, 4]], [[7, 61, 7], [9, 3, 3], [4, 5, 1]], [[7, 52, 4], [11, 5, 6], [10, 2, 3]], [[7, 59, 4], [7, 3, 2], [11, 5, 2]], [[6, 57, 4], [11, 2, 3], [9, 6, 2]], [[9, 57, 4], [8, 3, 2], [6, 5, 6]], [[9, 55, 10], [2, 2, 5], [10, 5, 2]], [[9, 50, 9], [10, 2, 4], [11, 3, 2]], [[7, 57, 0], [7, 1, 7], [11, 8, 2]], [[10, 56, 5], [8, 3, 3], [11, 3, 1]], [[3, 47, 10], [7, 3, 5], [15, 5, 5]], [[5, 61, 5], [8, 3, 4], [7, 5, 2]], [[1, 60, 7], [11, 3, 2], [10, 6, 0]], [[5, 55, 7], [9, 2, 3], [14, 4, 1]], [[6, 54, 5], [12, 2, 5], [10, 4, 2]], [[2, 42, 7], [21, 7, 8], [6, 4, 3]], [[2, 15, 1], [45, 10, 12], [7, 6, 2]], [[1, 10, 3], [47, 8, 16], [8, 3, 4]], [[1, 19, 0], [35, 13, 17], [11, 4, 0]], [[0, 15, 1], [40, 11, 18], [10, 5, 0]], [[3, 17, 3], [49, 4, 11], [8, 3, 2]], [[1, 14, 2], [45, 8, 12], [12, 2, 4]], [[2, 11, 1], [41, 10, 19], [12, 3, 1]], [[3, 17, 0], [47, 9, 6], [8, 6, 4]], [[0, 14, 3], [37, 14, 16], [9, 5, 2]], [[0, 10, 1], [48, 10, 12], [9, 5, 5]], [[1, 12, 2], [41, 10, 15], [8, 4, 7]], [[0, 18, 2], [36, 13, 10], [11, 6, 4]], [[2, 13, 3], [47, 8, 10], [12, 4, 1]], [[1, 13, 1], [33, 9, 20], [11, 10, 2]], [[1, 6, 1], [42, 14, 21], [5, 7, 3]], [[2, 15, 2], [42, 16, 8], [5, 5, 5]], [[1, 18, 2], [20, 5, 9], [26, 12, 7]], [[2, 7, 1], [11, 3, 8], [35, 26, 7]], [[0, 10, 3], [14, 0, 4], [31, 29, 9]], [[3, 11, 1], [12, 1, 10], [36, 21, 5]], [[1, 16, 0], [14, 2, 5], [39, 16, 7]], [[2, 16, 2], [5, 2, 6], [44, 12, 11]], [[1, 13, 4], [13, 2, 3], [30, 27, 7]], [[4, 15, 0], [13, 3, 2], [32, 21, 10]], [[1, 17, 1], [7, 4, 4], [41, 18, 7]], [[0, 19, 2], [10, 3, 2], [34, 21, 9]], [[2, 15, 1], [10, 1, 1], [38, 21, 11]], [[3, 7, 1], [11, 3, 4], [36, 27, 8]], [[2, 12, 2], [10, 3, 3], [42, 16, 10]], [[1, 15, 2], [11, 2, 2], [29, 24, 14]], [[2, 10, 2], [12, 1, 8], [36, 23, 6]], [[0, 11, 0], [9, 3, 6], [42, 19, 10]], [[1, 11, 0], [15, 3, 1], [34, 25, 10]]], "n": [[32, 51, 17], [28, 61, 11], [20, 69, 11], [28, 59, 13], [25, 67, 8], [26, 65, 9], [23, 65, 12], [21, 62, 17], [30, 55, 15], [25, 66, 9], [29, 62, 9], [25, 55, 20], [20, 69, 11], [22, 69, 9], [28, 61, 11], [28, 60, 12], [29, 53, 18], [54, 31, 15], [56, 21, 23], [47, 36, 17], [50, 31, 19], [60, 24, 16], [58, 24, 18], [55, 24, 21], [58, 32, 10], [46, 33, 21], [57, 25, 18], [50, 26, 24], [47, 37, 16], [61, 25, 14], [45, 32, 23], [48, 27, 25], [49, 36, 15], [47, 35, 18], [48, 36, 16], [45, 39, 16], [51, 33, 16], [54, 34, 12], [51, 30, 19], [44, 42, 14], [49, 39, 12], [49, 39, 12], [44, 43, 13], [50, 37, 13], [50, 37, 13], [54, 31, 15], [41, 41, 18], [50, 34, 16], [51, 33, 16], [50, 39, 11]], "lambda_": 0.5, "b": [[63, 21, 16], [63, 18, 19], [75, 15, 10], [63, 22, 15], [70, 12, 18], [67, 16, 17], [70, 13, 17], [74, 9, 17], [68, 16, 16], [64, 15, 21], [71, 14, 15], [60, 15, 25], [71, 15, 14], [68, 16, 16], [67, 14, 19], [65, 19, 16], [51, 36, 13], [18, 67, 15], [14, 71, 15], [20, 65, 15], [16, 69, 15], [23, 64, 13], [17, 65, 18], [14, 70, 16], [20, 62, 18], [17, 67, 16], [11, 70, 19], [15, 66, 19], [20, 59, 21], [18, 65, 17], [15, 62, 23], [8, 77, 15], [19, 66, 15], [21, 34, 45], [10, 22, 68], [13, 18, 69], [15, 23, 62], [17, 21, 62], [20, 13, 67], [18, 18, 64], [19, 18, 63], [19, 15, 66], [21, 15, 64], [18, 12, 70], [11, 18, 71], [16, 16, 68], [18, 15, 67], [14, 21, 65], [11, 18, 71], [12, 19, 69]]}