{"M": 50, "G": 3, "I": 5, "J": 100, "p": [[0.01091575856363568, 0.20816915542206624, 0.07934542630470441, 0.17676826140742496, 0.5248013983021687], [0.30336933090138923, 0.2728177082174765, 0.029337380742531057, 0.12263021012911926, 0.27184537000948394], [0.3112604723649372, 0.4457473867677789, 0.13127742314124657, 0.018672572575976328, 0.09304214515006101]], "r": [[[1, 10, 8, 17, 34], [3, 5, 1, 0, 3], [7, 6, 4, 0, 1]], [[3, 20, 6, 11, 35], [3, 4, 4, 0, 4], [5, 2, 3, 0, 0]], [[0, 14, 5, 10, 32], [6, 8, 0, 1, 5], [5, 8, 0, 1, 5]], [[1, 14, 5, 13, 36], [7, 2, 0, 1, 4], [7, 5, 2, 1, 2]], [[0, 16, 3, 14, 36], [8, 4, 0, 0, 2], [4, 10, 1, 1, 1]], [[2, 17, 6, 12, 33], [0, 5, 1, 3, 8], [3, 6, 3, 0, 1]], [[0, 10, 4, 11, 30], [10, 8, 0, 2, 5], [6, 13, 1, 0, 0]], [[0, 13, 2, 13, 38], [3, 7, 0, 3, 2], [6, 6, 3, 1, 3]], [[0, 13, 6, 9, 31], [4, 5, 0, 3, 7], [8, 12, 2, 0, 0]], [[1, 21, 9, 11, 33], [1, 6, 0, 0, 2], [5, 9, 2, 0, 0]], [[0, 17, 2, 9, 43], [5, 6, 0, 1, 3], [2, 7, 4, 0, 1]], [[2, 15, 4, 8, 33], [5, 5, 0, 3, 3], [7, 11, 1, 0, 3]], [[1, 15, 6, 11, 34], [8, 7, 0, 2, 3], [7, 5, 1, 0, 0]], [[2, 14, 8, 14, 30], [3, 2, 1, 2, 2], [7, 9, 4, 0, 2]], [[3, 10, 5, 9, 36], [8, 3, 1, 1, 6], [8, 4, 4, 0, 2]], [[0, 18, 5, 6, 30], [8, 3, 0, 4, 5], [5, 13, 0, 0, 3]], [[1, 8, 4, 5, 21], [15, 10, 1, 5, 8], [8, 8, 3, 0, 3]], [[0, 3, 1, 3, 14], [18, 27, 2, 5, 12], [2, 9, 3, 0, 1]], [[0, 3, 1, 3, 12], [17, 11, 2, 10, 25], [6, 7, 2, 0, 1]], [[0, 1, 1, 6, 10], [23, 20, 1, 9, 14], [5, 8, 1, 0, 1]], [[0, 4, 4, 1, 13], [20, 17, 1, 5, 24], [3, 8, 0, 0, 0]], [[0, 3, 5, 3, 13], [17, 16, 0, 14, 12], [4, 10, 2, 0, 1]], [[1, 3, 0, 6, 9], [22, 17, 4, 13, 14], [8, 2, 1, 0, 0]], [[0, 4, 1, 3, 3], [22, 18, 1, 5, 22], [9, 6, 1, 1, 4]], [[0, 0, 2, 3, 10], [27, 17, 3, 8, 11], [6, 3, 7, 0, 3]], [[0, 6, 2, 4, 5], [26, 15, 1, 9, 15], [5, 3, 3, 1, 5]], [[0, 4, 0, 3, 5], [18, 21, 1, 10, 20], [7, 7, 1, 0, 3]], [[0, 4, 2, 0, 5], [21, 18, 0, 6, 23], [7, 7, 3, 1, 3]], [[0, 3, 2, 2, 11], [24, 10, 2, 9, 17], [5, 10, 3, 1, 1]], [[0, 4, 1, 1, 7], [16, 27, 2, 7, 19], [5, 8, 2, 0, 1]], [[0, 2, 2, 2, 7], [17, 22, 2, 9, 20], [5, 6, 1, 0, 5]], [[0, 3, 0, 3, 8], [19, 17, 2, 11, 15], [7, 6, 5, 1, 3]], [[1, 5, 2, 4, 5], [10, 20, 5, 13, 22], [6, 4, 2, 0, 1]], [[0, 2, 4, 6, 8], [14, 9, 2, 4, 7], [12, 21, 6, 0, 5]], [[0, 2, 2, 3, 11], [7, 6, 0, 3, 7], [17, 29, 8, 2, 3]], [[0, 3, 1, 3, 12], [8, 8, 0, 0, 4], [14, 27, 10, 0, 10]], [[0, 2, 3, 1, 7], [4, 9, 0, 3, 1], [25, 29, 10, 0, 6]], [[0, 5, 1, 3, 9], [3, 4, 0, 2, 3], [19, 38, 7, 1, 5]], [[0, 2, 3, 5, 11], [6, 5, 0, 2, 4], [26, 20, 6, 3, 7]], [[0, 5, 2, 1, 6], [4, 5, 1, 0, 4], [27, 26, 11, 0, 8]], [[1, 2, 2, 8, 9], [2, 5, 0, 1, 4], [24, 30, 4, 1, 7]], [[0, 2, 1, 3, 6], [6, 0, 1, 2, 6], [21, 32, 12, 1, 7]], [[1, 3, 1, 0, 9], [4, 4, 1, 2, 6], [25, 22, 11, 2, 9]], [[1, 5, 1, 2, 15], [6, 2, 0, 2, 4], [18, 32, 6, 1, 5]], [[0, 5, 1, 3, 9], [4, 4, 0, 3, 7], [21, 27, 10, 2, 4]], [[0, 1, 0, 6, 12], [5, 5, 1, 1, 5], [18, 26, 13, 2, 5]], [[1, 1, 3, 3, 7], [8, 5, 0, 3, 5], [18, 31, 7, 3, 5]], [[0, 4, 0, 4, 8], [0, 4, 0, 1, 6], [29, 29, 9, 1, 5]], [[1, 3, 5, 5, 11], [7, 5, 0, 3, 1], [22, 25, 6, 1, 5]], [[0, 4, 0, 4, 10], [5, 6, 1, 6, 3], [21, 23, 11, 0, 6]]], "n": [[11, 21, 13, 17, 38], [11, 26, 13, 11, 39], [11, 30, 5, 12, 42], [15, 21, 7, 15, 42], [12, 30, 4, 15, 39], [5, 28, 10, 15, 42], [16, 31, 5, 13, 35], [9, 26, 5, 17, 43], [12, 30, 8, 12, 38], [7, 36, 11, 11, 35], [7, 30, 6, 10, 47], [14, 31, 5, 11, 39], [16, 27, 7, 13, 37], [12, 25, 13, 16, 34], [19, 17, 10, 10, 44], [13, 34, 5, 10, 38], [24, 26, 8, 10, 32], [20, 39, 6, 8, 27], [23, 21, 5, 13, 38], [28, 29, 3, 15, 25], [23, 29, 5, 6, 37], [21, 29, 7, 17, 26], [31, 22, 5, 19, 23], [31, 28, 3, 9, 29], [33, 20, 12, 11, 24], [31, 24, 6, 14, 25], [25, 32, 2, 13, 28], [28, 29, 5, 7, 31], [29, 23, 7, 12, 29], [21, 39, 5, 8, 27], [22, 30, 5, 11, 32], [26, 26, 7, 15, 26], [17, 29, 9, 17, 28], [26, 32, 12, 10, 20], [24, 37, 10, 8, 21], [22, 38, 11, 3, 26], [29, 40, 13, 4, 14], [22, 47, 8, 6, 17], [32, 27, 9, 10, 22], [31, 36, 14, 1, 18], [27, 37, 6, 10, 20], [27, 34, 14, 6, 19], [30, 29, 13, 4, 24], [25, 39, 7, 5, 24], [25, 36, 11, 8, 20], [23, 32, 14, 9, 22], [27, 37, 10, 9, 17], [29, 37, 9, 6, 19], [30, 33, 11, 9, 17], [26, 33, 12, 10, 19]], "lambda_": 0.5, "b": [[70, 12, 18], [75, 15, 10], [61, 20, 19], [69, 14, 17], [69, 14, 17], [70, 17, 13], [55, 25, 20], [66, 15, 19], [59, 19, 22], [75, 9, 16], [71, 15, 14], [62, 16, 22], [67, 20, 13], [68, 10, 22], [63, 19, 18], [59, 20, 21], [39, 39, 22], [21, 64, 15], [19, 65, 16], [18, 67, 15], [22, 67, 11], [24, 59, 17], [19, 70, 11], [11, 68, 21], [15, 66, 19], [17, 66, 17], [12, 70, 18], [11, 68, 21], [18, 62, 20], [13, 71, 16], [13, 70, 17], [14, 64, 22], [17, 70, 13], [20, 36, 44], [18, 23, 59], [19, 20, 61], [13, 17, 70], [18, 12, 70], [21, 17, 62], [14, 14, 72], [22, 12, 66], [12, 15, 73], [14, 17, 69], [24, 14, 62], [18, 18, 64], [19, 17, 64], [15, 21, 64], [16, 11, 73], [25, 16, 59], [18, 21, 61]]}