{"M": 50, "G": 3, "I": 4, "J": 100, "p": [[0.12528497207799447, 0.32201948137817415, 0.3137300275842977, 0.23896551895953352], [0.015101828534048147, 0.48626910303626614, 0.19664095811027157, 0.3019881103194141], [0.3732556543076375, 0.07497302903224733, 0.1106017466286246, 0.44116957003149054]], "r": [[[10, 21, 22, 13], [0, 8, 6, 5], [7, 0, 3, 5]], [[6, 17, 24, 15], [0, 9, 5, 2], [7, 1, 3, 11]], [[4, 23, 15, 21], [0, 11, 7, 3], [4, 4, 1, 7]], [[14, 25, 18, 13], [0, 7, 2, 6], [4, 1, 2, 8]], [[11, 18, 21, 15], [1, 7, 6, 4], [6, 1, 3, 7]], [[7, 20, 20, 16], [1, 12, 3, 5], [7, 1, 0, 8]], [[9, 16, 10, 21], [0, 8, 6, 12], [7, 0, 3, 8]], [[2, 20, 26, 14], [0, 9, 7, 4], [7, 0, 1, 10]], [[8, 31, 17, 9], [1, 4, 4, 8], [5, 2, 4, 7]], [[11, 19, 18, 15], [0, 13, 4, 4], [7, 0, 3, 6]], [[16, 22, 24, 9], [0, 8, 0, 5], [8, 4, 0, 4]], [[9, 17, 27, 16], [0, 6, 2, 3], [7, 1, 2, 10]], [[6, 23, 22, 11], [1, 9, 3, 6], [4, 2, 1, 12]], [[4, 24, 19, 21], [0, 8, 2, 8], [6, 0, 3, 5]], [[8, 19, 33, 14], [0, 9, 1, 4], [3, 2, 3, 4]], [[11, 21, 20, 20], [0, 9, 4, 5], [3, 1, 0, 6]], [[10, 20, 17, 12], [2, 16, 6, 7], [3, 1, 2, 4]], [[2, 7, 6, 4], [1, 23, 14, 18], [8, 2, 1, 14]], [[2, 3, 7, 5], [0, 34, 10, 24], [3, 2, 3, 7]], [[0, 4, 6, 9], [0, 31, 14, 20], [2, 2, 4, 8]], [[2, 7, 8, 1], [0, 28, 10, 26], [8, 2, 0, 8]], [[1, 5, 3, 7], [2, 31, 13, 25], [6, 0, 1, 6]], [[4, 4, 3, 5], [0, 34, 16, 21], [4, 2, 1, 6]], [[2, 6, 5, 5], [0, 31, 13, 21], [5, 1, 1, 10]], [[0, 9, 3, 2], [0, 33, 9, 21], [9, 1, 3, 10]], [[2, 5, 3, 2], [1, 35, 13, 21], [8, 2, 0, 8]], [[3, 4, 5, 4], [0, 34, 7, 22], [10, 0, 0, 11]], [[1, 7, 5, 6], [1, 29, 15, 21], [4, 2, 1, 8]], [[0, 3, 5, 9], [1, 33, 15, 16], [7, 2, 1, 8]], [[2, 8, 4, 3], [1, 26, 12, 21], [9, 1, 5, 8]], [[2, 6, 7, 1], [0, 29, 15, 22], [8, 2, 1, 7]], [[3, 5, 4, 4], [3, 40, 11, 15], [6, 0, 1, 8]], [[2, 6, 4, 5], [2, 36, 11, 15], [7, 1, 2, 9]], [[1, 6, 3, 7], [0, 15, 7, 14], [15, 4, 8, 20]], [[1, 2, 3, 5], [0, 8, 4, 6], [35, 4, 7, 25]], [[3, 4, 8, 2], [0, 6, 4, 6], [25, 4, 8, 30]], [[4, 5, 5, 2], [1, 5, 1, 9], [16, 4, 8, 40]], [[4, 6, 4, 6], [0, 8, 3, 4], [26, 3, 5, 31]], [[1, 7, 8, 5], [0, 11, 1, 2], [28, 4, 6, 27]], [[8, 4, 5, 8], [0, 12, 3, 6], [20, 0, 7, 27]], [[2, 4, 7, 2], [0, 7, 1, 6], [27, 7, 7, 30]], [[3, 4, 5, 3], [0, 6, 4, 3], [30, 3, 9, 30]], [[5, 8, 4, 4], [0, 12, 8, 1], [17, 4, 5, 32]], [[1, 8, 4, 4], [1, 7, 3, 5], [25, 3, 8, 31]], [[1, 5, 6, 4], [0, 4, 6, 3], [24, 3, 13, 31]], [[1, 5, 6, 3], [0, 11, 2, 10], [24, 6, 6, 26]], [[3, 7, 5, 2], [0, 6, 1, 8], [22, 7, 13, 26]], [[2, 3, 7, 3], [0, 5, 5, 5], [26, 6, 11, 27]], [[4, 4, 5, 0], [0, 9, 6, 7], [25, 1, 8, 31]], [[0, 8, 7, 5], [0, 3, 2, 10], [29, 6, 2, 28]]], "n": [[17, 29, 31, 23], [13, 27, 32, 28], [8, 38, 23, 31], [18, 33, 22, 27], [18, 26, 30, 26], [15, 33, 23, 29], [16, 24, 19, 41], [9, 29, 34, 28], [14, 37, 25, 24], [18, 32, 25, 25], [24, 34, 24, 18], [16, 24, 31, 29], [11, 34, 26, 29], [10, 32, 24, 34], [11, 30, 37, 22], [14, 31, 24, 31], [15, 37, 25, 23], [11, 32, 21, 36], [5, 39, 20, 36], [2, 37, 24, 37], [10, 37, 18, 35], [9, 36, 17, 38], [8, 40, 20, 32], [7, 38, 19, 36], [9, 43, 15, 33], [11, 42, 16, 31], [13, 38, 12, 37], [6, 38, 21, 35], [8, 38, 21, 33], [12, 35, 21, 32], [10, 37, 23, 30], [12, 45, 16, 27], [11, 43, 17, 29], [16, 25, 18, 41], [36, 14, 14, 36], [28, 14, 20, 38], [21, 14, 14, 51], [30, 17, 12, 41], [29, 22, 15, 34], [28, 16, 15, 41], [29, 18, 15, 38], [33, 13, 18, 36], [22, 24, 17, 37], [27, 18, 15, 40], [25, 12, 25, 38], [25, 22, 14, 39], [25, 20, 19, 36], [28, 14, 23, 35], [29, 14, 19, 38], [29, 17, 11, 43]], "lambda_": 0.5, "b": [[66, 19, 15], [62, 16, 22], [63, 21, 16], [70, 15, 15], [65, 18, 17], [63, 21, 16], [56, 26, 18], [62, 20, 18], [65, 17, 18], [63, 21, 16], [71, 13, 16], [69, 11, 20], [62, 19, 19], [68, 18, 14], [74, 14, 12], [72, 18, 10], [59, 31, 10], [19, 56, 25], [17, 68, 15], [19, 65, 16], [18, 64, 18], [16, 71, 13], [16, 71, 13], [18, 65, 17], [14, 63, 23], [12, 70, 18], [16, 63, 21], [19, 66, 15], [17, 65, 18], [17, 60, 23], [16, 66, 18], [16, 69, 15], [17, 64, 19], [17, 36, 47], [11, 18, 71], [17, 16, 67], [16, 16, 68], [20, 15, 65], [21, 14, 65], [25, 21, 54], [15, 14, 71], [15, 13, 72], [21, 21, 58], [17, 16, 67], [16, 13, 71], [15, 23, 62], [17, 15, 68], [15, 15, 70], [13, 22, 65], [20, 15, 65]]}