{"M": 50, "G": 3, "I": 4, "J": 100, "p": [[0.25145137416437296, 0.5447584007534954, 0.1531404560090643, 0.050649769073067306], [0.3446886550413053, 0.23807393689403214, 0.22619453600901995, 0.1910428720556425], [0.011524386006546622, 0.12808909480050026, 0.8424771252523995, 0.01790939394055354]], "r": [[[17, 34, 10, 0], [13, 4, 1, 3], [0, 3, 15, 0]], [[16, 37, 12, 3], [3, 3, 2, 4], [0, 2, 18, 0]], [[15, 32, 8, 5], [7, 5, 4, 4], [0, 1, 19, 0]], [[13, 38, 6, 1], [7, 4, 5, 7], [0, 0, 18, 1]], [[17, 39, 7, 4], [3, 4, 2, 2], [0, 1, 20, 1]], [[15, 38, 7, 0], [9, 4, 2, 0], [0, 3, 21, 1]], [[12, 52, 10, 3], [5, 2, 1, 4], [0, 2, 9, 0]], [[18, 49, 7, 4], [3, 4, 3, 6], [0, 3, 3, 0]], [[12, 42, 12, 7], [2, 6, 2, 3], [0, 1, 13, 0]], [[22, 36, 4, 2], [1, 1, 5, 4], [1, 2, 20, 2]], [[15, 46, 5, 4], [6, 3, 3, 4], [0, 3, 11, 0]], [[16, 38, 12, 5], [7, 5, 2, 1], [0, 2, 12, 0]], [[20, 48, 5, 3], [3, 4, 1, 0], [0, 3, 13, 0]], [[14, 39, 11, 4], [8, 5, 4, 1], [0, 1, 12, 1]], [[22, 43, 4, 3], [5, 2, 3, 1], [0, 1, 16, 0]], [[13, 38, 10, 0], [5, 3, 6, 4], [0, 1, 20, 0]], [[18, 27, 8, 0], [12, 7, 5, 7], [0, 3, 13, 0]], [[6, 5, 3, 2], [21, 11, 19, 20], [0, 1, 12, 0]], [[2, 9, 3, 1], [25, 18, 16, 9], [0, 3, 14, 0]], [[5, 11, 6, 0], [18, 16, 13, 13], [0, 3, 15, 0]], [[4, 4, 0, 0], [26, 16, 24, 14], [0, 1, 11, 0]], [[3, 4, 6, 0], [21, 19, 24, 11], [0, 1, 11, 0]], [[4, 15, 1, 1], [23, 12, 14, 13], [1, 0, 15, 1]], [[1, 8, 2, 2], [19, 17, 16, 16], [1, 3, 14, 1]], [[3, 6, 1, 2], [24, 19, 11, 11], [1, 2, 19, 1]], [[6, 11, 0, 1], [24, 15, 19, 13], [0, 2, 9, 0]], [[5, 10, 5, 1], [23, 12, 16, 13], [1, 2, 12, 0]], [[7, 6, 1, 1], [26, 16, 20, 15], [0, 0, 8, 0]], [[4, 11, 2, 1], [23, 18, 13, 15], [0, 1, 12, 0]], [[5, 7, 4, 1], [25, 15, 18, 8], [0, 2, 15, 0]], [[2, 13, 3, 2], [28, 12, 12, 8], [0, 5, 15, 0]], [[5, 13, 4, 0], [27, 15, 14, 9], [1, 1, 11, 0]], [[4, 10, 1, 0], [26, 18, 14, 12], [0, 5, 10, 0]], [[2, 3, 0, 1], [10, 12, 8, 12], [0, 6, 45, 1]], [[7, 10, 2, 0], [3, 3, 1, 6], [1, 11, 56, 0]], [[6, 8, 3, 0], [6, 5, 4, 2], [0, 7, 57, 2]], [[4, 5, 5, 4], [5, 4, 2, 2], [0, 9, 60, 0]], [[3, 6, 0, 0], [4, 9, 6, 6], [0, 6, 59, 1]], [[7, 9, 3, 1], [9, 2, 6, 1], [1, 12, 48, 1]], [[3, 10, 1, 1], [5, 3, 3, 3], [1, 7, 61, 2]], [[2, 12, 3, 2], [7, 5, 3, 3], [1, 12, 49, 1]], [[4, 11, 1, 1], [3, 8, 4, 1], [2, 9, 56, 0]], [[4, 8, 4, 1], [5, 3, 5, 6], [2, 2, 59, 1]], [[5, 11, 1, 1], [4, 4, 5, 6], [1, 8, 53, 1]], [[1, 9, 2, 1], [7, 6, 2, 3], [1, 11, 54, 3]], [[4, 10, 4, 0], [4, 4, 4, 2], [1, 8, 58, 1]], [[1, 7, 3, 0], [7, 2, 4, 2], [2, 7, 63, 2]], [[3, 10, 3, 0], [3, 3, 5, 2], [1, 11, 59, 0]], [[4, 9, 3, 1], [4, 2, 6, 4], [2, 8, 56, 1]], [[5, 7, 3, 0], [5, 6, 0, 4], [0, 10, 60, 0]]], "n": [[30, 41, 26, 3], [19, 42, 32, 7], [22, 38, 31, 9], [20, 42, 29, 9], [20, 44, 29, 7], [24, 45, 30, 1], [17, 56, 20, 7], [21, 56, 13, 10], [14, 49, 27, 10], [24, 39, 29, 8], [21, 52, 19, 8], [23, 45, 26, 6], [23, 55, 19, 3], [22, 45, 27, 6], [27, 46, 23, 4], [18, 42, 36, 4], [30, 37, 26, 7], [27, 17, 34, 22], [27, 30, 33, 10], [23, 30, 34, 13], [30, 21, 35, 14], [24, 24, 41, 11], [28, 27, 30, 15], [21, 28, 32, 19], [28, 27, 31, 14], [30, 28, 28, 14], [29, 24, 33, 14], [33, 22, 29, 16], [27, 30, 27, 16], [30, 24, 37, 9], [30, 30, 30, 10], [33, 29, 29, 9], [30, 33, 25, 12], [12, 21, 53, 14], [11, 24, 59, 6], [12, 20, 64, 4], [9, 18, 67, 6], [7, 21, 65, 7], [17, 23, 57, 3], [9, 20, 65, 6], [10, 29, 55, 6], [9, 28, 61, 2], [11, 13, 68, 8], [10, 23, 59, 8], [9, 26, 58, 7], [9, 22, 66, 3], [10, 16, 70, 4], [7, 24, 67, 2], [10, 19, 65, 6], [10, 23, 63, 4]], "lambda_": 0.5, "b": [[61, 21, 18], [68, 12, 20], [60, 20, 20], [58, 23, 19], [67, 11, 22], [60, 15, 25], [77, 12, 11], [78, 16, 6], [73, 13, 14], [64, 11, 25], [70, 16, 14], [71, 15, 14], [76, 8, 16], [68, 18, 14], [72, 11, 17], [61, 18, 21], [53, 31, 16], [16, 71, 13], [15, 68, 17], [22, 60, 18], [8, 80, 12], [13, 75, 12], [21, 62, 17], [13, 68, 19], [12, 65, 23], [18, 71, 11], [21, 64, 15], [15, 77, 8], [18, 69, 13], [17, 66, 17], [20, 60, 20], [22, 65, 13], [15, 70, 15], [6, 42, 52], [19, 13, 68], [17, 17, 66], [18, 13, 69], [9, 25, 66], [20, 18, 62], [15, 14, 71], [19, 18, 63], [17, 16, 67], [17, 19, 64], [18, 19, 63], [13, 18, 69], [18, 14, 68], [11, 15, 74], [16, 13, 71], [17, 16, 67], [15, 15, 70]]}