{"M": 50, "G": 3, "I": 5, "J": 100, "p": [[0.15028701708190306, 0.2312679172167543, 0.06455655858851063, 0.1342791950039283, 0.41960931210890373], [0.6937171075086516, 0.041081001690991485, 0.07109200280437748, 0.01617486353697531, 0.17793502445900408], [0.009652815207887366, 0.1942360016589028, 0.3333210825579072, 0.10387615586913534, 0.3589139447061673]], "r": [[[7, 19, 1, 12, 31], [14, 2, 0, 0, 5], [0, 2, 3, 2, 2]], [[8, 12, 8, 8, 30], [7, 1, 1, 0, 3], [0, 2, 6, 5, 9]], [[11, 10, 4, 12, 27], [15, 2, 3, 1, 5], [0, 3, 4, 1, 2]], [[9, 18, 5, 9, 26], [11, 1, 3, 0, 0], [0, 3, 6, 1, 8]], [[9, 19, 4, 8, 30], [7, 1, 1, 0, 8], [0, 1, 8, 0, 4]], [[14, 24, 1, 9, 21], [13, 0, 1, 0, 3], [0, 2, 4, 1, 7]], [[12, 16, 6, 11, 25], [14, 0, 0, 0, 2], [0, 2, 6, 0, 6]], [[10, 11, 2, 8, 25], [20, 1, 0, 0, 3], [0, 5, 4, 3, 8]], [[4, 15, 5, 9, 30], [12, 0, 2, 0, 4], [0, 5, 6, 3, 5]], [[10, 15, 6, 7, 25], [17, 1, 1, 0, 5], [0, 2, 3, 0, 8]], [[5, 14, 2, 8, 39], [12, 1, 1, 0, 2], [0, 4, 7, 1, 4]], [[8, 10, 4, 9, 33], [9, 1, 0, 0, 2], [0, 6, 8, 3, 7]], [[16, 10, 8, 11, 34], [6, 0, 0, 0, 1], [0, 1, 5, 1, 7]], [[9, 16, 5, 12, 27], [6, 0, 0, 1, 7], [0, 4, 5, 2, 6]], [[8, 24, 5, 12, 21], [10, 0, 0, 1, 2], [0, 1, 10, 2, 4]], [[13, 13, 10, 14, 23], [9, 1, 2, 0, 1], [0, 2, 5, 1, 6]], [[8, 17, 3, 6, 17], [20, 0, 3, 0, 6], [0, 4, 8, 1, 7]], [[2, 3, 0, 2, 7], [50, 3, 7, 3, 10], [0, 1, 7, 0, 5]], [[5, 3, 0, 1, 9], [43, 4, 3, 0, 21], [0, 5, 4, 1, 1]], [[5, 2, 0, 2, 10], [43, 4, 3, 1, 13], [0, 2, 7, 2, 6]], [[5, 5, 0, 2, 8], [53, 0, 5, 2, 8], [0, 1, 5, 2, 4]], [[1, 6, 4, 4, 6], [51, 3, 4, 4, 1], [0, 4, 4, 0, 8]], [[5, 2, 0, 2, 5], [41, 4, 8, 0, 12], [0, 4, 9, 1, 7]], [[2, 6, 0, 2, 4], [41, 3, 2, 0, 18], [0, 1, 6, 1, 14]], [[1, 5, 2, 4, 7], [41, 0, 4, 1, 13], [0, 5, 7, 0, 10]], [[2, 5, 0, 4, 5], [51, 1, 4, 4, 8], [0, 1, 4, 4, 7]], [[2, 3, 0, 0, 4], [51, 0, 4, 0, 13], [0, 6, 5, 0, 12]], [[4, 7, 0, 0, 7], [52, 5, 5, 2, 10], [0, 1, 4, 0, 3]], [[1, 7, 1, 2, 8], [48, 4, 6, 1, 6], [0, 3, 4, 0, 9]], [[1, 3, 0, 4, 5], [44, 0, 10, 1, 12], [0, 5, 4, 4, 7]], [[2, 4, 4, 2, 13], [40, 3, 5, 1, 8], [0, 2, 6, 4, 6]], [[0, 5, 1, 0, 14], [37, 5, 7, 0, 16], [1, 3, 5, 3, 3]], [[4, 5, 0, 0, 10], [46, 1, 12, 0, 7], [0, 4, 5, 0, 6]], [[2, 4, 1, 0, 7], [24, 2, 3, 0, 5], [0, 10, 17, 4, 21]], [[1, 5, 0, 6, 6], [10, 1, 3, 0, 4], [1, 9, 24, 5, 25]], [[2, 6, 3, 3, 5], [11, 1, 0, 0, 4], [1, 15, 16, 7, 26]], [[4, 5, 3, 3, 8], [15, 0, 2, 0, 2], [0, 16, 21, 4, 17]], [[4, 2, 0, 0, 3], [18, 0, 4, 0, 3], [0, 14, 22, 8, 22]], [[1, 5, 3, 2, 5], [15, 1, 1, 0, 5], [0, 11, 23, 7, 21]], [[5, 5, 2, 1, 5], [6, 0, 0, 0, 2], [0, 16, 22, 9, 27]], [[2, 2, 1, 2, 3], [12, 0, 1, 0, 6], [1, 13, 29, 5, 23]], [[1, 2, 3, 2, 8], [10, 1, 0, 0, 3], [2, 8, 23, 7, 30]], [[1, 2, 0, 1, 3], [12, 1, 2, 0, 3], [0, 15, 23, 7, 30]], [[0, 1, 1, 0, 8], [10, 0, 3, 0, 4], [0, 19, 26, 5, 23]], [[3, 4, 1, 4, 6], [8, 2, 3, 1, 2], [0, 15, 18, 9, 24]], [[1, 5, 2, 1, 9], [9, 0, 1, 0, 0], [0, 13, 20, 11, 28]], [[0, 6, 2, 1, 2], [14, 0, 1, 2, 2], [1, 14, 23, 12, 20]], [[0, 3, 2, 3, 4], [15, 1, 2, 0, 4], [0, 17, 19, 6, 24]], [[2, 6, 1, 3, 6], [15, 1, 1, 1, 3], [1, 14, 26, 4, 16]], [[3, 2, 2, 3, 11], [13, 1, 1, 0, 3], [0, 14, 24, 7, 16]]], "n": [[21, 23, 4, 14, 38], [15, 15, 15, 13, 42], [26, 15, 11, 14, 34], [20, 22, 14, 10, 34], [16, 21, 13, 8, 42], [27, 26, 6, 10, 31], [26, 18, 12, 11, 33], [30, 17, 6, 11, 36], [16, 20, 13, 12, 39], [27, 18, 10, 7, 38], [17, 19, 10, 9, 45], [17, 17, 12, 12, 42], [22, 11, 13, 12, 42], [15, 20, 10, 15, 40], [18, 25, 15, 15, 27], [22, 16, 17, 15, 30], [28, 21, 14, 7, 30], [52, 7, 14, 5, 22], [48, 12, 7, 2, 31], [48, 8, 10, 5, 29], [58, 6, 10, 6, 20], [52, 13, 12, 8, 15], [46, 10, 17, 3, 24], [43, 10, 8, 3, 36], [42, 10, 13, 5, 30], [53, 7, 8, 12, 20], [53, 9, 9, 0, 29], [56, 13, 9, 2, 20], [49, 14, 11, 3, 23], [45, 8, 14, 9, 24], [42, 9, 15, 7, 27], [38, 13, 13, 3, 33], [50, 10, 17, 0, 23], [26, 16, 21, 4, 33], [12, 15, 27, 11, 35], [14, 22, 19, 10, 35], [19, 21, 26, 7, 27], [22, 16, 26, 8, 28], [16, 17, 27, 9, 31], [11, 21, 24, 10, 34], [15, 15, 31, 7, 32], [13, 11, 26, 9, 41], [13, 18, 25, 8, 36], [10, 20, 30, 5, 35], [11, 21, 22, 14, 32], [10, 18, 23, 12, 37], [15, 20, 26, 15, 24], [15, 21, 23, 9, 32], [18, 21, 28, 8, 25], [16, 17, 27, 10, 30]], "lambda_": 0.5, "b": [[70, 21, 9], [66, 12, 22], [64, 26, 10], [67, 15, 18], [70, 17, 13], [69, 17, 14], [70, 16, 14], [56, 24, 20], [63, 18, 19], [63, 24, 13], [68, 16, 16], [64, 12, 24], [79, 7, 14], [69, 14, 17], [70, 13, 17], [73, 13, 14], [51, 29, 20], [14, 73, 13], [18, 71, 11], [19, 64, 17], [20, 68, 12], [21, 63, 16], [14, 65, 21], [14, 64, 22], [19, 59, 22], [16, 68, 16], [9, 68, 23], [18, 74, 8], [19, 65, 16], [13, 67, 20], [25, 57, 18], [20, 65, 15], [19, 66, 15], [14, 34, 52], [18, 18, 64], [19, 16, 65], [23, 19, 58], [9, 25, 66], [16, 22, 62], [18, 8, 74], [10, 19, 71], [16, 14, 70], [7, 18, 75], [10, 17, 73], [18, 16, 66], [18, 10, 72], [11, 19, 70], [12, 22, 66], [18, 21, 61], [21, 18, 61]]}