{"M": 50, "G": 4, "I": 5, "J": 100, "p": [[0.12464155160427713, 0.320365700211782, 0.31211881819805165, 0.23773827434383188, 0.005135655642057214], [0.32050330871114646, 0.12960740731613302, 0.19904243955549125, 0.29216240134150717, 0.058684443075721966], [0.04886229150730085, 0.19490249288206324, 0.23484758945089862, 0.29193992606900426, 0.2294477000907331], [0.017616287707698772, 0.05851918973115218, 0.6562154618717337, 0.1289428731063417, 0.13870618758307368]], "r": [[[2, 21, 18, 18, 0], [3, 2, 6, 5, 0], [0, 3, 3, 4, 3], [0, 1, 8, 2, 1]], [[5, 19, 21, 14, 0], [3, 2, 1, 5, 1], [1, 3, 1, 3, 3], [0, 1, 10, 4, 3]], [[6, 20, 18, 15, 1], [4, 1, 2, 6, 0], [1, 1, 0, 1, 3], [0, 2, 14, 2, 3]], [[3, 21, 20, 17, 0], [1, 2, 3, 4, 1], [0, 2, 1, 2, 3], [1, 1, 13, 2, 3]], [[13, 19, 16, 13, 0], [6, 2, 2, 3, 0], [1, 0, 3, 5, 6], [0, 0, 8, 0, 3]], [[7, 18, 19, 11, 2], [4, 0, 4, 3, 0], [1, 2, 6, 6, 3], [0, 1, 8, 4, 1]], [[15, 17, 15, 12, 0], [5, 3, 3, 2, 1], [0, 1, 3, 6, 1], [0, 0, 11, 3, 2]], [[4, 21, 18, 13, 0], [7, 2, 1, 6, 0], [2, 1, 7, 6, 3], [1, 0, 5, 1, 2]], [[10, 21, 20, 14, 0], [4, 1, 1, 6, 1], [0, 1, 3, 3, 3], [0, 1, 7, 4, 0]], [[11, 21, 17, 16, 0], [4, 2, 1, 2, 1], [2, 2, 4, 4, 2], [0, 2, 6, 3, 0]], [[13, 27, 22, 8, 0], [3, 0, 1, 4, 1], [0, 3, 2, 3, 2], [0, 0, 8, 2, 1]], [[8, 17, 25, 16, 1], [4, 2, 1, 2, 2], [0, 3, 2, 5, 2], [1, 0, 5, 2, 2]], [[3, 13, 16, 5, 0], [8, 3, 7, 12, 4], [2, 4, 0, 6, 2], [0, 2, 10, 1, 2]], [[2, 6, 6, 1, 0], [19, 6, 11, 23, 2], [3, 1, 2, 5, 2], [0, 0, 10, 0, 1]], [[1, 2, 3, 3, 0], [16, 11, 21, 15, 6], [0, 1, 1, 5, 3], [0, 0, 10, 1, 1]], [[0, 2, 1, 3, 0], [18, 8, 13, 31, 3], [0, 2, 1, 5, 3], [0, 0, 10, 0, 0]], [[3, 2, 6, 3, 0], [31, 5, 14, 14, 4], [0, 1, 1, 2, 3], [0, 1, 6, 2, 2]], [[2, 3, 5, 4, 1], [19, 9, 10, 17, 5], [0, 3, 2, 6, 5], [0, 1, 5, 1, 2]], [[2, 4, 3, 4, 0], [25, 8, 13, 17, 1], [0, 0, 2, 3, 3], [0, 1, 11, 1, 2]], [[1, 3, 6, 4, 0], [15, 9, 10, 19, 3], [1, 2, 5, 2, 8], [0, 0, 10, 1, 1]], [[2, 3, 3, 5, 1], [18, 6, 11, 22, 1], [2, 3, 4, 4, 5], [0, 0, 7, 1, 2]], [[1, 2, 4, 3, 0], [22, 11, 13, 19, 2], [0, 5, 4, 3, 7], [0, 0, 4, 0, 0]], [[1, 6, 4, 2, 1], [15, 8, 15, 17, 3], [2, 5, 0, 5, 3], [0, 0, 9, 2, 2]], [[0, 5, 6, 0, 0], [16, 6, 10, 22, 4], [0, 6, 6, 1, 6], [0, 1, 9, 0, 2]], [[1, 2, 3, 1, 0], [21, 10, 10, 12, 3], [2, 2, 1, 8, 3], [0, 1, 12, 5, 3]], [[1, 3, 4, 1, 0], [6, 0, 0, 3, 0], [3, 17, 14, 21, 17], [0, 0, 7, 1, 2]], [[1, 5, 3, 3, 0], [4, 1, 1, 6, 0], [6, 14, 11, 14, 13], [0, 3, 9, 1, 5]], [[2, 3, 5, 4, 0], [7, 2, 3, 4, 0], [6, 7, 15, 15, 22], [0, 0, 3, 1, 1]], [[1, 6, 5, 4, 0], [3, 1, 2, 3, 0], [0, 7, 14, 23, 20], [0, 0, 8, 1, 2]], [[2, 8, 2, 2, 1], [4, 4, 2, 6, 1], [3, 6, 18, 14, 15], [0, 0, 12, 0, 0]], [[4, 2, 1, 4, 0], [5, 2, 3, 3, 0], [0, 11, 11, 21, 17], [0, 1, 12, 3, 0]], [[2, 2, 5, 2, 0], [7, 0, 1, 5, 0], [2, 11, 12, 16, 20], [0, 0, 9, 3, 3]], [[4, 7, 1, 2, 0], [4, 6, 1, 3, 0], [1, 10, 12, 19, 14], [0, 1, 10, 2, 3]], [[2, 8, 2, 2, 0], [2, 1, 1, 9, 0], [4, 12, 12, 19, 17], [0, 0, 6, 2, 1]], [[4, 3, 1, 1, 0], [5, 2, 2, 4, 1], [2, 20, 15, 16, 13], [1, 0, 6, 3, 1]], [[3, 3, 0, 7, 0], [5, 1, 2, 3, 2], [3, 8, 13, 26, 14], [0, 1, 4, 2, 3]], [[0, 3, 9, 3, 0], [6, 1, 2, 3, 0], [2, 17, 13, 21, 14], [0, 1, 2, 0, 3]], [[1, 8, 7, 1, 0], [2, 2, 2, 3, 1], [1, 5, 12, 7, 7], [0, 5, 26, 5, 5]], [[4, 7, 2, 3, 0], [6, 2, 0, 1, 1], [0, 3, 3, 3, 4], [0, 4, 41, 8, 8]], [[1, 5, 3, 5, 1], [7, 3, 3, 6, 0], [0, 2, 1, 5, 1], [1, 1, 38, 5, 12]], [[1, 5, 2, 5, 0], [3, 5, 1, 2, 0], [0, 0, 2, 3, 1], [0, 4, 49, 6, 11]], [[2, 2, 4, 2, 0], [5, 0, 3, 5, 0], [1, 5, 2, 4, 0], [0, 3, 42, 12, 8]], [[2, 4, 2, 4, 0], [5, 3, 10, 3, 1], [0, 2, 2, 0, 2], [1, 0, 40, 7, 12]], [[2, 3, 7, 4, 0], [3, 1, 2, 4, 0], [0, 1, 9, 3, 6], [0, 5, 36, 10, 4]], [[2, 7, 3, 2, 0], [2, 1, 1, 2, 1], [1, 1, 2, 3, 3], [1, 6, 44, 9, 9]], [[4, 7, 3, 0, 1], [5, 2, 3, 4, 0], [3, 5, 6, 4, 3], [0, 6, 32, 9, 3]], [[1, 8, 0, 3, 0], [2, 3, 1, 3, 1], [1, 0, 1, 4, 3], [0, 1, 50, 6, 12]], [[0, 2, 5, 4, 1], [0, 2, 1, 5, 1], [1, 4, 1, 2, 3], [1, 3, 40, 7, 17]], [[0, 4, 5, 4, 0], [4, 1, 2, 4, 3], [0, 2, 1, 3, 4], [1, 2, 41, 10, 9]], [[2, 2, 6, 6, 0], [5, 2, 2, 6, 0], [0, 0, 2, 5, 1], [0, 3, 41, 10, 7]]], "n": [[5, 27, 35, 29, 4], [9, 25, 33, 26, 7], [11, 24, 34, 24, 7], [5, 26, 37, 25, 7], [20, 21, 29, 21, 9], [12, 21, 37, 24, 6], [20, 21, 32, 23, 4], [14, 24, 31, 26, 5], [14, 24, 31, 27, 4], [17, 27, 28, 25, 3], [16, 30, 33, 17, 4], [13, 22, 33, 25, 7], [13, 22, 33, 24, 8], [24, 13, 29, 29, 5], [17, 14, 35, 24, 10], [18, 12, 25, 39, 6], [34, 9, 27, 21, 9], [21, 16, 22, 28, 13], [27, 13, 29, 25, 6], [17, 14, 31, 26, 12], [22, 12, 25, 32, 9], [23, 18, 25, 25, 9], [18, 19, 28, 26, 9], [16, 18, 31, 23, 12], [24, 15, 26, 26, 9], [10, 20, 25, 26, 19], [11, 23, 24, 24, 18], [15, 12, 26, 24, 23], [4, 14, 29, 31, 22], [9, 18, 34, 22, 17], [9, 16, 27, 31, 17], [11, 13, 27, 26, 23], [9, 24, 24, 26, 17], [8, 21, 21, 32, 18], [12, 25, 24, 24, 15], [11, 13, 19, 38, 19], [8, 22, 26, 27, 17], [4, 20, 47, 16, 13], [10, 16, 46, 15, 13], [9, 11, 45, 21, 14], [4, 14, 54, 16, 12], [8, 10, 51, 23, 8], [8, 9, 54, 14, 15], [5, 10, 54, 21, 10], [6, 15, 50, 16, 13], [12, 20, 44, 17, 7], [4, 12, 52, 16, 16], [2, 11, 47, 18, 22], [5, 9, 49, 21, 16], [7, 7, 51, 27, 8]], "lambda_": 0.5, "b": [[59, 16, 13, 12], [59, 12, 11, 18], [60, 13, 6, 21], [61, 11, 8, 20], [61, 13, 15, 11], [57, 11, 18, 14], [59, 14, 11, 16], [56, 16, 19, 9], [65, 13, 10, 12], [65, 10, 14, 11], [70, 9, 10, 11], [67, 11, 12, 10], [37, 34, 14, 15], [15, 61, 13, 11], [9, 69, 10, 12], [6, 73, 11, 10], [14, 68, 7, 11], [15, 60, 16, 9], [13, 64, 8, 15], [14, 56, 18, 12], [14, 58, 18, 10], [10, 67, 19, 4], [14, 58, 15, 13], [11, 58, 19, 12], [7, 56, 16, 21], [9, 9, 72, 10], [12, 12, 58, 18], [14, 16, 65, 5], [16, 9, 64, 11], [15, 17, 56, 12], [11, 13, 60, 16], [11, 13, 61, 15], [14, 14, 56, 16], [14, 13, 64, 9], [9, 14, 66, 11], [13, 13, 64, 10], [15, 12, 67, 6], [17, 10, 32, 41], [16, 10, 13, 61], [15, 19, 9, 57], [13, 11, 6, 70], [10, 13, 12, 65], [12, 22, 6, 60], [16, 10, 19, 55], [14, 7, 10, 69], [15, 14, 21, 50], [12, 10, 9, 69], [12, 9, 11, 68], [13, 14, 10, 63], [16, 15, 8, 61]]}