{"M": 50, "G": 4, "I": 10, "J": 100, "p": [[0.2757785884142302, 0.04981117498589042, 0.21256714574811184, 0.005258571387201605, 0.014063435938590099, 0.11161384679915949, 0.09317246894939503, 0.06700226949636703, 0.05044639577260519, 0.12028610250844927], [0.03782928117770207, 0.08736155155057113, 0.04789392013689732, 0.05674582287861275, 0.0680224331729206, 0.3036717905815733, 0.11247047241485471, 0.034979328912844596, 0.13711825271796652, 0.11390714645605694], [0.005413509600190102, 0.12255642412443131, 0.15659858686385889, 0.12886126867449413, 0.11934533866161898, 0.07524458775695847, 0.012885711406898518, 0.30556443953072565, 0.04989463352974824, 0.023635499851075638], [0.09016473302835412, 0.36765682516296033, 0.02106909023957928, 0.07941269432361107, 0.06522154614944167, 0.09017894707221122, 0.19771721902747164, 0.030945402439308864, 0.020879499661255487, 0.0367540428958064]], "r": [[[16, 3, 11, 0, 0, 15, 5, 3, 4, 4], [0, 1, 0, 0, 0, 6, 0, 0, 3, 0], [0, 0, 1, 3, 1, 0, 0, 3, 0, 1], [1, 6, 1, 1, 1, 4, 4, 1, 0, 1]], [[20, 5, 8, 0, 0, 6, 5, 4, 5, 10], [0, 1, 0, 0, 1, 1, 0, 1, 0, 3], [0, 0, 2, 2, 1, 2, 1, 8, 1, 0], [0, 5, 2, 0, 0, 2, 3, 0, 1, 0]], [[14, 7, 12, 0, 0, 11, 6, 5, 5, 5], [0, 1, 1, 0, 2, 2, 2, 2, 3, 0], [0, 2, 2, 1, 1, 1, 0, 1, 1, 1], [3, 3, 0, 1, 2, 2, 0, 0, 0, 1]], [[20, 2, 14, 0, 0, 6, 4, 7, 0, 10], [0, 0, 1, 0, 0, 4, 4, 0, 3, 1], [0, 1, 6, 0, 2, 0, 0, 5, 1, 0], [0, 5, 0, 0, 0, 1, 2, 0, 0, 1]], [[16, 1, 12, 1, 2, 10, 6, 2, 3, 12], [0, 2, 1, 1, 0, 0, 3, 1, 2, 1], [0, 1, 1, 2, 2, 1, 0, 2, 2, 0], [2, 5, 0, 1, 2, 0, 3, 0, 0, 0]], [[18, 4, 13, 0, 0, 5, 3, 5, 3, 16], [0, 0, 0, 0, 1, 5, 0, 1, 2, 2], [0, 0, 4, 0, 3, 0, 0, 4, 0, 0], [0, 3, 0, 2, 1, 3, 1, 0, 0, 1]], [[18, 6, 11, 0, 1, 12, 9, 2, 3, 7], [0, 1, 0, 0, 0, 0, 0, 0, 0, 0], [0, 0, 2, 4, 3, 1, 1, 5, 0, 1], [1, 4, 1, 2, 1, 1, 2, 0, 0, 1]], [[16, 3, 12, 1, 0, 8, 8, 5, 4, 4], [0, 1, 0, 1, 2, 5, 4, 0, 5, 3], [0, 0, 0, 1, 2, 2, 0, 2, 0, 0], [0, 5, 0, 1, 1, 2, 2, 0, 0, 0]], [[16, 1, 14, 0, 0, 4, 3, 0, 5, 11], [0, 1, 1, 0, 2, 5, 2, 0, 4, 4], [0, 1, 1, 1, 0, 0, 0, 10, 0, 0], [1, 6, 0, 4, 0, 2, 0, 0, 1, 0]], [[16, 5, 16, 0, 1, 8, 2, 2, 6, 10], [2, 0, 0, 0, 1, 9, 1, 0, 0, 1], [0, 1, 1, 0, 2, 0, 0, 5, 1, 0], [0, 1, 2, 0, 0, 0, 4, 0, 0, 3]], [[14, 1, 11, 0, 1, 4, 8, 4, 2, 7], [1, 3, 0, 4, 1, 7, 1, 1, 1, 2], [0, 1, 1, 1, 1, 0, 0, 3, 0, 0], [2, 7, 1, 4, 1, 1, 2, 1, 0, 1]], [[19, 3, 16, 0, 0, 5, 3, 3, 5, 7], [2, 2, 1, 1, 1, 0, 2, 2, 2, 0], [0, 2, 2, 3, 2, 1, 0, 2, 0, 2], [0, 6, 0, 1, 0, 0, 5, 0, 0, 0]], [[14, 2, 9, 0, 0, 6, 3, 2, 2, 5], [1, 3, 0, 2, 2, 14, 5, 2, 2, 5], [0, 2, 0, 3, 0, 2, 0, 3, 0, 0], [0, 4, 0, 1, 1, 1, 2, 0, 1, 1]], [[5, 2, 3, 0, 0, 1, 3, 2, 1, 1], [3, 5, 2, 2, 7, 23, 8, 1, 6, 8], [0, 2, 1, 0, 2, 0, 0, 1, 0, 0], [0, 7, 1, 0, 0, 0, 1, 1, 1, 0]], [[2, 1, 2, 0, 0, 2, 1, 1, 0, 2], [5, 7, 2, 3, 5, 18, 9, 2, 6, 9], [0, 0, 3, 4, 0, 2, 0, 0, 0, 0], [2, 6, 0, 1, 2, 0, 3, 0, 0, 0]], [[1, 1, 3, 0, 0, 1, 3, 3, 0, 0], [1, 6, 2, 3, 8, 14, 6, 1, 11, 8], [0, 0, 5, 4, 2, 1, 1, 3, 1, 0], [2, 1, 1, 1, 1, 0, 3, 1, 1, 0]], [[4, 1, 3, 0, 1, 2, 0, 1, 0, 1], [3, 5, 2, 1, 4, 16, 7, 3, 11, 3], [0, 1, 5, 3, 0, 2, 0, 6, 0, 0], [3, 4, 0, 1, 2, 2, 3, 0, 0, 0]], [[6, 0, 1, 0, 0, 1, 2, 0, 0, 3], [1, 5, 0, 2, 4, 22, 4, 2, 14, 9], [0, 0, 2, 1, 0, 1, 0, 3, 4, 1], [0, 4, 0, 1, 2, 1, 2, 1, 0, 1]], [[5, 2, 2, 0, 0, 0, 0, 1, 2, 3], [5, 3, 2, 5, 4, 13, 10, 2, 3, 7], [0, 2, 4, 0, 1, 0, 0, 5, 3, 0], [1, 6, 0, 3, 1, 1, 2, 2, 0, 0]], [[2, 1, 3, 0, 0, 2, 1, 0, 0, 1], [2, 5, 3, 7, 4, 16, 8, 4, 12, 7], [0, 0, 3, 1, 0, 2, 0, 5, 1, 0], [1, 4, 0, 2, 2, 0, 1, 0, 0, 0]], [[3, 0, 1, 0, 1, 2, 2, 2, 0, 2], [2, 3, 5, 1, 6, 24, 4, 1, 7, 7], [0, 1, 0, 1, 1, 2, 1, 6, 0, 0], [3, 7, 0, 2, 0, 0, 2, 0, 1, 0]], [[6, 0, 2, 0, 0, 0, 1, 1, 2, 2], [0, 9, 1, 4, 4, 23, 4, 0, 5, 11], [0, 3, 3, 0, 0, 0, 0, 3, 1, 0], [2, 5, 0, 0, 2, 1, 3, 1, 1, 0]], [[1, 1, 2, 0, 0, 2, 3, 0, 0, 0], [1, 1, 2, 5, 6, 26, 10, 2, 8, 4], [0, 4, 2, 2, 1, 1, 0, 6, 0, 0], [0, 3, 0, 2, 0, 1, 4, 0, 0, 0]], [[2, 0, 1, 0, 0, 2, 0, 1, 0, 2], [0, 7, 4, 3, 5, 12, 8, 0, 13, 11], [0, 1, 1, 2, 0, 1, 0, 7, 1, 1], [0, 6, 0, 0, 0, 1, 7, 0, 1, 0]], [[2, 2, 1, 0, 0, 0, 0, 2, 0, 3], [1, 8, 2, 5, 4, 18, 5, 2, 9, 9], [0, 1, 2, 0, 0, 1, 0, 4, 1, 0], [2, 8, 0, 1, 1, 2, 3, 0, 1, 0]], [[5, 2, 3, 0, 1, 0, 3, 2, 1, 1], [0, 2, 0, 4, 0, 3, 1, 1, 1, 3], [0, 3, 10, 5, 9, 7, 1, 20, 0, 3], [1, 5, 0, 0, 0, 1, 1, 1, 0, 0]], [[1, 0, 2, 0, 1, 4, 0, 0, 0, 1], [0, 2, 0, 2, 2, 2, 1, 0, 4, 1], [1, 11, 6, 7, 7, 6, 0, 28, 4, 1], [0, 3, 1, 1, 1, 0, 0, 0, 0, 0]], [[1, 0, 3, 0, 0, 2, 2, 1, 0, 2], [0, 3, 0, 1, 0, 4, 1, 0, 0, 1], [1, 3, 8, 8, 8, 4, 0, 29, 3, 0], [1, 4, 0, 2, 0, 3, 3, 0, 1, 1]], [[3, 1, 5, 0, 0, 2, 2, 1, 0, 0], [0, 2, 0, 0, 1, 4, 2, 1, 4, 0], [0, 7, 7, 6, 9, 3, 1, 20, 5, 3], [2, 4, 1, 0, 1, 0, 3, 0, 0, 0]], [[2, 2, 3, 0, 0, 0, 0, 1, 1, 1], [0, 0, 0, 1, 1, 5, 3, 0, 1, 6], [1, 5, 9, 5, 9, 5, 0, 19, 2, 1], [3, 7, 0, 1, 1, 1, 2, 0, 1, 1]], [[2, 3, 5, 0, 0, 1, 0, 1, 1, 0], [1, 3, 0, 0, 0, 1, 1, 0, 3, 4], [0, 14, 9, 4, 8, 7, 2, 16, 3, 1], [0, 3, 0, 0, 1, 0, 3, 2, 0, 1]], [[2, 2, 2, 0, 0, 1, 2, 1, 2, 1], [0, 0, 0, 1, 0, 4, 1, 1, 3, 4], [1, 7, 5, 6, 9, 4, 0, 19, 2, 2], [2, 6, 0, 2, 0, 2, 4, 0, 1, 1]], [[5, 0, 1, 0, 1, 1, 2, 1, 0, 0], [0, 3, 1, 1, 1, 3, 2, 0, 3, 0], [1, 7, 8, 6, 9, 2, 0, 20, 2, 2], [0, 4, 1, 3, 1, 1, 3, 1, 2, 2]], [[4, 0, 1, 0, 0, 0, 2, 1, 0, 1], [1, 0, 0, 1, 0, 2, 2, 0, 1, 1], [0, 11, 6, 8, 5, 9, 1, 22, 2, 1], [0, 8, 0, 1, 0, 4, 5, 0, 0, 0]], [[3, 1, 2, 0, 0, 1, 1, 1, 0, 2], [1, 0, 0, 1, 0, 3, 1, 1, 3, 0], [1, 6, 8, 13, 9, 2, 1, 21, 3, 1], [2, 6, 0, 1, 1, 1, 3, 0, 0, 0]], [[5, 1, 5, 0, 0, 2, 0, 0, 0, 2], [0, 0, 0, 1, 0, 5, 0, 2, 0, 0], [0, 9, 12, 13, 5, 9, 0, 14, 2, 2], [0, 4, 1, 4, 1, 0, 1, 0, 0, 0]], [[4, 1, 2, 0, 0, 0, 3, 1, 0, 2], [0, 4, 1, 0, 0, 7, 1, 0, 1, 1], [2, 7, 11, 12, 5, 4, 1, 21, 1, 2], [1, 3, 0, 0, 0, 0, 2, 0, 0, 0]], [[5, 0, 1, 1, 0, 0, 0, 1, 0, 2], [1, 2, 0, 1, 0, 3, 1, 0, 2, 2], [0, 6, 7, 6, 4, 2, 0, 14, 5, 1], [1, 14, 0, 3, 1, 3, 6, 4, 0, 1]], [[6, 1, 1, 0, 0, 1, 1, 0, 1, 2], [0, 3, 3, 0, 2, 4, 0, 1, 0, 1], [0, 0, 0, 2, 1, 1, 0, 8, 1, 0], [8, 22, 1, 3, 3, 4, 14, 2, 0, 3]], [[1, 1, 2, 0, 0, 2, 2, 1, 1, 1], [1, 0, 0, 0, 1, 3, 2, 0, 5, 0], [0, 0, 2, 0, 2, 1, 0, 4, 0, 0], [7, 28, 1, 2, 3, 6, 12, 6, 2, 1]], [[3, 2, 0, 0, 1, 5, 2, 0, 0, 0], [1, 1, 2, 0, 1, 4, 1, 0, 1, 2], [0, 3, 3, 1, 0, 0, 0, 8, 0, 0], [9, 17, 1, 4, 3, 4, 16, 2, 2, 1]], [[7, 0, 5, 0, 0, 4, 2, 0, 0, 2], [0, 1, 1, 2, 0, 5, 2, 0, 2, 1], [0, 3, 4, 3, 2, 0, 0, 3, 0, 0], [5, 22, 1, 4, 3, 2, 11, 0, 1, 2]], [[4, 2, 3, 0, 1, 1, 1, 2, 2, 1], [0, 0, 3, 1, 0, 2, 1, 0, 1, 1], [0, 3, 2, 2, 4, 1, 0, 7, 0, 1], [6, 17, 0, 4, 1, 7, 11, 1, 4, 3]], [[6, 1, 3, 0, 0, 0, 2, 1, 1, 3], [0, 0, 0, 1, 1, 7, 1, 1, 2, 3], [0, 0, 2, 0, 0, 1, 1, 4, 1, 0], [7, 24, 1, 4, 3, 4, 7, 4, 1, 3]], [[6, 1, 1, 0, 1, 0, 0, 0, 1, 1], [0, 1, 0, 3, 2, 3, 3, 2, 3, 1], [0, 2, 2, 3, 1, 1, 0, 0, 0, 0], [7, 26, 0, 6, 1, 5, 11, 2, 1, 3]], [[2, 0, 4, 0, 0, 0, 3, 0, 0, 1], [0, 2, 3, 1, 0, 1, 1, 1, 1, 1], [0, 2, 0, 1, 1, 1, 0, 7, 1, 0], [8, 18, 0, 3, 6, 6, 17, 3, 2, 3]], [[7, 2, 2, 0, 0, 0, 1, 1, 1, 0], [1, 0, 0, 1, 0, 2, 2, 0, 3, 2], [0, 4, 2, 1, 3, 2, 0, 3, 0, 1], [6, 20, 0, 5, 2, 4, 19, 0, 1, 2]], [[4, 1, 1, 0, 0, 4, 1, 0, 0, 2], [0, 3, 0, 0, 2, 6, 2, 0, 1, 0], [0, 2, 2, 1, 1, 0, 0, 4, 0, 0], [5, 19, 0, 4, 6, 9, 15, 2, 2, 1]], [[1, 1, 1, 0, 0, 1, 1, 0, 1, 3], [0, 0, 1, 2, 0, 2, 0, 2, 1, 1], [0, 4, 6, 0, 1, 1, 0, 3, 0, 0], [6, 15, 2, 6, 3, 6, 18, 5, 3, 3]], [[4, 2, 0, 0, 0, 0, 2, 1, 1, 1], [0, 1, 1, 0, 0, 5, 3, 0, 1, 1], [0, 1, 3, 3, 1, 1, 0, 3, 0, 1], [6, 15, 1, 3, 4, 8, 16, 4, 0, 7]]],