{"M": 50, "G": 2, "I": 2, "J": 100, "p": [[0.9055273000019451, 0.09447269999805481], [0.11077641301954382, 0.8892235869804561]], "r": [[[74, 7], [3, 16]], [[67, 6], [2, 25]], [[69, 9], [2, 20]], [[66, 9], [0, 25]], [[63, 6], [3, 28]], [[68, 4], [3, 25]], [[74, 3], [1, 22]], [[71, 10], [2, 17]], [[68, 7], [6, 19]], [[64, 8], [6, 22]], [[64, 8], [2, 26]], [[72, 7], [4, 17]], [[69, 11], [2, 18]], [[60, 12], [0, 28]], [[70, 6], [5, 19]], [[73, 5], [4, 18]], [[62, 16], [4, 18]], [[70, 7], [1, 22]], [[62, 5], [4, 29]], [[64, 4], [5, 27]], [[71, 6], [1, 22]], [[68, 9], [3, 20]], [[69, 4], [3, 24]], [[62, 7], [2, 29]], [[69, 12], [4, 15]], [[25, 0], [9, 66]], [[18, 7], [5, 70]], [[22, 0], [9, 69]], [[24, 2], [9, 65]], [[21, 2], [6, 71]], [[24, 4], [8, 64]], [[17, 3], [9, 71]], [[22, 2], [10, 66]], [[25, 2], [6, 67]], [[21, 4], [7, 68]], [[26, 7], [9, 58]], [[21, 2], [5, 72]], [[24, 2], [9, 65]], [[23, 3], [7, 67]], [[22, 1], [11, 66]], [[24, 1], [8, 67]], [[27, 2], [9, 62]], [[22, 4], [7, 67]], [[21, 2], [7, 70]], [[24, 0], [5, 71]], [[21, 1], [9, 69]], [[29, 0], [6, 65]], [[19, 1], [12, 68]], [[23, 2], [5, 70]], [[23, 3], [11, 63]]], "n": [[77, 23], [69, 31], [71, 29], [66, 34], [66, 34], [71, 29], [75, 25], [73, 27], [74, 26], [70, 30], [66, 34], [76, 24], [71, 29], [60, 40], [75, 25], [77, 23], [66, 34], [71, 29], [66, 34], [69, 31], [72, 28], [71, 29], [72, 28], [64, 36], [73, 27], [34, 66], [23, 77], [31, 69], [33, 67], [27, 73], [32, 68], [26, 74], [32, 68], [31, 69], [28, 72], [35, 65], [26, 74], [33, 67], [30, 70], [33, 67], [32, 68], [36, 64], [29, 71], [28, 72], [29, 71], [30, 70], [35, 65], [31, 69], [28, 72], [34, 66]], "lambda_": 0.5, "b": [[81, 19], [73, 27], [78, 22], [75, 25], [69, 31], [72, 28], [77, 23], [81, 19], [75, 25], [72, 28], [72, 28], [79, 21], [80, 20], [72, 28], [76, 24], [78, 22], [78, 22], [77, 23], [67, 33], [68, 32], [77, 23], [77, 23], [73, 27], [69, 31], [81, 19], [25, 75], [25, 75], [22, 78], [26, 74], [23, 77], [28, 72], [20, 80], [24, 76], [27, 73], [25, 75], [33, 67], [23, 77], [26, 74], [26, 74], [23, 77], [25, 75], [29, 71], [26, 74], [23, 77], [24, 76], [22, 78], [29, 71], [20, 80], [25, 75], [26, 74]]}