{"M": 50, "G": 4, "I": 3, "J": 100, "p": [[0.1698090328001506, 0.3491914819855021, 0.48099948521434727], [0.002282695634743756, 0.10472826176811086, 0.8929890425971453], [0.3833117105681464, 0.20405281529085445, 0.41263547414099916], [0.10819096507086004, 0.7105599496253788, 0.18124908530376127]], "r": [[[13, 24, 30], [0, 0, 13], [5, 1, 2], [1, 9, 2]], [[15, 29, 24], [0, 2, 6], [6, 3, 3], [4, 8, 0]], [[7, 25, 28], [0, 0, 13], [4, 3, 5], [1, 12, 2]], [[7, 27, 32], [0, 1, 6], [8, 2, 3], [2, 10, 2]], [[11, 23, 29], [0, 0, 15], [3, 2, 5], [1, 9, 2]], [[14, 27, 25], [0, 1, 6], [4, 4, 4], [1, 11, 3]], [[8, 24, 28], [0, 3, 17], [5, 2, 3], [0, 10, 0]], [[12, 19, 30], [0, 2, 10], [5, 5, 3], [1, 11, 2]], [[10, 29, 31], [0, 2, 10], [3, 1, 3], [4, 7, 0]], [[10, 22, 22], [0, 2, 11], [6, 3, 7], [2, 12, 3]], [[8, 23, 31], [0, 2, 10], [6, 0, 8], [0, 9, 3]], [[15, 21, 27], [0, 0, 9], [6, 2, 7], [2, 7, 4]], [[4, 15, 16], [0, 4, 32], [2, 3, 8], [1, 14, 1]], [[0, 6, 4], [0, 5, 56], [5, 4, 5], [2, 8, 5]], [[1, 4, 7], [0, 4, 54], [6, 5, 6], [3, 10, 0]], [[2, 4, 7], [1, 5, 56], [6, 3, 6], [1, 6, 3]], [[2, 3, 7], [1, 6, 59], [3, 4, 2], [1, 9, 3]], [[1, 1, 6], [0, 4, 58], [6, 2, 7], [0, 10, 5]], [[1, 3, 4], [0, 7, 53], [4, 3, 5], [4, 11, 5]], [[2, 2, 7], [0, 7, 55], [4, 3, 9], [3, 7, 1]], [[1, 9, 3], [0, 10, 56], [6, 5, 3], [1, 3, 3]], [[6, 3, 6], [0, 4, 54], [7, 3, 6], [0, 7, 4]], [[2, 5, 7], [0, 4, 59], [5, 1, 3], [2, 8, 4]], [[1, 4, 7], [0, 9, 58], [5, 3, 4], [0, 9, 0]], [[1, 5, 8], [1, 7, 56], [2, 4, 4], [1, 10, 1]], [[1, 4, 3], [0, 2, 15], [31, 9, 24], [3, 7, 1]], [[3, 5, 6], [0, 1, 11], [24, 15, 25], [3, 7, 0]], [[0, 2, 8], [0, 1, 12], [14, 13, 36], [0, 11, 3]], [[0, 5, 5], [0, 3, 12], [25, 16, 21], [1, 7, 5]], [[2, 0, 7], [0, 1, 12], [28, 9, 27], [2, 9, 3]], [[1, 7, 9], [0, 2, 10], [24, 14, 19], [1, 11, 2]], [[3, 4, 5], [0, 0, 11], [25, 12, 28], [1, 6, 5]], [[2, 9, 4], [0, 1, 12], [18, 7, 25], [3, 15, 4]], [[3, 6, 2], [0, 0, 11], [25, 11, 27], [1, 12, 2]], [[1, 5, 5], [0, 2, 11], [22, 12, 29], [1, 10, 2]], [[3, 7, 5], [0, 2, 10], [18, 16, 28], [5, 4, 2]], [[5, 4, 3], [0, 0, 9], [24, 17, 24], [4, 9, 1]], [[0, 4, 8], [0, 0, 10], [17, 8, 16], [3, 26, 8]], [[1, 4, 1], [0, 3, 14], [9, 2, 7], [11, 32, 16]], [[3, 3, 7], [0, 1, 11], [6, 2, 8], [4, 40, 15]], [[2, 7, 5], [0, 2, 12], [3, 4, 6], [8, 41, 10]], [[1, 4, 9], [0, 3, 11], [5, 2, 6], [5, 41, 13]], [[1, 6, 7], [0, 4, 10], [8, 4, 1], [7, 36, 16]], [[1, 4, 4], [0, 0, 8], [2, 3, 4], [6, 53, 15]], [[2, 7, 5], [0, 1, 15], [3, 1, 11], [9, 37, 9]], [[1, 6, 13], [0, 0, 8], [3, 3, 8], [12, 33, 13]], [[2, 5, 7], [0, 0, 11], [3, 2, 8], [6, 46, 10]], [[2, 6, 5], [0, 2, 16], [2, 4, 5], [6, 42, 10]], [[2, 4, 7], [0, 2, 16], [2, 1, 7], [10, 43, 6]], [[0, 4, 11], [0, 1, 12], [3, 0, 5], [7, 48, 9]]], "n": [[19, 34, 47], [25, 42, 33], [12, 40, 48], [17, 40, 43], [15, 34, 51], [19, 43, 38], [13, 39, 48], [18, 37, 45], [17, 39, 44], [18, 39, 43], [14, 34, 52], [23, 30, 47], [7, 36, 57], [7, 23, 70], [10, 23, 67], [10, 18, 72], [7, 22, 71], [7, 17, 76], [9, 24, 67], [9, 19, 72], [8, 27, 65], [13, 17, 70], [9, 18, 73], [6, 25, 69], [5, 26, 69], [35, 22, 43], [30, 28, 42], [14, 27, 59], [26, 31, 43], [32, 19, 49], [26, 34, 40], [29, 22, 49], [23, 32, 45], [29, 29, 42], [24, 29, 47], [26, 29, 45], [33, 30, 37], [20, 38, 42], [21, 41, 38], [13, 46, 41], [13, 54, 33], [11, 50, 39], [16, 50, 34], [9, 60, 31], [14, 46, 40], [16, 42, 42], [11, 53, 36], [10, 54, 36], [14, 50, 36], [10, 53, 37]], "lambda_": 0.5, "b": [[67, 13, 8, 12], [68, 8, 12, 12], [60, 13, 12, 15], [66, 7, 13, 14], [63, 15, 10, 12], [66, 7, 12, 15], [60, 20, 10, 10], [61, 12, 13, 14], [70, 12, 7, 11], [54, 13, 16, 17], [62, 12, 14, 12], [63, 9, 15, 13], [35, 36, 13, 16], [10, 61, 14, 15], [12, 58, 17, 13], [13, 62, 15, 10], [12, 66, 9, 13], [8, 62, 15, 15], [8, 60, 12, 20], [11, 62, 16, 11], [13, 66, 14, 7], [15, 58, 16, 11], [14, 63, 9, 14], [12, 67, 12, 9], [14, 64, 10, 12], [8, 17, 64, 11], [14, 12, 64, 10], [10, 13, 63, 14], [10, 15, 62, 13], [9, 13, 64, 14], [17, 12, 57, 14], [12, 11, 65, 12], [15, 13, 50, 22], [11, 11, 63, 15], [11, 13, 63, 13], [15, 12, 62, 11], [12, 9, 65, 14], [12, 10, 41, 37], [6, 17, 18, 59], [13, 12, 16, 59], [14, 14, 13, 59], [14, 14, 13, 59], [14, 14, 13, 59], [9, 8, 9, 74], [14, 16, 15, 55], [20, 8, 14, 58], [14, 11, 13, 62], [13, 18, 11, 58], [13, 18, 10, 59], [15, 13, 8, 64]]}