{"M": 50, "G": 3, "I": 10, "J": 100, "p": [[0.07961204957328555, 0.05334130276955757, 0.15974625935528347, 0.01520417981069265, 0.14485572387769835, 0.10506232004872461, 0.08309888306951296, 0.3344029938038988, 0.022500991524444326, 0.002175296166901715], [0.11041562041843452, 0.20549084721159183, 0.14569309460047292, 0.002299068470075074, 0.012939030064866993, 0.038644144714774474, 0.1269946163384455, 0.21625373472435236, 0.02421220214550745, 0.11705764131147908], [0.10266653452655629, 0.03708399179703409, 0.13319222292738928, 0.1435889494144332, 0.01877161025909796, 0.25477429857915296, 0.0552593377388751, 0.0937544862565924, 0.020261829253660643, 0.1406467392472082]], "r": [[[9, 0, 10, 1, 9, 9, 5, 21, 3, 0], [2, 2, 5, 0, 0, 2, 4, 5, 0, 0], [2, 1, 0, 4, 0, 4, 0, 2, 0, 0]], [[5, 6, 7, 2, 9, 9, 2, 29, 2, 1], [2, 4, 3, 0, 0, 0, 3, 0, 0, 2], [2, 0, 2, 2, 0, 6, 0, 0, 0, 2]], [[5, 2, 9, 3, 10, 8, 5, 27, 1, 0], [1, 1, 3, 0, 0, 0, 0, 8, 0, 2], [1, 3, 1, 2, 0, 4, 1, 1, 0, 2]], [[9, 2, 11, 3, 7, 5, 6, 18, 1, 1], [1, 2, 3, 0, 1, 1, 1, 3, 2, 1], [3, 0, 5, 2, 0, 4, 1, 3, 0, 4]], [[9, 5, 9, 0, 8, 6, 9, 18, 2, 0], [2, 2, 4, 0, 0, 1, 2, 8, 1, 1], [1, 1, 5, 1, 1, 4, 0, 0, 0, 0]], [[6, 3, 14, 1, 6, 7, 4, 20, 0, 0], [1, 2, 4, 0, 0, 2, 4, 2, 1, 2], [2, 1, 1, 5, 0, 6, 0, 2, 0, 4]], [[1, 4, 12, 0, 17, 4, 7, 21, 1, 0], [0, 1, 4, 0, 0, 0, 0, 2, 2, 3], [1, 1, 4, 2, 1, 3, 2, 3, 1, 3]], [[9, 4, 15, 1, 17, 12, 5, 10, 1, 1], [0, 3, 2, 0, 1, 0, 2, 2, 0, 4], [1, 0, 0, 3, 0, 3, 0, 1, 1, 2]], [[5, 2, 10, 2, 9, 5, 4, 20, 0, 0], [1, 4, 4, 0, 0, 2, 2, 8, 0, 4], [3, 2, 0, 2, 1, 5, 1, 1, 0, 3]], [[6, 5, 9, 2, 12, 5, 9, 19, 1, 0], [1, 1, 5, 0, 0, 2, 2, 5, 0, 3], [1, 1, 0, 3, 0, 7, 0, 0, 0, 1]], [[7, 4, 8, 0, 9, 6, 8, 20, 3, 0], [1, 4, 4, 0, 0, 0, 2, 5, 0, 0], [1, 1, 4, 3, 0, 5, 0, 1, 1, 3]], [[3, 3, 11, 1, 8, 9, 8, 23, 3, 0], [2, 4, 0, 0, 0, 1, 2, 2, 1, 1], [2, 0, 4, 1, 0, 6, 1, 0, 0, 4]], [[2, 6, 11, 1, 10, 7, 6, 19, 3, 0], [1, 4, 1, 0, 0, 1, 5, 5, 0, 1], [1, 0, 3, 1, 0, 5, 1, 1, 0, 5]], [[8, 2, 13, 0, 11, 1, 2, 26, 1, 0], [2, 6, 4, 0, 0, 2, 2, 5, 0, 1], [0, 1, 3, 1, 0, 4, 1, 1, 0, 3]], [[5, 4, 14, 3, 14, 10, 8, 18, 0, 0], [1, 4, 2, 0, 0, 0, 2, 3, 0, 3], [0, 0, 1, 3, 0, 2, 1, 0, 0, 2]], [[10, 3, 4, 1, 8, 11, 6, 20, 1, 0], [0, 1, 2, 0, 0, 1, 2, 6, 0, 0], [3, 1, 2, 0, 0, 7, 4, 2, 0, 5]], [[2, 7, 7, 2, 7, 5, 4, 14, 2, 0], [3, 8, 3, 0, 0, 0, 5, 5, 4, 4], [3, 2, 3, 2, 0, 2, 1, 2, 1, 2]], [[2, 0, 2, 0, 3, 2, 3, 6, 1, 0], [14, 10, 5, 0, 1, 2, 9, 21, 2, 4], [2, 0, 2, 3, 1, 1, 1, 1, 0, 2]], [[2, 3, 3, 0, 1, 1, 0, 9, 0, 0], [6, 16, 6, 1, 1, 3, 7, 12, 1, 7], [4, 0, 3, 2, 0, 5, 1, 2, 1, 3]], [[2, 2, 5, 0, 0, 0, 0, 7, 0, 0], [8, 13, 8, 0, 1, 2, 6, 16, 2, 9], [2, 0, 0, 6, 1, 4, 1, 2, 0, 3]], [[0, 0, 2, 0, 0, 4, 1, 7, 1, 0], [10, 17, 11, 0, 0, 2, 7, 7, 3, 4], [2, 1, 4, 5, 0, 4, 0, 4, 0, 4]], [[0, 1, 1, 1, 2, 2, 3, 1, 1, 1], [9, 16, 12, 0, 1, 2, 9, 13, 3, 8], [2, 3, 2, 1, 0, 3, 1, 1, 0, 1]], [[4, 2, 3, 0, 4, 3, 0, 6, 0, 0], [9, 11, 11, 0, 2, 3, 10, 13, 0, 5], [0, 1, 0, 2, 1, 7, 0, 0, 0, 3]], [[1, 0, 2, 1, 2, 1, 2, 6, 1, 0], [8, 25, 10, 0, 0, 1, 7, 16, 2, 7], [2, 1, 0, 4, 0, 1, 0, 0, 0, 0]], [[1, 1, 2, 0, 2, 3, 1, 5, 1, 0], [4, 15, 7, 0, 0, 1, 10, 23, 2, 7], [0, 0, 1, 3, 0, 7, 1, 2, 1, 0]], [[1, 2, 0, 0, 3, 1, 2, 8, 0, 0], [7, 15, 16, 0, 1, 1, 12, 15, 1, 4], [0, 3, 1, 3, 0, 2, 0, 1, 1, 0]], [[0, 3, 0, 1, 0, 3, 2, 0, 0, 0], [7, 14, 8, 0, 1, 8, 16, 12, 0, 8], [2, 0, 2, 2, 0, 5, 1, 2, 1, 2]], [[0, 1, 3, 0, 0, 3, 1, 4, 0, 0], [10, 9, 10, 0, 2, 2, 10, 16, 1, 6], [0, 1, 4, 3, 0, 7, 5, 0, 0, 2]], [[0, 2, 2, 0, 2, 2, 1, 10, 1, 0], [8, 10, 9, 0, 1, 5, 4, 17, 2, 6], [1, 0, 7, 4, 0, 1, 2, 1, 0, 2]], [[1, 0, 3, 1, 1, 1, 1, 6, 2, 0], [8, 13, 11, 0, 0, 2, 12, 11, 1, 7], [2, 2, 4, 2, 0, 4, 1, 2, 0, 2]], [[1, 1, 3, 0, 1, 3, 3, 5, 0, 0], [3, 15, 9, 1, 0, 0, 8, 13, 2, 9], [0, 1, 4, 2, 1, 6, 0, 3, 0, 6]], [[2, 0, 0, 0, 0, 1, 2, 13, 0, 0], [10, 16, 9, 0, 0, 2, 11, 13, 0, 4], [3, 0, 5, 1, 1, 6, 0, 0, 1, 0]], [[1, 2, 1, 0, 5, 1, 1, 3, 1, 0], [9, 15, 8, 0, 0, 4, 8, 12, 2, 7], [1, 0, 3, 2, 0, 7, 2, 2, 0, 3]], [[2, 1, 0, 0, 3, 1, 2, 4, 2, 0], [3, 11, 10, 0, 0, 3, 5, 4, 0, 5], [8, 1, 5, 7, 0, 11, 2, 1, 0, 9]], [[2, 2, 0, 0, 3, 2, 0, 4, 0, 0], [1, 4, 1, 0, 0, 1, 2, 5, 0, 1], [5, 3, 8, 9, 1, 17, 2, 12, 2, 13]], [[1, 0, 4, 1, 4, 3, 3, 3, 0, 0], [3, 3, 1, 1, 1, 0, 2, 1, 0, 1], [4, 1, 6, 12, 2, 14, 6, 7, 3, 13]], [[2, 1, 3, 0, 2, 2, 2, 4, 0, 0], [5, 2, 2, 0, 0, 1, 1, 6, 0, 1], [8, 1, 7, 11, 3, 16, 1, 8, 1, 10]], [[1, 1, 4, 0, 4, 1, 1, 5, 1, 0], [1, 5, 2, 0, 0, 1, 2, 2, 1, 4], [4, 4, 6, 7, 2, 15, 4, 7, 2, 13]], [[2, 1, 2, 1, 2, 6, 0, 3, 0, 0], [2, 7, 0, 0, 0, 0, 3, 3, 1, 1], [3, 2, 12, 13, 2, 18, 7, 6, 0, 3]], [[1, 1, 2, 0, 0, 0, 1, 0, 0, 1], [0, 3, 5, 0, 0, 1, 2, 7, 0, 2], [9, 3, 13, 9, 1, 15, 8, 5, 1, 10]], [[1, 0, 6, 0, 2, 3, 1, 10, 0, 0], [1, 0, 3, 0, 0, 0, 2, 7, 0, 1], [4, 5, 10, 7, 1, 16, 2, 7, 1, 10]], [[3, 1, 3, 0, 4, 1, 1, 2, 1, 0], [2, 8, 3, 0, 0, 0, 2, 4, 1, 3], [6, 0, 3, 9, 4, 19, 5, 4, 1, 10]], [[1, 1, 2, 0, 2, 2, 2, 8, 0, 0], [5, 3, 3, 0, 2, 0, 1, 4, 1, 1], [9, 2, 8, 8, 2, 18, 1, 8, 0, 6]], [[2, 0, 1, 1, 4, 2, 1, 4, 0, 0], [2, 4, 0, 0, 0, 0, 0, 1, 0, 3], [12, 3, 7, 11, 0, 19, 7, 7, 0, 9]], [[1, 0, 4, 0, 0, 2, 3, 7, 1, 0], [0, 5, 1, 0, 0, 1, 3, 2, 1, 2], [6, 3, 14, 7, 1, 13, 4, 6, 2, 11]], [[3, 2, 3, 0, 0, 2, 4, 3, 1, 0], [1, 4, 2, 0, 0, 2, 0, 1, 1, 2], [8, 3, 9, 7, 1, 25, 3, 3, 1, 9]], [[1, 0, 0, 0, 0, 2, 1, 12, 0, 0], [1, 7, 0, 0, 0, 2, 2, 4, 1, 2], [7, 1, 7, 16, 0, 19, 2, 4, 4, 5]], [[2, 1, 3, 0, 5, 1, 3, 7, 0, 0], [4, 0, 3, 0, 0, 1, 4, 4, 0, 0], [6, 3, 12, 9, 1, 16, 2, 6, 0, 7]], [[2, 0, 3, 0, 3, 2, 2, 6, 2, 0], [1, 6, 2, 0, 0, 1, 1, 2, 1, 4], [8, 1, 17, 7, 1, 18, 2, 2, 1, 5]], [[2, 0, 4, 0, 4, 2, 0, 7, 0, 0], [0, 2, 1, 0, 1, 0, 3, 1, 1, 2], [14, 2, 11, 8, 1, 17, 2, 5, 3, 7]]], "n": [[13, 3, 15, 5, 9, 15, 9, 28, 3, 0], [9, 10, 12, 4, 9, 15, 5, 29, 2, 5], [7, 6, 13, 5, 10, 12, 6, 36, 1, 4], [13, 4, 19, 5, 8, 10, 8, 24, 3, 6], [12, 8, 18, 1, 9, 11, 11, 26, 3, 1], [9, 6, 19, 6, 6, 15, 8, 24, 1, 6], [2, 6, 20, 2, 18, 7, 9, 26, 4, 6], [10, 7, 17, 4, 18, 15, 7, 13, 2, 7], [9, 8, 14, 4, 10, 12, 7, 29, 0, 7], [8, 7, 14, 5, 12, 14, 11, 24, 1, 4], [9, 9, 16, 3, 9, 11, 10, 26, 4, 3], [7, 7, 15, 2, 8, 16, 11, 25, 4, 5], [4, 10, 15, 2, 10, 13, 12, 25, 3, 6], [10, 9, 20, 1, 11, 7, 5, 32, 1, 4], [6, 8, 17, 6, 14, 12, 11, 21, 0, 5], [13, 5, 8, 1, 8, 19, 12, 28, 1, 5], [8, 17, 13, 4, 7, 7, 10, 21, 7, 6], [18, 10, 9, 3, 5, 5, 13, 28, 3, 6], [12, 19, 12, 3, 2, 9, 8, 23, 2, 10], [12, 15, 13, 6, 2, 6, 7, 25, 2, 12], [12, 18, 17, 5, 0, 10, 8, 18, 4, 8], [11, 20, 15, 2, 3, 7, 13, 15, 4, 10], [13, 14, 14, 2, 7, 13, 10, 19, 0, 8], [11, 26, 12, 5, 2, 3, 9, 22, 3, 7], [5, 16, 10, 3, 2, 11, 12, 30, 4, 7], [8, 20, 17, 3, 4, 4, 14, 24, 2, 4], [9, 17, 10, 3, 1, 16, 19, 14, 1, 10], [10, 11, 17, 3, 2, 12, 16, 20, 1, 8], [9, 12, 18, 4, 3, 8, 7, 28, 3, 8], [11, 15, 18, 3, 1, 7, 14, 19, 3, 9], [4, 17, 16, 3, 2, 9, 11, 21, 2, 15], [15, 16, 14, 1, 1, 9, 13, 26, 1, 4], [11, 17, 12, 2, 5, 12, 11, 17, 3, 10], [13, 13, 15, 7, 3, 15, 9, 9, 2, 14], [8, 9, 9, 9, 4, 20, 4, 21, 2, 14], [8, 4, 11, 14, 7, 17, 11, 11, 3, 14], [15, 4, 12, 11, 5, 19, 4, 18, 1, 11], [6, 10, 12, 7, 6, 17, 7, 14, 4, 17], [7, 10, 14, 14, 4, 24, 10, 12, 1, 4], [10, 7, 20, 9, 1, 16, 11, 12, 1, 13], [6, 5, 19, 7, 3, 19, 5, 24, 1, 11], [11, 9, 9, 9, 8, 20, 8, 10, 3, 13], [15, 6, 13, 8, 6, 20, 4, 20, 1, 7], [16, 7, 8, 12, 4, 21, 8, 12, 0, 12], [7, 8, 19, 7, 1, 16, 10, 15, 4, 13], [12, 9, 14, 7, 1, 29, 7, 7, 3, 11], [9, 8, 7, 16, 0, 23, 5, 20, 5, 7], [12, 4, 18, 9, 6, 18, 9, 17, 0, 7], [11, 7, 22, 7, 4, 21, 5, 10, 4, 9], [16, 4, 16, 8, 6, 19, 5, 13, 4, 9]], "lambda_": 0.5,