{"M": 50, "G": 3, "I": 5, "J": 100, "p": [[0.1434167077505913, 0.025865930778568604, 0.16584060853400148, 0.3217943362172919, 0.3430824167195466], [0.11305586418501984, 0.17575267345451986, 0.2795850701403244, 0.19203123202957184, 0.23957516019056416], [0.01246011878013732, 0.1238368048144796, 0.021064693941961567, 0.6796329880710139, 0.1630053943924077]], "r": [[[12, 2, 14, 11, 26], [2, 2, 4, 4, 9], [0, 1, 0, 8, 5]], [[15, 5, 16, 14, 21], [0, 2, 4, 4, 4], [0, 3, 0, 10, 2]], [[10, 1, 19, 20, 24], [1, 3, 4, 5, 2], [0, 2, 0, 5, 4]], [[10, 2, 6, 23, 22], [3, 4, 4, 5, 3], [0, 4, 1, 12, 1]], [[10, 0, 14, 24, 28], [1, 3, 5, 0, 1], [0, 3, 0, 9, 2]], [[5, 1, 18, 24, 23], [1, 0, 3, 2, 3], [1, 1, 1, 11, 6]], [[6, 2, 21, 20, 26], [0, 3, 8, 1, 4], [0, 1, 0, 8, 0]], [[7, 4, 10, 28, 27], [4, 0, 2, 1, 4], [1, 0, 1, 10, 1]], [[9, 2, 6, 25, 22], [0, 2, 7, 4, 3], [1, 4, 0, 11, 4]], [[14, 1, 9, 22, 15], [1, 5, 4, 3, 10], [0, 3, 0, 11, 2]], [[11, 1, 13, 23, 18], [2, 5, 4, 4, 1], [0, 3, 1, 14, 0]], [[10, 1, 11, 25, 17], [2, 2, 6, 1, 7], [0, 1, 0, 15, 2]], [[13, 1, 12, 25, 23], [1, 2, 6, 3, 3], [0, 1, 0, 7, 3]], [[11, 0, 11, 23, 20], [2, 3, 2, 6, 5], [0, 2, 0, 12, 3]], [[12, 2, 12, 24, 12], [2, 3, 4, 6, 2], [0, 4, 0, 15, 2]], [[13, 1, 16, 14, 22], [0, 1, 3, 1, 7], [0, 3, 1, 15, 3]], [[8, 2, 9, 19, 16], [3, 6, 5, 6, 8], [0, 3, 0, 11, 4]], [[1, 0, 1, 3, 6], [5, 19, 18, 10, 20], [0, 1, 0, 13, 3]], [[7, 1, 3, 4, 5], [6, 13, 21, 12, 17], [0, 3, 1, 5, 2]], [[2, 0, 2, 6, 6], [9, 5, 21, 14, 11], [0, 1, 1, 18, 4]], [[2, 0, 1, 5, 4], [7, 12, 17, 14, 15], [1, 4, 0, 15, 3]], [[3, 0, 5, 5, 5], [5, 2, 27, 18, 15], [0, 3, 0, 9, 3]], [[2, 0, 3, 3, 8], [8, 9, 22, 17, 15], [0, 1, 1, 11, 0]], [[1, 0, 2, 6, 5], [8, 14, 23, 14, 13], [0, 1, 0, 9, 4]], [[4, 0, 3, 3, 5], [13, 7, 22, 16, 14], [0, 1, 0, 8, 4]], [[4, 0, 1, 5, 4], [6, 8, 21, 17, 16], [0, 1, 0, 15, 2]], [[0, 1, 5, 9, 9], [10, 11, 14, 14, 16], [0, 0, 0, 9, 2]], [[0, 0, 2, 5, 6], [6, 13, 18, 12, 20], [1, 1, 0, 14, 2]], [[3, 2, 6, 3, 7], [7, 12, 15, 12, 15], [0, 2, 0, 13, 3]], [[5, 1, 3, 0, 2], [5, 13, 19, 19, 19], [0, 0, 0, 11, 3]], [[0, 0, 3, 6, 8], [7, 10, 23, 17, 10], [0, 2, 0, 14, 0]], [[0, 0, 4, 4, 8], [7, 11, 24, 9, 14], [0, 3, 2, 11, 3]], [[0, 0, 2, 4, 7], [9, 9, 25, 15, 14], [0, 2, 0, 11, 2]], [[1, 1, 4, 7, 5], [2, 5, 11, 9, 11], [2, 3, 2, 29, 8]], [[4, 0, 3, 5, 4], [3, 0, 5, 3, 8], [1, 6, 1, 42, 15]], [[6, 1, 5, 2, 5], [2, 3, 6, 3, 4], [0, 4, 3, 42, 14]], [[2, 1, 7, 8, 4], [3, 3, 6, 1, 2], [1, 8, 2, 45, 7]], [[4, 0, 1, 4, 9], [3, 2, 2, 5, 2], [1, 7, 1, 52, 7]], [[1, 1, 2, 3, 6], [2, 1, 8, 1, 2], [1, 9, 0, 46, 17]], [[2, 0, 3, 1, 7], [1, 3, 5, 2, 5], [0, 8, 0, 51, 12]], [[1, 1, 2, 5, 5], [1, 1, 3, 1, 5], [2, 9, 1, 47, 16]], [[7, 0, 1, 10, 3], [0, 2, 5, 3, 2], [1, 10, 0, 53, 3]], [[1, 0, 3, 3, 10], [1, 0, 5, 4, 2], [3, 10, 4, 45, 9]], [[4, 0, 0, 4, 8], [3, 4, 2, 3, 6], [2, 10, 1, 43, 10]], [[2, 1, 3, 6, 4], [1, 2, 6, 2, 6], [0, 5, 1, 53, 8]], [[2, 0, 0, 2, 10], [3, 2, 1, 3, 6], [0, 11, 2, 41, 17]], [[3, 0, 2, 5, 4], [4, 3, 4, 7, 3], [0, 8, 0, 44, 13]], [[2, 0, 3, 4, 3], [0, 4, 4, 4, 7], [1, 6, 1, 45, 16]], [[3, 0, 3, 0, 6], [3, 3, 5, 3, 5], [2, 8, 0, 52, 7]], [[2, 1, 2, 6, 4], [0, 6, 5, 4, 6], [2, 5, 3, 43, 11]]], "n": [[14, 5, 18, 23, 40], [15, 10, 20, 28, 27], [11, 6, 23, 30, 30], [13, 10, 11, 40, 26], [11, 6, 19, 33, 31], [7, 2, 22, 37, 32], [6, 6, 29, 29, 30], [12, 4, 13, 39, 32], [10, 8, 13, 40, 29], [15, 9, 13, 36, 27], [13, 9, 18, 41, 19], [12, 4, 17, 41, 26], [14, 4, 18, 35, 29], [13, 5, 13, 41, 28], [14, 9, 16, 45, 16], [13, 5, 20, 30, 32], [11, 11, 14, 36, 28], [6, 20, 19, 26, 29], [13, 17, 25, 21, 24], [11, 6, 24, 38, 21], [10, 16, 18, 34, 22], [8, 5, 32, 32, 23], [10, 10, 26, 31, 23], [9, 15, 25, 29, 22], [17, 8, 25, 27, 23], [10, 9, 22, 37, 22], [10, 12, 19, 32, 27], [7, 14, 20, 31, 28], [10, 16, 21, 28, 25], [10, 14, 22, 30, 24], [7, 12, 26, 37, 18], [7, 14, 30, 24, 25], [9, 11, 27, 30, 23], [5, 9, 17, 45, 24], [8, 6, 9, 50, 27], [8, 8, 14, 47, 23], [6, 12, 15, 54, 13], [8, 9, 4, 61, 18], [4, 11, 10, 50, 25], [3, 11, 8, 54, 24], [4, 11, 6, 53, 26], [8, 12, 6, 66, 8], [5, 10, 12, 52, 21], [9, 14, 3, 50, 24], [3, 8, 10, 61, 18], [5, 13, 3, 46, 33], [7, 11, 6, 56, 20], [3, 10, 8, 53, 26], [8, 11, 8, 55, 18], [4, 12, 10, 53, 21]], "lambda_": 0.5, "b": [[65, 21, 14], [71, 14, 15], [74, 15, 11], [63, 19, 18], [76, 10, 14], [71, 9, 20], [75, 16, 9], [76, 11, 13], [64, 16, 20], [61, 23, 16], [66, 16, 18], [64, 18, 18], [74, 15, 11], [65, 18, 17], [62, 17, 21], [66, 12, 22], [54, 28, 18], [11, 72, 17], [20, 69, 11], [16, 60, 24], [12, 65, 23], [18, 67, 15], [16, 71, 13], [14, 72, 14], [15, 72, 13], [14, 68, 18], [24, 65, 11], [13, 69, 18], [21, 61, 18], [11, 75, 14], [17, 67, 16], [16, 65, 19], [13, 72, 15], [18, 38, 44], [16, 19, 65], [19, 18, 63], [22, 15, 63], [18, 14, 68], [13, 14, 73], [13, 16, 71], [14, 11, 75], [21, 12, 67], [17, 12, 71], [16, 18, 66], [16, 17, 67], [14, 15, 71], [14, 21, 65], [12, 19, 69], [12, 19, 69], [15, 21, 64]]}