{"M": 50, "G": 2, "I": 5, "J": 100, "p": [[0.043982912303551426, 0.35847073378653804, 0.04057634555930091, 0.4395337506252747, 0.11743625772533485], [0.2564738925372311, 0.39363112002854944, 0.198078425534879, 0.09545414590110726, 0.05636241599823328]], "r": [[[5, 25, 2, 36, 9], [2, 11, 4, 3, 3]], [[5, 18, 3, 38, 8], [8, 9, 5, 4, 2]], [[3, 31, 4, 31, 6], [5, 5, 12, 2, 1]], [[3, 23, 5, 31, 12], [6, 15, 1, 3, 1]], [[6, 21, 6, 38, 4], [5, 14, 4, 2, 0]], [[4, 29, 3, 31, 8], [7, 11, 2, 2, 3]], [[5, 27, 2, 35, 7], [8, 9, 5, 1, 1]], [[3, 32, 3, 30, 9], [5, 11, 5, 2, 0]], [[3, 19, 5, 42, 8], [4, 15, 1, 2, 1]], [[3, 22, 2, 36, 8], [6, 8, 10, 3, 2]], [[1, 22, 6, 40, 7], [6, 12, 4, 1, 1]], [[1, 27, 3, 32, 8], [3, 16, 8, 1, 1]], [[2, 24, 4, 34, 13], [9, 9, 5, 0, 0]], [[3, 28, 3, 34, 7], [7, 8, 9, 0, 1]], [[2, 27, 0, 33, 9], [11, 13, 2, 2, 1]], [[3, 23, 2, 36, 13], [7, 10, 6, 0, 0]], [[2, 36, 2, 29, 9], [7, 8, 3, 2, 2]], [[2, 28, 5, 34, 10], [6, 10, 2, 1, 2]], [[0, 27, 5, 29, 8], [8, 8, 7, 3, 5]], [[5, 28, 5, 36, 7], [4, 8, 6, 0, 1]], [[3, 32, 5, 37, 9], [3, 6, 3, 1, 1]], [[3, 33, 2, 33, 7], [5, 7, 7, 3, 0]], [[5, 30, 2, 38, 6], [5, 6, 4, 3, 1]], [[2, 27, 3, 37, 13], [3, 7, 5, 2, 1]], [[5, 29, 2, 28, 9], [6, 8, 8, 4, 1]], [[5, 12, 0, 9, 0], [14, 32, 18, 6, 4]], [[1, 4, 1, 14, 3], [17, 37, 12, 4, 7]], [[0, 5, 0, 9, 1], [28, 27, 21, 5, 4]], [[1, 6, 3, 9, 6], [15, 34, 15, 2, 9]], [[1, 13, 2, 11, 5], [16, 33, 12, 3, 4]], [[0, 11, 2, 11, 1], [17, 36, 16, 4, 2]], [[0, 5, 1, 5, 4], [17, 32, 19, 12, 5]], [[2, 6, 2, 11, 3], [24, 30, 16, 4, 2]], [[1, 7, 1, 15, 2], [18, 32, 17, 6, 1]], [[1, 11, 0, 12, 1], [19, 31, 13, 8, 4]], [[1, 9, 0, 12, 4], [16, 33, 10, 12, 3]], [[0, 4, 1, 12, 4], [21, 24, 24, 7, 3]], [[0, 15, 1, 6, 6], [18, 22, 21, 8, 3]], [[1, 9, 0, 7, 4], [17, 38, 13, 6, 5]], [[0, 9, 1, 9, 5], [19, 35, 12, 6, 4]], [[2, 10, 2, 14, 1], [15, 22, 18, 8, 8]], [[0, 9, 1, 12, 1], [18, 27, 20, 5, 7]], [[2, 8, 2, 12, 2], [16, 30, 15, 10, 3]], [[0, 10, 2, 12, 5], [21, 25, 15, 3, 7]], [[1, 7, 2, 7, 4], [16, 30, 18, 13, 2]], [[0, 12, 0, 10, 0], [22, 33, 8, 9, 6]], [[0, 7, 2, 12, 4], [17, 28, 20, 7, 3]], [[1, 9, 1, 11, 6], [18, 29, 16, 7, 2]], [[3, 8, 0, 6, 1], [21, 28, 18, 12, 3]], [[3, 6, 0, 11, 2], [18, 26, 22, 7, 5]]], "n": [[7, 36, 6, 39, 12], [13, 27, 8, 42, 10], [8, 36, 16, 33, 7], [9, 38, 6, 34, 13], [11, 35, 10, 40, 4], [11, 40, 5, 33, 11], [13, 36, 7, 36, 8], [8, 43, 8, 32, 9], [7, 34, 6, 44, 9], [9, 30, 12, 39, 10], [7, 34, 10, 41, 8], [4, 43, 11, 33, 9], [11, 33, 9, 34, 13], [10, 36, 12, 34, 8], [13, 40, 2, 35, 10], [10, 33, 8, 36, 13], [9, 44, 5, 31, 11], [8, 38, 7, 35, 12], [8, 35, 12, 32, 13], [9, 36, 11, 36, 8], [6, 38, 8, 38, 10], [8, 40, 9, 36, 7], [10, 36, 6, 41, 7], [5, 34, 8, 39, 14], [11, 37, 10, 32, 10], [19, 44, 18, 15, 4], [18, 41, 13, 18, 10], [28, 32, 21, 14, 5], [16, 40, 18, 11, 15], [17, 46, 14, 14, 9], [17, 47, 18, 15, 3], [17, 37, 20, 17, 9], [26, 36, 18, 15, 5], [19, 39, 18, 21, 3], [20, 42, 13, 20, 5], [17, 42, 10, 24, 7], [21, 28, 25, 19, 7], [18, 37, 22, 14, 9], [18, 47, 13, 13, 9], [19, 44, 13, 15, 9], [17, 32, 20, 22, 9], [18, 36, 21, 17, 8], [18, 38, 17, 22, 5], [21, 35, 17, 15, 12], [17, 37, 20, 20, 6], [22, 45, 8, 19, 6], [17, 35, 22, 19, 7], [19, 38, 17, 18, 8], [24, 36, 18, 18, 4], [21, 32, 22, 18, 7]], "lambda_": 0.5, "b": [[77, 23], [72, 28], [75, 25], [74, 26], [75, 25], [75, 25], [76, 24], [77, 23], [77, 23], [71, 29], [76, 24], [71, 29], [77, 23], [75, 25], [71, 29], [77, 23], [78, 22], [79, 21], [69, 31], [81, 19], [86, 14], [78, 22], [81, 19], [82, 18], [73, 27], [26, 74], [23, 77], [15, 85], [25, 75], [32, 68], [25, 75], [15, 85], [24, 76], [26, 74], [25, 75], [26, 74], [21, 79], [28, 72], [21, 79], [24, 76], [29, 71], [23, 77], [26, 74], [29, 71], [21, 79], [22, 78], [25, 75], [28, 72], [18, 82], [22, 78]]}