{"M": 50, "G": 3, "I": 10, "J": 100, "p": [[0.11991661550111644, 0.005500336308888783, 0.16704342406662817, 0.11966709003802448, 0.11419385771146613, 0.08396111096879105, 0.047944554745746416, 0.2022021665049108, 0.07458129303841314, 0.0649895511160146], [0.10911846334865041, 0.08467984511938151, 0.01625022029009691, 0.0810237270119616, 0.022921616895543978, 0.1729887710175188, 0.21630711039323489, 0.0766399545108728, 0.21073926823980998, 0.009331023172928875], [0.19966258193982236, 0.019156405580939437, 0.15855947193431905, 0.028802863437738628, 0.038588756331956124, 0.2576840829919625, 0.0726925031860041, 0.03209262146888716, 0.0706085005185904, 0.12215221260978017]], "r": [[[4, 0, 13, 10, 9, 11, 3, 11, 1, 3], [1, 1, 1, 2, 0, 4, 2, 1, 1, 0], [3, 0, 2, 2, 0, 8, 3, 0, 3, 1]], [[9, 0, 13, 4, 13, 4, 1, 17, 5, 1], [0, 1, 0, 1, 0, 1, 4, 7, 1, 0], [4, 1, 3, 1, 0, 3, 4, 1, 1, 0]], [[6, 1, 11, 9, 4, 4, 5, 16, 4, 9], [0, 2, 1, 2, 1, 2, 0, 1, 3, 1], [2, 0, 4, 0, 0, 5, 1, 1, 2, 3]], [[8, 0, 12, 7, 7, 4, 2, 8, 6, 5], [0, 0, 0, 3, 0, 4, 7, 3, 5, 0], [6, 0, 5, 0, 0, 3, 2, 1, 0, 2]], [[9, 0, 15, 7, 7, 9, 4, 9, 4, 8], [4, 0, 0, 1, 0, 2, 3, 1, 3, 0], [0, 1, 3, 0, 3, 4, 2, 0, 0, 1]], [[5, 1, 12, 10, 14, 2, 1, 10, 0, 6], [3, 1, 0, 3, 0, 2, 3, 1, 7, 0], [1, 0, 4, 1, 0, 5, 2, 0, 4, 2]], [[8, 0, 10, 4, 14, 6, 1, 11, 8, 4], [5, 2, 0, 0, 1, 4, 5, 3, 1, 1], [1, 1, 1, 0, 1, 5, 0, 0, 2, 1]], [[10, 0, 8, 9, 11, 3, 1, 8, 6, 6], [2, 2, 0, 2, 0, 1, 3, 3, 3, 0], [3, 2, 1, 0, 2, 10, 1, 0, 2, 1]], [[11, 0, 17, 8, 7, 5, 6, 10, 7, 4], [2, 0, 0, 1, 3, 1, 3, 1, 5, 0], [2, 0, 0, 0, 0, 5, 0, 1, 0, 1]], [[4, 0, 11, 9, 9, 7, 3, 13, 7, 5], [3, 1, 2, 1, 0, 2, 1, 2, 4, 1], [6, 0, 2, 1, 0, 1, 1, 1, 1, 2]], [[13, 1, 9, 9, 6, 2, 2, 13, 6, 6], [3, 2, 0, 1, 0, 2, 5, 1, 2, 0], [3, 0, 1, 1, 0, 2, 3, 3, 2, 2]], [[9, 0, 19, 1, 9, 5, 6, 8, 4, 7], [1, 1, 1, 0, 0, 3, 3, 1, 6, 0], [5, 0, 2, 0, 0, 5, 0, 1, 1, 2]], [[9, 0, 11, 8, 3, 8, 2, 18, 4, 2], [5, 0, 0, 1, 0, 3, 3, 0, 5, 0], [3, 0, 2, 2, 0, 3, 3, 1, 3, 1]], [[9, 0, 13, 6, 3, 9, 3, 13, 5, 6], [2, 1, 0, 3, 1, 3, 6, 1, 3, 0], [1, 0, 6, 0, 0, 2, 0, 2, 1, 1]], [[11, 0, 13, 8, 6, 7, 1, 11, 4, 1], [4, 1, 0, 4, 0, 2, 2, 4, 2, 1], [5, 1, 0, 0, 0, 1, 3, 1, 5, 2]], [[6, 0, 12, 5, 9, 5, 5, 19, 2, 6], [0, 0, 1, 2, 0, 3, 6, 0, 5, 0], [3, 0, 4, 1, 0, 4, 0, 0, 2, 0]], [[6, 1, 14, 5, 4, 6, 3, 9, 3, 1], [3, 4, 0, 2, 2, 10, 4, 2, 8, 1], [1, 1, 4, 0, 0, 4, 0, 0, 2, 0]], [[0, 0, 0, 4, 0, 1, 0, 2, 4, 1], [7, 7, 1, 4, 1, 18, 11, 8, 14, 1], [3, 0, 5, 0, 0, 7, 0, 0, 1, 0]], [[3, 0, 2, 1, 0, 0, 1, 4, 1, 0], [7, 10, 1, 6, 1, 15, 15, 3, 13, 0], [3, 0, 1, 0, 0, 9, 1, 1, 1, 1]], [[0, 0, 3, 2, 5, 1, 0, 4, 1, 5], [9, 6, 1, 10, 1, 11, 14, 2, 12, 0], [2, 1, 3, 2, 1, 3, 0, 1, 0, 0]], [[3, 0, 4, 2, 2, 2, 0, 3, 1, 2], [9, 9, 3, 0, 2, 9, 10, 1, 19, 0], [5, 0, 2, 1, 0, 7, 1, 3, 0, 0]], [[2, 0, 2, 2, 4, 3, 1, 5, 0, 0], [13, 5, 0, 7, 2, 10, 9, 5, 13, 2], [3, 1, 4, 1, 0, 4, 0, 2, 0, 0]], [[2, 0, 2, 2, 2, 1, 0, 3, 0, 0], [6, 4, 2, 5, 1, 9, 19, 6, 22, 1], [3, 0, 2, 0, 0, 2, 1, 0, 3, 2]], [[1, 0, 4, 3, 2, 1, 1, 3, 3, 2], [2, 6, 2, 6, 0, 18, 13, 4, 11, 0], [3, 0, 5, 0, 1, 3, 2, 1, 2, 1]], [[5, 0, 5, 3, 4, 1, 0, 3, 1, 0], [4, 9, 1, 6, 2, 7, 17, 5, 15, 1], [2, 0, 2, 0, 0, 5, 0, 0, 1, 1]], [[0, 0, 1, 1, 1, 2, 0, 7, 2, 1], [4, 7, 1, 5, 3, 7, 15, 8, 13, 0], [5, 0, 2, 0, 1, 8, 1, 1, 1, 3]], [[3, 0, 4, 4, 1, 1, 2, 2, 1, 3], [7, 7, 0, 7, 0, 9, 11, 4, 15, 0], [4, 0, 2, 2, 0, 7, 0, 0, 2, 2]], [[0, 0, 2, 4, 0, 2, 3, 2, 2, 0], [5, 8, 1, 4, 1, 18, 14, 4, 11, 0], [4, 1, 5, 2, 0, 3, 2, 0, 2, 0]], [[2, 1, 1, 1, 1, 0, 0, 2, 3, 3], [9, 4, 0, 6, 1, 15, 16, 1, 16, 1], [2, 0, 3, 3, 0, 3, 1, 0, 3, 2]], [[4, 0, 3, 3, 4, 3, 0, 5, 2, 1], [7, 2, 2, 11, 2, 13, 19, 2, 12, 0], [0, 1, 0, 0, 0, 2, 1, 0, 0, 1]], [[0, 0, 2, 2, 2, 1, 1, 1, 1, 0], [8, 2, 2, 5, 2, 15, 19, 4, 16, 1], [3, 0, 3, 0, 0, 3, 2, 2, 1, 2]], [[4, 1, 3, 4, 1, 3, 0, 1, 2, 2], [6, 4, 1, 9, 3, 9, 14, 5, 15, 0], [1, 0, 2, 0, 0, 7, 1, 0, 0, 2]], [[3, 0, 4, 2, 1, 2, 2, 3, 2, 1], [12, 7, 1, 9, 0, 3, 14, 4, 18, 0], [2, 0, 3, 1, 2, 3, 0, 0, 0, 1]], [[1, 0, 3, 1, 1, 1, 2, 2, 1, 4], [2, 6, 0, 4, 0, 8, 6, 1, 6, 0], [8, 2, 10, 2, 0, 12, 4, 2, 4, 7]], [[0, 0, 3, 4, 3, 2, 0, 3, 3, 0], [3, 0, 0, 2, 1, 3, 5, 0, 2, 0], [17, 2, 7, 5, 2, 12, 2, 4, 2, 13]], [[3, 0, 4, 1, 1, 1, 3, 1, 0, 0], [1, 3, 0, 1, 1, 3, 7, 3, 3, 0], [12, 1, 15, 0, 1, 15, 2, 3, 4, 11]], [[2, 0, 2, 1, 7, 1, 2, 2, 0, 2], [4, 1, 0, 2, 0, 1, 2, 2, 3, 0], [10, 1, 10, 1, 3, 23, 4, 1, 7, 6]], [[2, 1, 2, 3, 2, 1, 1, 1, 0, 2], [2, 0, 0, 2, 0, 3, 6, 0, 1, 0], [8, 2, 10, 6, 7, 25, 2, 1, 4, 6]], [[5, 0, 0, 3, 0, 4, 1, 7, 1, 0], [0, 0, 0, 0, 1, 5, 3, 0, 2, 0], [11, 1, 12, 0, 5, 18, 5, 2, 2, 12]], [[1, 0, 4, 3, 2, 1, 0, 2, 4, 2], [0, 1, 0, 0, 1, 1, 5, 1, 4, 0], [11, 2, 14, 3, 0, 17, 10, 2, 3, 6]], [[1, 0, 3, 3, 1, 2, 0, 3, 2, 0], [1, 1, 0, 0, 1, 3, 2, 0, 2, 1], [14, 0, 10, 4, 3, 20, 8, 4, 3, 8]], [[1, 0, 5, 1, 1, 0, 0, 4, 0, 1], [5, 1, 0, 3, 0, 5, 3, 1, 2, 0], [15, 1, 11, 3, 5, 15, 7, 1, 4, 5]], [[4, 0, 1, 2, 1, 0, 2, 3, 0, 0], [4, 2, 0, 0, 0, 7, 1, 2, 3, 0], [12, 2, 10, 3, 4, 18, 2, 1, 6, 10]], [[2, 1, 3, 4, 3, 2, 2, 1, 2, 0], [2, 1, 0, 1, 0, 1, 3, 0, 4, 0], [12, 3, 17, 4, 4, 16, 2, 0, 4, 6]], [[1, 0, 2, 6, 2, 2, 1, 8, 0, 0], [0, 1, 1, 2, 0, 3, 2, 0, 4, 0], [8, 4, 12, 3, 2, 18, 5, 3, 7, 3]], [[3, 0, 2, 1, 1, 1, 0, 5, 3, 0], [3, 2, 0, 1, 0, 3, 2, 2, 3, 0], [17, 1, 11, 1, 3, 20, 3, 1, 4, 7]], [[5, 0, 3, 1, 1, 2, 1, 1, 0, 3], [4, 0, 0, 1, 0, 0, 1, 1, 5, 0], [19, 1, 8, 0, 4, 15, 6, 3, 7, 8]], [[1, 0, 1, 2, 3, 1, 0, 2, 1, 0], [0, 1, 0, 2, 0, 1, 9, 1, 4, 1], [20, 0, 13, 2, 3, 15, 5, 3, 4, 5]], [[1, 0, 3, 1, 1, 0, 1, 2, 0, 2], [3, 0, 0, 1, 0, 7, 1, 2, 2, 0], [18, 1, 11, 3, 2, 12, 5, 3, 6, 12]], [[0, 0, 1, 3, 5, 1, 0, 2, 2, 2], [1, 0, 0, 1, 0, 3, 8, 2, 3, 0], [15, 0, 8, 2, 1, 23, 5, 1, 2, 9]]], "n": [[8, 1, 16, 14, 9, 23, 8, 12, 5, 4], [13, 2, 16, 6, 13, 8, 9, 25, 7, 1], [8, 3, 16, 11, 5, 11, 6, 18, 9, 13], [14, 0, 17, 10, 7, 11, 11, 12, 11, 7], [13, 1, 18, 8, 10, 15, 9, 10, 7, 9], [9, 2, 16, 14, 14, 9, 6, 11, 11, 8], [14, 3, 11, 4, 16, 15, 6, 14, 11, 6], [15, 4, 9, 11, 13, 14, 5, 11, 11, 7], [15, 0, 17, 9, 10, 11, 9, 12, 12, 5], [13, 1, 15, 11, 9, 10, 5, 16, 12, 8], [19, 3, 10, 11, 6, 6, 10, 17, 10, 8], [15, 1, 22, 1, 9, 13, 9, 10, 11, 9], [17, 0, 13, 11, 3, 14, 8, 19, 12, 3], [12, 1, 19, 9, 4, 14, 9, 16, 9, 7], [20, 2, 13, 12, 6, 10, 6, 16, 11, 4], [9, 0, 17, 8, 9, 12, 11, 19, 9, 6], [10, 6, 18, 7, 6, 20, 7, 11, 13, 2], [10, 7, 6, 8, 1, 26, 11, 10, 19, 2], [13, 10, 4, 7, 1, 24, 17, 8, 15, 1], [11, 7, 7, 14, 7, 15, 14, 7, 13, 5], [17, 9, 9, 3, 4, 18, 11, 7, 20, 2], [18, 6, 6, 10, 6, 17, 10, 12, 13, 2], [11, 4, 6, 7, 3, 12, 20, 9, 25, 3], [6, 6, 11, 9, 3, 22, 16, 8, 16, 3], [11, 9, 8, 9, 6, 13, 17, 8, 17, 2], [9, 7, 4, 6, 5, 17, 16, 16, 16, 4], [14, 7, 6, 13, 1, 17, 13, 6, 18, 5], [9, 9, 8, 10, 1, 23, 19, 6, 15, 0], [13, 5, 4, 10, 2, 18, 17, 3, 22, 6], [11, 3, 5, 14, 6, 18, 20, 7, 14, 2], [11, 2, 7, 7, 4, 19, 22, 7, 18, 3], [11, 5, 6, 13, 4, 19, 15, 6, 17, 4], [17, 7, 8, 12, 3, 8, 16, 7, 20, 2], [11, 8, 13, 7, 1, 21, 12, 5, 11, 11], [20, 2, 10, 11, 6, 17, 7, 7, 7, 13], [16, 4, 19, 2, 3, 19, 12, 7, 7, 11], [16, 2, 12, 4, 10, 25, 8, 5, 10, 8], [12, 3, 12, 11, 9, 29, 9, 2, 5, 8], [16, 1, 12, 3, 6, 27, 9, 9, 5, 12], [12, 3, 18, 6, 3, 19, 15, 5, 11, 8], [16, 1, 13, 7, 5, 25, 10, 7, 7, 9], [21, 2, 16, 7, 6, 20, 10, 6, 6, 6], [20, 4, 11, 5, 5, 25, 5, 6, 9, 10], [16, 5, 20, 9, 7, 19, 7, 1, 10, 6], [9, 5, 15, 11, 4, 23, 8, 11, 11, 3], [23, 3, 13, 3, 4, 24, 5, 8, 10, 7], [28, 1, 11, 2, 5, 17, 8, 5, 12, 11], [21, 1, 14, 6, 6, 17, 14, 6, 9, 6], [22, 1, 14, 5, 3, 19, 7, 7, 8, 14], [16, 0, 9, 6, 6, 27, 13, 5, 7, 11]], "lambda_": 0.5,