{"M": 50, "G": 2, "I": 10, "J": 100, "p": [[0.2757785884142302, 0.04981117498589042, 0.21256714574811184, 0.005258571387201605, 0.014063435938590099, 0.11161384679915949, 0.09317246894939503, 0.06700226949636703, 0.05044639577260519, 0.12028610250844927], [0.03782928117770207, 0.08736155155057113, 0.04789392013689732, 0.05674582287861275, 0.0680224331729206, 0.3036717905815733, 0.11247047241485471, 0.034979328912844596, 0.13711825271796652, 0.11390714645605694]], "r": [[[19, 2, 11, 0, 2, 11, 10, 7, 3, 7], [3, 3, 0, 1, 3, 9, 2, 1, 3, 3]], [[24, 4, 15, 0, 0, 11, 6, 4, 4, 6], [3, 4, 1, 1, 2, 5, 4, 0, 3, 3]], [[17, 8, 17, 0, 0, 7, 6, 8, 7, 4], [0, 2, 1, 0, 2, 11, 3, 1, 2, 4]], [[22, 4, 15, 0, 0, 5, 5, 6, 2, 13], [0, 1, 2, 4, 1, 2, 3, 1, 8, 6]], [[28, 4, 14, 0, 1, 5, 8, 3, 3, 8], [1, 2, 1, 3, 1, 9, 3, 0, 3, 3]], [[23, 4, 10, 1, 0, 11, 10, 5, 5, 8], [1, 2, 4, 2, 1, 9, 1, 0, 2, 1]], [[20, 2, 26, 0, 0, 6, 6, 4, 7, 7], [3, 1, 2, 1, 3, 4, 3, 0, 4, 1]], [[16, 6, 12, 1, 1, 11, 10, 4, 3, 11], [1, 1, 1, 1, 2, 6, 3, 0, 5, 5]], [[16, 6, 14, 0, 1, 9, 7, 4, 4, 10], [1, 1, 1, 2, 0, 10, 4, 0, 9, 1]], [[22, 7, 14, 0, 0, 9, 6, 2, 10, 9], [3, 3, 0, 1, 1, 5, 4, 1, 2, 1]], [[22, 4, 13, 0, 1, 7, 4, 4, 7, 11], [2, 2, 3, 1, 1, 1, 4, 1, 10, 2]], [[18, 5, 15, 0, 0, 13, 7, 3, 3, 10], [1, 2, 2, 3, 0, 4, 1, 1, 4, 8]], [[14, 4, 15, 0, 3, 9, 5, 6, 7, 10], [0, 5, 0, 1, 1, 10, 0, 1, 4, 5]], [[26, 6, 18, 0, 0, 8, 8, 3, 5, 8], [1, 1, 0, 0, 2, 6, 1, 0, 5, 2]], [[18, 4, 12, 0, 1, 13, 8, 8, 0, 10], [3, 1, 0, 1, 0, 9, 4, 0, 7, 1]], [[15, 5, 12, 0, 2, 13, 7, 4, 3, 12], [4, 1, 0, 2, 1, 5, 5, 0, 2, 7]], [[22, 4, 13, 0, 0, 6, 7, 6, 7, 12], [1, 4, 0, 2, 0, 5, 4, 1, 3, 3]], [[17, 6, 15, 1, 2, 9, 4, 5, 2, 11], [2, 1, 1, 1, 1, 7, 6, 0, 5, 4]], [[18, 1, 20, 0, 2, 7, 8, 6, 3, 11], [1, 1, 0, 2, 0, 7, 5, 0, 5, 3]], [[21, 5, 11, 0, 0, 13, 9, 9, 3, 9], [0, 1, 0, 1, 0, 10, 1, 0, 4, 3]], [[19, 4, 19, 0, 1, 7, 7, 7, 3, 7], [1, 1, 0, 3, 1, 8, 3, 1, 4, 4]], [[22, 7, 13, 0, 2, 5, 12, 1, 4, 8], [0, 2, 2, 2, 2, 9, 2, 0, 3, 4]], [[11, 5, 20, 1, 0, 14, 5, 6, 2, 10], [1, 1, 1, 1, 3, 10, 2, 1, 3, 3]], [[14, 2, 18, 0, 0, 7, 10, 8, 3, 8], [1, 2, 1, 0, 1, 9, 3, 1, 8, 4]], [[21, 5, 20, 0, 2, 6, 8, 2, 4, 11], [1, 2, 0, 1, 1, 6, 2, 1, 3, 4]], [[9, 0, 5, 0, 0, 2, 2, 0, 3, 4], [3, 4, 4, 4, 4, 23, 10, 2, 13, 8]], [[9, 1, 4, 0, 0, 1, 1, 1, 3, 4], [3, 3, 3, 6, 6, 19, 9, 3, 15, 9]], [[5, 1, 1, 0, 0, 4, 2, 1, 6, 2], [5, 6, 1, 1, 10, 20, 11, 2, 14, 8]], [[5, 0, 8, 0, 0, 1, 1, 2, 0, 4], [3, 6, 1, 4, 5, 28, 10, 2, 14, 6]], [[11, 3, 3, 0, 0, 3, 2, 1, 0, 5], [1, 9, 5, 5, 1, 24, 4, 4, 13, 6]], [[8, 3, 6, 0, 0, 2, 3, 2, 0, 3], [3, 5, 4, 7, 5, 21, 7, 3, 10, 8]], [[10, 0, 2, 0, 0, 1, 6, 2, 1, 6], [1, 6, 4, 2, 1, 27, 8, 4, 8, 11]], [[9, 2, 2, 0, 0, 5, 2, 3, 1, 2], [5, 6, 7, 3, 4, 20, 9, 3, 9, 8]], [[8, 0, 5, 0, 0, 0, 2, 2, 0, 3], [2, 6, 3, 6, 5, 29, 7, 3, 14, 5]], [[5, 1, 4, 0, 1, 5, 3, 2, 1, 0], [2, 7, 3, 5, 7, 19, 10, 5, 10, 10]], [[6, 3, 0, 0, 1, 4, 2, 1, 1, 4], [2, 2, 3, 6, 5, 32, 8, 5, 11, 4]], [[6, 3, 5, 0, 0, 3, 2, 1, 0, 5], [4, 6, 4, 2, 6, 24, 11, 5, 9, 4]], [[7, 1, 4, 0, 0, 5, 4, 0, 1, 5], [2, 9, 3, 5, 5, 22, 6, 4, 8, 9]], [[6, 3, 11, 0, 1, 3, 5, 2, 0, 4], [4, 7, 4, 2, 3, 19, 7, 2, 10, 7]], [[7, 3, 3, 0, 0, 2, 2, 0, 0, 2], [4, 8, 4, 1, 11, 20, 12, 2, 7, 12]], [[12, 0, 9, 0, 1, 3, 3, 1, 1, 3], [4, 8, 2, 4, 5, 15, 11, 3, 8, 7]], [[9, 2, 8, 0, 0, 4, 3, 2, 0, 3], [2, 4, 1, 8, 3, 19, 7, 3, 12, 10]], [[7, 2, 4, 0, 0, 5, 4, 2, 2, 3], [5, 7, 4, 3, 2, 23, 8, 2, 11, 6]], [[8, 2, 4, 0, 1, 2, 1, 3, 1, 6], [3, 5, 4, 6, 5, 11, 10, 4, 16, 8]], [[7, 2, 4, 1, 0, 5, 0, 4, 0, 6], [3, 4, 5, 6, 2, 25, 5, 2, 6, 13]], [[2, 3, 6, 0, 0, 4, 4, 2, 0, 2], [2, 10, 5, 3, 3, 22, 8, 3, 14, 7]], [[11, 2, 2, 0, 0, 1, 2, 1, 1, 2], [5, 11, 4, 5, 5, 17, 5, 3, 13, 10]], [[9, 0, 6, 1, 1, 2, 1, 2, 0, 2], [1, 9, 2, 1, 7, 18, 15, 2, 11, 10]], [[5, 0, 4, 0, 0, 2, 3, 1, 0, 4], [5, 10, 1, 6, 4, 20, 12, 1, 11, 11]], [[7, 1, 6, 0, 0, 2, 1, 1, 0, 4], [1, 4, 1, 6, 6, 21, 6, 3, 16, 14]]], "n": [[22, 5, 11, 1, 5, 20, 12, 8, 6, 10], [27, 8, 16, 1, 2, 16, 10, 4, 7, 9], [17, 10, 18, 0, 2, 18, 9, 9, 9, 8], [22, 5, 17, 4, 1, 7, 8, 7, 10, 19], [29, 6, 15, 3, 2, 14, 11, 3, 6, 11], [24, 6, 14, 3, 1, 20, 11, 5, 7, 9], [23, 3, 28, 1, 3, 10, 9, 4, 11, 8], [17, 7, 13, 2, 3, 17, 13, 4, 8, 16], [17, 7, 15, 2, 1, 19, 11, 4, 13, 11], [25, 10, 14, 1, 1, 14, 10, 3, 12, 10], [24, 6, 16, 1, 2, 8, 8, 5, 17, 13], [19, 7, 17, 3, 0, 17, 8, 4, 7, 18], [14, 9, 15, 1, 4, 19, 5, 7, 11, 15], [27, 7, 18, 0, 2, 14, 9, 3, 10, 10], [21, 5, 12, 1, 1, 22, 12, 8, 7, 11], [19, 6, 12, 2, 3, 18, 12, 4, 5, 19], [23, 8, 13, 2, 0, 11, 11, 7, 10, 15], [19, 7, 16, 2, 3, 16, 10, 5, 7, 15], [19, 2, 20, 2, 2, 14, 13, 6, 8, 14], [21, 6, 11, 1, 0, 23, 10, 9, 7, 12], [20, 5, 19, 3, 2, 15, 10, 8, 7, 11], [22, 9, 15, 2, 4, 14, 14, 1, 7, 12], [12, 6, 21, 2, 3, 24, 7, 7, 5, 13], [15, 4, 19, 0, 1, 16, 13, 9, 11, 12], [22, 7, 20, 1, 3, 12, 10, 3, 7, 15], [12, 4, 9, 4, 4, 25, 12, 2, 16, 12], [12, 4, 7, 6, 6, 20, 10, 4, 18, 13], [10, 7, 2, 1, 10, 24, 13, 3, 20, 10], [8, 6, 9, 4, 5, 29, 11, 4, 14, 10], [12, 12, 8, 5, 1, 27, 6, 5, 13, 11], [11, 8, 10, 7, 5, 23, 10, 5, 10, 11], [11, 6, 6, 2, 1, 28, 14, 6, 9, 17], [14, 8, 9, 3, 4, 25, 11, 6, 10, 10], [10, 6, 8, 6, 5, 29, 9, 5, 14, 8], [7, 8, 7, 5, 8, 24, 13, 7, 11, 10], [8, 5, 3, 6, 6, 36, 10, 6, 12, 8], [10, 9, 9, 2, 6, 27, 13, 6, 9, 9], [9, 10, 7, 5, 5, 27, 10, 4, 9, 14], [10, 10, 15, 2, 4, 22, 12, 4, 10, 11], [11, 11, 7, 1, 11, 22, 14, 2, 7, 14], [16, 8, 11, 4, 6, 18, 14, 4, 9, 10], [11, 6, 9, 8, 3, 23, 10, 5, 12, 13], [12, 9, 8, 3, 2, 28, 12, 4, 13, 9], [11, 7, 8, 6, 6, 13, 11, 7, 17, 14], [10, 6, 9, 7, 2, 30, 5, 6, 6, 19], [4, 13, 11, 3, 3, 26, 12, 5, 14, 9], [16, 13, 6, 5, 5, 18, 7, 4, 14, 12], [10, 9, 8, 2, 8, 20, 16, 4, 11, 12], [10, 10, 5, 6, 4, 22, 15, 2, 11, 15], [8, 5, 7, 6, 6, 23, 7, 4, 16, 18]], "lambda_": 0.5, "b": [[72, 28], [74, 26], [74, 26], [72, 28], [74, 26], [77, 23], [78, 22], [75, 25], [71, 29], [79, 21], [73, 27], [74, 26], [73, 27], [82, 18], [74, 26], [73, 27], [77, 23], [72, 28], [76, 24], [80, 20], [74, 26], [74, 26], [74, 26], [70, 30], [79, 21], [25, 75], [24, 76], [22, 78], [21, 79], [28, 72], [27, 73], [28, 72], [26, 74], [20, 80], [22, 78], [22, 78], [25, 75], [27, 73], [35, 65], [19, 81], [33, 67], [31, 69], [29, 71], [28, 72], [29, 71], [23, 77], [22, 78], [24, 76], [19, 81], [22, 78]]}