{"M": 50, "G": 2, "I": 3, "J": 100, "p": [[0.1698090328001506, 0.3491914819855021, 0.48099948521434727], [0.002282695634743756, 0.10472826176811086, 0.8929890425971453]], "r": [[[15, 27, 30], [0, 5, 23]], [[9, 37, 26], [0, 6, 22]], [[18, 31, 31], [0, 4, 16]], [[8, 26, 39], [0, 7, 20]], [[8, 25, 37], [0, 4, 26]], [[12, 31, 36], [0, 1, 20]], [[12, 32, 32], [0, 2, 22]], [[14, 20, 40], [0, 2, 24]], [[16, 30, 36], [0, 0, 18]], [[7, 33, 32], [0, 2, 26]], [[10, 25, 38], [0, 3, 24]], [[12, 35, 33], [0, 1, 19]], [[14, 23, 37], [0, 2, 24]], [[15, 19, 42], [0, 2, 22]], [[13, 23, 35], [0, 6, 23]], [[9, 25, 33], [0, 4, 29]], [[12, 25, 38], [0, 2, 23]], [[7, 24, 44], [0, 4, 21]], [[15, 24, 32], [0, 2, 27]], [[8, 25, 44], [0, 3, 20]], [[21, 24, 30], [0, 2, 23]], [[13, 25, 34], [0, 3, 25]], [[11, 33, 32], [0, 2, 22]], [[21, 23, 33], [0, 4, 19]], [[10, 27, 39], [0, 4, 20]], [[1, 5, 14], [0, 15, 65]], [[3, 14, 8], [0, 4, 71]], [[3, 10, 8], [0, 8, 71]], [[5, 7, 12], [0, 3, 73]], [[3, 6, 10], [0, 10, 71]], [[4, 6, 22], [0, 6, 62]], [[1, 4, 16], [1, 14, 64]], [[1, 11, 21], [0, 7, 60]], [[4, 9, 8], [1, 11, 67]], [[3, 9, 10], [0, 2, 76]], [[4, 6, 9], [0, 9, 72]], [[10, 11, 7], [0, 6, 66]], [[3, 11, 10], [0, 12, 64]], [[4, 10, 9], [0, 11, 66]], [[5, 12, 16], [0, 9, 58]], [[5, 7, 11], [0, 8, 69]], [[5, 13, 7], [0, 7, 68]], [[2, 7, 16], [0, 4, 71]], [[2, 8, 9], [0, 6, 75]], [[3, 11, 18], [1, 6, 61]], [[5, 12, 12], [0, 8, 63]], [[5, 11, 13], [1, 3, 67]], [[4, 9, 22], [0, 6, 59]], [[2, 9, 14], [0, 9, 66]], [[4, 12, 14], [0, 8, 62]]], "n": [[15, 32, 53], [9, 43, 48], [18, 35, 47], [8, 33, 59], [8, 29, 63], [12, 32, 56], [12, 34, 54], [14, 22, 64], [16, 30, 54], [7, 35, 58], [10, 28, 62], [12, 36, 52], [14, 25, 61], [15, 21, 64], [13, 29, 58], [9, 29, 62], [12, 27, 61], [7, 28, 65], [15, 26, 59], [8, 28, 64], [21, 26, 53], [13, 28, 59], [11, 35, 54], [21, 27, 52], [10, 31, 59], [1, 20, 79], [3, 18, 79], [3, 18, 79], [5, 10, 85], [3, 16, 81], [4, 12, 84], [2, 18, 80], [1, 18, 81], [5, 20, 75], [3, 11, 86], [4, 15, 81], [10, 17, 73], [3, 23, 74], [4, 21, 75], [5, 21, 74], [5, 15, 80], [5, 20, 75], [2, 11, 87], [2, 14, 84], [4, 17, 79], [5, 20, 75], [6, 14, 80], [4, 15, 81], [2, 18, 80], [4, 20, 76]], "lambda_": 0.5, "b": [[72, 28], [72, 28], [80, 20], [73, 27], [70, 30], [79, 21], [76, 24], [74, 26], [82, 18], [72, 28], [73, 27], [80, 20], [74, 26], [76, 24], [71, 29], [67, 33], [75, 25], [75, 25], [71, 29], [77, 23], [75, 25], [72, 28], [76, 24], [77, 23], [76, 24], [20, 80], [25, 75], [21, 79], [24, 76], [19, 81], [32, 68], [21, 79], [33, 67], [21, 79], [22, 78], [19, 81], [28, 72], [24, 76], [23, 77], [33, 67], [23, 77], [25, 75], [25, 75], [19, 81], [32, 68], [29, 71], [29, 71], [35, 65], [25, 75], [30, 70]]}