{"M": 50, "G": 2, "I": 3, "J": 100, "p": [[0.5124501492524153, 0.09255883207878725, 0.3949910186687975], [0.040161431888498515, 0.10740706609794944, 0.8524315020135521]], "r": [[[32, 11, 31], [0, 5, 21]], [[33, 5, 33], [2, 0, 27]], [[42, 3, 34], [0, 2, 19]], [[34, 7, 35], [2, 3, 19]], [[43, 7, 28], [1, 0, 21]], [[44, 5, 28], [0, 3, 20]], [[40, 8, 32], [0, 3, 17]], [[39, 5, 30], [0, 4, 22]], [[39, 3, 35], [0, 2, 21]], [[44, 7, 28], [0, 3, 18]], [[42, 5, 23], [2, 3, 25]], [[39, 11, 22], [1, 3, 24]], [[39, 10, 26], [2, 1, 22]], [[45, 9, 22], [0, 0, 24]], [[41, 3, 34], [0, 1, 21]], [[37, 8, 22], [1, 3, 29]], [[34, 4, 34], [2, 5, 21]], [[36, 8, 37], [0, 3, 16]], [[36, 5, 32], [1, 1, 25]], [[26, 13, 39], [1, 1, 20]], [[42, 4, 27], [0, 2, 25]], [[40, 7, 28], [2, 6, 17]], [[41, 5, 31], [2, 3, 18]], [[36, 8, 26], [1, 3, 26]], [[37, 6, 31], [1, 3, 22]], [[16, 3, 16], [0, 6, 59]], [[8, 0, 8], [2, 7, 75]], [[8, 1, 11], [2, 8, 70]], [[9, 2, 12], [3, 7, 67]], [[15, 4, 12], [3, 13, 53]], [[13, 5, 13], [2, 4, 63]], [[14, 4, 10], [7, 9, 56]], [[7, 3, 5], [4, 11, 70]], [[10, 0, 9], [2, 12, 67]], [[13, 3, 13], [2, 6, 63]], [[11, 0, 11], [6, 3, 69]], [[19, 2, 11], [7, 9, 52]], [[10, 3, 14], [5, 11, 57]], [[16, 1, 13], [4, 4, 62]], [[12, 3, 10], [3, 9, 63]], [[14, 3, 14], [4, 6, 59]], [[12, 0, 8], [7, 5, 68]], [[21, 1, 10], [6, 6, 56]], [[10, 3, 9], [6, 10, 62]], [[9, 3, 13], [3, 6, 66]], [[11, 1, 12], [3, 7, 66]], [[12, 3, 13], [0, 8, 64]], [[10, 2, 9], [1, 6, 72]], [[12, 0, 10], [4, 15, 59]], [[10, 1, 7], [3, 8, 71]]], "n": [[32, 16, 52], [35, 5, 60], [42, 5, 53], [36, 10, 54], [44, 7, 49], [44, 8, 48], [40, 11, 49], [39, 9, 52], [39, 5, 56], [44, 10, 46], [44, 8, 48], [40, 14, 46], [41, 11, 48], [45, 9, 46], [41, 4, 55], [38, 11, 51], [36, 9, 55], [36, 11, 53], [37, 6, 57], [27, 14, 59], [42, 6, 52], [42, 13, 45], [43, 8, 49], [37, 11, 52], [38, 9, 53], [16, 9, 75], [10, 7, 83], [10, 9, 81], [12, 9, 79], [18, 17, 65], [15, 9, 76], [21, 13, 66], [11, 14, 75], [12, 12, 76], [15, 9, 76], [17, 3, 80], [26, 11, 63], [15, 14, 71], [20, 5, 75], [15, 12, 73], [18, 9, 73], [19, 5, 76], [27, 7, 66], [16, 13, 71], [12, 9, 79], [14, 8, 78], [12, 11, 77], [11, 8, 81], [16, 15, 69], [13, 9, 78]], "lambda_": 0.5, "b": [[74, 26], [71, 29], [79, 21], [76, 24], [78, 22], [77, 23], [80, 20], [74, 26], [77, 23], [79, 21], [70, 30], [72, 28], [75, 25], [76, 24], [78, 22], [67, 33], [72, 28], [81, 19], [73, 27], [78, 22], [73, 27], [75, 25], [77, 23], [70, 30], [74, 26], [35, 65], [16, 84], [20, 80], [23, 77], [31, 69], [31, 69], [28, 72], [15, 85], [19, 81], [29, 71], [22, 78], [32, 68], [27, 73], [30, 70], [25, 75], [31, 69], [20, 80], [32, 68], [22, 78], [25, 75], [24, 76], [28, 72], [21, 79], [22, 78], [18, 82]]}