{"M": 50, "G": 4, "I": 10, "J": 100, "p": [[0.21843127705125, 0.00310455594308142, 0.1486614575602452, 0.2045278682809848, 0.10217584773651123, 0.03769678312358366, 0.03267732883581212, 0.21160574168951965, 0.02742672286024476, 0.013692416918767124], [0.08933769856574866, 0.23688004378999766, 0.000305646789730184, 0.05545984020509112, 0.12938125590902735, 0.07325071126874048, 0.09883517801715042, 0.02666521483385288, 0.19301748277755362, 0.09686692784310762], [0.10672896050204253, 0.020927421351082318, 0.06377905926235546, 0.15301818052883104, 0.0795746549692582, 0.07767617255673122, 0.13124552522321278, 0.09822690533543023, 0.1434230159516018, 0.12540010431945453], [0.1919861357043022, 0.0865406000475947, 0.2808430461637909, 0.04512882785049761, 0.011127371584026975, 0.04197609939457496, 0.014202749869359089, 0.20704656332915794, 0.0056368930526053875, 0.11551171300409022]], "r": [[[15, 1, 9, 16, 5, 0, 0, 17, 2, 1], [1, 5, 0, 0, 1, 1, 1, 0, 0, 2], [4, 1, 3, 2, 0, 1, 2, 2, 0, 0], [2, 0, 3, 0, 0, 0, 0, 1, 0, 2]], [[14, 0, 12, 17, 2, 2, 3, 13, 1, 0], [0, 1, 0, 1, 4, 1, 0, 1, 3, 1], [1, 1, 2, 0, 0, 1, 2, 1, 1, 2], [3, 1, 4, 0, 0, 1, 0, 3, 0, 1]], [[20, 0, 5, 10, 7, 2, 0, 14, 3, 1], [1, 1, 0, 1, 0, 1, 1, 0, 2, 3], [0, 0, 2, 4, 1, 1, 0, 1, 1, 4], [2, 2, 3, 1, 0, 0, 1, 2, 1, 2]], [[19, 0, 8, 17, 6, 3, 0, 9, 1, 0], [3, 2, 0, 2, 2, 0, 0, 0, 4, 4], [1, 0, 0, 2, 0, 1, 2, 0, 2, 0], [2, 1, 2, 0, 0, 1, 0, 3, 0, 3]], [[17, 1, 8, 6, 6, 1, 0, 22, 2, 0], [4, 5, 0, 1, 1, 0, 1, 0, 1, 0], [2, 0, 0, 3, 1, 1, 1, 0, 1, 3], [2, 1, 3, 2, 0, 0, 1, 1, 0, 2]], [[12, 1, 8, 11, 4, 1, 4, 11, 2, 2], [2, 4, 0, 0, 2, 1, 0, 0, 2, 1], [4, 1, 3, 0, 1, 0, 0, 7, 2, 0], [2, 3, 4, 0, 1, 0, 0, 4, 0, 0]], [[8, 0, 16, 13, 7, 0, 3, 12, 2, 1], [0, 4, 0, 0, 1, 0, 0, 0, 3, 1], [4, 0, 1, 1, 3, 1, 3, 1, 1, 5], [4, 1, 2, 1, 0, 0, 0, 1, 0, 0]], [[9, 0, 7, 11, 10, 3, 3, 20, 0, 2], [1, 5, 0, 0, 1, 0, 1, 0, 2, 2], [3, 0, 1, 1, 3, 1, 1, 2, 3, 1], [2, 1, 4, 0, 0, 0, 0, 0, 0, 0]], [[13, 1, 12, 8, 0, 2, 3, 12, 1, 2], [0, 2, 0, 0, 0, 3, 2, 1, 5, 1], [1, 1, 1, 1, 1, 1, 3, 1, 3, 1], [4, 1, 6, 0, 0, 1, 0, 5, 0, 1]], [[16, 0, 12, 7, 4, 6, 3, 10, 1, 0], [1, 4, 0, 2, 3, 1, 1, 0, 1, 1], [2, 0, 0, 2, 1, 4, 1, 1, 0, 1], [2, 2, 6, 0, 1, 1, 0, 0, 0, 3]], [[17, 1, 10, 7, 5, 2, 0, 21, 0, 3], [0, 2, 0, 1, 1, 1, 0, 1, 5, 1], [1, 0, 1, 1, 1, 0, 1, 2, 2, 1], [5, 0, 2, 1, 0, 1, 0, 2, 0, 1]], [[20, 1, 13, 7, 6, 5, 2, 8, 5, 1], [1, 2, 0, 0, 0, 1, 0, 0, 2, 1], [3, 0, 3, 2, 0, 2, 1, 1, 0, 2], [4, 2, 1, 0, 0, 0, 0, 3, 0, 1]], [[6, 0, 2, 7, 4, 0, 1, 16, 1, 0], [2, 8, 0, 2, 9, 2, 5, 1, 8, 2], [2, 0, 1, 5, 0, 1, 1, 0, 1, 1], [3, 0, 3, 0, 0, 1, 0, 4, 0, 1]], [[0, 0, 2, 2, 1, 0, 1, 1, 1, 0], [4, 10, 0, 6, 5, 5, 6, 3, 15, 5], [3, 1, 2, 1, 0, 2, 3, 0, 1, 2], [4, 2, 4, 1, 0, 2, 2, 2, 0, 1]], [[1, 0, 5, 1, 0, 2, 1, 1, 0, 0], [8, 12, 0, 0, 8, 7, 12, 1, 15, 3], [1, 0, 0, 1, 2, 0, 1, 0, 2, 1], [2, 2, 3, 0, 0, 1, 0, 5, 1, 1]], [[3, 0, 1, 4, 3, 0, 1, 2, 0, 0], [6, 14, 0, 3, 11, 5, 6, 5, 9, 4], [5, 1, 0, 2, 1, 1, 0, 0, 2, 0], [1, 0, 4, 0, 1, 0, 2, 3, 0, 0]], [[2, 0, 2, 2, 1, 0, 0, 1, 0, 1], [9, 19, 0, 2, 8, 4, 7, 2, 8, 7], [2, 0, 3, 2, 1, 0, 2, 1, 1, 2], [0, 1, 3, 0, 0, 5, 0, 1, 0, 1]], [[4, 0, 4, 4, 1, 0, 2, 2, 0, 0], [3, 10, 0, 2, 7, 3, 7, 1, 12, 8], [3, 0, 2, 3, 0, 0, 0, 4, 1, 3], [3, 2, 5, 1, 0, 2, 0, 1, 0, 0]], [[4, 0, 2, 3, 1, 0, 0, 5, 1, 0], [4, 16, 0, 4, 5, 5, 8, 2, 10, 7], [0, 0, 0, 1, 0, 1, 2, 1, 2, 2], [3, 2, 4, 0, 0, 0, 0, 3, 0, 2]], [[4, 0, 1, 1, 3, 0, 0, 4, 0, 0], [6, 17, 0, 5, 3, 3, 6, 3, 10, 10], [5, 0, 2, 2, 1, 1, 0, 1, 1, 2], [3, 1, 3, 0, 0, 0, 0, 1, 0, 1]], [[5, 0, 1, 0, 3, 0, 0, 4, 1, 0], [7, 22, 0, 0, 7, 8, 5, 2, 10, 3], [0, 0, 3, 1, 0, 0, 1, 3, 2, 1], [2, 1, 3, 1, 1, 0, 0, 0, 0, 3]], [[1, 0, 5, 1, 0, 0, 0, 6, 0, 0], [10, 11, 0, 3, 7, 4, 4, 3, 15, 3], [2, 0, 1, 2, 3, 0, 1, 0, 3, 1], [1, 1, 6, 1, 1, 0, 0, 3, 0, 1]], [[3, 0, 1, 2, 1, 1, 0, 2, 0, 0], [9, 20, 0, 1, 5, 5, 4, 1, 15, 4], [1, 0, 3, 2, 1, 1, 3, 1, 0, 3], [4, 2, 4, 0, 0, 0, 0, 0, 0, 1]], [[1, 0, 2, 4, 2, 0, 0, 2, 0, 0], [9, 18, 0, 3, 7, 6, 6, 1, 3, 5], [3, 0, 0, 0, 0, 0, 1, 1, 3, 2], [2, 1, 8, 2, 0, 2, 0, 4, 0, 2]], [[3, 0, 1, 0, 1, 1, 1, 1, 1, 0], [5, 13, 0, 4, 10, 6, 5, 2, 13, 7], [1, 0, 0, 0, 1, 1, 0, 4, 1, 3], [3, 0, 4, 0, 0, 0, 0, 4, 0, 4]], [[2, 0, 1, 2, 0, 1, 1, 4, 1, 0], [0, 4, 0, 1, 0, 3, 1, 0, 3, 2], [9, 2, 4, 9, 5, 4, 10, 5, 8, 7], [2, 1, 5, 0, 0, 1, 0, 1, 0, 1]], [[2, 1, 1, 1, 1, 0, 0, 3, 0, 0], [2, 4, 0, 1, 3, 1, 0, 0, 1, 4], [5, 1, 2, 10, 5, 4, 9, 11, 4, 15], [0, 0, 7, 0, 0, 0, 0, 1, 1, 0]], [[3, 0, 3, 5, 0, 1, 0, 1, 0, 1], [1, 2, 0, 1, 2, 0, 2, 1, 1, 0], [9, 0, 3, 14, 6, 7, 6, 4, 5, 8], [1, 2, 5, 1, 0, 0, 0, 3, 0, 2]], [[1, 0, 6, 1, 1, 0, 0, 1, 0, 0], [1, 3, 0, 0, 1, 0, 3, 0, 5, 2], [6, 3, 6, 7, 5, 6, 9, 8, 6, 9], [2, 0, 2, 1, 1, 0, 0, 4, 0, 0]], [[3, 0, 2, 1, 1, 1, 2, 3, 1, 1], [1, 4, 0, 0, 2, 0, 2, 0, 2, 2], [11, 1, 4, 4, 2, 5, 9, 4, 6, 9], [1, 0, 6, 1, 1, 1, 0, 6, 0, 1]], [[1, 0, 0, 5, 2, 0, 0, 4, 0, 0], [2, 2, 0, 0, 0, 0, 1, 0, 4, 2], [8, 4, 6, 10, 4, 5, 8, 4, 8, 7], [3, 1, 5, 1, 0, 0, 0, 2, 0, 1]], [[1, 0, 4, 4, 1, 1, 0, 0, 0, 0], [0, 0, 0, 0, 5, 1, 2, 0, 3, 0], [13, 0, 6, 7, 6, 8, 6, 4, 14, 6], [2, 1, 1, 0, 1, 0, 0, 2, 0, 1]], [[2, 0, 3, 2, 1, 1, 0, 2, 0, 0], [0, 2, 0, 3, 0, 2, 0, 0, 0, 3], [3, 2, 6, 8, 4, 8, 8, 10, 10, 12], [3, 0, 2, 0, 0, 0, 0, 1, 0, 2]], [[1, 0, 4, 4, 0, 0, 0, 2, 1, 0], [2, 3, 0, 0, 0, 3, 3, 1, 3, 2], [4, 0, 6, 8, 3, 8, 8, 8, 8, 6], [2, 1, 4, 0, 0, 2, 0, 1, 1, 1]], [[4, 0, 1, 1, 1, 0, 2, 2, 0, 0], [1, 2, 0, 0, 3, 0, 0, 0, 2, 0], [6, 3, 3, 10, 5, 4, 9, 8, 9, 6], [4, 2, 10, 0, 0, 0, 0, 0, 0, 2]], [[6, 0, 2, 2, 1, 1, 0, 1, 2, 0], [4, 0, 0, 2, 4, 0, 2, 1, 2, 0], [7, 1, 5, 5, 8, 4, 6, 3, 6, 12], [4, 4, 2, 1, 0, 1, 0, 0, 0, 1]], [[1, 0, 2, 2, 2, 2, 1, 5, 0, 0], [2, 7, 0, 1, 1, 0, 3, 1, 2, 0], [6, 2, 1, 10, 1, 4, 7, 8, 9, 9], [1, 3, 3, 1, 0, 1, 0, 1, 0, 1]], [[2, 0, 1, 3, 0, 2, 2, 4, 0, 0], [0, 4, 0, 0, 1, 0, 0, 2, 4, 1], [5, 0, 3, 7, 4, 2, 9, 2, 7, 1], [5, 2, 11, 1, 0, 2, 1, 9, 0, 3]], [[4, 0, 3, 2, 1, 1, 0, 3, 0, 0], [0, 3, 0, 1, 3, 1, 2, 0, 3, 2], [1, 0, 0, 0, 1, 0, 3, 1, 1, 2], [13, 5, 14, 2, 0, 6, 1, 14, 0, 7]], [[2, 0, 1, 4, 1, 0, 0, 3, 0, 0], [1, 4, 0, 1, 0, 0, 2, 1, 1, 2], [1, 0, 1, 0, 0, 1, 4, 0, 2, 1], [14, 7, 18, 6, 1, 2, 1, 8, 0, 10]], [[2, 0, 3, 2, 2, 1, 0, 2, 1, 0], [0, 2, 0, 0, 1, 1, 2, 0, 0, 0], [0, 0, 1, 1, 1, 0, 3, 0, 3, 3], [12, 9, 18, 1, 0, 2, 1, 20, 1, 5]], [[2, 0, 2, 2, 2, 0, 0, 1, 0, 1], [1, 6, 0, 0, 2, 3, 3, 0, 2, 2], [2, 0, 1, 3, 2, 0, 1, 0, 1, 1], [10, 2, 21, 3, 2, 2, 1, 13, 0, 6]], [[2, 0, 0, 3, 4, 0, 0, 5, 1, 1], [1, 6, 0, 1, 2, 0, 2, 0, 3, 0], [1, 0, 1, 1, 1, 0, 4, 3, 1, 5], [12, 3, 14, 1, 0, 3, 0, 14, 0, 5]], [[5, 0, 5, 2, 2, 1, 0, 4, 0, 0], [0, 3, 0, 0, 2, 0, 0, 1, 2, 0], [2, 0, 0, 1, 3, 0, 3, 1, 2, 1], [11, 4, 20, 5, 1, 1, 0, 15, 0, 3]], [[3, 0, 2, 6, 0, 1, 1, 4, 0, 0], [0, 4, 0, 2, 2, 1, 1, 2, 1, 0], [1, 0, 1, 2, 0, 2, 0, 1, 0, 1], [10, 3, 24, 4, 0, 2, 2, 14, 1, 2]], [[3, 0, 2, 5, 1, 0, 2, 2, 0, 0], [0, 6, 0, 1, 0, 1, 1, 0, 1, 2], [1, 0, 1, 4, 0, 1, 1, 2, 0, 1], [11, 6, 14, 5, 0, 1, 0, 20, 0, 5]], [[2, 0, 1, 1, 1, 0, 1, 2, 0, 0], [1, 8, 0, 1, 2, 1, 1, 0, 4, 0], [1, 0, 2, 0, 0, 0, 0, 4, 1, 0], [15, 9, 13, 5, 1, 3, 0, 15, 0, 5]], [[4, 0, 2, 0, 4, 1, 1, 2, 0, 0], [0, 6, 0, 1, 1, 0, 3, 0, 2, 3], [3, 0, 0, 2, 1, 0, 0, 1, 0, 1], [12, 8, 17, 2, 0, 1, 2, 13, 1, 6]], [[3, 0, 1, 3, 0, 0, 0, 2, 2, 0], [3, 1, 0, 0, 3, 0, 1, 1, 2, 2], [1, 1, 1, 1, 1, 1, 1, 3, 0, 1], [12, 8, 22, 1, 1, 3, 1, 10, 0, 7]], [[5, 0, 2, 3, 2, 1, 0, 0, 0, 0], [1, 3, 0, 0, 0, 1, 1, 0, 2, 2], [2, 1, 1, 3, 1, 1, 1, 2, 1, 2], [13, 6, 21, 2, 2, 2, 1, 8, 0, 7]]],