{"M": 50, "G": 4, "I": 10, "J": 100, "p": [[0.00808261828816172, 0.15413970663026186, 0.05875164698758138, 0.13088878561109682, 0.38859135211187357, 0.07873826310006307, 0.07080871498828735, 0.0076143966059739766, 0.03182816707434811, 0.07055634860235216], [0.11844066583086636, 0.16961555343026474, 0.049953613728310794, 0.007105277171464392, 0.03540434652102236, 0.25035815833408864, 0.02500173849863604, 0.06267770316701331, 0.278816438584351, 0.002626504733982544], [0.08064193726605662, 0.2634851064604952, 0.023002633148146594, 0.06987639249998431, 0.2107570616409781, 0.012558716070879135, 0.06512631348954924, 0.12196815242292552, 0.09716402832297448, 0.05541965867801098], [0.03136679616861612, 0.09234574410020507, 0.06374362412860922, 0.08880074192486116, 0.062334941931319526, 0.24900027978351502, 0.20030732258663947, 0.051570665176745537, 0.11632641597637829, 0.04420346822311037]], "r": [[[1, 6, 4, 6, 32, 5, 6, 0, 2, 4], [1, 1, 0, 0, 1, 1, 0, 2, 3, 0], [2, 3, 0, 0, 3, 0, 1, 1, 1, 1], [0, 1, 0, 1, 0, 4, 1, 3, 1, 2]], [[0, 14, 5, 7, 24, 8, 4, 1, 0, 4], [1, 0, 0, 0, 0, 3, 1, 0, 5, 0], [0, 3, 1, 1, 5, 0, 1, 1, 2, 1], [0, 1, 2, 1, 1, 0, 1, 1, 0, 1]], [[1, 11, 1, 6, 21, 6, 5, 3, 0, 5], [0, 4, 0, 0, 1, 2, 0, 2, 4, 0], [2, 4, 1, 3, 1, 0, 0, 2, 1, 0], [0, 0, 1, 2, 0, 7, 2, 0, 1, 1]], [[1, 5, 2, 13, 22, 6, 3, 1, 5, 7], [2, 3, 0, 0, 0, 3, 0, 1, 2, 0], [0, 7, 0, 0, 2, 0, 0, 2, 3, 0], [2, 1, 1, 0, 0, 2, 2, 1, 0, 1]], [[0, 9, 3, 9, 26, 1, 7, 0, 0, 7], [4, 3, 0, 0, 1, 5, 2, 1, 0, 0], [1, 6, 0, 0, 2, 0, 0, 0, 2, 1], [0, 1, 0, 2, 0, 4, 1, 0, 2, 0]], [[1, 14, 2, 11, 19, 5, 6, 0, 3, 3], [2, 2, 0, 0, 0, 0, 0, 0, 6, 0], [1, 2, 1, 1, 2, 0, 4, 2, 0, 0], [1, 2, 1, 4, 0, 2, 2, 0, 1, 0]], [[1, 7, 2, 8, 21, 4, 2, 0, 1, 4], [3, 1, 0, 0, 0, 6, 1, 1, 3, 0], [1, 4, 0, 1, 6, 0, 3, 2, 1, 2], [0, 1, 2, 2, 1, 3, 3, 0, 1, 2]], [[2, 7, 4, 8, 21, 5, 6, 0, 2, 3], [4, 0, 1, 0, 1, 2, 0, 2, 1, 0], [1, 3, 1, 1, 4, 0, 1, 3, 0, 0], [0, 0, 1, 3, 1, 6, 3, 1, 0, 2]], [[0, 12, 3, 8, 23, 6, 4, 0, 0, 3], [3, 2, 0, 0, 0, 4, 0, 0, 2, 0], [0, 4, 0, 1, 10, 0, 0, 0, 0, 1], [2, 3, 3, 0, 1, 0, 3, 1, 1, 0]], [[0, 16, 4, 11, 21, 10, 4, 1, 1, 5], [1, 2, 0, 0, 0, 1, 0, 1, 2, 0], [0, 2, 0, 0, 0, 0, 0, 6, 0, 0], [1, 1, 1, 1, 0, 4, 1, 2, 1, 0]], [[1, 13, 7, 10, 22, 8, 3, 2, 2, 4], [1, 3, 0, 0, 0, 6, 0, 1, 1, 0], [0, 0, 0, 0, 3, 1, 0, 0, 2, 0], [1, 0, 1, 2, 1, 2, 2, 0, 1, 0]], [[0, 9, 0, 10, 19, 8, 4, 0, 3, 3], [1, 1, 1, 1, 1, 5, 0, 1, 5, 0], [0, 3, 0, 3, 5, 0, 0, 0, 2, 1], [2, 0, 0, 1, 0, 5, 3, 0, 2, 1]], [[0, 9, 3, 1, 14, 1, 3, 0, 2, 3], [6, 9, 1, 0, 2, 10, 1, 3, 8, 0], [2, 2, 0, 2, 2, 0, 0, 1, 0, 0], [0, 1, 2, 1, 1, 4, 2, 1, 2, 1]], [[0, 1, 1, 1, 6, 0, 0, 0, 1, 1], [12, 9, 3, 0, 2, 21, 2, 6, 13, 0], [0, 0, 0, 0, 2, 0, 2, 0, 0, 0], [2, 2, 2, 2, 0, 4, 3, 0, 0, 2]], [[0, 0, 0, 1, 2, 0, 1, 0, 1, 0], [7, 11, 1, 0, 4, 16, 1, 5, 19, 1], [0, 4, 0, 0, 5, 0, 1, 3, 2, 1], [1, 0, 0, 4, 2, 1, 3, 0, 1, 2]], [[0, 3, 0, 3, 10, 1, 2, 0, 0, 0], [7, 11, 5, 0, 1, 17, 1, 5, 14, 0], [1, 2, 0, 0, 0, 2, 0, 3, 1, 0], [0, 1, 0, 0, 0, 5, 2, 2, 1, 0]], [[1, 2, 1, 1, 3, 1, 1, 0, 1, 0], [5, 11, 6, 0, 0, 14, 1, 2, 10, 0], [2, 6, 0, 0, 6, 0, 1, 6, 1, 1], [2, 0, 0, 3, 1, 3, 5, 0, 1, 2]], [[0, 2, 1, 2, 5, 1, 1, 0, 0, 1], [9, 7, 4, 1, 3, 16, 1, 4, 13, 0], [2, 7, 1, 0, 2, 2, 1, 2, 0, 2], [0, 0, 0, 0, 0, 7, 1, 0, 2, 0]], [[0, 1, 1, 3, 7, 0, 1, 1, 0, 1], [6, 12, 3, 0, 1, 19, 2, 4, 13, 0], [1, 2, 1, 1, 1, 0, 1, 2, 2, 1], [0, 0, 0, 3, 1, 3, 2, 1, 3, 0]], [[0, 2, 1, 1, 3, 0, 1, 0, 0, 2], [11, 8, 5, 0, 3, 16, 1, 6, 17, 0], [1, 1, 0, 0, 1, 0, 1, 1, 2, 0], [0, 1, 2, 3, 0, 3, 3, 3, 1, 0]], [[0, 4, 1, 1, 4, 2, 2, 0, 2, 2], [6, 9, 1, 0, 1, 16, 0, 3, 21, 0], [1, 5, 0, 2, 5, 0, 1, 0, 1, 0], [0, 0, 2, 0, 0, 2, 0, 2, 3, 1]], [[0, 4, 1, 3, 5, 1, 1, 0, 0, 1], [8, 6, 4, 1, 1, 19, 2, 0, 16, 0], [1, 6, 1, 0, 1, 0, 1, 2, 1, 1], [0, 0, 2, 1, 0, 4, 5, 0, 0, 1]], [[0, 3, 1, 1, 9, 0, 1, 1, 0, 2], [10, 12, 1, 1, 2, 9, 1, 1, 18, 0], [0, 5, 2, 0, 3, 0, 2, 4, 1, 0], [1, 2, 1, 0, 0, 2, 2, 0, 1, 1]], [[1, 2, 2, 1, 3, 2, 0, 0, 0, 0], [9, 8, 6, 0, 0, 18, 2, 6, 13, 0], [1, 10, 0, 0, 0, 0, 0, 2, 1, 2], [0, 0, 1, 1, 1, 2, 2, 1, 2, 1]], [[0, 1, 0, 1, 6, 1, 0, 0, 0, 0], [8, 17, 4, 1, 1, 14, 0, 3, 16, 0], [2, 3, 0, 0, 4, 0, 0, 3, 1, 2], [1, 2, 0, 0, 2, 1, 3, 0, 3, 0]], [[0, 4, 1, 0, 4, 2, 1, 0, 1, 1], [0, 1, 2, 0, 0, 6, 0, 2, 6, 0], [3, 17, 2, 5, 12, 0, 3, 4, 5, 5], [0, 1, 3, 1, 2, 4, 2, 0, 0, 0]], [[0, 1, 1, 0, 3, 3, 0, 0, 0, 1], [2, 3, 1, 0, 0, 2, 2, 1, 2, 0], [4, 16, 2, 3, 12, 1, 5, 10, 7, 2], [0, 0, 1, 1, 4, 2, 4, 1, 3, 0]], [[0, 2, 0, 0, 2, 1, 0, 0, 1, 1], [2, 4, 3, 2, 1, 3, 0, 1, 1, 0], [1, 22, 0, 3, 12, 2, 4, 2, 8, 4], [0, 1, 2, 1, 1, 3, 3, 2, 4, 1]], [[0, 1, 0, 4, 5, 0, 1, 0, 1, 1], [1, 5, 2, 0, 0, 3, 0, 0, 7, 0], [6, 12, 1, 2, 16, 0, 5, 5, 2, 3], [0, 3, 2, 4, 1, 3, 3, 0, 1, 0]], [[0, 1, 0, 2, 8, 1, 0, 0, 0, 0], [2, 3, 1, 0, 1, 1, 0, 1, 3, 0], [3, 13, 2, 4, 17, 2, 3, 7, 10, 0], [0, 2, 3, 1, 1, 3, 0, 2, 3, 0]], [[0, 1, 0, 0, 5, 0, 0, 0, 0, 1], [2, 2, 0, 0, 1, 2, 1, 0, 2, 0], [4, 17, 4, 8, 14, 1, 4, 9, 8, 4], [0, 2, 0, 0, 1, 6, 0, 0, 1, 0]], [[0, 1, 2, 2, 4, 1, 2, 0, 2, 0], [1, 4, 0, 0, 0, 2, 0, 2, 4, 0], [7, 12, 3, 3, 9, 0, 3, 9, 6, 7], [1, 3, 1, 1, 0, 2, 2, 2, 2, 0]], [[0, 2, 0, 1, 5, 2, 1, 0, 0, 1], [2, 3, 0, 0, 0, 0, 0, 0, 2, 0], [6, 18, 0, 2, 11, 2, 10, 6, 7, 6], [0, 0, 0, 2, 0, 4, 2, 1, 3, 1]], [[1, 3, 1, 0, 9, 2, 0, 1, 0, 2], [2, 2, 1, 0, 0, 3, 1, 1, 2, 0], [2, 17, 0, 9, 9, 2, 1, 13, 4, 1], [0, 1, 1, 2, 0, 3, 2, 0, 2, 0]], [[0, 3, 0, 1, 7, 3, 1, 0, 1, 0], [1, 6, 0, 0, 1, 2, 0, 0, 7, 0], [6, 12, 2, 5, 13, 0, 5, 7, 5, 2], [0, 2, 3, 0, 0, 3, 1, 0, 1, 0]], [[0, 2, 0, 2, 4, 0, 0, 0, 0, 1], [4, 0, 3, 0, 2, 6, 0, 2, 4, 0], [5, 16, 1, 5, 15, 0, 2, 8, 6, 3], [1, 0, 0, 0, 0, 3, 2, 0, 2, 1]], [[0, 2, 0, 1, 6, 1, 0, 1, 0, 3], [0, 5, 0, 0, 1, 5, 0, 1, 4, 0], [3, 12, 2, 3, 18, 0, 6, 4, 5, 2], [0, 2, 0, 0, 1, 4, 1, 3, 4, 0]], [[0, 1, 2, 3, 3, 1, 3, 0, 0, 0], [1, 3, 0, 0, 0, 5, 0, 1, 3, 0], [5, 11, 0, 4, 5, 0, 2, 6, 2, 3], [2, 4, 1, 4, 3, 6, 8, 3, 3, 2]], [[0, 3, 0, 3, 7, 1, 1, 0, 0, 1], [1, 2, 1, 0, 1, 4, 0, 0, 5, 0], [0, 3, 0, 0, 4, 2, 0, 2, 0, 0], [0, 6, 5, 4, 5, 10, 9, 3, 12, 5]], [[1, 0, 1, 1, 4, 0, 2, 0, 0, 0], [1, 1, 1, 0, 1, 2, 2, 0, 8, 0], [1, 3, 0, 0, 0, 0, 1, 5, 3, 2], [1, 6, 6, 5, 3, 14, 16, 2, 5, 2]], [[0, 3, 2, 0, 4, 0, 1, 0, 0, 0], [2, 2, 0, 1, 0, 4, 0, 0, 2, 0], [1, 2, 0, 1, 2, 0, 0, 2, 1, 1], [3, 6, 4, 6, 4, 22, 10, 3, 7, 4]], [[0, 0, 0, 3, 5, 2, 1, 0, 0, 3], [4, 4, 0, 0, 0, 2, 0, 1, 2, 0], [1, 4, 0, 0, 1, 0, 1, 3, 0, 0], [1, 3, 0, 3, 7, 19, 15, 2, 11, 2]], [[0, 3, 0, 3, 5, 2, 1, 0, 1, 1], [0, 5, 0, 0, 0, 4, 0, 1, 4, 0], [2, 1, 0, 2, 5, 0, 2, 5, 0, 0], [1, 8, 3, 4, 2, 12, 8, 3, 8, 4]], [[1, 1, 0, 3, 3, 1, 0, 0, 0, 0], [1, 0, 2, 1, 1, 2, 0, 2, 3, 0], [2, 2, 0, 1, 4, 0, 1, 3, 0, 1], [1, 9, 2, 11, 5, 11, 14, 1, 7, 4]], [[0, 4, 0, 2, 3, 0, 3, 0, 0, 1], [3, 3, 1, 0, 0, 4, 0, 1, 2, 0], [0, 2, 0, 1, 0, 0, 1, 1, 3, 2], [3, 5, 7, 2, 4, 16, 11, 3, 12, 0]], [[0, 4, 0, 0, 5, 0, 1, 0, 0, 0], [2, 3, 1, 0, 0, 5, 0, 1, 2, 1], [1, 3, 1, 0, 4, 0, 0, 3, 0, 1], [3, 7, 4, 5, 3, 15, 14, 6, 3, 2]], [[0, 1, 1, 4, 6, 0, 1, 0, 0, 0], [2, 0, 1, 0, 1, 6, 0, 0, 5, 0], [2, 4, 2, 0, 5, 0, 2, 2, 0, 1], [3, 3, 5, 7, 1, 14, 12, 3, 5, 1]], [[0, 3, 2, 2, 3, 1, 1, 0, 0, 1], [0, 3, 0, 0, 0, 1, 0, 1, 3, 0], [0, 6, 1, 0, 4, 0, 2, 2, 2, 0], [6, 3, 4, 8, 4, 12, 14, 5, 4, 2]], [[0, 2, 0, 2, 6, 1, 1, 0, 2, 0], [0, 2, 0, 0, 0, 7, 0, 3, 2, 0], [1, 3, 1, 0, 2, 2, 0, 0, 1, 1], [3, 5, 13, 5, 2, 12, 9, 2, 6, 4]], [[0, 4, 0, 3, 1, 2, 1, 1, 0, 1], [3, 2, 1, 0, 0, 2, 0, 1, 5, 0], [0, 2, 0, 0, 4, 0, 1, 3, 1, 1], [2, 6, 4, 6, 3, 19, 9, 5, 6, 1]]],