{"M": 50, "G": 3, "I": 5, "J": 100, "p": [[0.06444559384021661, 0.5185814868114604, 0.11762784906370648, 0.29369367360950993, 0.0056513966751065665], [0.308115663974515, 0.2835138746929994, 0.0041724687997965176, 0.386082738833395, 0.018115253699294016], [0.055000586872240034, 0.15348701412423124, 0.4755500701341425, 0.3155896909089051, 0.00037263796048121083]], "r": [[[2, 37, 13, 20, 0], [4, 4, 0, 6, 0], [1, 3, 8, 2, 0]], [[2, 33, 8, 12, 1], [8, 12, 0, 8, 0], [0, 4, 9, 3, 0]], [[4, 36, 8, 15, 1], [7, 1, 0, 8, 0], [1, 5, 10, 4, 0]], [[5, 36, 4, 21, 0], [6, 4, 0, 6, 0], [2, 6, 5, 5, 0]], [[3, 39, 8, 20, 0], [3, 4, 1, 7, 0], [1, 1, 11, 2, 0]], [[3, 28, 9, 18, 1], [9, 2, 0, 7, 1], [0, 4, 11, 7, 0]], [[3, 35, 9, 25, 0], [1, 4, 0, 10, 0], [0, 4, 6, 3, 0]], [[2, 44, 5, 21, 0], [7, 5, 0, 4, 0], [0, 1, 8, 3, 0]], [[5, 32, 7, 23, 2], [5, 5, 0, 6, 0], [0, 2, 8, 5, 0]], [[6, 35, 13, 20, 0], [4, 2, 0, 4, 0], [1, 1, 10, 4, 0]], [[5, 32, 9, 17, 1], [1, 7, 0, 4, 1], [1, 5, 10, 7, 0]], [[2, 37, 6, 19, 0], [6, 4, 0, 8, 0], [1, 4, 7, 6, 0]], [[4, 34, 7, 16, 0], [4, 8, 0, 6, 0], [1, 5, 10, 5, 0]], [[6, 36, 10, 21, 1], [4, 9, 0, 4, 1], [0, 1, 3, 4, 0]], [[4, 37, 4, 20, 0], [5, 8, 0, 5, 1], [2, 4, 6, 4, 0]], [[2, 42, 6, 15, 1], [4, 3, 0, 12, 0], [2, 3, 5, 5, 0]], [[5, 28, 9, 12, 0], [16, 10, 0, 6, 0], [1, 2, 7, 4, 0]], [[0, 9, 2, 7, 0], [24, 19, 0, 19, 2], [1, 2, 9, 6, 0]], [[0, 12, 3, 8, 0], [19, 16, 1, 21, 4], [1, 2, 9, 4, 0]], [[0, 5, 2, 6, 0], [28, 24, 0, 21, 1], [3, 1, 7, 2, 0]], [[1, 8, 3, 2, 0], [23, 18, 0, 28, 1], [0, 3, 7, 6, 0]], [[1, 7, 1, 7, 0], [26, 19, 1, 25, 1], [0, 4, 6, 2, 0]], [[1, 8, 4, 6, 0], [18, 17, 0, 26, 1], [0, 3, 7, 9, 0]], [[0, 10, 3, 6, 0], [25, 18, 0, 21, 0], [0, 2, 12, 2, 1]], [[3, 11, 2, 5, 0], [25, 14, 0, 25, 1], [3, 2, 5, 4, 0]], [[2, 10, 4, 3, 0], [23, 19, 1, 20, 1], [2, 0, 9, 6, 0]], [[1, 8, 3, 4, 0], [22, 21, 0, 19, 1], [0, 5, 7, 9, 0]], [[2, 4, 1, 2, 0], [18, 29, 0, 28, 1], [1, 1, 10, 3, 0]], [[0, 9, 1, 7, 0], [23, 21, 0, 26, 2], [0, 2, 3, 6, 0]], [[0, 9, 2, 7, 1], [19, 21, 0, 27, 1], [2, 2, 4, 5, 0]], [[0, 12, 1, 6, 0], [15, 19, 0, 23, 1], [0, 3, 11, 9, 0]], [[0, 7, 1, 9, 0], [34, 20, 1, 18, 1], [1, 1, 4, 3, 0]], [[0, 6, 2, 5, 0], [19, 16, 0, 29, 0], [0, 1, 14, 8, 0]], [[0, 5, 4, 2, 0], [13, 12, 0, 11, 1], [3, 7, 22, 20, 0]], [[2, 6, 2, 3, 0], [5, 9, 0, 4, 0], [2, 7, 32, 28, 0]], [[1, 8, 3, 3, 0], [8, 5, 0, 7, 0], [5, 8, 35, 17, 0]], [[1, 7, 0, 10, 0], [3, 3, 0, 3, 0], [6, 14, 30, 23, 0]], [[2, 8, 1, 3, 0], [6, 7, 0, 6, 0], [3, 12, 32, 20, 0]], [[1, 6, 4, 8, 0], [7, 3, 0, 3, 2], [3, 12, 30, 21, 0]], [[1, 9, 0, 11, 1], [2, 7, 0, 8, 0], [6, 9, 31, 15, 0]], [[2, 7, 2, 9, 0], [4, 2, 0, 4, 0], [5, 11, 34, 20, 0]], [[0, 6, 0, 5, 1], [4, 3, 0, 9, 0], [4, 6, 39, 23, 0]], [[0, 5, 3, 4, 0], [5, 12, 0, 6, 1], [4, 8, 24, 28, 0]], [[2, 9, 5, 5, 0], [6, 6, 1, 8, 0], [3, 12, 24, 19, 0]], [[0, 7, 3, 5, 0], [5, 3, 0, 6, 0], [2, 11, 30, 28, 0]], [[2, 10, 3, 5, 0], [5, 6, 0, 5, 0], [7, 8, 25, 24, 0]], [[0, 7, 4, 3, 0], [4, 2, 1, 9, 0], [5, 8, 34, 23, 0]], [[3, 6, 1, 4, 0], [4, 4, 0, 6, 0], [3, 13, 36, 20, 0]], [[2, 12, 1, 4, 0], [5, 5, 0, 7, 0], [5, 6, 30, 23, 0]], [[1, 6, 1, 7, 0], [2, 4, 0, 5, 0], [0, 12, 39, 23, 0]]], "n": [[7, 44, 21, 28, 0], [10, 49, 17, 23, 1], [12, 42, 18, 27, 1], [13, 46, 9, 32, 0], [7, 44, 20, 29, 0], [12, 34, 20, 32, 2], [4, 43, 15, 38, 0], [9, 50, 13, 28, 0], [10, 39, 15, 34, 2], [11, 38, 23, 28, 0], [7, 44, 19, 28, 2], [9, 45, 13, 33, 0], [9, 47, 17, 27, 0], [10, 46, 13, 29, 2], [11, 49, 10, 29, 1], [8, 48, 11, 32, 1], [22, 40, 16, 22, 0], [25, 30, 11, 32, 2], [20, 30, 13, 33, 4], [31, 30, 9, 29, 1], [24, 29, 10, 36, 1], [27, 30, 8, 34, 1], [19, 28, 11, 41, 1], [25, 30, 15, 29, 1], [31, 27, 7, 34, 1], [27, 29, 14, 29, 1], [23, 34, 10, 32, 1], [21, 34, 11, 33, 1], [23, 32, 4, 39, 2], [21, 32, 6, 39, 2], [15, 34, 12, 38, 1], [35, 28, 6, 30, 1], [19, 23, 16, 42, 0], [16, 24, 26, 33, 1], [9, 22, 34, 35, 0], [14, 21, 38, 27, 0], [10, 24, 30, 36, 0], [11, 27, 33, 29, 0], [11, 21, 34, 32, 2], [9, 25, 31, 34, 1], [11, 20, 36, 33, 0], [8, 15, 39, 37, 1], [9, 25, 27, 38, 1], [11, 27, 30, 32, 0], [7, 21, 33, 39, 0], [14, 24, 28, 34, 0], [9, 17, 39, 35, 0], [10, 23, 37, 30, 0], [12, 23, 31, 34, 0], [3, 22, 40, 35, 0]], "lambda_": 0.5, "b": [[72, 14, 14], [56, 28, 16], [64, 16, 20], [66, 16, 18], [70, 15, 15], [59, 19, 22], [72, 15, 13], [72, 16, 12], [69, 16, 15], [74, 10, 16], [64, 13, 23], [64, 18, 18], [61, 18, 21], [74, 18, 8], [65, 19, 16], [66, 19, 15], [54, 32, 14], [18, 64, 18], [23, 61, 16], [13, 74, 13], [14, 70, 16], [16, 72, 12], [19, 62, 19], [19, 64, 17], [21, 65, 14], [19, 64, 17], [16, 63, 21], [9, 76, 15], [17, 72, 11], [19, 68, 13], [19, 58, 23], [17, 74, 9], [13, 64, 23], [11, 37, 52], [13, 18, 69], [15, 20, 65], [18, 9, 73], [14, 19, 67], [19, 15, 66], [22, 17, 61], [20, 10, 70], [12, 16, 72], [12, 24, 64], [21, 21, 58], [15, 14, 71], [20, 16, 64], [14, 16, 70], [14, 14, 72], [19, 17, 64], [15, 11, 74]]}