{"M": 50, "G": 4, "I": 5, "J": 100, "p": [[0.0433037419557625, 0.6043972630484711, 0.11967273975203206, 0.06272639200543513, 0.16989986323829925], [0.010949408191273125, 0.14085830680435835, 0.2076171069384817, 0.5129857133078594, 0.12758946475802732], [0.10978458920334491, 0.3594137963505347, 0.3559568691402071, 0.12035649855401814, 0.05448824675189504], [0.21154166390255172, 0.05040667379091068, 0.23240301820301118, 0.14950739990065737, 0.356141244202869]], "r": [[[3, 33, 11, 3, 16], [0, 0, 3, 5, 1], [0, 3, 4, 1, 0], [2, 3, 7, 1, 4]], [[2, 52, 4, 2, 9], [0, 2, 3, 3, 1], [0, 1, 5, 4, 0], [2, 1, 2, 2, 5]], [[1, 34, 4, 4, 12], [0, 1, 3, 9, 2], [2, 4, 5, 0, 0], [3, 2, 7, 0, 7]], [[1, 36, 7, 4, 11], [0, 3, 3, 9, 2], [1, 4, 4, 2, 1], [3, 0, 3, 3, 3]], [[3, 34, 4, 3, 8], [0, 3, 3, 10, 4], [1, 4, 7, 2, 0], [2, 0, 8, 2, 2]], [[2, 37, 4, 2, 11], [0, 1, 3, 9, 3], [1, 9, 2, 1, 2], [5, 1, 3, 0, 4]], [[2, 47, 7, 5, 1], [0, 1, 3, 13, 0], [2, 4, 4, 0, 0], [7, 1, 1, 1, 1]], [[2, 45, 6, 6, 7], [0, 1, 0, 6, 1], [0, 6, 11, 2, 0], [5, 0, 0, 0, 2]], [[3, 41, 6, 3, 8], [0, 2, 1, 4, 2], [1, 6, 4, 1, 1], [3, 1, 4, 1, 8]], [[5, 37, 7, 3, 13], [0, 0, 2, 10, 3], [0, 3, 5, 2, 0], [0, 1, 2, 2, 5]], [[3, 43, 8, 2, 11], [0, 1, 2, 9, 3], [0, 6, 4, 0, 0], [1, 2, 1, 1, 3]], [[3, 36, 8, 4, 10], [0, 1, 3, 11, 0], [2, 5, 3, 1, 1], [4, 0, 3, 2, 3]], [[1, 27, 2, 1, 6], [1, 7, 13, 17, 6], [0, 1, 5, 0, 1], [1, 0, 1, 4, 6]], [[1, 7, 1, 3, 3], [0, 13, 10, 33, 8], [0, 4, 4, 2, 0], [4, 0, 3, 2, 2]], [[2, 6, 1, 0, 1], [0, 5, 11, 40, 12], [1, 6, 4, 1, 2], [3, 1, 0, 0, 4]], [[2, 4, 2, 2, 1], [0, 9, 22, 31, 11], [1, 1, 5, 2, 0], [2, 0, 2, 1, 2]], [[0, 5, 0, 2, 2], [1, 7, 14, 30, 8], [3, 4, 3, 2, 3], [2, 1, 3, 1, 9]], [[0, 8, 1, 0, 2], [1, 6, 15, 31, 10], [0, 4, 6, 2, 0], [3, 2, 4, 4, 1]], [[1, 8, 2, 0, 4], [1, 9, 13, 31, 7], [2, 6, 3, 1, 2], [2, 1, 4, 0, 3]], [[0, 6, 2, 2, 1], [1, 11, 10, 39, 9], [2, 7, 1, 0, 0], [2, 0, 4, 2, 1]], [[0, 4, 1, 0, 0], [2, 14, 10, 37, 5], [1, 3, 5, 6, 1], [4, 0, 1, 3, 3]], [[1, 6, 0, 3, 1], [2, 10, 7, 27, 9], [4, 5, 3, 6, 1], [3, 3, 2, 3, 4]], [[1, 15, 0, 0, 2], [1, 4, 16, 29, 5], [2, 5, 4, 2, 1], [4, 0, 1, 1, 7]], [[0, 6, 2, 0, 2], [3, 10, 8, 44, 3], [0, 7, 5, 2, 0], [3, 0, 1, 2, 2]], [[0, 9, 3, 1, 2], [0, 6, 14, 32, 6], [2, 4, 6, 2, 1], [3, 1, 1, 1, 6]], [[0, 11, 0, 0, 3], [0, 5, 0, 5, 1], [7, 24, 24, 7, 2], [2, 0, 2, 2, 5]], [[0, 11, 3, 1, 1], [0, 3, 0, 9, 1], [8, 17, 19, 7, 3], [1, 4, 2, 3, 7]], [[0, 9, 3, 1, 1], [0, 3, 3, 3, 1], [11, 29, 20, 4, 3], [0, 0, 4, 2, 3]], [[0, 11, 3, 4, 2], [0, 1, 2, 8, 0], [4, 19, 17, 9, 3], [2, 0, 5, 5, 5]], [[0, 5, 1, 1, 8], [0, 1, 4, 8, 0], [4, 21, 22, 6, 3], [6, 2, 4, 2, 2]], [[0, 6, 4, 0, 1], [0, 1, 3, 5, 2], [4, 22, 26, 8, 7], [4, 0, 3, 1, 3]], [[1, 8, 0, 1, 1], [0, 1, 0, 5, 1], [9, 23, 27, 6, 3], [3, 0, 3, 3, 5]], [[2, 8, 2, 0, 2], [0, 4, 3, 8, 0], [8, 23, 13, 6, 5], [3, 1, 5, 0, 7]], [[3, 6, 1, 0, 1], [0, 1, 1, 4, 2], [6, 24, 25, 7, 3], [2, 0, 1, 6, 7]], [[1, 6, 3, 1, 3], [0, 0, 3, 6, 0], [4, 21, 28, 6, 7], [3, 0, 4, 2, 2]], [[0, 8, 1, 0, 6], [0, 1, 2, 3, 3], [7, 20, 26, 8, 2], [4, 0, 3, 1, 5]], [[2, 8, 1, 0, 1], [0, 0, 0, 7, 0], [4, 28, 28, 6, 4], [3, 1, 2, 0, 5]], [[1, 8, 0, 2, 3], [0, 2, 6, 7, 0], [5, 12, 11, 4, 4], [7, 1, 7, 4, 16]], [[0, 8, 3, 1, 4], [1, 0, 3, 5, 2], [1, 1, 6, 3, 0], [13, 5, 15, 5, 24]], [[1, 7, 1, 1, 3], [0, 0, 1, 9, 1], [1, 3, 6, 1, 0], [15, 6, 13, 7, 24]], [[1, 6, 0, 0, 0], [0, 0, 5, 10, 1], [0, 4, 9, 2, 0], [10, 3, 14, 11, 24]], [[0, 8, 1, 1, 2], [0, 0, 2, 7, 0], [0, 7, 4, 1, 1], [14, 4, 13, 11, 24]], [[2, 9, 3, 1, 2], [0, 0, 1, 5, 2], [1, 6, 5, 0, 0], [11, 6, 13, 9, 24]], [[0, 11, 1, 0, 2], [0, 2, 2, 8, 1], [2, 4, 9, 1, 1], [8, 1, 17, 8, 22]], [[0, 11, 2, 0, 1], [0, 0, 1, 6, 1], [0, 4, 5, 3, 1], [14, 2, 20, 8, 21]], [[0, 5, 0, 0, 2], [0, 4, 2, 6, 1], [0, 5, 1, 3, 0], [14, 7, 11, 9, 30]], [[0, 7, 2, 0, 2], [0, 0, 2, 9, 2], [2, 7, 3, 1, 0], [10, 4, 14, 12, 23]], [[0, 12, 2, 0, 0], [0, 2, 6, 7, 2], [2, 1, 5, 2, 0], [20, 4, 13, 7, 15]], [[2, 7, 4, 0, 2], [0, 0, 0, 8, 1], [0, 9, 2, 1, 1], [12, 4, 13, 7, 27]], [[0, 11, 0, 0, 3], [0, 1, 4, 5, 1], [2, 6, 5, 4, 0], [11, 2, 17, 5, 23]]], "n": [[5, 39, 25, 10, 21], [4, 56, 14, 11, 15], [6, 41, 19, 13, 21], [5, 43, 17, 18, 17], [6, 41, 22, 17, 14], [8, 48, 12, 12, 20], [11, 53, 15, 19, 2], [7, 52, 17, 14, 10], [7, 50, 15, 9, 19], [5, 41, 16, 17, 21], [4, 52, 15, 12, 17], [9, 42, 17, 18, 14], [3, 35, 21, 22, 19], [5, 24, 18, 40, 13], [6, 18, 16, 41, 19], [5, 14, 31, 36, 14], [6, 17, 20, 35, 22], [4, 20, 26, 37, 13], [6, 24, 22, 32, 16], [5, 24, 17, 43, 11], [7, 21, 17, 46, 9], [10, 24, 12, 39, 15], [8, 24, 21, 32, 15], [6, 23, 16, 48, 7], [5, 20, 24, 36, 15], [9, 40, 26, 14, 11], [9, 35, 24, 20, 12], [11, 41, 30, 10, 8], [6, 31, 27, 26, 10], [10, 29, 31, 17, 13], [8, 29, 36, 14, 13], [13, 32, 30, 15, 10], [13, 36, 23, 14, 14], [11, 31, 28, 17, 13], [8, 27, 38, 15, 12], [11, 29, 32, 12, 16], [9, 37, 31, 13, 10], [13, 23, 24, 17, 23], [15, 14, 27, 14, 30], [17, 16, 21, 18, 28], [11, 13, 28, 23, 25], [14, 19, 20, 20, 27], [14, 21, 22, 15, 28], [10, 18, 29, 17, 26], [14, 17, 28, 17, 24], [14, 21, 14, 18, 33], [12, 18, 21, 22, 27], [22, 19, 26, 16, 17], [14, 20, 19, 16, 31], [13, 20, 26, 14, 27]], "lambda_": 0.5, "b": [[66, 9, 8, 17], [69, 9, 10, 12], [55, 15, 11, 19], [59, 17, 12, 12], [52, 20, 14, 14], [56, 16, 15, 13], [62, 17, 10, 11], [66, 8, 19, 7], [61, 9, 13, 17], [65, 15, 10, 10], [67, 15, 10, 8], [61, 15, 12, 12], [37, 44, 7, 12], [15, 64, 10, 11], [10, 68, 14, 8], [11, 73, 9, 7], [9, 60, 15, 16], [11, 63, 12, 14], [15, 61, 14, 10], [11, 70, 10, 9], [5, 68, 16, 11], [11, 55, 19, 15], [18, 55, 14, 13], [10, 68, 14, 8], [15, 58, 15, 12], [14, 11, 64, 11], [16, 13, 54, 17], [14, 10, 67, 9], [20, 11, 52, 17], [15, 13, 56, 16], [11, 11, 67, 11], [11, 7, 68, 14], [14, 15, 55, 16], [11, 8, 65, 16], [14, 9, 66, 11], [15, 9, 63, 13], [12, 7, 70, 11], [14, 15, 36, 35], [16, 11, 11, 62], [13, 11, 11, 65], [7, 16, 15, 62], [12, 9, 13, 66], [17, 8, 12, 63], [14, 13, 17, 56], [14, 8, 13, 65], [7, 13, 9, 71], [11, 13, 13, 63], [14, 17, 10, 59], [15, 9, 13, 63], [14, 11, 17, 58]]}