{"M": 50, "G": 2, "I": 2, "J": 100, "p": [[0.315810458607232, 0.6841895413927681], [0.7514612437733241, 0.2485387562266758]], "r": [[[21, 53], [20, 6]], [[25, 50], [18, 7]], [[13, 57], [21, 9]], [[27, 44], [20, 9]], [[25, 47], [21, 7]], [[26, 41], [26, 7]], [[18, 63], [15, 4]], [[27, 58], [9, 6]], [[16, 57], [20, 7]], [[24, 48], [22, 6]], [[21, 55], [21, 3]], [[23, 54], [19, 4]], [[23, 54], [18, 5]], [[28, 48], [16, 8]], [[20, 57], [16, 7]], [[28, 40], [23, 9]], [[29, 52], [13, 6]], [[27, 54], [12, 7]], [[16, 59], [20, 5]], [[25, 49], [22, 4]], [[22, 63], [11, 4]], [[20, 53], [19, 8]], [[18, 52], [20, 10]], [[20, 50], [21, 9]], [[18, 52], [23, 7]], [[6, 22], [59, 13]], [[9, 23], [53, 15]], [[4, 23], [58, 15]], [[4, 20], [54, 22]], [[5, 15], [63, 17]], [[10, 19], [53, 18]], [[14, 19], [51, 16]], [[8, 16], [52, 24]], [[4, 13], [61, 22]], [[8, 18], [51, 23]], [[10, 16], [57, 17]], [[6, 17], [58, 19]], [[8, 9], [65, 18]], [[13, 19], [56, 12]], [[8, 14], [58, 20]], [[6, 19], [62, 13]], [[10, 24], [53, 13]], [[10, 15], [59, 16]], [[9, 20], [57, 14]], [[6, 16], [56, 22]], [[5, 16], [59, 20]], [[14, 10], [52, 24]], [[4, 18], [57, 21]], [[8, 15], [49, 28]], [[9, 18], [54, 19]]], "n": [[41, 59], [43, 57], [34, 66], [47, 53], [46, 54], [52, 48], [33, 67], [36, 64], [36, 64], [46, 54], [42, 58], [42, 58], [41, 59], [44, 56], [36, 64], [51, 49], [42, 58], [39, 61], [36, 64], [47, 53], [33, 67], [39, 61], [38, 62], [41, 59], [41, 59], [65, 35], [62, 38], [62, 38], [58, 42], [68, 32], [63, 37], [65, 35], [60, 40], [65, 35], [59, 41], [67, 33], [64, 36], [73, 27], [69, 31], [66, 34], [68, 32], [63, 37], [69, 31], [66, 34], [62, 38], [64, 36], [66, 34], [61, 39], [57, 43], [63, 37]], "lambda_": 0.5, "b": [[74, 26], [75, 25], [70, 30], [71, 29], [72, 28], [67, 33], [81, 19], [85, 15], [73, 27], [72, 28], [76, 24], [77, 23], [77, 23], [76, 24], [77, 23], [68, 32], [81, 19], [81, 19], [75, 25], [74, 26], [85, 15], [73, 27], [70, 30], [70, 30], [70, 30], [28, 72], [32, 68], [27, 73], [24, 76], [20, 80], [29, 71], [33, 67], [24, 76], [17, 83], [26, 74], [26, 74], [23, 77], [17, 83], [32, 68], [22, 78], [25, 75], [34, 66], [25, 75], [29, 71], [22, 78], [21, 79], [24, 76], [22, 78], [23, 77], [27, 73]]}