{"M": 50, "G": 3, "I": 3, "J": 100, "p": [[0.09197907715627632, 0.7401382118614593, 0.16788271098226437], [0.23206761290778644, 0.004465558007663243, 0.7634668290845503], [0.42078789622427676, 0.006192728205026937, 0.5730193755706964]], "r": [[[9, 52, 12], [9, 0, 9], [3, 0, 6]], [[3, 44, 7], [5, 0, 13], [14, 0, 14]], [[4, 59, 8], [2, 0, 16], [6, 0, 5]], [[3, 48, 15], [2, 0, 16], [10, 0, 6]], [[9, 51, 10], [0, 0, 11], [8, 0, 11]], [[8, 45, 9], [7, 0, 11], [5, 0, 15]], [[5, 48, 14], [5, 0, 16], [4, 0, 8]], [[8, 53, 12], [5, 0, 9], [8, 0, 5]], [[7, 47, 17], [2, 0, 13], [4, 0, 10]], [[6, 65, 5], [8, 0, 6], [6, 0, 4]], [[6, 51, 7], [4, 0, 13], [7, 0, 12]], [[3, 43, 16], [3, 0, 15], [4, 0, 16]], [[4, 51, 10], [2, 0, 12], [12, 1, 8]], [[7, 54, 8], [6, 0, 10], [5, 0, 10]], [[5, 46, 10], [3, 1, 16], [9, 0, 10]], [[5, 52, 10], [4, 0, 18], [6, 0, 5]], [[6, 37, 9], [9, 0, 26], [7, 0, 6]], [[2, 13, 4], [18, 1, 47], [3, 1, 11]], [[2, 12, 2], [15, 0, 46], [8, 0, 15]], [[1, 9, 2], [22, 1, 44], [13, 1, 7]], [[1, 8, 3], [25, 0, 53], [2, 0, 8]], [[3, 14, 3], [21, 0, 45], [8, 0, 6]], [[0, 13, 6], [11, 0, 53], [7, 0, 10]], [[2, 16, 1], [15, 0, 52], [5, 0, 9]], [[1, 16, 1], [19, 0, 48], [7, 0, 8]], [[2, 10, 6], [15, 1, 43], [10, 0, 13]], [[4, 13, 4], [16, 0, 48], [6, 0, 9]], [[0, 8, 1], [19, 0, 56], [5, 0, 11]], [[1, 12, 4], [15, 0, 51], [4, 0, 13]], [[2, 13, 5], [14, 1, 50], [9, 0, 6]], [[1, 16, 5], [8, 0, 53], [6, 0, 11]], [[2, 14, 1], [18, 0, 52], [4, 0, 9]], [[1, 8, 4], [16, 1, 50], [10, 0, 10]], [[2, 11, 2], [10, 0, 35], [15, 0, 25]], [[0, 8, 1], [4, 0, 13], [37, 0, 37]], [[3, 9, 4], [4, 0, 11], [29, 1, 39]], [[1, 14, 2], [2, 0, 9], [37, 1, 34]], [[1, 11, 3], [4, 0, 12], [35, 2, 32]], [[0, 16, 3], [2, 0, 12], [26, 0, 41]], [[1, 13, 7], [2, 0, 14], [19, 0, 44]], [[0, 12, 7], [4, 0, 9], [24, 1, 43]], [[0, 10, 1], [2, 0, 13], [25, 0, 49]], [[0, 10, 5], [7, 0, 18], [26, 0, 34]], [[1, 14, 4], [3, 0, 20], [24, 0, 34]], [[1, 9, 3], [2, 0, 10], [26, 1, 48]], [[4, 15, 3], [4, 0, 12], [30, 1, 31]], [[0, 12, 2], [5, 0, 11], [31, 2, 37]], [[1, 8, 5], [7, 0, 8], [30, 2, 39]], [[0, 10, 7], [4, 0, 11], [34, 0, 34]], [[0, 15, 2], [2, 0, 11], [29, 2, 39]]], "n": [[21, 52, 27], [22, 44, 34], [12, 59, 29], [15, 48, 37], [17, 51, 32], [20, 45, 35], [14, 48, 38], [21, 53, 26], [13, 47, 40], [20, 65, 15], [17, 51, 32], [10, 43, 47], [18, 52, 30], [18, 54, 28], [17, 47, 36], [15, 52, 33], [22, 37, 41], [23, 15, 62], [25, 12, 63], [36, 11, 53], [28, 8, 64], [32, 14, 54], [18, 13, 69], [22, 16, 62], [27, 16, 57], [27, 11, 62], [26, 13, 61], [24, 8, 68], [20, 12, 68], [25, 14, 61], [15, 16, 69], [24, 14, 62], [27, 9, 64], [27, 11, 62], [41, 8, 51], [36, 10, 54], [40, 15, 45], [40, 13, 47], [28, 16, 56], [22, 13, 65], [28, 13, 59], [27, 10, 63], [33, 10, 57], [28, 14, 58], [29, 10, 61], [38, 16, 46], [36, 14, 50], [38, 10, 52], [38, 10, 52], [31, 17, 52]], "lambda_": 0.5, "b": [[73, 18, 9], [54, 18, 28], [71, 18, 11], [66, 18, 16], [70, 11, 19], [62, 18, 20], [67, 21, 12], [73, 14, 13], [71, 15, 14], [76, 14, 10], [64, 17, 19], [62, 18, 20], [65, 14, 21], [69, 16, 15], [61, 20, 19], [67, 22, 11], [52, 35, 13], [19, 66, 15], [16, 61, 23], [12, 67, 21], [12, 78, 10], [20, 66, 14], [19, 64, 17], [19, 67, 14], [18, 67, 15], [18, 59, 23], [21, 64, 15], [9, 75, 16], [17, 66, 17], [20, 65, 15], [22, 61, 17], [17, 70, 13], [13, 67, 20], [15, 45, 40], [9, 17, 74], [16, 15, 69], [17, 11, 72], [15, 16, 69], [19, 14, 67], [21, 16, 63], [19, 13, 68], [11, 15, 74], [15, 25, 60], [19, 23, 58], [13, 12, 75], [22, 16, 62], [14, 16, 70], [14, 15, 71], [17, 15, 68], [17, 13, 70]]}