{"M": 50, "G": 3, "I": 2, "J": 100, "p": [[0.29751148897057095, 0.7024885110294291], [0.00031761382895504226, 0.9996823861710448], [0.6209454300676811, 0.3790545699323189]], "r": [[[15, 51], [0, 18], [13, 3]], [[24, 45], [0, 11], [9, 11]], [[14, 45], [0, 25], [12, 4]], [[15, 54], [0, 17], [5, 9]], [[24, 46], [0, 17], [7, 6]], [[21, 43], [0, 15], [12, 9]], [[16, 54], [0, 16], [9, 5]], [[15, 57], [0, 16], [6, 6]], [[20, 46], [0, 20], [12, 2]], [[26, 40], [0, 20], [10, 4]], [[25, 42], [0, 18], [9, 6]], [[20, 44], [0, 19], [14, 3]], [[19, 55], [0, 15], [7, 4]], [[17, 55], [0, 8], [13, 7]], [[32, 40], [0, 15], [9, 4]], [[25, 41], [0, 19], [7, 8]], [[13, 37], [0, 32], [13, 5]], [[5, 9], [0, 70], [13, 3]], [[3, 9], [0, 68], [13, 7]], [[5, 10], [0, 73], [8, 4]], [[5, 9], [0, 68], [12, 6]], [[6, 6], [0, 68], [15, 5]], [[6, 19], [0, 65], [6, 4]], [[1, 13], [0, 69], [14, 3]], [[5, 12], [0, 68], [11, 4]], [[4, 8], [0, 64], [17, 7]], [[3, 8], [0, 70], [11, 8]], [[5, 12], [0, 65], [14, 4]], [[4, 7], [0, 70], [10, 9]], [[8, 12], [0, 72], [7, 1]], [[6, 14], [0, 61], [12, 7]], [[8, 11], [0, 64], [12, 5]], [[6, 10], [0, 66], [9, 9]], [[6, 8], [0, 32], [33, 21]], [[4, 14], [0, 14], [42, 26]], [[6, 16], [0, 16], [38, 24]], [[7, 8], [0, 18], [38, 29]], [[4, 13], [0, 15], [35, 33]], [[1, 13], [0, 19], [32, 35]], [[4, 20], [0, 17], [32, 27]], [[4, 13], [0, 12], [41, 30]], [[1, 8], [0, 15], [54, 22]], [[5, 11], [0, 9], [49, 26]], [[6, 10], [0, 16], [46, 22]], [[4, 8], [0, 20], [50, 18]], [[6, 22], [0, 15], [35, 22]], [[2, 6], [0, 18], [40, 34]], [[9, 11], [0, 17], [36, 27]], [[2, 13], [0, 17], [43, 25]], [[3, 15], [0, 15], [42, 25]]], "n": [[28, 72], [33, 67], [26, 74], [20, 80], [31, 69], [33, 67], [25, 75], [21, 79], [32, 68], [36, 64], [34, 66], [34, 66], [26, 74], [30, 70], [41, 59], [32, 68], [26, 74], [18, 82], [16, 84], [13, 87], [17, 83], [21, 79], [12, 88], [15, 85], [16, 84], [21, 79], [14, 86], [19, 81], [14, 86], [15, 85], [18, 82], [20, 80], [15, 85], [39, 61], [46, 54], [44, 56], [45, 55], [39, 61], [33, 67], [36, 64], [45, 55], [55, 45], [54, 46], [52, 48], [54, 46], [41, 59], [42, 58], [45, 55], [45, 55], [45, 55]], "lambda_": 0.5, "b": [[66, 18, 16], [69, 11, 20], [59, 25, 16], [69, 17, 14], [70, 17, 13], [64, 15, 21], [70, 16, 14], [72, 16, 12], [66, 20, 14], [66, 20, 14], [67, 18, 15], [64, 19, 17], [74, 15, 11], [72, 8, 20], [72, 15, 13], [66, 19, 15], [50, 32, 18], [14, 70, 16], [12, 68, 20], [15, 73, 12], [14, 68, 18], [12, 68, 20], [25, 65, 10], [14, 69, 17], [17, 68, 15], [12, 64, 24], [11, 70, 19], [17, 65, 18], [11, 70, 19], [20, 72, 8], [20, 61, 19], [19, 64, 17], [16, 66, 18], [14, 32, 54], [18, 14, 68], [22, 16, 62], [15, 18, 67], [17, 15, 68], [14, 19, 67], [24, 17, 59], [17, 12, 71], [9, 15, 76], [16, 9, 75], [16, 16, 68], [12, 20, 68], [28, 15, 57], [8, 18, 74], [20, 17, 63], [15, 17, 68], [18, 15, 67]]}