{"M": 50, "G": 2, "I": 3, "J": 100, "p": [[0.88190002979169, 0.0920076920293921, 0.026092278178917974], [0.29406084557816603, 0.21111905408272336, 0.49482010033911067]], "r": [[[70, 6, 3], [8, 0, 13]], [[71, 6, 2], [6, 5, 10]], [[75, 9, 1], [7, 2, 6]], [[62, 10, 4], [9, 1, 14]], [[56, 9, 3], [10, 6, 16]], [[66, 4, 1], [8, 5, 16]], [[69, 5, 2], [7, 9, 8]], [[71, 10, 1], [4, 6, 8]], [[66, 3, 4], [5, 8, 14]], [[70, 11, 0], [7, 3, 9]], [[67, 6, 1], [11, 3, 12]], [[67, 14, 1], [9, 3, 6]], [[70, 4, 4], [6, 6, 10]], [[65, 9, 0], [10, 1, 15]], [[68, 7, 2], [5, 5, 13]], [[68, 10, 2], [7, 4, 9]], [[63, 9, 3], [5, 4, 16]], [[67, 5, 2], [8, 6, 12]], [[67, 3, 3], [4, 9, 14]], [[61, 7, 1], [8, 9, 14]], [[58, 11, 1], [10, 5, 15]], [[68, 4, 3], [3, 6, 16]], [[69, 3, 1], [10, 6, 11]], [[61, 8, 1], [12, 8, 10]], [[66, 7, 2], [8, 3, 14]], [[21, 3, 0], [25, 14, 37]], [[24, 3, 0], [27, 13, 33]], [[19, 3, 0], [22, 15, 41]], [[19, 5, 0], [20, 11, 45]], [[21, 3, 1], [21, 16, 38]], [[24, 2, 0], [25, 13, 36]], [[16, 2, 0], [19, 18, 45]], [[20, 1, 1], [22, 15, 41]], [[19, 5, 0], [26, 17, 33]], [[22, 3, 1], [24, 17, 33]], [[29, 2, 1], [22, 13, 33]], [[18, 1, 1], [24, 10, 46]], [[24, 2, 0], [25, 19, 30]], [[17, 4, 0], [24, 10, 45]], [[17, 5, 0], [31, 12, 35]], [[26, 1, 0], [24, 11, 38]], [[29, 1, 0], [14, 17, 39]], [[29, 0, 0], [21, 14, 36]], [[15, 3, 0], [30, 16, 36]], [[25, 5, 0], [13, 19, 38]], [[19, 1, 0], [21, 24, 35]], [[27, 2, 2], [16, 10, 43]], [[14, 4, 1], [23, 21, 37]], [[23, 2, 0], [19, 17, 39]], [[19, 3, 3], [20, 24, 31]]], "n": [[78, 6, 16], [77, 11, 12], [82, 11, 7], [71, 11, 18], [66, 15, 19], [74, 9, 17], [76, 14, 10], [75, 16, 9], [71, 11, 18], [77, 14, 9], [78, 9, 13], [76, 17, 7], [76, 10, 14], [75, 10, 15], [73, 12, 15], [75, 14, 11], [68, 13, 19], [75, 11, 14], [71, 12, 17], [69, 16, 15], [68, 16, 16], [71, 10, 19], [79, 9, 12], [73, 16, 11], [74, 10, 16], [46, 17, 37], [51, 16, 33], [41, 18, 41], [39, 16, 45], [42, 19, 39], [49, 15, 36], [35, 20, 45], [42, 16, 42], [45, 22, 33], [46, 20, 34], [51, 15, 34], [42, 11, 47], [49, 21, 30], [41, 14, 45], [48, 17, 35], [50, 12, 38], [43, 18, 39], [50, 14, 36], [45, 19, 36], [38, 24, 38], [40, 25, 35], [43, 12, 45], [37, 25, 38], [42, 19, 39], [39, 27, 34]], "lambda_": 0.5, "b": [[79, 21], [79, 21], [85, 15], [76, 24], [68, 32], [71, 29], [76, 24], [82, 18], [73, 27], [81, 19], [74, 26], [82, 18], [78, 22], [74, 26], [77, 23], [80, 20], [75, 25], [74, 26], [73, 27], [69, 31], [70, 30], [75, 25], [73, 27], [70, 30], [75, 25], [24, 76], [27, 73], [22, 78], [24, 76], [25, 75], [26, 74], [18, 82], [22, 78], [24, 76], [26, 74], [32, 68], [20, 80], [26, 74], [21, 79], [22, 78], [27, 73], [30, 70], [29, 71], [18, 82], [30, 70], [20, 80], [31, 69], [19, 81], [25, 75], [25, 75]]}