{"M": 50, "G": 2, "I": 4, "J": 100, "p": [[0.37664033529374275, 0.0874640765523398, 0.39740799933549775, 0.1384875888184196], [0.23064419241874784, 0.04693354147889885, 0.72121745986295, 0.0012048062394032465]], "r": [[[25, 8, 40, 6], [5, 1, 15, 0]], [[32, 4, 28, 13], [6, 2, 15, 0]], [[30, 3, 31, 12], [10, 1, 13, 0]], [[25, 5, 37, 11], [8, 1, 13, 0]], [[28, 5, 32, 12], [6, 3, 14, 0]], [[33, 8, 26, 17], [5, 0, 11, 0]], [[30, 4, 36, 9], [3, 2, 16, 0]], [[29, 10, 32, 11], [6, 1, 11, 0]], [[20, 4, 32, 13], [7, 2, 22, 0]], [[23, 4, 31, 11], [4, 0, 27, 0]], [[24, 5, 43, 9], [5, 1, 13, 0]], [[32, 6, 23, 14], [7, 1, 17, 0]], [[29, 9, 24, 4], [11, 2, 21, 0]], [[28, 7, 22, 9], [9, 3, 22, 0]], [[23, 10, 35, 9], [7, 2, 14, 0]], [[26, 7, 28, 13], [6, 1, 19, 0]], [[22, 4, 42, 13], [4, 2, 13, 0]], [[30, 5, 32, 6], [6, 2, 19, 0]], [[31, 9, 26, 9], [6, 0, 19, 0]], [[25, 7, 34, 13], [6, 1, 14, 0]], [[27, 5, 33, 15], [2, 1, 17, 0]], [[31, 6, 23, 8], [6, 2, 24, 0]], [[34, 6, 21, 11], [6, 2, 20, 0]], [[32, 7, 27, 13], [5, 1, 15, 0]], [[27, 5, 28, 12], [3, 0, 25, 0]], [[7, 0, 7, 3], [17, 5, 61, 0]], [[15, 2, 8, 4], [20, 3, 48, 0]], [[10, 3, 13, 4], [17, 3, 50, 0]], [[7, 3, 7, 0], [17, 6, 60, 0]], [[10, 0, 12, 3], [20, 4, 51, 0]], [[13, 4, 18, 7], [10, 7, 41, 0]], [[10, 4, 7, 4], [19, 2, 54, 0]], [[7, 2, 10, 4], [19, 5, 53, 0]], [[9, 1, 8, 3], [20, 5, 54, 0]], [[9, 3, 10, 2], [17, 2, 57, 0]], [[9, 4, 11, 4], [19, 2, 51, 0]], [[11, 1, 8, 2], [15, 5, 58, 0]], [[11, 2, 4, 2], [22, 3, 56, 0]], [[8, 0, 6, 6], [23, 4, 53, 0]], [[13, 3, 8, 3], [20, 3, 50, 0]], [[12, 1, 7, 7], [16, 6, 51, 0]], [[14, 3, 10, 3], [22, 2, 46, 0]], [[8, 2, 9, 5], [16, 4, 56, 0]], [[9, 3, 8, 4], [15, 3, 58, 0]], [[6, 1, 15, 5], [15, 2, 56, 0]], [[13, 1, 6, 6], [21, 2, 51, 0]], [[7, 0, 13, 3], [13, 2, 62, 0]], [[14, 5, 4, 1], [13, 6, 57, 0]], [[7, 2, 6, 2], [21, 4, 58, 0]], [[8, 1, 6, 8], [22, 3, 52, 0]]], "n": [[30, 9, 55, 6], [38, 6, 43, 13], [40, 4, 44, 12], [33, 6, 50, 11], [34, 8, 46, 12], [38, 8, 37, 17], [33, 6, 52, 9], [35, 11, 43, 11], [27, 6, 54, 13], [27, 4, 58, 11], [29, 6, 56, 9], [39, 7, 40, 14], [40, 11, 45, 4], [37, 10, 44, 9], [30, 12, 49, 9], [32, 8, 47, 13], [26, 6, 55, 13], [36, 7, 51, 6], [37, 9, 45, 9], [31, 8, 48, 13], [29, 6, 50, 15], [37, 8, 47, 8], [40, 8, 41, 11], [37, 8, 42, 13], [30, 5, 53, 12], [24, 5, 68, 3], [35, 5, 56, 4], [27, 6, 63, 4], [24, 9, 67, 0], [30, 4, 63, 3], [23, 11, 59, 7], [29, 6, 61, 4], [26, 7, 63, 4], [29, 6, 62, 3], [26, 5, 67, 2], [28, 6, 62, 4], [26, 6, 66, 2], [33, 5, 60, 2], [31, 4, 59, 6], [33, 6, 58, 3], [28, 7, 58, 7], [36, 5, 56, 3], [24, 6, 65, 5], [24, 6, 66, 4], [21, 3, 71, 5], [34, 3, 57, 6], [20, 2, 75, 3], [27, 11, 61, 1], [28, 6, 64, 2], [30, 4, 58, 8]], "lambda_": 0.5, "b": [[79, 21], [77, 23], [76, 24], [78, 22], [77, 23], [84, 16], [79, 21], [82, 18], [69, 31], [69, 31], [81, 19], [75, 25], [66, 34], [66, 34], [77, 23], [74, 26], [81, 19], [73, 27], [75, 25], [79, 21], [80, 20], [68, 32], [72, 28], [79, 21], [72, 28], [17, 83], [29, 71], [30, 70], [17, 83], [25, 75], [42, 58], [25, 75], [23, 77], [21, 79], [24, 76], [28, 72], [22, 78], [19, 81], [20, 80], [27, 73], [27, 73], [30, 70], [24, 76], [24, 76], [27, 73], [26, 74], [23, 77], [24, 76], [17, 83], [23, 77]]}