{"M": 50, "G": 4, "I": 5, "J": 100, "p": [[0.06444559384021661, 0.5185814868114604, 0.11762784906370648, 0.29369367360950993, 0.0056513966751065665], [0.308115663974515, 0.2835138746929994, 0.0041724687997965176, 0.386082738833395, 0.018115253699294016], [0.055000586872240034, 0.15348701412423124, 0.4755500701341425, 0.3155896909089051, 0.00037263796048121083], [0.1917689831606069, 0.20908859393408555, 0.1729689667973614, 0.3805549125737376, 0.04561854353420851]], "r": [[[7, 33, 13, 15, 1], [3, 7, 0, 5, 1], [0, 2, 4, 0, 0], [0, 4, 0, 5, 0]], [[3, 24, 6, 15, 2], [5, 6, 0, 6, 0], [1, 3, 4, 3, 0], [7, 2, 3, 9, 1]], [[2, 26, 9, 14, 1], [5, 5, 0, 3, 0], [1, 1, 9, 4, 0], [5, 3, 6, 5, 1]], [[3, 28, 5, 22, 0], [5, 5, 0, 1, 0], [1, 3, 7, 8, 0], [3, 3, 1, 5, 0]], [[2, 31, 3, 26, 0], [2, 8, 0, 1, 1], [1, 2, 12, 2, 0], [4, 2, 0, 2, 1]], [[3, 28, 6, 17, 1], [5, 2, 0, 7, 0], [0, 1, 13, 3, 0], [1, 2, 4, 5, 2]], [[3, 33, 11, 15, 0], [5, 7, 0, 6, 0], [1, 2, 2, 3, 0], [1, 4, 2, 5, 0]], [[3, 42, 5, 18, 2], [4, 3, 0, 5, 0], [0, 0, 6, 5, 0], [2, 1, 1, 3, 0]], [[4, 28, 7, 22, 0], [8, 3, 0, 6, 0], [0, 2, 9, 1, 0], [2, 2, 2, 4, 0]], [[4, 25, 18, 26, 0], [4, 4, 0, 3, 0], [0, 2, 4, 3, 0], [0, 2, 0, 5, 0]], [[2, 34, 13, 13, 1], [4, 2, 0, 5, 0], [1, 3, 6, 2, 0], [1, 4, 1, 6, 2]], [[0, 28, 7, 25, 0], [7, 2, 0, 1, 1], [1, 6, 8, 2, 0], [3, 1, 4, 3, 1]], [[2, 18, 3, 13, 0], [14, 11, 0, 15, 1], [0, 2, 4, 2, 0], [3, 3, 3, 2, 4]], [[1, 7, 2, 7, 0], [18, 15, 2, 27, 1], [1, 2, 5, 1, 0], [2, 1, 2, 6, 0]], [[2, 7, 3, 4, 0], [20, 17, 0, 25, 0], [0, 2, 4, 3, 0], [1, 4, 2, 5, 1]], [[1, 6, 1, 3, 0], [20, 20, 0, 23, 3], [1, 1, 9, 2, 0], [2, 3, 0, 3, 2]], [[0, 5, 4, 4, 0], [18, 17, 1, 25, 1], [0, 2, 11, 3, 0], [1, 0, 3, 5, 0]], [[0, 11, 2, 2, 0], [22, 18, 0, 20, 0], [0, 5, 4, 3, 0], [5, 4, 2, 2, 0]], [[0, 7, 3, 4, 0], [19, 16, 0, 17, 2], [1, 0, 9, 4, 0], [3, 1, 5, 7, 2]], [[0, 4, 0, 6, 0], [25, 15, 0, 24, 1], [0, 3, 10, 0, 0], [2, 4, 2, 4, 0]], [[1, 5, 2, 1, 0], [27, 17, 1, 21, 1], [0, 3, 3, 4, 0], [5, 3, 2, 3, 1]], [[0, 6, 2, 6, 0], [22, 18, 0, 20, 1], [2, 3, 5, 3, 0], [2, 1, 1, 7, 1]], [[2, 8, 2, 4, 0], [19, 20, 0, 24, 1], [1, 2, 6, 0, 0], [0, 3, 5, 3, 0]], [[4, 10, 2, 1, 0], [21, 21, 0, 18, 1], [0, 2, 5, 2, 0], [2, 1, 2, 8, 0]], [[1, 9, 2, 7, 0], [19, 15, 0, 25, 0], [1, 1, 5, 2, 0], [3, 3, 3, 4, 0]], [[1, 7, 2, 2, 0], [9, 3, 0, 0, 0], [1, 14, 27, 19, 0], [0, 3, 5, 5, 2]], [[0, 5, 1, 3, 0], [6, 5, 0, 8, 0], [4, 12, 20, 22, 0], [2, 4, 3, 5, 0]], [[0, 2, 1, 5, 0], [2, 4, 0, 3, 0], [5, 8, 36, 21, 0], [5, 2, 0, 4, 2]], [[1, 3, 1, 4, 0], [4, 0, 0, 3, 0], [3, 11, 36, 22, 0], [0, 3, 3, 4, 2]], [[1, 11, 0, 5, 0], [5, 3, 0, 7, 0], [4, 8, 36, 13, 0], [2, 2, 1, 2, 0]], [[2, 10, 2, 5, 0], [7, 2, 0, 4, 0], [2, 10, 30, 21, 0], [1, 2, 0, 2, 0]], [[1, 5, 0, 3, 0], [4, 0, 0, 2, 1], [3, 15, 32, 24, 0], [2, 3, 2, 3, 0]], [[0, 9, 3, 2, 0], [4, 5, 1, 5, 0], [3, 5, 28, 18, 0], [1, 5, 2, 7, 2]], [[0, 3, 1, 4, 0], [1, 6, 0, 4, 0], [1, 7, 44, 17, 0], [1, 6, 3, 2, 0]], [[1, 8, 1, 2, 0], [7, 2, 0, 7, 1], [1, 8, 26, 20, 0], [5, 1, 0, 9, 1]], [[0, 7, 3, 2, 0], [3, 0, 0, 7, 0], [3, 15, 27, 17, 0], [2, 1, 3, 9, 1]], [[2, 7, 2, 3, 0], [6, 3, 0, 3, 0], [4, 14, 27, 17, 0], [1, 3, 2, 5, 1]], [[1, 6, 3, 1, 0], [1, 5, 0, 6, 0], [5, 7, 20, 14, 0], [8, 6, 5, 12, 0]], [[0, 10, 1, 2, 0], [6, 2, 0, 4, 1], [0, 1, 8, 4, 0], [6, 10, 18, 24, 3]], [[1, 6, 1, 7, 1], [2, 3, 0, 7, 0], [0, 6, 6, 4, 0], [9, 12, 8, 25, 2]], [[0, 11, 1, 4, 0], [3, 2, 0, 2, 0], [1, 0, 3, 3, 0], [10, 16, 16, 21, 7]], [[0, 7, 1, 3, 0], [3, 7, 0, 2, 0], [0, 1, 7, 6, 0], [13, 15, 10, 22, 3]], [[0, 3, 3, 1, 0], [5, 6, 0, 5, 1], [0, 3, 8, 4, 0], [17, 13, 8, 21, 2]], [[2, 16, 1, 3, 0], [11, 2, 0, 4, 1], [2, 1, 3, 5, 0], [8, 9, 7, 24, 1]], [[0, 7, 1, 4, 0], [4, 1, 0, 4, 0], [0, 1, 7, 4, 0], [14, 12, 8, 28, 5]], [[1, 7, 0, 5, 0], [3, 4, 0, 7, 0], [1, 1, 5, 6, 0], [20, 8, 6, 24, 2]], [[1, 6, 0, 5, 0], [2, 4, 0, 2, 0], [0, 1, 4, 6, 0], [8, 15, 14, 30, 2]], [[1, 2, 2, 5, 0], [2, 3, 0, 6, 0], [2, 2, 7, 3, 0], [12, 14, 9, 29, 1]], [[0, 8, 0, 3, 0], [5, 5, 0, 5, 0], [0, 1, 2, 5, 0], [20, 11, 12, 18, 5]], [[1, 5, 3, 4, 0], [1, 2, 0, 4, 0], [1, 1, 4, 5, 0], [9, 18, 12, 28, 2]]], "n": [[10, 46, 17, 25, 2], [16, 35, 13, 33, 3], [13, 35, 24, 26, 2], [12, 39, 13, 36, 0], [9, 43, 15, 31, 2], [9, 33, 23, 32, 3], [10, 46, 15, 29, 0], [9, 46, 12, 31, 2], [14, 35, 18, 33, 0], [8, 33, 22, 37, 0], [8, 43, 20, 26, 3], [11, 37, 19, 31, 2], [19, 34, 10, 32, 5], [22, 25, 11, 41, 1], [23, 30, 9, 37, 1], [24, 30, 10, 31, 5], [19, 24, 19, 37, 1], [27, 38, 8, 27, 0], [23, 24, 17, 32, 4], [27, 26, 12, 34, 1], [33, 28, 8, 29, 2], [26, 28, 8, 36, 2], [22, 33, 13, 31, 1], [27, 34, 9, 29, 1], [24, 28, 10, 38, 0], [11, 27, 34, 26, 2], [12, 26, 24, 38, 0], [12, 16, 37, 33, 2], [8, 17, 40, 33, 2], [12, 24, 37, 27, 0], [12, 24, 32, 32, 0], [10, 23, 34, 32, 1], [8, 24, 34, 32, 2], [3, 22, 48, 27, 0], [14, 19, 27, 38, 2], [8, 23, 33, 35, 1], [13, 27, 31, 28, 1], [15, 24, 28, 33, 0], [12, 23, 27, 34, 4], [12, 27, 15, 43, 3], [14, 29, 20, 30, 7], [16, 30, 18, 33, 3], [22, 25, 19, 31, 3], [23, 28, 11, 36, 2], [18, 21, 16, 40, 5], [25, 20, 11, 42, 2], [11, 26, 18, 43, 2], [17, 21, 18, 43, 1], [25, 25, 14, 31, 5], [12, 26, 19, 41, 2]], "lambda_": 0.5, "b": [[69, 16, 6, 9], [50, 17, 11, 22], [52, 13, 15, 20], [58, 11, 19, 12], [62, 12, 17, 9], [55, 14, 17, 14], [62, 18, 8, 12], [70, 12, 11, 7], [61, 17, 12, 10], [73, 11, 9, 7], [63, 11, 12, 14], [60, 11, 17, 12], [36, 41, 8, 15], [17, 63, 9, 11], [16, 62, 9, 13], [11, 66, 13, 10], [13, 62, 16, 9], [15, 60, 12, 13], [14, 54, 14, 18], [10, 65, 13, 12], [9, 67, 10, 14], [14, 61, 13, 12], [16, 64, 9, 11], [17, 61, 9, 13], [19, 59, 9, 13], [12, 12, 61, 15], [9, 19, 58, 14], [8, 9, 70, 13], [9, 7, 72, 12], [17, 15, 61, 7], [19, 13, 63, 5], [9, 7, 74, 10], [14, 15, 54, 17], [8, 11, 69, 12], [12, 17, 55, 16], [12, 10, 62, 16], [14, 12, 62, 12], [11, 12, 46, 31], [13, 13, 13, 61], [16, 12, 16, 56], [16, 7, 7, 70], [11, 12, 14, 63], [7, 17, 15, 61], [22, 18, 11, 49], [12, 9, 12, 67], [13, 14, 13, 60], [12, 8, 11, 69], [10, 11, 14, 65], [11, 15, 8, 66], [13, 7, 11, 69]]}