{"M": 50, "G": 4, "I": 2, "J": 100, "p": [[0.11053619287835263, 0.8894638071216475], [0.2859754293897199, 0.7140245706102801], [0.0058150405982643075, 0.9941849594017358], [0.9854964655286079, 0.014503534471392115]], "r": [[[6, 60], [2, 13], [0, 13], [6, 0]], [[5, 47], [4, 9], [0, 14], [20, 1]], [[8, 58], [4, 6], [0, 16], [8, 0]], [[3, 57], [5, 12], [0, 9], [14, 0]], [[8, 55], [5, 8], [0, 9], [14, 1]], [[5, 50], [4, 13], [0, 18], [10, 0]], [[6, 58], [4, 9], [0, 14], [9, 0]], [[7, 62], [4, 7], [0, 12], [7, 1]], [[8, 57], [4, 7], [0, 8], [15, 1]], [[4, 71], [5, 4], [0, 9], [6, 1]], [[5, 54], [4, 11], [0, 16], [10, 0]], [[2, 56], [1, 11], [0, 16], [13, 1]], [[3, 37], [8, 24], [0, 15], [12, 1]], [[0, 14], [19, 43], [0, 8], [16, 0]], [[1, 8], [18, 46], [0, 11], [15, 1]], [[0, 8], [22, 48], [1, 12], [9, 0]], [[3, 10], [22, 42], [0, 13], [10, 0]], [[0, 12], [18, 40], [0, 19], [11, 0]], [[3, 10], [16, 42], [1, 15], [13, 0]], [[2, 7], [19, 45], [0, 13], [14, 0]], [[2, 8], [24, 45], [0, 12], [9, 0]], [[1, 12], [29, 36], [0, 10], [12, 0]], [[2, 13], [15, 46], [1, 7], [16, 0]], [[2, 14], [23, 40], [0, 15], [6, 0]], [[2, 16], [18, 39], [0, 14], [11, 0]], [[0, 11], [6, 7], [0, 59], [16, 1]], [[2, 8], [8, 12], [0, 56], [14, 0]], [[1, 6], [5, 8], [1, 70], [9, 0]], [[0, 14], [0, 7], [0, 64], [14, 1]], [[0, 16], [3, 9], [0, 61], [11, 0]], [[1, 15], [9, 10], [0, 55], [10, 0]], [[0, 14], [3, 2], [0, 74], [7, 0]], [[0, 10], [5, 13], [0, 57], [15, 0]], [[1, 8], [5, 9], [0, 66], [10, 1]], [[2, 8], [6, 11], [0, 58], [14, 1]], [[2, 15], [3, 5], [0, 64], [11, 0]], [[0, 12], [3, 9], [0, 61], [15, 0]], [[1, 11], [4, 9], [0, 38], [36, 1]], [[0, 11], [6, 9], [0, 11], [60, 3]], [[0, 18], [4, 6], [0, 13], [58, 1]], [[2, 12], [1, 2], [1, 13], [66, 3]], [[2, 7], [3, 10], [0, 11], [66, 1]], [[0, 10], [5, 11], [0, 13], [60, 1]], [[6, 15], [7, 5], [0, 12], [54, 1]], [[2, 9], [3, 6], [0, 10], [68, 2]], [[1, 11], [5, 13], [0, 12], [58, 0]], [[0, 11], [2, 4], [0, 13], [70, 0]], [[1, 9], [6, 4], [0, 12], [68, 0]], [[2, 10], [1, 18], [0, 6], [61, 2]], [[1, 12], [2, 3], [0, 18], [63, 1]]], "n": [[14, 86], [29, 71], [20, 80], [22, 78], [27, 73], [19, 81], [19, 81], [18, 82], [27, 73], [15, 85], [19, 81], [16, 84], [23, 77], [35, 65], [34, 66], [32, 68], [35, 65], [29, 71], [33, 67], [35, 65], [35, 65], [42, 58], [34, 66], [31, 69], [31, 69], [22, 78], [24, 76], [16, 84], [14, 86], [14, 86], [20, 80], [10, 90], [20, 80], [16, 84], [22, 78], [16, 84], [18, 82], [41, 59], [66, 34], [62, 38], [70, 30], [71, 29], [65, 35], [67, 33], [73, 27], [64, 36], [72, 28], [75, 25], [64, 36], [66, 34]], "lambda_": 0.5, "b": [[66, 15, 13, 6], [52, 13, 14, 21], [66, 10, 16, 8], [60, 17, 9, 14], [63, 13, 9, 15], [55, 17, 18, 10], [64, 13, 14, 9], [69, 11, 12, 8], [65, 11, 8, 16], [75, 9, 9, 7], [59, 15, 16, 10], [58, 12, 16, 14], [40, 32, 15, 13], [14, 62, 8, 16], [9, 64, 11, 16], [8, 70, 13, 9], [13, 64, 13, 10], [12, 58, 19, 11], [13, 58, 16, 13], [9, 64, 13, 14], [10, 69, 12, 9], [13, 65, 10, 12], [15, 61, 8, 16], [16, 63, 15, 6], [18, 57, 14, 11], [11, 13, 59, 17], [10, 20, 56, 14], [7, 13, 71, 9], [14, 7, 64, 15], [16, 12, 61, 11], [16, 19, 55, 10], [14, 5, 74, 7], [10, 18, 57, 15], [9, 14, 66, 11], [10, 17, 58, 15], [17, 8, 64, 11], [12, 12, 61, 15], [12, 13, 38, 37], [11, 15, 11, 63], [18, 10, 13, 59], [14, 3, 14, 69], [9, 13, 11, 67], [10, 16, 13, 61], [21, 12, 12, 55], [11, 9, 10, 70], [12, 18, 12, 58], [11, 6, 13, 70], [10, 10, 12, 68], [12, 19, 6, 63], [13, 5, 18, 64]]}