{"M": 50, "G": 2, "I": 3, "J": 100, "p": [[0.05643109664837008, 0.7876178552869836, 0.15595104806464638], [0.23302035588171555, 0.63115580747276, 0.13582383664552442]], "r": [[[4, 57, 12], [7, 17, 3]], [[6, 66, 10], [1, 16, 1]], [[3, 64, 10], [7, 11, 5]], [[3, 51, 8], [7, 21, 10]], [[6, 56, 5], [9, 20, 4]], [[2, 58, 8], [7, 22, 3]], [[4, 65, 6], [5, 16, 4]], [[3, 58, 14], [5, 15, 5]], [[5, 62, 10], [6, 15, 2]], [[4, 62, 8], [9, 13, 4]], [[4, 61, 6], [8, 17, 4]], [[9, 57, 8], [4, 19, 3]], [[7, 63, 14], [1, 12, 3]], [[2, 64, 9], [7, 15, 3]], [[3, 65, 14], [8, 10, 0]], [[2, 59, 13], [5, 17, 4]], [[4, 47, 14], [7, 23, 5]], [[3, 58, 19], [4, 13, 3]], [[4, 59, 14], [8, 9, 6]], [[2, 65, 13], [3, 16, 1]], [[2, 64, 10], [2, 21, 1]], [[7, 50, 12], [8, 22, 1]], [[2, 62, 9], [7, 15, 5]], [[7, 60, 12], [5, 15, 1]], [[1, 61, 10], [12, 12, 4]], [[0, 26, 4], [18, 44, 8]], [[4, 21, 5], [12, 52, 6]], [[1, 20, 7], [15, 49, 8]], [[1, 22, 6], [14, 46, 11]], [[1, 20, 5], [15, 51, 8]], [[0, 23, 5], [13, 52, 7]], [[1, 18, 3], [17, 53, 8]], [[1, 17, 2], [21, 43, 16]], [[1, 19, 3], [22, 44, 11]], [[1, 18, 7], [24, 34, 16]], [[0, 20, 3], [19, 51, 7]], [[1, 23, 2], [23, 40, 11]], [[2, 21, 5], [14, 47, 11]], [[1, 26, 3], [18, 42, 10]], [[3, 21, 2], [19, 50, 5]], [[0, 22, 6], [10, 52, 10]], [[3, 21, 2], [13, 48, 13]], [[1, 23, 3], [13, 52, 8]], [[1, 21, 0], [14, 51, 13]], [[1, 19, 5], [17, 52, 6]], [[1, 15, 3], [16, 59, 6]], [[0, 20, 4], [22, 44, 10]], [[1, 22, 5], [22, 44, 6]], [[0, 23, 4], [19, 43, 11]], [[2, 17, 1], [13, 55, 12]]], "n": [[11, 74, 15], [7, 82, 11], [10, 75, 15], [10, 72, 18], [15, 76, 9], [9, 80, 11], [9, 81, 10], [8, 73, 19], [11, 77, 12], [13, 75, 12], [12, 78, 10], [13, 76, 11], [8, 75, 17], [9, 79, 12], [11, 75, 14], [7, 76, 17], [11, 70, 19], [7, 71, 22], [12, 68, 20], [5, 81, 14], [4, 85, 11], [15, 72, 13], [9, 77, 14], [12, 75, 13], [13, 73, 14], [18, 70, 12], [16, 73, 11], [16, 69, 15], [15, 68, 17], [16, 71, 13], [13, 75, 12], [18, 71, 11], [22, 60, 18], [23, 63, 14], [25, 52, 23], [19, 71, 10], [24, 63, 13], [16, 68, 16], [19, 68, 13], [22, 71, 7], [10, 74, 16], [16, 69, 15], [14, 75, 11], [15, 72, 13], [18, 71, 11], [17, 74, 9], [22, 64, 14], [23, 66, 11], [19, 66, 15], [15, 72, 13]], "lambda_": 0.5, "b": [[73, 27], [82, 18], [77, 23], [62, 38], [67, 33], [68, 32], [75, 25], [75, 25], [77, 23], [74, 26], [71, 29], [74, 26], [84, 16], [75, 25], [82, 18], [74, 26], [65, 35], [80, 20], [77, 23], [80, 20], [76, 24], [69, 31], [73, 27], [79, 21], [72, 28], [30, 70], [30, 70], [28, 72], [29, 71], [26, 74], [28, 72], [22, 78], [20, 80], [23, 77], [26, 74], [23, 77], [26, 74], [28, 72], [30, 70], [26, 74], [28, 72], [26, 74], [27, 73], [22, 78], [25, 75], [19, 81], [24, 76], [28, 72], [27, 73], [20, 80]]}