{"M": 50, "G": 4, "I": 4, "J": 100, "p": [[0.006790457531316184, 0.45379157026617306, 0.4458643451357309, 0.09355362706677975], [0.12490196468201752, 0.20095636964109462, 0.44178206861140756, 0.23235959706548037], [0.03133098825375037, 0.15125306603020736, 0.06510450571541926, 0.7523114400006232], [0.5905060339298774, 0.007739532739798601, 0.2352078012762961, 0.16654663205402792]], "r": [[[0, 20, 28, 4], [4, 2, 6, 3], [0, 0, 0, 13], [14, 0, 3, 3]], [[0, 23, 28, 4], [2, 4, 8, 2], [0, 3, 2, 8], [11, 0, 2, 3]], [[2, 31, 28, 6], [2, 2, 6, 1], [0, 1, 1, 10], [7, 0, 0, 3]], [[0, 27, 27, 11], [0, 3, 8, 1], [0, 4, 1, 7], [8, 0, 2, 1]], [[0, 32, 26, 6], [2, 3, 5, 3], [1, 2, 1, 12], [6, 0, 0, 1]], [[1, 23, 31, 8], [1, 2, 7, 1], [0, 3, 1, 8], [10, 0, 0, 4]], [[0, 29, 25, 8], [0, 2, 4, 2], [0, 2, 2, 7], [14, 0, 4, 1]], [[0, 24, 36, 3], [1, 3, 2, 3], [1, 0, 1, 10], [11, 0, 4, 1]], [[0, 27, 29, 4], [2, 2, 3, 5], [2, 3, 0, 9], [10, 0, 2, 2]], [[0, 25, 37, 6], [0, 2, 5, 1], [0, 1, 1, 8], [12, 0, 2, 0]], [[0, 32, 24, 9], [0, 1, 4, 4], [0, 1, 0, 7], [7, 0, 9, 2]], [[0, 27, 26, 7], [7, 5, 4, 0], [1, 2, 1, 12], [5, 1, 2, 0]], [[0, 17, 16, 3], [4, 10, 21, 10], [0, 4, 2, 7], [5, 0, 1, 0]], [[0, 4, 5, 1], [11, 17, 19, 18], [0, 3, 1, 9], [6, 0, 5, 1]], [[0, 3, 4, 0], [4, 12, 30, 16], [1, 0, 2, 7], [14, 0, 5, 2]], [[0, 3, 3, 1], [11, 14, 29, 14], [1, 1, 1, 12], [8, 0, 2, 0]], [[0, 8, 4, 1], [13, 13, 28, 10], [1, 0, 0, 14], [4, 0, 2, 2]], [[0, 6, 8, 1], [7, 12, 27, 16], [1, 0, 0, 7], [8, 0, 5, 2]], [[0, 3, 7, 0], [12, 11, 25, 9], [0, 2, 2, 13], [6, 0, 8, 2]], [[0, 9, 6, 0], [5, 13, 29, 14], [0, 1, 0, 9], [9, 0, 4, 1]], [[0, 13, 3, 1], [6, 14, 27, 16], [0, 0, 3, 4], [3, 0, 6, 4]], [[0, 7, 3, 4], [7, 10, 30, 13], [0, 2, 1, 10], [9, 0, 3, 1]], [[0, 5, 9, 0], [3, 13, 30, 21], [0, 1, 0, 11], [5, 0, 1, 1]], [[0, 6, 5, 1], [9, 9, 31, 12], [0, 1, 1, 16], [4, 0, 4, 1]], [[0, 4, 4, 0], [12, 6, 30, 18], [1, 0, 1, 10], [9, 0, 4, 1]], [[0, 4, 5, 1], [4, 5, 3, 3], [0, 10, 4, 43], [11, 0, 2, 5]], [[0, 4, 8, 1], [1, 0, 7, 4], [2, 12, 4, 48], [6, 0, 2, 1]], [[0, 4, 7, 0], [1, 2, 6, 1], [2, 11, 6, 50], [3, 0, 2, 5]], [[0, 6, 5, 2], [2, 2, 6, 2], [0, 8, 4, 53], [5, 0, 4, 1]], [[0, 8, 4, 2], [0, 1, 8, 3], [1, 11, 5, 44], [9, 0, 3, 1]], [[0, 9, 4, 2], [1, 4, 13, 1], [1, 12, 6, 37], [4, 0, 6, 0]], [[0, 8, 8, 0], [1, 2, 7, 1], [1, 7, 6, 49], [5, 0, 2, 3]], [[0, 4, 3, 0], [1, 5, 8, 1], [0, 12, 8, 48], [6, 0, 1, 3]], [[0, 7, 4, 2], [1, 4, 4, 3], [2, 6, 4, 48], [10, 0, 3, 2]], [[0, 7, 4, 0], [2, 3, 3, 1], [2, 12, 2, 50], [8, 0, 3, 3]], [[0, 3, 14, 1], [3, 0, 5, 1], [3, 10, 4, 41], [7, 0, 3, 5]], [[0, 4, 3, 0], [6, 2, 1, 1], [2, 14, 7, 46], [9, 0, 4, 1]], [[0, 5, 10, 1], [1, 4, 3, 2], [2, 8, 2, 30], [19, 1, 6, 6]], [[0, 2, 8, 0], [1, 5, 4, 2], [0, 0, 1, 7], [42, 0, 14, 14]], [[0, 4, 9, 1], [1, 2, 3, 4], [2, 0, 1, 11], [38, 0, 11, 13]], [[0, 5, 4, 2], [0, 5, 5, 3], [1, 2, 3, 8], [34, 0, 17, 11]], [[0, 7, 7, 2], [0, 1, 5, 3], [0, 1, 0, 7], [31, 3, 15, 18]], [[0, 4, 9, 2], [1, 4, 5, 2], [1, 0, 1, 9], [33, 0, 20, 9]], [[0, 6, 7, 0], [1, 4, 5, 3], [0, 1, 2, 9], [46, 0, 9, 7]], [[1, 5, 8, 2], [4, 1, 7, 3], [1, 2, 2, 5], [40, 2, 12, 5]], [[0, 7, 5, 1], [3, 3, 7, 7], [0, 0, 1, 9], [34, 2, 7, 14]], [[0, 5, 10, 0], [2, 2, 3, 1], [3, 4, 1, 3], [36, 1, 18, 11]], [[0, 6, 9, 2], [1, 5, 7, 4], [0, 2, 1, 12], [29, 0, 15, 7]], [[0, 9, 5, 0], [1, 2, 4, 5], [0, 2, 0, 5], [36, 0, 16, 15]], [[0, 5, 7, 0], [1, 2, 8, 1], [1, 0, 3, 14], [33, 2, 13, 10]]], "n": [[18, 22, 37, 23], [13, 30, 40, 17], [11, 34, 35, 20], [8, 34, 38, 20], [9, 37, 32, 22], [12, 28, 39, 21], [14, 33, 35, 18], [13, 27, 43, 17], [14, 32, 34, 20], [12, 28, 45, 15], [7, 34, 37, 22], [13, 35, 33, 19], [9, 31, 40, 20], [17, 24, 30, 29], [19, 15, 41, 25], [20, 18, 35, 27], [18, 21, 34, 27], [16, 18, 40, 26], [18, 16, 42, 24], [14, 23, 39, 24], [9, 27, 39, 25], [16, 19, 37, 28], [8, 19, 40, 33], [13, 16, 41, 30], [22, 10, 39, 29], [15, 19, 14, 52], [9, 16, 21, 54], [6, 17, 21, 56], [7, 16, 19, 58], [10, 20, 20, 50], [6, 25, 29, 40], [7, 17, 23, 53], [7, 21, 20, 52], [13, 17, 15, 55], [12, 22, 12, 54], [13, 13, 26, 48], [17, 20, 15, 48], [22, 18, 21, 39], [43, 7, 27, 23], [41, 6, 24, 29], [35, 12, 29, 24], [31, 12, 27, 30], [35, 8, 35, 22], [47, 11, 23, 19], [46, 10, 29, 15], [37, 12, 20, 31], [41, 12, 32, 15], [30, 13, 32, 25], [37, 13, 25, 25], [35, 9, 31, 25]], "lambda_": 0.5, "b": [[52, 15, 13, 20], [55, 16, 13, 16], [67, 11, 12, 10], [65, 12, 12, 11], [64, 13, 16, 7], [63, 11, 12, 14], [62, 8, 11, 19], [63, 9, 12, 16], [60, 12, 14, 14], [68, 8, 10, 14], [65, 9, 8, 18], [60, 16, 16, 8], [36, 45, 13, 6], [10, 65, 13, 12], [7, 62, 10, 21], [7, 68, 15, 10], [13, 64, 15, 8], [15, 62, 8, 15], [10, 57, 17, 16], [15, 61, 10, 14], [17, 63, 7, 13], [14, 60, 13, 13], [14, 67, 12, 7], [12, 61, 18, 9], [8, 66, 12, 14], [10, 15, 57, 18], [13, 12, 66, 9], [11, 10, 69, 10], [13, 12, 65, 10], [14, 12, 61, 13], [15, 19, 56, 10], [16, 11, 63, 10], [7, 15, 68, 10], [13, 12, 60, 15], [11, 9, 66, 14], [18, 9, 58, 15], [7, 10, 69, 14], [16, 10, 42, 32], [10, 12, 8, 70], [14, 10, 14, 62], [11, 13, 14, 62], [16, 9, 8, 67], [15, 12, 11, 62], [13, 13, 12, 62], [16, 15, 10, 59], [13, 20, 10, 57], [15, 8, 11, 66], [17, 17, 15, 51], [14, 12, 7, 67], [12, 12, 18, 58]]}