{"M": 50, "G": 4, "I": 2, "J": 100, "p": [[0.0668576111835421, 0.9331423888164578], [0.6561036700062735, 0.3438963299937265], [0.8229107673363786, 0.1770892326636214], [0.4042130412916469, 0.5957869587083531]], "r": [[[4, 61], [5, 3], [15, 2], [3, 7]], [[8, 64], [7, 3], [6, 3], [2, 7]], [[5, 53], [15, 4], [11, 2], [5, 5]], [[1, 56], [3, 2], [13, 0], [13, 12]], [[2, 54], [10, 1], [11, 4], [9, 9]], [[1, 58], [4, 5], [7, 4], [8, 13]], [[5, 59], [8, 3], [6, 3], [5, 11]], [[2, 56], [14, 3], [12, 2], [6, 5]], [[1, 58], [12, 6], [6, 3], [7, 7]], [[3, 63], [7, 1], [10, 5], [6, 5]], [[3, 57], [8, 3], [12, 1], [6, 10]], [[4, 59], [6, 5], [10, 2], [6, 8]], [[3, 33], [37, 11], [7, 1], [3, 5]], [[0, 14], [38, 23], [8, 6], [4, 7]], [[1, 12], [46, 23], [9, 2], [3, 4]], [[1, 3], [53, 17], [8, 1], [8, 9]], [[1, 5], [36, 24], [13, 3], [9, 9]], [[1, 14], [44, 21], [7, 3], [3, 7]], [[1, 13], [42, 21], [10, 2], [4, 7]], [[0, 4], [58, 18], [10, 2], [3, 5]], [[0, 12], [42, 22], [8, 5], [4, 7]], [[2, 9], [29, 29], [17, 3], [6, 5]], [[1, 16], [40, 15], [15, 2], [3, 8]], [[3, 13], [45, 19], [6, 2], [5, 7]], [[0, 11], [42, 18], [11, 0], [8, 10]], [[1, 16], [8, 5], [51, 11], [1, 7]], [[1, 12], [12, 4], [49, 9], [7, 6]], [[0, 14], [7, 6], [51, 10], [5, 7]], [[1, 20], [7, 1], [45, 12], [6, 8]], [[0, 12], [10, 2], [54, 12], [4, 6]], [[0, 12], [9, 7], [53, 11], [3, 5]], [[1, 11], [9, 3], [54, 9], [4, 9]], [[1, 11], [4, 5], [53, 11], [2, 13]], [[2, 9], [5, 3], [61, 9], [6, 5]], [[0, 13], [6, 6], [47, 16], [9, 3]], [[3, 12], [4, 3], [50, 13], [7, 8]], [[3, 10], [7, 6], [57, 8], [2, 7]], [[0, 13], [10, 3], [30, 9], [12, 23]], [[4, 14], [7, 7], [8, 2], [24, 34]], [[1, 11], [11, 5], [6, 0], [39, 27]], [[0, 10], [9, 8], [15, 1], [27, 30]], [[1, 12], [7, 3], [11, 1], [27, 38]], [[0, 19], [6, 6], [9, 4], [26, 30]], [[1, 11], [10, 0], [15, 2], [20, 41]], [[1, 13], [8, 4], [8, 0], [26, 40]], [[0, 7], [7, 4], [8, 3], [33, 38]], [[1, 15], [9, 1], [9, 2], [26, 37]], [[1, 14], [12, 3], [9, 1], [29, 31]], [[1, 16], [9, 3], [9, 2], [21, 39]], [[0, 11], [6, 2], [17, 2], [25, 37]]], "n": [[27, 73], [23, 77], [36, 64], [30, 70], [32, 68], [20, 80], [24, 76], [34, 66], [26, 74], [26, 74], [29, 71], [26, 74], [50, 50], [50, 50], [59, 41], [70, 30], [59, 41], [55, 45], [57, 43], [71, 29], [54, 46], [54, 46], [59, 41], [59, 41], [61, 39], [61, 39], [69, 31], [63, 37], [59, 41], [68, 32], [65, 35], [68, 32], [60, 40], [74, 26], [62, 38], [64, 36], [69, 31], [52, 48], [43, 57], [57, 43], [51, 49], [46, 54], [41, 59], [46, 54], [43, 57], [48, 52], [45, 55], [51, 49], [40, 60], [48, 52]], "lambda_": 0.5, "b": [[65, 8, 17, 10], [72, 10, 9, 9], [58, 19, 13, 10], [57, 5, 13, 25], [56, 11, 15, 18], [59, 9, 11, 21], [64, 11, 9, 16], [58, 17, 14, 11], [59, 18, 9, 14], [66, 8, 15, 11], [60, 11, 13, 16], [63, 11, 12, 14], [36, 48, 8, 8], [14, 61, 14, 11], [13, 69, 11, 7], [4, 70, 9, 17], [6, 60, 16, 18], [15, 65, 10, 10], [14, 63, 12, 11], [4, 76, 12, 8], [12, 64, 13, 11], [11, 58, 20, 11], [17, 55, 17, 11], [16, 64, 8, 12], [11, 60, 11, 18], [17, 13, 62, 8], [13, 16, 58, 13], [14, 13, 61, 12], [21, 8, 57, 14], [12, 12, 66, 10], [12, 16, 64, 8], [12, 12, 63, 13], [12, 9, 64, 15], [11, 8, 70, 11], [13, 12, 63, 12], [15, 7, 63, 15], [13, 13, 65, 9], [13, 13, 39, 35], [18, 14, 10, 58], [12, 16, 6, 66], [10, 17, 16, 57], [13, 10, 12, 65], [19, 12, 13, 56], [12, 10, 17, 61], [14, 12, 8, 66], [7, 11, 11, 71], [16, 10, 11, 63], [15, 15, 10, 60], [17, 12, 11, 60], [11, 8, 19, 62]]}