{"M": 50, "G": 4, "I": 10, "J": 100, "p": [[0.3933994877011556, 0.04104295009206226, 0.011639288492786368, 0.09343080879166801, 0.06707803596054586, 0.15721726600547498, 0.07603804426202529, 0.07560511910395219, 0.02467344936176653, 0.05987555022856308], [0.2953606482247047, 0.03628809157144844, 0.1496654943461996, 0.23753843791970947, 0.19467365456822786, 0.027970400863696843, 0.021652015798033372, 0.00565896413313319, 0.00475841081323897, 0.026433881761607405], [0.4551716897329145, 0.03250686022352594, 0.09959987655377801, 0.04470114642854681, 0.04967078499248004, 0.20217060418700536, 0.008077585943485758, 0.04360059758028075, 0.010636544040331203, 0.053864310317651654], [0.05257142183011942, 0.1141919199244675, 0.16211882632878732, 0.067048666787579, 0.14436932358734703, 0.1523146549010575, 0.08060745680876423, 0.07639702851016822, 0.07325103217867542, 0.07712966914303433]], "r": [[[24, 4, 1, 6, 8, 11, 2, 6, 3, 3], [3, 0, 3, 1, 2, 0, 0, 0, 0, 1], [2, 0, 1, 1, 0, 3, 1, 1, 0, 0], [0, 2, 1, 0, 0, 3, 3, 0, 1, 3]], [[32, 2, 1, 6, 1, 9, 5, 5, 1, 6], [3, 0, 2, 2, 3, 0, 0, 0, 0, 1], [2, 0, 1, 1, 1, 3, 0, 2, 0, 0], [1, 2, 1, 0, 5, 0, 0, 1, 1, 0]], [[29, 5, 1, 5, 3, 8, 6, 7, 3, 3], [2, 0, 0, 3, 0, 0, 1, 0, 1, 0], [2, 1, 1, 0, 1, 4, 0, 1, 0, 1], [1, 3, 1, 0, 0, 2, 1, 1, 0, 3]], [[26, 3, 0, 4, 1, 8, 12, 6, 2, 2], [4, 0, 3, 3, 6, 0, 0, 0, 0, 0], [4, 0, 0, 1, 0, 4, 0, 2, 0, 1], [0, 0, 0, 1, 1, 2, 2, 2, 0, 0]], [[26, 1, 0, 4, 8, 5, 5, 4, 2, 1], [4, 0, 1, 3, 3, 0, 1, 0, 0, 0], [10, 1, 4, 0, 0, 4, 0, 0, 0, 3], [0, 3, 0, 1, 2, 1, 1, 1, 1, 0]], [[22, 3, 1, 6, 4, 9, 0, 5, 2, 0], [2, 0, 1, 2, 3, 1, 0, 0, 0, 0], [9, 1, 0, 0, 4, 7, 0, 1, 0, 0], [1, 3, 3, 0, 2, 3, 2, 0, 3, 0]], [[28, 0, 0, 5, 2, 10, 5, 9, 0, 4], [4, 0, 1, 3, 3, 0, 0, 0, 0, 0], [2, 0, 3, 3, 0, 7, 0, 0, 0, 0], [1, 0, 0, 0, 1, 4, 3, 1, 1, 0]], [[20, 5, 1, 6, 4, 15, 5, 6, 0, 7], [6, 0, 2, 2, 1, 2, 0, 0, 0, 0], [3, 0, 2, 2, 1, 0, 0, 0, 0, 0], [1, 0, 2, 0, 3, 0, 0, 1, 3, 0]], [[32, 1, 1, 3, 0, 8, 6, 3, 1, 5], [4, 0, 3, 3, 2, 0, 2, 0, 0, 0], [3, 1, 2, 0, 1, 3, 0, 0, 0, 2], [1, 1, 2, 1, 0, 1, 0, 3, 1, 4]], [[24, 4, 0, 2, 3, 12, 4, 9, 2, 6], [2, 0, 3, 4, 3, 0, 1, 0, 0, 0], [3, 0, 1, 0, 1, 0, 0, 0, 0, 0], [1, 1, 6, 4, 1, 1, 2, 0, 0, 0]], [[22, 1, 0, 4, 6, 11, 7, 5, 0, 6], [4, 1, 3, 6, 0, 0, 2, 0, 0, 0], [4, 0, 1, 2, 0, 0, 0, 0, 0, 2], [0, 1, 4, 1, 1, 2, 0, 2, 0, 2]], [[19, 2, 0, 1, 2, 12, 5, 8, 4, 9], [2, 0, 1, 3, 6, 1, 1, 0, 0, 0], [7, 0, 1, 3, 1, 1, 0, 0, 0, 0], [1, 1, 2, 1, 1, 2, 0, 0, 1, 2]], [[17, 1, 1, 5, 2, 5, 2, 3, 1, 5], [7, 0, 5, 8, 6, 1, 3, 1, 1, 2], [5, 0, 3, 0, 1, 2, 1, 0, 0, 0], [0, 2, 2, 1, 1, 2, 3, 0, 1, 0]], [[11, 0, 0, 3, 0, 2, 3, 0, 0, 1], [21, 5, 13, 10, 8, 0, 0, 0, 0, 2], [0, 1, 1, 1, 1, 3, 0, 1, 0, 1], [0, 0, 5, 1, 2, 2, 1, 0, 1, 0]], [[3, 0, 0, 2, 0, 3, 0, 2, 0, 0], [11, 0, 11, 19, 10, 1, 1, 0, 1, 2], [4, 2, 1, 1, 2, 4, 0, 2, 0, 0], [1, 2, 2, 1, 2, 5, 1, 2, 0, 2]], [[5, 0, 0, 3, 0, 4, 0, 0, 0, 0], [16, 0, 16, 13, 15, 1, 2, 2, 0, 2], [4, 0, 0, 1, 0, 1, 0, 1, 0, 1], [1, 1, 1, 0, 1, 2, 3, 2, 1, 1]], [[6, 0, 0, 2, 3, 0, 3, 1, 2, 0], [14, 2, 8, 13, 14, 4, 2, 1, 0, 2], [6, 0, 3, 0, 0, 6, 0, 0, 0, 2], [0, 0, 2, 0, 0, 1, 1, 0, 0, 2]], [[6, 1, 0, 2, 1, 5, 1, 0, 0, 0], [18, 2, 12, 19, 8, 0, 2, 2, 0, 0], [5, 1, 0, 1, 0, 3, 0, 0, 0, 0], [0, 1, 3, 1, 2, 3, 0, 0, 1, 0]], [[9, 1, 0, 0, 1, 4, 1, 1, 0, 0], [18, 1, 9, 11, 13, 1, 2, 0, 0, 3], [4, 2, 1, 2, 0, 2, 0, 0, 0, 1], [0, 1, 3, 0, 2, 3, 0, 1, 1, 2]], [[9, 1, 0, 0, 0, 2, 3, 0, 0, 1], [15, 3, 11, 12, 8, 0, 1, 1, 0, 1], [8, 0, 1, 1, 1, 3, 0, 1, 0, 0], [0, 2, 3, 2, 2, 3, 2, 2, 1, 0]], [[3, 1, 0, 2, 0, 0, 0, 0, 1, 1], [20, 4, 15, 12, 10, 0, 2, 1, 0, 0], [10, 0, 0, 1, 1, 4, 0, 0, 0, 0], [1, 1, 0, 1, 1, 2, 3, 1, 0, 2]], [[5, 2, 0, 1, 1, 2, 0, 2, 0, 1], [28, 2, 4, 10, 11, 1, 2, 1, 1, 2], [5, 1, 3, 2, 1, 3, 0, 0, 0, 2], [1, 0, 1, 0, 1, 2, 0, 0, 0, 2]], [[6, 0, 1, 0, 0, 3, 1, 1, 1, 0], [15, 3, 14, 12, 14, 1, 1, 0, 0, 2], [7, 1, 0, 1, 0, 3, 0, 2, 0, 1], [1, 2, 2, 1, 1, 2, 0, 1, 0, 0]], [[5, 0, 0, 2, 0, 1, 1, 2, 0, 0], [30, 1, 5, 16, 12, 1, 0, 1, 1, 2], [4, 1, 0, 0, 2, 5, 0, 0, 0, 0], [1, 0, 0, 1, 2, 2, 1, 0, 0, 1]], [[3, 2, 0, 1, 1, 3, 2, 0, 0, 0], [19, 3, 5, 20, 13, 3, 2, 2, 1, 0], [3, 0, 0, 0, 0, 2, 0, 0, 0, 1], [0, 1, 2, 1, 4, 3, 0, 0, 2, 1]], [[2, 0, 0, 2, 2, 1, 2, 0, 0, 2], [3, 2, 4, 0, 4, 0, 0, 0, 0, 0], [23, 2, 11, 3, 5, 9, 1, 3, 0, 3], [1, 0, 4, 1, 3, 4, 0, 0, 1, 2]], [[7, 1, 0, 2, 0, 3, 0, 0, 0, 0], [1, 0, 4, 2, 1, 0, 0, 0, 0, 3], [27, 5, 10, 2, 3, 10, 0, 2, 0, 2], [0, 0, 1, 2, 3, 4, 2, 0, 3, 0]], [[2, 0, 0, 0, 1, 3, 0, 1, 1, 1], [2, 0, 0, 3, 5, 0, 1, 0, 0, 0], [33, 3, 7, 4, 4, 9, 0, 1, 0, 6], [2, 4, 2, 0, 1, 3, 0, 1, 0, 0]], [[1, 0, 0, 1, 3, 3, 1, 0, 1, 0], [2, 3, 1, 3, 1, 0, 0, 0, 0, 0], [27, 2, 5, 3, 2, 18, 1, 2, 2, 4], [1, 2, 0, 2, 4, 3, 0, 0, 1, 1]], [[3, 0, 2, 1, 1, 1, 0, 0, 0, 1], [2, 1, 0, 3, 2, 0, 0, 0, 0, 2], [29, 0, 8, 1, 3, 11, 1, 3, 0, 7], [0, 4, 4, 3, 3, 1, 1, 1, 0, 1]], [[4, 0, 0, 1, 0, 0, 0, 2, 0, 1], [3, 1, 2, 6, 3, 0, 0, 0, 0, 0], [29, 1, 8, 6, 3, 9, 0, 2, 1, 5], [2, 0, 1, 1, 2, 3, 0, 0, 3, 1]], [[6, 2, 0, 0, 0, 1, 0, 1, 0, 2], [1, 0, 3, 3, 5, 1, 0, 0, 1, 0], [25, 1, 9, 7, 5, 15, 0, 3, 1, 1], [0, 0, 0, 0, 3, 0, 0, 2, 1, 1]], [[1, 0, 0, 0, 0, 1, 0, 0, 0, 0], [4, 0, 2, 4, 6, 0, 0, 0, 0, 0], [32, 6, 5, 3, 5, 8, 0, 1, 2, 4], [1, 1, 5, 1, 2, 0, 1, 3, 1, 1]], [[4, 0, 0, 2, 4, 3, 1, 0, 0, 0], [2, 0, 2, 6, 2, 0, 0, 0, 0, 0], [34, 2, 6, 0, 1, 17, 0, 4, 1, 0], [1, 1, 3, 0, 1, 0, 1, 0, 1, 1]], [[6, 0, 0, 0, 1, 3, 0, 2, 1, 1], [0, 0, 3, 3, 0, 0, 0, 0, 0, 0], [36, 1, 6, 1, 2, 9, 1, 1, 1, 3], [2, 4, 1, 0, 2, 6, 0, 4, 0, 0]], [[5, 2, 0, 1, 2, 0, 0, 0, 1, 0], [12, 0, 2, 3, 1, 0, 0, 0, 0, 0], [25, 0, 14, 7, 1, 6, 0, 2, 0, 2], [0, 0, 3, 1, 3, 3, 1, 0, 1, 2]], [[4, 0, 0, 1, 1, 1, 2, 0, 0, 0], [8, 1, 3, 3, 3, 0, 0, 0, 0, 1], [31, 2, 6, 3, 2, 7, 0, 3, 0, 6], [1, 1, 0, 1, 1, 1, 3, 2, 0, 2]], [[5, 1, 0, 0, 1, 1, 0, 1, 0, 1], [5, 0, 2, 2, 2, 0, 0, 0, 0, 0], [14, 1, 4, 1, 4, 10, 1, 1, 3, 3], [1, 7, 10, 4, 3, 3, 2, 1, 2, 4]], [[4, 1, 0, 0, 0, 0, 0, 1, 0, 0], [8, 1, 3, 4, 4, 0, 0, 0, 0, 0], [8, 0, 2, 0, 1, 5, 0, 0, 0, 0], [1, 6, 7, 6, 9, 6, 4, 11, 3, 5]], [[4, 1, 0, 1, 1, 0, 0, 1, 0, 4], [5, 0, 3, 0, 4, 2, 0, 1, 0, 0], [5, 0, 0, 1, 2, 1, 0, 0, 0, 1], [3, 7, 13, 1, 14, 10, 1, 4, 2, 8]], [[5, 1, 1, 3, 0, 4, 1, 0, 1, 0], [4, 3, 4, 1, 1, 0, 1, 0, 0, 0], [6, 0, 2, 1, 2, 0, 0, 1, 0, 1], [0, 10, 10, 4, 9, 5, 3, 0, 5, 11]], [[5, 3, 0, 2, 1, 2, 3, 1, 1, 0], [4, 0, 1, 2, 2, 1, 0, 0, 1, 1], [7, 0, 1, 0, 0, 1, 0, 1, 0, 1], [4, 9, 8, 4, 8, 8, 3, 5, 5, 5]], [[6, 0, 0, 0, 1, 2, 0, 1, 1, 0], [3, 0, 2, 4, 7, 2, 0, 0, 0, 0], [2, 0, 1, 0, 1, 2, 0, 0, 0, 2], [4, 8, 13, 3, 3, 6, 7, 3, 8, 8]], [[6, 1, 0, 0, 2, 2, 0, 1, 1, 0], [2, 0, 2, 4, 5, 0, 0, 0, 0, 1], [9, 0, 1, 0, 0, 3, 0, 0, 1, 0], [4, 7, 15, 4, 7, 8, 4, 4, 4, 2]], [[2, 1, 1, 0, 0, 3, 2, 0, 1, 0], [3, 0, 1, 1, 7, 0, 1, 0, 0, 0], [5, 0, 1, 0, 1, 1, 0, 0, 0, 3], [2, 8, 10, 1, 16, 12, 5, 5, 4, 3]], [[4, 1, 0, 2, 1, 2, 0, 0, 0, 1], [2, 1, 1, 1, 2, 2, 0, 0, 0, 0], [5, 0, 0, 0, 1, 1, 0, 1, 0, 0], [5, 7, 12, 6, 7, 21, 4, 3, 4, 3]], [[3, 1, 0, 1, 0, 2, 0, 1, 0, 0], [3, 0, 1, 2, 6, 0, 0, 0, 0, 1], [5, 0, 1, 0, 0, 0, 0, 0, 0, 0], [3, 6, 10, 8, 11, 13, 8, 10, 3, 1]], [[10, 1, 0, 2, 0, 5, 0, 0, 0, 1], [5, 0, 3, 1, 2, 0, 0, 0, 0, 2], [7, 3, 0, 0, 0, 1, 0, 3, 1, 0], [4, 2, 9, 5, 8, 8, 4, 6, 2, 5]], [[5, 0, 1, 3, 0, 0, 0, 1, 1, 1], [4, 1, 1, 2, 2, 0, 0, 1, 0, 0], [7, 0, 1, 0, 0, 4, 0, 0, 0, 1], [5, 5, 13, 5, 12, 7, 3, 4, 2, 8]], [[6, 0, 0, 2, 3, 3, 0, 2, 0, 0], [5, 1, 3, 2, 1, 0, 0, 0, 0, 0], [4, 2, 1, 0, 1, 4, 0, 0, 0, 1], [2, 3, 15, 4, 11, 7, 5, 2, 4, 6]]],