{"M": 50, "G": 4, "I": 5, "J": 100, "p": [[0.32269308943329617, 0.004586425360487131, 0.21962067734703034, 0.30215329316282796, 0.1509465146963585], [0.11667254894123515, 0.10113720407829543, 0.6549254129345403, 0.08488643857803523, 0.0423783954678938], [0.17470454273021377, 0.4632313166405077, 0.0005977082854610483, 0.10845461858176728, 0.25301181376205034], [0.1499086927966258, 0.20226769245305082, 0.054570767022571375, 0.3950132091403489, 0.1982396385874032]], "r": [[[19, 1, 16, 19, 6], [3, 2, 7, 1, 1], [2, 7, 0, 0, 3], [2, 4, 0, 3, 4]], [[25, 0, 15, 21, 5], [1, 1, 8, 0, 0], [2, 5, 0, 0, 6], [2, 0, 1, 5, 3]], [[20, 0, 12, 16, 9], [0, 0, 7, 1, 0], [1, 8, 0, 4, 5], [2, 4, 1, 8, 2]], [[21, 0, 11, 26, 8], [0, 3, 7, 1, 1], [1, 5, 0, 2, 5], [1, 5, 0, 0, 3]], [[25, 0, 12, 22, 10], [1, 1, 9, 2, 0], [1, 6, 0, 0, 2], [1, 1, 0, 5, 2]], [[25, 0, 8, 20, 6], [0, 0, 10, 1, 1], [3, 10, 0, 2, 3], [0, 1, 1, 8, 1]], [[22, 1, 11, 18, 11], [3, 1, 9, 0, 0], [0, 6, 0, 1, 2], [3, 3, 3, 5, 1]], [[11, 0, 10, 31, 7], [3, 0, 7, 2, 1], [1, 6, 0, 1, 3], [2, 2, 1, 7, 5]], [[14, 1, 11, 17, 11], [3, 0, 16, 0, 2], [1, 8, 0, 0, 2], [2, 3, 1, 8, 0]], [[26, 1, 12, 17, 4], [3, 1, 6, 1, 0], [6, 6, 0, 3, 3], [4, 0, 1, 5, 1]], [[24, 0, 14, 15, 10], [2, 1, 9, 3, 1], [1, 3, 0, 2, 4], [1, 1, 0, 4, 5]], [[25, 0, 11, 20, 7], [0, 1, 11, 0, 0], [3, 3, 0, 1, 1], [1, 5, 2, 7, 2]], [[12, 0, 9, 9, 9], [3, 3, 30, 3, 1], [6, 3, 0, 2, 3], [1, 3, 0, 2, 1]], [[6, 0, 3, 4, 1], [10, 5, 32, 5, 1], [4, 10, 0, 2, 2], [3, 4, 0, 5, 3]], [[7, 0, 1, 0, 4], [4, 7, 45, 3, 3], [4, 7, 0, 2, 2], [3, 2, 0, 4, 2]], [[1, 0, 2, 3, 1], [4, 5, 44, 5, 3], [8, 3, 0, 1, 6], [3, 1, 0, 7, 3]], [[2, 0, 5, 2, 2], [6, 11, 32, 6, 4], [2, 6, 0, 3, 5], [2, 5, 1, 4, 2]], [[4, 0, 2, 7, 3], [4, 8, 33, 6, 2], [2, 6, 0, 1, 5], [5, 4, 1, 5, 2]], [[3, 0, 5, 5, 4], [7, 7, 46, 1, 3], [2, 4, 1, 0, 1], [0, 6, 0, 4, 1]], [[3, 0, 1, 5, 2], [10, 12, 37, 6, 1], [1, 8, 0, 2, 2], [0, 2, 1, 4, 3]], [[3, 0, 1, 6, 7], [11, 6, 37, 6, 2], [2, 3, 0, 0, 3], [3, 2, 2, 6, 0]], [[5, 0, 2, 4, 2], [9, 3, 41, 5, 1], [4, 6, 0, 2, 3], [0, 2, 0, 7, 4]], [[1, 0, 1, 3, 1], [10, 10, 43, 2, 5], [4, 8, 0, 1, 2], [2, 2, 0, 3, 2]], [[7, 0, 3, 0, 2], [6, 7, 37, 4, 2], [2, 4, 0, 1, 3], [1, 5, 1, 10, 5]], [[2, 0, 3, 2, 4], [6, 8, 40, 6, 3], [5, 2, 0, 1, 3], [3, 5, 0, 7, 0]], [[6, 0, 4, 2, 1], [0, 1, 8, 2, 1], [17, 27, 0, 8, 18], [1, 2, 0, 1, 1]], [[6, 0, 1, 4, 0], [0, 1, 4, 2, 0], [16, 27, 0, 8, 15], [3, 3, 1, 7, 2]], [[4, 0, 4, 0, 4], [3, 1, 10, 0, 0], [10, 30, 0, 8, 16], [4, 3, 0, 3, 0]], [[3, 0, 3, 3, 0], [3, 2, 8, 1, 0], [13, 20, 0, 12, 14], [3, 3, 3, 6, 3]], [[4, 0, 3, 4, 3], [2, 2, 5, 2, 0], [16, 22, 1, 4, 18], [3, 4, 0, 6, 1]], [[4, 1, 4, 2, 2], [1, 1, 6, 2, 0], [12, 34, 0, 6, 17], [1, 2, 1, 2, 2]], [[3, 0, 1, 3, 1], [1, 2, 12, 1, 1], [14, 25, 0, 10, 17], [3, 1, 0, 3, 2]], [[6, 0, 4, 4, 0], [0, 0, 6, 1, 1], [12, 31, 0, 6, 16], [2, 6, 0, 4, 1]], [[5, 0, 4, 5, 0], [2, 5, 9, 1, 1], [6, 33, 1, 3, 15], [1, 0, 0, 6, 3]], [[2, 0, 2, 3, 1], [0, 1, 8, 2, 1], [9, 35, 0, 7, 18], [1, 2, 1, 5, 2]], [[5, 0, 7, 4, 2], [4, 3, 5, 1, 1], [8, 25, 0, 5, 19], [3, 2, 0, 4, 2]], [[6, 0, 3, 2, 1], [0, 1, 11, 2, 1], [13, 24, 0, 10, 11], [2, 5, 1, 5, 2]], [[5, 0, 3, 7, 2], [3, 0, 10, 0, 0], [7, 19, 0, 3, 10], [5, 8, 0, 12, 6]], [[5, 0, 0, 5, 1], [2, 1, 8, 0, 2], [3, 5, 0, 3, 1], [8, 11, 7, 26, 12]], [[7, 0, 2, 2, 2], [0, 2, 6, 0, 3], [5, 6, 0, 0, 1], [10, 15, 5, 23, 11]], [[3, 0, 2, 5, 1], [0, 1, 4, 1, 0], [4, 5, 0, 2, 2], [1, 18, 9, 26, 16]], [[2, 0, 3, 5, 2], [5, 1, 10, 0, 1], [1, 6, 0, 1, 3], [3, 11, 2, 35, 9]], [[6, 0, 5, 3, 3], [2, 1, 14, 1, 1], [3, 4, 0, 2, 5], [7, 8, 2, 23, 10]], [[9, 0, 4, 7, 3], [0, 2, 5, 1, 0], [3, 4, 0, 1, 1], [15, 8, 4, 25, 8]], [[4, 0, 1, 4, 4], [3, 1, 11, 2, 0], [2, 5, 0, 0, 1], [10, 17, 5, 18, 12]], [[5, 0, 3, 2, 5], [2, 2, 9, 1, 0], [1, 4, 0, 2, 1], [9, 8, 1, 30, 15]], [[5, 0, 0, 0, 0], [0, 0, 13, 0, 1], [6, 3, 0, 0, 2], [12, 13, 7, 30, 8]], [[4, 0, 2, 4, 4], [3, 1, 11, 2, 0], [2, 1, 0, 0, 3], [7, 16, 3, 26, 11]], [[6, 0, 2, 2, 3], [1, 1, 15, 0, 0], [1, 10, 0, 1, 0], [13, 14, 2, 22, 7]], [[6, 0, 3, 6, 1], [0, 0, 9, 0, 0], [3, 3, 0, 0, 2], [12, 22, 7, 20, 6]]], "n": [[26, 14, 23, 23, 14], [30, 6, 24, 26, 14], [23, 12, 20, 29, 16], [23, 13, 18, 29, 17], [28, 8, 21, 29, 14], [28, 11, 19, 31, 11], [28, 11, 23, 24, 14], [17, 8, 18, 41, 16], [20, 12, 28, 25, 15], [39, 8, 19, 26, 8], [28, 5, 23, 24, 20], [29, 9, 24, 28, 10], [22, 9, 39, 16, 14], [23, 19, 35, 16, 7], [18, 16, 46, 9, 11], [16, 9, 46, 16, 13], [12, 22, 38, 15, 13], [15, 18, 36, 19, 12], [12, 17, 52, 10, 9], [14, 22, 39, 17, 8], [19, 11, 40, 18, 12], [18, 11, 43, 18, 10], [17, 20, 44, 9, 10], [16, 16, 41, 15, 12], [16, 15, 43, 16, 10], [24, 30, 12, 13, 21], [25, 31, 6, 21, 17], [21, 34, 14, 11, 20], [22, 25, 14, 22, 17], [25, 28, 9, 16, 22], [18, 38, 11, 12, 21], [21, 28, 13, 17, 21], [20, 37, 10, 15, 18], [14, 38, 14, 15, 19], [12, 38, 11, 17, 22], [20, 30, 12, 14, 24], [21, 30, 15, 19, 15], [20, 27, 13, 22, 18], [18, 17, 15, 34, 16], [22, 23, 13, 25, 17], [8, 24, 15, 34, 19], [11, 18, 15, 41, 15], [18, 13, 21, 29, 19], [27, 14, 13, 34, 12], [19, 23, 17, 24, 17], [17, 14, 13, 35, 21], [23, 16, 20, 30, 11], [16, 18, 16, 32, 18], [21, 25, 19, 25, 10], [21, 25, 19, 26, 9]], "lambda_": 0.5, "b": [[61, 14, 12, 13], [66, 10, 13, 11], [57, 8, 18, 17], [66, 12, 13, 9], [69, 13, 9, 9], [59, 12, 18, 11], [63, 13, 9, 15], [59, 13, 11, 17], [54, 21, 11, 14], [60, 11, 18, 11], [63, 16, 10, 11], [63, 12, 8, 17], [39, 40, 14, 7], [14, 53, 18, 15], [12, 62, 15, 11], [7, 61, 18, 14], [11, 59, 16, 14], [16, 53, 14, 17], [17, 64, 8, 11], [11, 66, 13, 10], [17, 62, 8, 13], [13, 59, 15, 13], [6, 70, 15, 9], [12, 56, 10, 22], [11, 63, 11, 15], [13, 12, 70, 5], [11, 7, 66, 16], [12, 14, 64, 10], [9, 14, 59, 18], [14, 11, 61, 14], [13, 10, 69, 8], [8, 17, 66, 9], [14, 8, 65, 13], [14, 18, 58, 10], [8, 12, 69, 11], [18, 14, 57, 11], [12, 15, 58, 15], [17, 13, 39, 31], [11, 13, 12, 64], [13, 11, 12, 64], [11, 6, 13, 70], [12, 17, 11, 60], [17, 19, 14, 50], [23, 8, 9, 60], [13, 17, 8, 62], [15, 14, 8, 63], [5, 14, 11, 70], [14, 17, 6, 63], [13, 17, 12, 58], [16, 9, 8, 67]]}