{"M": 50, "G": 4, "I": 2, "J": 100, "p": [[0.2544015113621387, 0.7455984886378614], [0.9448776098362869, 0.05512239016371314], [0.6393217540872794, 0.3606782459127207], [0.8671468240783878, 0.1328531759216122]], "r": [[[15, 50], [11, 1], [9, 4], [8, 2]], [[11, 48], [12, 1], [6, 6], [15, 1]], [[22, 45], [14, 1], [6, 4], [7, 1]], [[15, 50], [8, 0], [6, 6], [13, 2]], [[11, 48], [15, 1], [8, 2], [15, 0]], [[20, 41], [14, 0], [9, 2], [13, 1]], [[15, 41], [13, 0], [7, 5], [17, 2]], [[12, 48], [8, 0], [14, 4], [14, 0]], [[16, 39], [14, 1], [14, 1], [13, 2]], [[17, 39], [18, 2], [10, 5], [7, 2]], [[19, 48], [10, 1], [8, 5], [9, 0]], [[16, 48], [10, 0], [6, 7], [13, 0]], [[11, 34], [35, 0], [10, 2], [7, 1]], [[5, 10], [55, 4], [7, 4], [13, 2]], [[4, 13], [56, 1], [7, 5], [10, 4]], [[6, 5], [65, 3], [4, 5], [12, 0]], [[2, 11], [62, 6], [4, 5], [8, 2]], [[4, 11], [49, 6], [6, 11], [10, 3]], [[1, 10], [60, 6], [13, 3], [4, 3]], [[2, 11], [61, 3], [5, 4], [10, 4]], [[1, 8], [61, 4], [10, 5], [9, 2]], [[7, 13], [59, 3], [5, 3], [9, 1]], [[5, 6], [55, 4], [11, 6], [13, 0]], [[2, 10], [57, 3], [11, 3], [13, 1]], [[5, 9], [53, 2], [8, 11], [10, 2]], [[4, 10], [19, 2], [31, 22], [8, 4]], [[2, 14], [14, 0], [38, 26], [6, 0]], [[4, 9], [16, 0], [48, 19], [3, 1]], [[4, 4], [10, 0], [41, 24], [16, 1]], [[5, 10], [17, 1], [37, 17], [8, 5]], [[3, 10], [11, 1], [36, 24], [13, 2]], [[3, 7], [12, 2], [39, 20], [15, 2]], [[5, 11], [10, 1], [42, 21], [10, 0]], [[3, 7], [14, 1], [37, 28], [7, 3]], [[0, 8], [14, 1], [42, 21], [12, 2]], [[6, 9], [7, 3], [41, 24], [10, 0]], [[6, 13], [10, 1], [38, 22], [10, 0]], [[2, 8], [15, 1], [24, 11], [34, 5]], [[4, 6], [13, 0], [7, 2], [57, 11]], [[3, 12], [15, 1], [9, 2], [53, 5]], [[1, 9], [10, 0], [7, 9], [59, 5]], [[4, 13], [8, 2], [12, 5], [49, 7]], [[2, 15], [9, 1], [5, 3], [59, 6]], [[1, 7], [11, 0], [7, 4], [59, 11]], [[5, 4], [12, 0], [9, 6], [55, 9]], [[5, 9], [12, 1], [3, 1], [58, 11]], [[3, 8], [13, 1], [6, 5], [56, 8]], [[4, 10], [12, 0], [11, 7], [46, 10]], [[2, 6], [8, 0], [6, 9], [61, 8]], [[4, 8], [10, 0], [14, 6], [49, 9]]], "n": [[43, 57], [44, 56], [49, 51], [42, 58], [49, 51], [56, 44], [52, 48], [48, 52], [57, 43], [52, 48], [46, 54], [45, 55], [63, 37], [80, 20], [77, 23], [87, 13], [76, 24], [69, 31], [78, 22], [78, 22], [81, 19], [80, 20], [84, 16], [83, 17], [76, 24], [62, 38], [60, 40], [71, 29], [71, 29], [67, 33], [63, 37], [69, 31], [67, 33], [61, 39], [68, 32], [64, 36], [64, 36], [75, 25], [81, 19], [80, 20], [77, 23], [73, 27], [75, 25], [78, 22], [81, 19], [78, 22], [78, 22], [73, 27], [77, 23], [77, 23]], "lambda_": 0.5, "b": [[65, 12, 13, 10], [59, 13, 12, 16], [67, 15, 10, 8], [65, 8, 12, 15], [59, 16, 10, 15], [61, 14, 11, 14], [56, 13, 12, 19], [60, 8, 18, 14], [55, 15, 15, 15], [56, 20, 15, 9], [67, 11, 13, 9], [64, 10, 13, 13], [45, 35, 12, 8], [15, 59, 11, 15], [17, 57, 12, 14], [11, 68, 9, 12], [13, 68, 9, 10], [15, 55, 17, 13], [11, 66, 16, 7], [13, 64, 9, 14], [9, 65, 15, 11], [20, 62, 8, 10], [11, 59, 17, 13], [12, 60, 14, 14], [14, 55, 19, 12], [14, 21, 53, 12], [16, 14, 64, 6], [13, 16, 67, 4], [8, 10, 65, 17], [15, 18, 54, 13], [13, 12, 60, 15], [10, 14, 59, 17], [16, 11, 63, 10], [10, 15, 65, 10], [8, 15, 63, 14], [15, 10, 65, 10], [19, 11, 60, 10], [10, 16, 35, 39], [10, 13, 9, 68], [15, 16, 11, 58], [10, 10, 16, 64], [17, 10, 17, 56], [17, 10, 8, 65], [8, 11, 11, 70], [9, 12, 15, 64], [14, 13, 4, 69], [11, 14, 11, 64], [14, 12, 18, 56], [8, 8, 15, 69], [12, 10, 20, 58]]}