{"M": 50, "G": 4, "I": 5, "J": 100, "p": [[0.4946888218813566, 0.0893507781441119, 0.38130078011302954, 0.009432771772718024, 0.025226848088783976], [0.25222266453346903, 0.2105492199535523, 0.1514103440281258, 0.11399772270882993, 0.2718200487760228], [0.12700654364811612, 0.2933042438225032, 0.16079716740511793, 0.19051619819117563, 0.22837584693308713], [0.4324903395413803, 0.1601808080688795, 0.0498176725914289, 0.1952842559453482, 0.16222692385296297]], "r": [[[25, 6, 30, 0, 1], [4, 1, 0, 0, 5], [2, 4, 1, 0, 4], [10, 2, 1, 2, 2]], [[35, 2, 16, 2, 1], [3, 2, 4, 4, 5], [3, 2, 0, 2, 2], [9, 2, 2, 0, 4]], [[31, 2, 27, 0, 1], [5, 3, 3, 1, 1], [2, 5, 4, 3, 5], [2, 3, 0, 1, 1]], [[36, 5, 24, 1, 1], [2, 1, 1, 1, 0], [1, 3, 1, 1, 7], [5, 0, 1, 5, 4]], [[39, 6, 18, 0, 1], [2, 2, 1, 1, 4], [0, 2, 4, 4, 3], [8, 2, 0, 2, 1]], [[34, 3, 34, 0, 0], [1, 1, 2, 0, 2], [3, 5, 2, 1, 0], [5, 4, 1, 1, 1]], [[36, 5, 20, 2, 1], [6, 1, 2, 0, 5], [1, 3, 1, 3, 1], [8, 0, 1, 3, 1]], [[29, 4, 29, 0, 2], [2, 0, 3, 3, 3], [0, 1, 2, 3, 4], [7, 2, 0, 2, 4]], [[29, 8, 19, 1, 2], [1, 2, 1, 3, 5], [1, 2, 2, 3, 3], [8, 2, 0, 7, 1]], [[37, 4, 27, 1, 1], [2, 0, 1, 1, 5], [4, 2, 1, 2, 2], [4, 2, 1, 3, 0]], [[27, 3, 23, 2, 1], [4, 6, 2, 2, 3], [2, 1, 1, 3, 6], [6, 0, 0, 6, 2]], [[26, 8, 27, 0, 0], [3, 2, 3, 2, 3], [1, 5, 0, 2, 5], [4, 2, 0, 2, 5]], [[16, 4, 21, 0, 0], [9, 7, 3, 3, 10], [2, 3, 3, 1, 1], [7, 2, 0, 3, 5]], [[9, 1, 4, 0, 0], [16, 20, 9, 7, 16], [2, 2, 0, 1, 0], [3, 3, 0, 4, 3]], [[3, 4, 1, 0, 0], [16, 11, 6, 12, 21], [1, 0, 0, 2, 5], [7, 3, 3, 4, 1]], [[3, 2, 4, 0, 2], [11, 12, 13, 8, 18], [2, 2, 2, 3, 4], [6, 1, 1, 3, 3]], [[8, 0, 12, 1, 0], [16, 11, 6, 3, 20], [5, 1, 2, 3, 3], [3, 0, 1, 3, 2]], [[5, 1, 1, 0, 0], [11, 17, 12, 6, 19], [2, 0, 3, 3, 4], [6, 1, 2, 6, 1]], [[5, 2, 5, 0, 0], [15, 12, 12, 6, 19], [0, 2, 3, 4, 5], [6, 0, 0, 1, 3]], [[4, 0, 5, 0, 0], [16, 11, 13, 11, 20], [1, 3, 2, 1, 3], [3, 3, 1, 0, 3]], [[4, 2, 7, 0, 0], [15, 18, 6, 7, 15], [1, 3, 3, 4, 3], [4, 2, 0, 3, 3]], [[6, 1, 6, 0, 1], [19, 14, 5, 10, 12], [3, 6, 2, 3, 5], [3, 2, 0, 1, 1]], [[4, 2, 2, 0, 2], [8, 15, 17, 6, 18], [2, 4, 2, 2, 2], [7, 2, 2, 1, 2]], [[4, 2, 2, 0, 0], [11, 14, 8, 9, 20], [1, 2, 2, 3, 5], [5, 3, 0, 5, 4]], [[4, 3, 6, 0, 1], [19, 18, 6, 3, 19], [0, 2, 1, 2, 6], [5, 3, 1, 0, 1]], [[5, 1, 5, 0, 0], [6, 1, 2, 1, 4], [6, 17, 8, 13, 18], [9, 1, 0, 2, 1]], [[7, 1, 3, 0, 0], [4, 2, 1, 0, 6], [5, 19, 9, 16, 21], [5, 0, 0, 0, 1]], [[4, 2, 6, 0, 1], [2, 0, 1, 2, 4], [8, 12, 9, 17, 19], [7, 2, 1, 3, 0]], [[4, 0, 4, 1, 0], [3, 4, 2, 1, 2], [7, 18, 16, 13, 14], [4, 1, 0, 6, 0]], [[8, 0, 7, 0, 0], [3, 4, 2, 1, 3], [9, 20, 8, 7, 16], [5, 3, 0, 2, 2]], [[7, 0, 4, 0, 0], [3, 4, 5, 1, 3], [6, 20, 10, 11, 15], [6, 1, 0, 1, 3]], [[4, 0, 7, 0, 2], [5, 1, 2, 3, 4], [6, 17, 9, 11, 15], [3, 4, 0, 3, 4]], [[5, 0, 8, 0, 0], [5, 2, 4, 2, 0], [7, 15, 11, 13, 8], [8, 4, 1, 3, 4]], [[7, 0, 3, 0, 1], [5, 1, 0, 0, 3], [7, 22, 10, 14, 11], [9, 3, 0, 2, 2]], [[8, 2, 3, 0, 0], [2, 0, 0, 3, 4], [8, 24, 7, 17, 14], [3, 1, 1, 1, 2]], [[4, 0, 6, 0, 1], [3, 2, 2, 1, 3], [4, 21, 14, 14, 8], [5, 2, 1, 5, 4]], [[4, 0, 3, 0, 1], [5, 5, 2, 1, 4], [10, 22, 7, 17, 8], [2, 4, 1, 3, 1]], [[6, 1, 6, 0, 1], [2, 4, 0, 2, 5], [4, 14, 7, 6, 5], [17, 4, 0, 8, 8]], [[9, 1, 4, 2, 0], [1, 5, 5, 5, 3], [1, 4, 3, 3, 4], [26, 4, 3, 9, 8]], [[7, 1, 3, 0, 0], [3, 2, 1, 1, 1], [2, 3, 1, 4, 1], [35, 6, 5, 9, 15]], [[10, 2, 3, 0, 1], [3, 4, 5, 3, 2], [3, 1, 3, 2, 2], [25, 6, 2, 14, 9]], [[13, 1, 8, 0, 0], [1, 4, 1, 1, 2], [2, 3, 1, 3, 5], [19, 12, 3, 9, 12]], [[7, 1, 8, 0, 1], [0, 4, 2, 1, 5], [6, 4, 5, 0, 3], [22, 7, 2, 11, 11]], [[7, 2, 4, 0, 0], [2, 3, 3, 1, 6], [0, 5, 0, 4, 3], [23, 6, 4, 14, 13]], [[5, 3, 5, 0, 1], [5, 2, 1, 0, 7], [1, 4, 1, 2, 4], [31, 8, 3, 5, 12]], [[5, 1, 5, 0, 0], [1, 2, 3, 3, 3], [1, 5, 4, 3, 4], [22, 10, 3, 15, 10]], [[7, 0, 4, 0, 0], [6, 2, 0, 1, 2], [3, 2, 2, 0, 0], [29, 11, 0, 17, 14]], [[8, 1, 3, 0, 0], [4, 2, 3, 1, 2], [1, 1, 1, 2, 4], [26, 8, 7, 13, 13]], [[4, 0, 2, 0, 0], [2, 0, 4, 0, 7], [2, 5, 3, 4, 2], [27, 8, 7, 12, 11]], [[5, 2, 4, 0, 2], [3, 2, 3, 0, 1], [1, 5, 1, 6, 3], [22, 9, 1, 15, 15]]], "n": [[41, 13, 32, 2, 12], [50, 8, 22, 8, 12], [40, 13, 34, 5, 8], [44, 9, 27, 8, 12], [49, 12, 23, 7, 9], [43, 13, 39, 2, 3], [51, 9, 24, 8, 8], [38, 7, 34, 8, 13], [39, 14, 22, 14, 11], [47, 8, 30, 7, 8], [39, 10, 26, 13, 12], [34, 17, 30, 6, 13], [34, 16, 27, 7, 16], [30, 26, 13, 12, 19], [27, 18, 10, 18, 27], [22, 17, 20, 14, 27], [32, 12, 21, 10, 25], [24, 19, 18, 15, 24], [26, 16, 20, 11, 27], [24, 17, 21, 12, 26], [24, 25, 16, 14, 21], [31, 23, 13, 14, 19], [21, 23, 23, 9, 24], [21, 21, 12, 17, 29], [28, 26, 14, 5, 27], [26, 20, 15, 16, 23], [21, 22, 13, 16, 28], [21, 16, 17, 22, 24], [18, 23, 22, 21, 16], [25, 27, 17, 10, 21], [22, 25, 19, 13, 21], [18, 22, 18, 17, 25], [25, 21, 24, 18, 12], [28, 26, 13, 16, 17], [21, 27, 11, 21, 20], [16, 25, 23, 20, 16], [21, 31, 13, 21, 14], [29, 23, 13, 16, 19], [37, 14, 15, 19, 15], [47, 12, 10, 14, 17], [41, 13, 13, 19, 14], [35, 20, 13, 13, 19], [35, 16, 17, 12, 20], [32, 16, 11, 19, 22], [42, 17, 10, 7, 24], [29, 18, 15, 21, 17], [45, 15, 6, 18, 16], [39, 12, 14, 16, 19], [35, 13, 16, 16, 20], [31, 18, 9, 21, 21]], "lambda_": 0.5, "b": [[62, 10, 11, 17], [56, 18, 9, 17], [61, 13, 19, 7], [67, 5, 13, 15], [64, 10, 13, 13], [71, 6, 11, 12], [64, 14, 9, 13], [64, 11, 10, 15], [59, 12, 11, 18], [70, 9, 11, 10], [56, 17, 13, 14], [61, 13, 13, 13], [41, 32, 10, 17], [14, 68, 5, 13], [8, 66, 8, 18], [11, 62, 13, 14], [21, 56, 14, 9], [7, 65, 12, 16], [12, 64, 14, 10], [9, 71, 10, 10], [13, 61, 14, 12], [14, 60, 19, 7], [10, 64, 12, 14], [8, 62, 13, 17], [14, 65, 11, 10], [11, 14, 62, 13], [11, 13, 70, 6], [13, 9, 65, 13], [9, 12, 68, 11], [15, 13, 60, 12], [11, 16, 62, 11], [13, 15, 58, 14], [13, 13, 54, 20], [11, 9, 64, 16], [13, 9, 70, 8], [11, 11, 61, 17], [8, 17, 64, 11], [14, 13, 36, 37], [16, 19, 15, 50], [11, 8, 11, 70], [16, 17, 11, 56], [22, 9, 14, 55], [17, 12, 18, 53], [13, 15, 12, 60], [14, 15, 12, 59], [11, 12, 17, 60], [11, 11, 7, 71], [12, 12, 9, 67], [6, 13, 16, 65], [13, 9, 16, 62]]}