{"M": 50, "G": 2, "I": 4, "J": 100, "p": [[0.7291758061645759, 0.07607413623142865, 0.021573712816720172, 0.17317634478727548], [0.178428232666503, 0.4181994674757037, 0.20226194250932708, 0.2011103573484663]], "r": [[[61, 5, 1, 11], [1, 9, 7, 5]], [[56, 6, 2, 9], [2, 11, 10, 4]], [[59, 4, 3, 18], [5, 5, 2, 4]], [[58, 5, 0, 12], [5, 10, 4, 6]], [[42, 7, 4, 14], [5, 11, 7, 10]], [[64, 4, 2, 5], [4, 6, 6, 9]], [[61, 5, 2, 8], [1, 9, 8, 6]], [[62, 3, 1, 18], [2, 10, 2, 2]], [[56, 7, 1, 11], [3, 14, 5, 3]], [[46, 8, 1, 19], [3, 11, 4, 8]], [[47, 6, 3, 17], [8, 12, 3, 4]], [[50, 11, 0, 15], [8, 9, 4, 3]], [[49, 11, 3, 13], [2, 11, 8, 3]], [[53, 7, 1, 14], [4, 11, 8, 2]], [[51, 4, 4, 14], [1, 12, 9, 5]], [[52, 8, 1, 15], [7, 8, 7, 2]], [[57, 5, 1, 16], [4, 7, 5, 5]], [[55, 11, 2, 14], [3, 7, 5, 3]], [[55, 6, 1, 14], [4, 11, 6, 3]], [[45, 6, 0, 16], [4, 11, 9, 9]], [[54, 4, 1, 14], [0, 13, 8, 6]], [[60, 6, 1, 12], [4, 7, 5, 5]], [[53, 2, 6, 11], [7, 8, 6, 7]], [[55, 6, 2, 16], [1, 8, 4, 8]], [[62, 3, 0, 15], [6, 8, 2, 4]], [[21, 3, 0, 4], [7, 35, 17, 13]], [[19, 3, 0, 5], [17, 32, 12, 12]], [[18, 0, 0, 1], [12, 37, 17, 15]], [[16, 2, 0, 5], [15, 27, 17, 18]], [[14, 4, 1, 4], [12, 35, 19, 11]], [[18, 2, 0, 6], [9, 30, 13, 22]], [[6, 4, 0, 5], [13, 35, 20, 17]], [[16, 4, 1, 2], [15, 30, 17, 15]], [[14, 4, 0, 2], [21, 37, 9, 13]], [[19, 3, 0, 4], [15, 33, 12, 14]], [[23, 0, 0, 6], [15, 36, 11, 9]], [[16, 1, 0, 4], [18, 25, 18, 18]], [[15, 3, 1, 5], [16, 30, 16, 14]], [[20, 0, 1, 5], [11, 30, 14, 19]], [[17, 4, 0, 2], [11, 37, 13, 16]], [[16, 2, 2, 5], [14, 29, 10, 22]], [[22, 4, 0, 4], [14, 28, 15, 13]], [[20, 3, 0, 6], [16, 30, 19, 6]], [[11, 0, 0, 9], [22, 35, 15, 8]], [[22, 2, 0, 4], [7, 42, 13, 10]], [[13, 1, 0, 3], [18, 43, 12, 10]], [[19, 0, 3, 7], [10, 32, 14, 15]], [[18, 0, 1, 4], [12, 29, 19, 17]], [[17, 3, 1, 3], [18, 34, 12, 12]], [[22, 2, 0, 3], [10, 38, 11, 14]]], "n": [[62, 14, 8, 16], [58, 17, 12, 13], [64, 9, 5, 22], [63, 15, 4, 18], [47, 18, 11, 24], [68, 10, 8, 14], [62, 14, 10, 14], [64, 13, 3, 20], [59, 21, 6, 14], [49, 19, 5, 27], [55, 18, 6, 21], [58, 20, 4, 18], [51, 22, 11, 16], [57, 18, 9, 16], [52, 16, 13, 19], [59, 16, 8, 17], [61, 12, 6, 21], [58, 18, 7, 17], [59, 17, 7, 17], [49, 17, 9, 25], [54, 17, 9, 20], [64, 13, 6, 17], [60, 10, 12, 18], [56, 14, 6, 24], [68, 11, 2, 19], [28, 38, 17, 17], [36, 35, 12, 17], [30, 37, 17, 16], [31, 29, 17, 23], [26, 39, 20, 15], [27, 32, 13, 28], [19, 39, 20, 22], [31, 34, 18, 17], [35, 41, 9, 15], [34, 36, 12, 18], [38, 36, 11, 15], [34, 26, 18, 22], [31, 33, 17, 19], [31, 30, 15, 24], [28, 41, 13, 18], [30, 31, 12, 27], [36, 32, 15, 17], [36, 33, 19, 12], [33, 35, 15, 17], [29, 44, 13, 14], [31, 44, 12, 13], [29, 32, 17, 22], [30, 29, 20, 21], [35, 37, 13, 15], [32, 40, 11, 17]], "lambda_": 0.5, "b": [[78, 22], [73, 27], [84, 16], [75, 25], [67, 33], [75, 25], [76, 24], [84, 16], [75, 25], [74, 26], [73, 27], [76, 24], [76, 24], [75, 25], [73, 27], [76, 24], [79, 21], [82, 18], [76, 24], [67, 33], [73, 27], [79, 21], [72, 28], [79, 21], [80, 20], [28, 72], [27, 73], [19, 81], [23, 77], [23, 77], [26, 74], [15, 85], [23, 77], [20, 80], [26, 74], [29, 71], [21, 79], [24, 76], [26, 74], [23, 77], [25, 75], [30, 70], [29, 71], [20, 80], [28, 72], [17, 83], [29, 71], [23, 77], [24, 76], [27, 73]]}