{"M": 50, "G": 3, "I": 2, "J": 100, "p": [[0.2800888100039253, 0.7199111899960747], [0.5676362502758424, 0.4323637497241576], [0.03012106921864936, 0.9698789307813507]], "r": [[[18, 48], [11, 7], [1, 15]], [[17, 46], [7, 11], [0, 19]], [[18, 46], [7, 8], [0, 21]], [[18, 50], [8, 8], [0, 16]], [[14, 45], [7, 9], [1, 24]], [[18, 43], [8, 6], [2, 23]], [[16, 43], [11, 12], [0, 18]], [[13, 49], [14, 11], [0, 13]], [[27, 41], [8, 4], [1, 19]], [[26, 46], [12, 4], [0, 12]], [[26, 40], [9, 5], [0, 20]], [[17, 53], [7, 8], [0, 15]], [[14, 55], [7, 7], [0, 17]], [[16, 52], [6, 10], [0, 16]], [[15, 56], [9, 8], [0, 12]], [[22, 51], [8, 6], [0, 13]], [[16, 41], [18, 11], [1, 13]], [[7, 11], [32, 31], [0, 19]], [[6, 11], [43, 22], [0, 18]], [[5, 14], [43, 26], [1, 11]], [[6, 8], [38, 33], [0, 15]], [[6, 9], [39, 31], [1, 14]], [[5, 11], [38, 32], [0, 14]], [[4, 10], [37, 27], [0, 22]], [[3, 12], [42, 23], [1, 19]], [[4, 9], [39, 31], [0, 17]], [[3, 13], [25, 39], [0, 20]], [[5, 11], [40, 34], [0, 10]], [[6, 15], [36, 22], [1, 20]], [[5, 11], [34, 40], [0, 10]], [[2, 14], [39, 28], [0, 17]], [[3, 12], [39, 31], [1, 14]], [[5, 13], [40, 21], [0, 21]], [[6, 8], [21, 19], [5, 41]], [[1, 12], [10, 10], [2, 65]], [[5, 10], [10, 3], [1, 71]], [[6, 12], [11, 4], [0, 67]], [[6, 14], [7, 7], [0, 66]], [[7, 15], [6, 6], [3, 63]], [[7, 17], [11, 13], [1, 51]], [[2, 13], [6, 6], [1, 72]], [[4, 14], [12, 8], [1, 61]], [[7, 14], [11, 6], [0, 62]], [[5, 12], [9, 8], [1, 65]], [[3, 13], [5, 9], [2, 68]], [[4, 11], [10, 10], [3, 62]], [[4, 11], [7, 7], [0, 71]], [[3, 14], [11, 3], [0, 69]], [[2, 12], [11, 10], [1, 64]], [[6, 13], [7, 6], [0, 68]]], "n": [[30, 70], [24, 76], [25, 75], [26, 74], [22, 78], [28, 72], [27, 73], [27, 73], [36, 64], [38, 62], [35, 65], [24, 76], [21, 79], [22, 78], [24, 76], [30, 70], [35, 65], [39, 61], [49, 51], [49, 51], [44, 56], [46, 54], [43, 57], [41, 59], [46, 54], [43, 57], [28, 72], [45, 55], [43, 57], [39, 61], [41, 59], [43, 57], [45, 55], [32, 68], [13, 87], [16, 84], [17, 83], [13, 87], [16, 84], [19, 81], [9, 91], [17, 83], [18, 82], [15, 85], [10, 90], [17, 83], [11, 89], [14, 86], [14, 86], [13, 87]], "lambda_": 0.5, "b": [[66, 18, 16], [63, 18, 19], [64, 15, 21], [68, 16, 16], [59, 16, 25], [61, 14, 25], [59, 23, 18], [62, 25, 13], [68, 12, 20], [72, 16, 12], [66, 14, 20], [70, 15, 15], [69, 14, 17], [68, 16, 16], [71, 17, 12], [73, 14, 13], [57, 29, 14], [18, 63, 19], [17, 65, 18], [19, 69, 12], [14, 71, 15], [15, 70, 15], [16, 70, 14], [14, 64, 22], [15, 65, 20], [13, 70, 17], [16, 64, 20], [16, 74, 10], [21, 58, 21], [16, 74, 10], [16, 67, 17], [15, 70, 15], [18, 61, 21], [14, 40, 46], [13, 20, 67], [15, 13, 72], [18, 15, 67], [20, 14, 66], [22, 12, 66], [24, 24, 52], [15, 12, 73], [18, 20, 62], [21, 17, 62], [17, 17, 66], [16, 14, 70], [15, 20, 65], [15, 14, 71], [17, 14, 69], [14, 21, 65], [19, 13, 68]]}