{"M": 50, "G": 4, "I": 10, "J": 100, "p": [[0.22583551318107506, 0.05244391734544701, 0.23828791306220862, 0.0830378819242122, 0.07918654317132136, 0.016113585473482447, 0.2476139412938715, 0.0004136433711557334, 0.019304135128980132, 0.03776292604824567], [0.12006391970874336, 0.01749758429826078, 0.15791029373823773, 0.3255875480637148, 0.014215320954268749, 0.07226489473409196, 0.0007171069516003187, 0.03882296273202765, 0.003588015258526528, 0.24933235356052796], [0.055515405364858314, 0.2883009882693839, 0.1495248801034782, 0.19495435552022833, 0.01842409509293907, 0.0075484727112203704, 0.08896141602910738, 0.017817431884024997, 0.12808472611908472, 0.05086822890567481], [0.08669959856236839, 0.3203931365668275, 0.08518941149739849, 0.013226544553905954, 0.019895455387539254, 0.09101044265731378, 0.08584523737727562, 0.11724633796272703, 0.0592935471165809, 0.12120028831806316]], "r": [[[14, 4, 15, 2, 7, 1, 17, 1, 1, 2], [0, 0, 1, 6, 0, 1, 0, 1, 0, 6], [1, 2, 2, 4, 1, 0, 2, 0, 1, 1], [0, 2, 1, 0, 0, 1, 0, 1, 0, 2]], [[13, 2, 19, 3, 2, 1, 11, 0, 3, 3], [1, 0, 1, 7, 0, 1, 0, 0, 1, 5], [1, 4, 2, 5, 0, 0, 1, 0, 2, 0], [0, 5, 0, 0, 0, 0, 2, 3, 0, 2]], [[13, 2, 14, 4, 7, 0, 11, 0, 2, 0], [5, 0, 6, 1, 0, 1, 0, 1, 1, 3], [3, 6, 1, 1, 0, 0, 3, 1, 0, 1], [0, 7, 1, 0, 0, 2, 1, 0, 1, 1]], [[11, 4, 19, 4, 9, 1, 11, 0, 2, 1], [2, 1, 0, 5, 0, 1, 0, 0, 0, 3], [0, 4, 5, 1, 0, 0, 1, 1, 1, 0], [2, 5, 0, 0, 1, 1, 1, 2, 0, 1]], [[8, 2, 17, 5, 5, 1, 16, 0, 0, 4], [3, 0, 1, 4, 1, 0, 0, 0, 0, 5], [0, 4, 1, 6, 0, 0, 3, 0, 1, 1], [1, 4, 3, 0, 0, 0, 1, 1, 0, 2]], [[25, 3, 10, 3, 4, 1, 13, 0, 2, 6], [4, 0, 3, 3, 1, 0, 0, 0, 0, 2], [0, 0, 2, 2, 0, 0, 1, 1, 0, 1], [0, 5, 2, 0, 0, 0, 0, 3, 1, 2]], [[15, 1, 13, 6, 9, 4, 9, 0, 3, 0], [0, 0, 1, 1, 1, 1, 0, 0, 0, 4], [0, 3, 2, 4, 1, 1, 1, 0, 5, 0], [2, 1, 2, 0, 1, 2, 2, 2, 1, 2]], [[17, 3, 17, 3, 6, 1, 13, 0, 1, 3], [2, 0, 2, 4, 0, 0, 0, 0, 0, 4], [1, 2, 2, 4, 0, 0, 0, 0, 1, 3], [1, 3, 1, 0, 0, 0, 0, 0, 2, 4]], [[11, 3, 16, 6, 4, 1, 17, 1, 1, 4], [1, 0, 1, 5, 0, 0, 0, 0, 0, 4], [0, 9, 1, 1, 0, 0, 0, 0, 2, 1], [1, 5, 1, 0, 0, 2, 0, 2, 0, 0]], [[17, 5, 14, 2, 8, 0, 17, 0, 3, 3], [2, 0, 2, 4, 0, 0, 0, 0, 1, 4], [1, 2, 2, 2, 0, 0, 1, 0, 1, 0], [1, 3, 2, 0, 1, 0, 0, 1, 1, 0]], [[14, 5, 11, 9, 6, 1, 19, 0, 1, 3], [1, 0, 1, 4, 0, 1, 0, 0, 0, 3], [2, 3, 0, 1, 0, 0, 3, 0, 3, 0], [0, 4, 2, 0, 1, 0, 0, 0, 0, 2]], [[19, 3, 16, 4, 3, 0, 18, 0, 2, 5], [0, 0, 1, 7, 0, 2, 0, 0, 0, 5], [1, 1, 1, 1, 0, 0, 1, 1, 0, 0], [3, 1, 1, 0, 0, 1, 1, 0, 1, 1]], [[8, 3, 13, 1, 4, 1, 3, 0, 0, 2], [3, 0, 9, 13, 0, 6, 0, 3, 0, 5], [1, 4, 1, 4, 0, 0, 0, 0, 2, 0], [0, 5, 0, 0, 0, 3, 2, 2, 1, 1]], [[3, 0, 3, 1, 0, 0, 6, 0, 0, 0], [7, 1, 11, 17, 0, 2, 0, 1, 0, 13], [2, 3, 4, 3, 0, 1, 2, 0, 0, 2], [2, 5, 1, 2, 0, 1, 4, 1, 0, 2]], [[1, 1, 6, 0, 1, 0, 2, 0, 0, 0], [8, 2, 8, 24, 2, 6, 0, 3, 0, 9], [1, 6, 2, 2, 0, 0, 1, 0, 4, 1], [0, 5, 1, 0, 0, 1, 1, 0, 1, 1]], [[4, 0, 4, 1, 1, 1, 3, 0, 0, 0], [6, 0, 8, 28, 2, 1, 0, 4, 0, 10], [1, 4, 2, 1, 0, 0, 1, 0, 5, 2], [1, 5, 2, 0, 0, 1, 0, 1, 1, 0]], [[2, 0, 4, 2, 1, 0, 5, 0, 0, 1], [12, 0, 12, 14, 2, 9, 0, 1, 0, 12], [1, 4, 1, 0, 0, 0, 1, 1, 0, 1], [1, 1, 2, 1, 0, 1, 2, 3, 0, 3]], [[1, 1, 2, 1, 1, 1, 4, 0, 0, 0], [7, 3, 10, 11, 0, 10, 0, 3, 1, 15], [0, 2, 5, 4, 0, 0, 1, 1, 3, 0], [1, 3, 0, 1, 0, 2, 1, 1, 3, 1]], [[4, 0, 0, 2, 1, 0, 3, 0, 0, 0], [11, 1, 11, 15, 1, 3, 0, 1, 0, 21], [0, 3, 0, 3, 1, 0, 0, 0, 1, 0], [0, 3, 1, 0, 3, 1, 1, 5, 2, 2]], [[2, 0, 5, 1, 0, 0, 6, 0, 0, 0], [4, 1, 10, 27, 1, 5, 0, 2, 1, 16], [1, 3, 2, 1, 0, 1, 1, 1, 0, 1], [2, 3, 1, 0, 0, 0, 0, 2, 0, 0]], [[2, 1, 3, 3, 0, 0, 4, 0, 0, 0], [5, 0, 15, 20, 1, 8, 0, 2, 1, 12], [1, 2, 2, 5, 0, 0, 0, 0, 0, 1], [0, 4, 0, 0, 0, 3, 1, 1, 1, 2]], [[5, 0, 2, 2, 0, 1, 4, 0, 0, 0], [4, 4, 15, 13, 1, 2, 0, 4, 2, 17], [0, 4, 2, 2, 0, 0, 2, 0, 0, 1], [0, 3, 3, 0, 0, 1, 1, 0, 2, 3]], [[0, 0, 3, 0, 1, 0, 2, 0, 1, 1], [4, 0, 10, 17, 3, 3, 0, 1, 1, 20], [0, 3, 5, 2, 0, 1, 3, 0, 3, 1], [3, 3, 3, 0, 0, 1, 0, 1, 1, 3]], [[2, 0, 6, 0, 1, 0, 4, 0, 2, 1], [6, 1, 9, 20, 0, 7, 0, 1, 1, 21], [0, 3, 2, 1, 1, 0, 0, 0, 2, 0], [1, 2, 2, 0, 0, 0, 1, 2, 0, 1]], [[2, 0, 5, 1, 1, 0, 4, 0, 0, 0], [8, 1, 9, 20, 1, 5, 0, 2, 0, 17], [0, 2, 4, 3, 1, 1, 0, 1, 3, 0], [1, 3, 0, 0, 0, 2, 0, 1, 1, 1]], [[2, 0, 2, 3, 1, 0, 0, 0, 0, 0], [2, 0, 1, 1, 1, 1, 0, 2, 0, 5], [6, 23, 9, 9, 1, 0, 5, 2, 4, 7], [1, 2, 2, 0, 1, 2, 0, 1, 1, 3]], [[3, 0, 0, 0, 1, 0, 5, 0, 0, 0], [2, 1, 0, 1, 0, 2, 0, 1, 0, 5], [6, 23, 6, 6, 0, 0, 8, 1, 13, 5], [0, 3, 2, 2, 1, 0, 0, 1, 1, 1]], [[3, 1, 2, 1, 4, 0, 2, 0, 0, 0], [0, 0, 2, 7, 0, 1, 0, 3, 0, 4], [4, 14, 11, 10, 0, 0, 7, 1, 6, 5], [1, 3, 3, 0, 1, 0, 1, 1, 0, 2]], [[1, 0, 1, 1, 0, 1, 1, 0, 1, 1], [2, 1, 3, 4, 0, 2, 0, 0, 0, 1], [3, 17, 10, 10, 2, 0, 7, 3, 10, 5], [3, 3, 3, 0, 0, 1, 2, 1, 0, 0]], [[2, 0, 3, 2, 1, 0, 3, 0, 1, 0], [2, 0, 3, 4, 0, 0, 0, 2, 0, 3], [7, 20, 4, 12, 1, 0, 4, 1, 8, 4], [2, 5, 1, 0, 2, 0, 1, 1, 0, 1]], [[7, 1, 6, 3, 0, 0, 5, 0, 0, 1], [3, 0, 3, 4, 1, 1, 0, 0, 0, 5], [1, 15, 8, 9, 4, 0, 6, 2, 6, 0], [0, 4, 1, 0, 0, 0, 1, 1, 1, 1]], [[3, 0, 4, 1, 1, 0, 6, 0, 1, 1], [1, 0, 2, 3, 0, 1, 0, 0, 0, 3], [4, 23, 7, 15, 1, 0, 3, 1, 12, 0], [1, 2, 1, 0, 0, 1, 0, 0, 1, 1]], [[1, 0, 2, 1, 2, 0, 2, 0, 1, 1], [4, 0, 3, 4, 0, 0, 0, 0, 0, 7], [2, 17, 7, 13, 0, 0, 4, 0, 10, 2], [0, 5, 3, 0, 0, 3, 2, 1, 0, 3]], [[3, 2, 1, 0, 2, 0, 4, 0, 0, 1], [1, 0, 5, 3, 0, 2, 1, 0, 0, 0], [7, 24, 7, 11, 0, 0, 9, 0, 7, 2], [1, 2, 0, 0, 0, 2, 0, 3, 0, 0]], [[1, 0, 3, 2, 0, 0, 4, 0, 2, 0], [1, 0, 1, 4, 0, 0, 0, 0, 0, 5], [4, 21, 9, 12, 0, 0, 6, 1, 9, 2], [1, 6, 1, 0, 0, 1, 2, 1, 1, 0]], [[2, 1, 3, 2, 1, 0, 1, 0, 1, 0], [1, 0, 2, 8, 2, 1, 0, 0, 0, 3], [6, 16, 6, 10, 2, 0, 5, 2, 9, 2], [2, 5, 2, 0, 1, 0, 1, 2, 0, 1]], [[5, 1, 1, 0, 0, 0, 4, 0, 0, 0], [2, 0, 4, 1, 1, 1, 0, 1, 0, 2], [1, 16, 7, 14, 2, 0, 4, 3, 9, 4], [1, 4, 1, 0, 1, 2, 2, 1, 2, 3]], [[1, 0, 3, 1, 2, 1, 2, 0, 0, 0], [2, 0, 3, 4, 0, 2, 0, 1, 0, 2], [1, 11, 8, 9, 0, 0, 2, 0, 8, 2], [1, 12, 3, 2, 0, 6, 2, 3, 4, 2]], [[2, 1, 0, 0, 0, 1, 4, 0, 0, 0], [3, 0, 3, 3, 0, 0, 0, 1, 0, 1], [1, 2, 4, 3, 0, 0, 0, 0, 2, 0], [7, 30, 7, 1, 1, 4, 7, 5, 2, 5]], [[3, 0, 2, 0, 0, 0, 4, 0, 0, 0], [2, 0, 5, 1, 0, 0, 0, 0, 0, 1], [0, 0, 3, 5, 0, 0, 1, 0, 2, 1], [6, 23, 3, 1, 1, 4, 13, 7, 1, 11]], [[3, 2, 3, 2, 0, 0, 4, 0, 1, 0], [2, 0, 2, 4, 0, 3, 0, 0, 0, 4], [2, 2, 1, 6, 0, 0, 1, 1, 2, 1], [6, 17, 5, 1, 2, 5, 5, 7, 5, 1]], [[2, 1, 4, 1, 1, 1, 6, 0, 1, 1], [1, 0, 2, 1, 1, 2, 0, 1, 0, 3], [1, 2, 2, 2, 1, 0, 3, 0, 2, 0], [5, 17, 6, 2, 0, 2, 7, 8, 3, 8]], [[1, 0, 3, 3, 0, 0, 6, 0, 2, 0], [1, 1, 6, 7, 0, 0, 0, 0, 0, 2], [0, 2, 1, 0, 0, 0, 0, 0, 2, 0], [10, 23, 4, 0, 1, 6, 5, 6, 1, 7]], [[3, 1, 3, 0, 0, 0, 4, 0, 0, 0], [2, 0, 1, 2, 0, 0, 0, 0, 0, 1], [1, 2, 2, 5, 0, 0, 1, 0, 3, 0], [7, 16, 11, 2, 0, 4, 9, 7, 2, 11]], [[4, 2, 5, 2, 1, 0, 2, 0, 0, 0], [1, 0, 0, 5, 0, 0, 0, 1, 0, 1], [1, 4, 0, 1, 0, 1, 0, 0, 2, 0], [3, 22, 7, 2, 1, 10, 7, 7, 2, 6]], [[1, 0, 4, 3, 2, 0, 2, 0, 0, 1], [2, 0, 1, 4, 0, 0, 0, 1, 0, 4], [0, 4, 4, 2, 0, 0, 1, 0, 0, 2], [6, 25, 4, 0, 1, 3, 5, 5, 3, 10]], [[1, 3, 2, 2, 0, 0, 4, 0, 0, 0], [0, 0, 0, 4, 0, 5, 0, 0, 0, 4], [0, 3, 1, 2, 0, 0, 0, 0, 2, 0], [4, 17, 6, 0, 3, 6, 11, 11, 1, 8]], [[2, 2, 4, 1, 1, 0, 3, 0, 2, 0], [0, 1, 3, 5, 0, 1, 0, 0, 0, 2], [1, 3, 1, 3, 0, 0, 2, 0, 1, 2], [8, 23, 5, 1, 0, 2, 8, 5, 4, 4]], [[2, 0, 2, 3, 0, 0, 2, 0, 0, 0], [1, 0, 3, 3, 0, 2, 0, 2, 0, 3], [2, 3, 2, 6, 0, 0, 0, 0, 1, 0], [8, 23, 2, 1, 3, 5, 5, 8, 0, 8]], [[3, 0, 1, 0, 3, 0, 1, 0, 0, 3], [1, 0, 1, 1, 0, 0, 0, 0, 0, 3], [0, 4, 1, 4, 0, 0, 0, 0, 7, 1], [5, 20, 3, 0, 1, 4, 3, 10, 7, 13]]],