{"M": 50, "G": 2, "I": 3, "J": 100, "p": [[0.14090457732224396, 0.4129623260927571, 0.4461330965849989], [0.06252269779178714, 0.5993496332647651, 0.3381276689434477]], "r": [[[8, 33, 36], [1, 15, 7]], [[10, 20, 44], [0, 13, 13]], [[14, 33, 36], [1, 11, 5]], [[13, 28, 32], [3, 14, 10]], [[12, 28, 36], [3, 10, 11]], [[14, 27, 38], [2, 10, 9]], [[17, 29, 25], [2, 10, 17]], [[10, 32, 28], [2, 16, 12]], [[12, 24, 34], [3, 14, 13]], [[11, 31, 33], [2, 12, 11]], [[13, 35, 31], [3, 14, 4]], [[7, 35, 30], [0, 19, 9]], [[8, 42, 32], [0, 12, 6]], [[11, 33, 28], [1, 16, 11]], [[11, 25, 39], [4, 14, 7]], [[6, 31, 41], [2, 12, 8]], [[7, 40, 31], [1, 9, 12]], [[14, 21, 34], [4, 13, 14]], [[8, 35, 35], [1, 15, 6]], [[10, 36, 31], [3, 11, 9]], [[14, 33, 31], [3, 11, 8]], [[6, 29, 46], [2, 8, 9]], [[10, 30, 28], [1, 15, 16]], [[10, 27, 33], [4, 15, 11]], [[15, 33, 25], [0, 20, 7]], [[4, 12, 16], [2, 41, 25]], [[5, 8, 14], [4, 37, 32]], [[2, 12, 15], [6, 42, 23]], [[3, 8, 9], [4, 49, 27]], [[4, 22, 7], [9, 39, 19]], [[6, 10, 9], [3, 46, 26]], [[4, 7, 10], [6, 45, 28]], [[3, 9, 13], [6, 46, 23]], [[5, 16, 12], [6, 37, 24]], [[5, 6, 10], [7, 51, 21]], [[3, 7, 14], [6, 38, 32]], [[5, 7, 16], [3, 44, 25]], [[4, 11, 8], [7, 49, 21]], [[3, 13, 9], [3, 44, 28]], [[5, 15, 12], [4, 43, 21]], [[3, 3, 10], [4, 50, 30]], [[2, 15, 7], [1, 49, 26]], [[3, 9, 11], [4, 47, 26]], [[3, 9, 8], [5, 51, 24]], [[4, 9, 10], [3, 49, 25]], [[7, 9, 17], [6, 39, 22]], [[3, 9, 10], [7, 48, 23]], [[3, 14, 10], [5, 41, 27]], [[3, 6, 6], [9, 50, 26]], [[4, 7, 12], [6, 47, 24]]], "n": [[9, 48, 43], [10, 33, 57], [15, 44, 41], [16, 42, 42], [15, 38, 47], [16, 37, 47], [19, 39, 42], [12, 48, 40], [15, 38, 47], [13, 43, 44], [16, 49, 35], [7, 54, 39], [8, 54, 38], [12, 49, 39], [15, 39, 46], [8, 43, 49], [8, 49, 43], [18, 34, 48], [9, 50, 41], [13, 47, 40], [17, 44, 39], [8, 37, 55], [11, 45, 44], [14, 42, 44], [15, 53, 32], [6, 53, 41], [9, 45, 46], [8, 54, 38], [7, 57, 36], [13, 61, 26], [9, 56, 35], [10, 52, 38], [9, 55, 36], [11, 53, 36], [12, 57, 31], [9, 45, 46], [8, 51, 41], [11, 60, 29], [6, 57, 37], [9, 58, 33], [7, 53, 40], [3, 64, 33], [7, 56, 37], [8, 60, 32], [7, 58, 35], [13, 48, 39], [10, 57, 33], [8, 55, 37], [12, 56, 32], [10, 54, 36]], "lambda_": 0.5, "b": [[77, 23], [74, 26], [83, 17], [73, 27], [76, 24], [79, 21], [71, 29], [70, 30], [70, 30], [75, 25], [79, 21], [72, 28], [82, 18], [72, 28], [75, 25], [78, 22], [78, 22], [69, 31], [78, 22], [77, 23], [78, 22], [81, 19], [68, 32], [70, 30], [73, 27], [32, 68], [27, 73], [29, 71], [20, 80], [33, 67], [25, 75], [21, 79], [25, 75], [33, 67], [21, 79], [24, 76], [28, 72], [23, 77], [25, 75], [32, 68], [16, 84], [24, 76], [23, 77], [20, 80], [23, 77], [33, 67], [22, 78], [27, 73], [15, 85], [23, 77]]}