{"M": 50, "G": 3, "I": 3, "J": 100, "p": [[0.2719923306744691, 0.18223906229356635, 0.5457686070319646], [0.0573478133834925, 0.5463733738946434, 0.3962788127218642], [0.18885986669153693, 0.7600018495823246, 0.05113828372613846]], "r": [[[18, 12, 40], [0, 5, 5], [2, 17, 1]], [[17, 17, 37], [1, 12, 7], [1, 8, 0]], [[20, 11, 39], [1, 3, 8], [1, 14, 3]], [[19, 12, 32], [0, 12, 5], [2, 17, 1]], [[18, 12, 39], [0, 5, 11], [2, 13, 0]], [[17, 13, 29], [1, 14, 10], [3, 11, 2]], [[20, 10, 41], [2, 9, 0], [2, 13, 3]], [[19, 18, 31], [1, 7, 10], [0, 14, 0]], [[20, 10, 33], [0, 11, 5], [2, 18, 1]], [[15, 11, 43], [1, 9, 2], [2, 16, 1]], [[18, 14, 37], [1, 9, 8], [2, 11, 0]], [[14, 11, 40], [0, 11, 6], [6, 12, 0]], [[19, 10, 37], [0, 9, 5], [3, 16, 1]], [[25, 13, 29], [1, 12, 5], [3, 11, 1]], [[14, 12, 44], [0, 8, 10], [3, 8, 1]], [[21, 9, 40], [0, 9, 10], [2, 8, 1]], [[13, 4, 35], [4, 16, 13], [4, 11, 0]], [[3, 3, 12], [3, 33, 24], [4, 16, 2]], [[2, 3, 9], [4, 44, 24], [3, 11, 0]], [[5, 3, 6], [4, 33, 31], [4, 11, 3]], [[6, 3, 3], [2, 40, 27], [8, 10, 1]], [[4, 2, 10], [4, 47, 21], [2, 10, 0]], [[4, 4, 10], [6, 27, 32], [7, 10, 0]], [[5, 2, 6], [7, 35, 29], [0, 15, 1]], [[4, 1, 10], [2, 38, 27], [4, 13, 1]], [[4, 3, 8], [4, 35, 28], [1, 17, 0]], [[1, 2, 8], [6, 41, 22], [3, 15, 2]], [[5, 3, 5], [7, 36, 27], [4, 12, 1]], [[4, 2, 12], [2, 33, 30], [2, 14, 1]], [[9, 7, 3], [3, 42, 22], [0, 14, 0]], [[4, 5, 10], [9, 27, 25], [3, 16, 1]], [[2, 5, 9], [9, 32, 24], [2, 17, 0]], [[5, 3, 11], [3, 37, 20], [8, 13, 0]], [[5, 3, 4], [1, 12, 18], [16, 39, 2]], [[6, 4, 7], [1, 11, 7], [4, 55, 5]], [[5, 1, 8], [2, 10, 4], [14, 54, 2]], [[2, 8, 7], [0, 12, 7], [12, 51, 1]], [[7, 4, 10], [0, 11, 5], [13, 46, 4]], [[2, 2, 3], [2, 15, 4], [16, 51, 5]], [[9, 4, 11], [0, 9, 5], [9, 51, 2]], [[3, 2, 8], [1, 9, 8], [13, 54, 2]], [[3, 2, 8], [1, 14, 4], [12, 54, 2]], [[5, 4, 8], [2, 10, 7], [20, 41, 3]], [[5, 4, 10], [1, 5, 9], [12, 50, 4]], [[4, 2, 12], [1, 9, 7], [14, 50, 1]], [[6, 1, 8], [2, 3, 5], [17, 56, 2]], [[5, 7, 8], [1, 15, 7], [10, 45, 2]], [[5, 3, 15], [0, 10, 8], [6, 49, 4]], [[3, 4, 8], [1, 13, 6], [17, 48, 0]], [[9, 2, 10], [0, 9, 1], [12, 53, 4]]], "n": [[20, 34, 46], [19, 37, 44], [22, 28, 50], [21, 41, 38], [20, 30, 50], [21, 38, 41], [24, 32, 44], [20, 39, 41], [22, 39, 39], [18, 36, 46], [21, 34, 45], [20, 34, 46], [22, 35, 43], [29, 36, 35], [17, 28, 55], [23, 26, 51], [21, 31, 48], [10, 52, 38], [9, 58, 33], [13, 47, 40], [16, 53, 31], [10, 59, 31], [17, 41, 42], [12, 52, 36], [10, 52, 38], [9, 55, 36], [10, 58, 32], [16, 51, 33], [8, 49, 43], [12, 63, 25], [16, 48, 36], [13, 54, 33], [16, 53, 31], [22, 54, 24], [11, 70, 19], [21, 65, 14], [14, 71, 15], [20, 61, 19], [20, 68, 12], [18, 64, 18], [17, 65, 18], [16, 70, 14], [27, 55, 18], [18, 59, 23], [19, 61, 20], [25, 60, 15], [16, 67, 17], [11, 62, 27], [21, 65, 14], [21, 64, 15]], "lambda_": 0.5, "b": [[70, 10, 20], [71, 20, 9], [70, 12, 18], [63, 17, 20], [69, 16, 15], [59, 25, 16], [71, 11, 18], [68, 18, 14], [63, 16, 21], [69, 12, 19], [69, 18, 13], [65, 17, 18], [66, 14, 20], [67, 18, 15], [70, 18, 12], [70, 19, 11], [52, 33, 15], [18, 60, 22], [14, 72, 14], [14, 68, 18], [12, 69, 19], [16, 72, 12], [18, 65, 17], [13, 71, 16], [15, 67, 18], [15, 67, 18], [11, 69, 20], [13, 70, 17], [18, 65, 17], [19, 67, 14], [19, 61, 20], [16, 65, 19], [19, 60, 21], [12, 31, 57], [17, 19, 64], [14, 16, 70], [17, 19, 64], [21, 16, 63], [7, 21, 72], [24, 14, 62], [13, 18, 69], [13, 19, 68], [17, 19, 64], [19, 15, 66], [18, 17, 65], [15, 10, 75], [20, 23, 57], [23, 18, 59], [15, 20, 65], [21, 10, 69]]}