{"M": 50, "G": 4, "I": 4, "J": 100, "p": [[0.04983539454067374, 0.40616979444752377, 0.04597554104672593, 0.4980192699650766], [0.17642180632607257, 0.24903375337454553, 0.3822121397853614, 0.19233230051402056], [0.17736032732383658, 0.10472522126556412, 0.04240536774113345, 0.6755090836694659], [0.1822341974882001, 0.053948911524286144, 0.6635452461356053, 0.1002716448519083]], "r": [[[4, 24, 1, 32], [5, 3, 6, 6], [1, 2, 2, 7], [1, 0, 5, 1]], [[2, 25, 4, 32], [0, 4, 3, 1], [0, 2, 2, 10], [6, 0, 7, 2]], [[6, 29, 2, 27], [1, 4, 8, 3], [1, 1, 1, 8], [1, 0, 8, 0]], [[2, 28, 3, 25], [2, 2, 6, 3], [2, 2, 1, 6], [1, 2, 12, 3]], [[1, 28, 2, 32], [1, 1, 6, 3], [2, 1, 0, 8], [2, 1, 11, 1]], [[3, 26, 2, 34], [2, 4, 3, 4], [4, 0, 0, 8], [1, 2, 5, 2]], [[6, 27, 2, 28], [3, 5, 5, 3], [1, 0, 0, 8], [2, 0, 8, 2]], [[1, 37, 1, 29], [0, 2, 3, 4], [2, 1, 1, 8], [2, 0, 7, 2]], [[4, 23, 2, 39], [2, 6, 5, 1], [1, 0, 1, 8], [3, 0, 4, 1]], [[3, 19, 2, 37], [0, 2, 8, 0], [4, 0, 0, 12], [2, 1, 10, 0]], [[5, 21, 2, 35], [2, 5, 6, 3], [3, 1, 0, 5], [4, 1, 6, 1]], [[2, 21, 6, 36], [2, 1, 12, 2], [2, 1, 0, 3], [2, 2, 8, 0]], [[1, 14, 2, 26], [8, 5, 13, 5], [2, 0, 0, 9], [2, 0, 13, 0]], [[0, 5, 1, 7], [10, 18, 22, 12], [3, 1, 1, 7], [1, 0, 9, 3]], [[0, 7, 1, 7], [10, 10, 22, 11], [2, 4, 1, 9], [2, 0, 14, 0]], [[0, 6, 0, 6], [11, 16, 31, 7], [2, 2, 0, 12], [3, 0, 2, 2]], [[0, 2, 0, 7], [8, 27, 25, 10], [3, 2, 0, 5], [1, 0, 9, 1]], [[0, 8, 0, 6], [8, 18, 23, 10], [3, 0, 1, 11], [1, 0, 10, 1]], [[0, 7, 2, 8], [12, 15, 20, 12], [2, 0, 0, 6], [3, 0, 11, 2]], [[0, 7, 0, 5], [13, 15, 23, 10], [2, 1, 1, 8], [1, 1, 12, 1]], [[0, 2, 1, 9], [16, 16, 17, 18], [0, 4, 0, 9], [1, 2, 5, 0]], [[1, 3, 1, 6], [17, 21, 24, 4], [2, 0, 0, 5], [2, 0, 10, 4]], [[0, 6, 0, 6], [12, 14, 28, 14], [0, 0, 1, 9], [0, 0, 10, 0]], [[1, 10, 0, 2], [12, 14, 22, 19], [0, 0, 0, 10], [3, 1, 4, 2]], [[0, 6, 1, 6], [8, 24, 17, 13], [0, 1, 0, 10], [1, 2, 10, 1]], [[1, 5, 1, 4], [1, 0, 6, 2], [17, 5, 2, 44], [3, 1, 7, 1]], [[1, 5, 0, 4], [2, 3, 2, 1], [10, 11, 3, 47], [3, 0, 7, 1]], [[2, 0, 0, 5], [2, 1, 8, 2], [12, 13, 0, 39], [2, 1, 10, 3]], [[1, 2, 0, 8], [2, 6, 5, 5], [9, 1, 4, 45], [1, 4, 7, 0]], [[0, 6, 0, 9], [2, 2, 5, 5], [8, 9, 1, 41], [1, 0, 9, 2]], [[0, 4, 1, 9], [4, 4, 3, 0], [10, 5, 2, 41], [4, 1, 11, 1]], [[0, 3, 0, 5], [2, 2, 1, 3], [7, 2, 3, 59], [2, 0, 9, 2]], [[1, 3, 3, 5], [2, 2, 2, 1], [13, 7, 4, 41], [3, 0, 12, 1]], [[1, 3, 1, 9], [1, 3, 7, 1], [11, 5, 1, 45], [0, 0, 10, 2]], [[1, 7, 2, 6], [1, 4, 2, 3], [9, 7, 3, 47], [3, 2, 3, 0]], [[0, 6, 0, 3], [1, 5, 7, 4], [10, 8, 1, 43], [2, 1, 9, 0]], [[2, 3, 1, 3], [3, 2, 9, 3], [18, 4, 4, 32], [1, 1, 13, 1]], [[1, 4, 0, 8], [2, 2, 1, 2], [9, 1, 1, 30], [9, 1, 22, 7]], [[1, 2, 0, 7], [2, 4, 7, 2], [2, 2, 0, 5], [13, 3, 44, 6]], [[1, 4, 1, 9], [2, 2, 7, 1], [3, 0, 0, 10], [9, 3, 37, 11]], [[1, 5, 1, 5], [0, 1, 1, 4], [5, 1, 0, 14], [13, 4, 38, 7]], [[0, 4, 0, 6], [5, 4, 7, 6], [2, 1, 1, 7], [8, 1, 40, 8]], [[1, 8, 0, 8], [0, 2, 5, 2], [2, 1, 0, 9], [12, 3, 41, 6]], [[1, 6, 1, 8], [0, 1, 5, 0], [5, 1, 1, 8], [11, 3, 43, 6]], [[0, 7, 2, 6], [4, 2, 5, 2], [5, 1, 0, 7], [10, 1, 42, 6]], [[0, 3, 1, 4], [1, 3, 6, 5], [0, 0, 0, 8], [8, 5, 49, 7]], [[0, 5, 1, 9], [3, 1, 5, 5], [2, 1, 1, 6], [12, 1, 42, 6]], [[0, 5, 0, 5], [0, 5, 6, 2], [3, 3, 2, 12], [14, 2, 38, 3]], [[1, 4, 1, 2], [2, 4, 3, 3], [2, 0, 2, 13], [11, 3, 42, 7]], [[0, 3, 0, 6], [3, 2, 3, 1], [3, 5, 0, 6], [10, 7, 43, 8]]], "n": [[11, 29, 14, 46], [8, 31, 16, 45], [9, 34, 19, 38], [7, 34, 22, 37], [6, 31, 19, 44], [10, 32, 10, 48], [12, 32, 15, 41], [5, 40, 12, 43], [10, 29, 12, 49], [9, 22, 20, 49], [14, 28, 14, 44], [8, 25, 26, 41], [13, 19, 28, 40], [14, 24, 33, 29], [14, 21, 38, 27], [16, 24, 33, 27], [12, 31, 34, 23], [12, 26, 34, 28], [17, 22, 33, 28], [16, 24, 36, 24], [17, 24, 23, 36], [22, 24, 35, 19], [12, 20, 39, 29], [16, 25, 26, 33], [9, 33, 28, 30], [22, 11, 16, 51], [16, 19, 12, 53], [18, 15, 18, 49], [13, 13, 16, 58], [11, 17, 15, 57], [18, 14, 17, 51], [11, 7, 13, 69], [19, 12, 21, 48], [13, 11, 19, 57], [14, 20, 10, 56], [13, 20, 17, 50], [24, 10, 27, 39], [21, 8, 24, 47], [18, 11, 51, 20], [15, 9, 45, 31], [19, 11, 40, 30], [15, 10, 48, 27], [15, 14, 46, 25], [17, 11, 50, 22], [19, 11, 49, 21], [9, 11, 56, 24], [17, 8, 49, 26], [17, 15, 46, 22], [16, 11, 48, 25], [16, 17, 46, 21]], "lambda_": 0.5, "b": [[61, 20, 12, 7], [63, 8, 14, 15], [64, 16, 11, 9], [58, 13, 11, 18], [63, 11, 11, 15], [65, 13, 12, 10], [63, 16, 9, 12], [68, 9, 12, 11], [68, 14, 10, 8], [61, 10, 16, 13], [63, 16, 9, 12], [65, 17, 6, 12], [43, 31, 11, 15], [13, 62, 12, 13], [15, 53, 16, 16], [12, 65, 16, 7], [9, 70, 10, 11], [14, 59, 15, 12], [17, 59, 8, 16], [12, 61, 12, 15], [12, 67, 13, 8], [11, 66, 7, 16], [12, 68, 10, 10], [13, 67, 10, 10], [13, 62, 11, 14], [11, 9, 68, 12], [10, 8, 71, 11], [7, 13, 64, 16], [11, 18, 59, 12], [15, 14, 59, 12], [14, 11, 58, 17], [8, 8, 71, 13], [12, 7, 65, 16], [14, 12, 62, 12], [16, 10, 66, 8], [9, 17, 62, 12], [9, 17, 58, 16], [13, 7, 41, 39], [10, 15, 9, 66], [15, 12, 13, 60], [12, 6, 20, 62], [10, 22, 11, 57], [17, 9, 12, 62], [16, 6, 15, 63], [15, 13, 13, 59], [8, 15, 8, 69], [15, 14, 10, 61], [10, 13, 20, 57], [8, 12, 17, 63], [9, 9, 14, 68]]}