{"M": 50, "G": 3, "I": 3, "J": 100, "p": [[0.036577241285230634, 0.697546888897068, 0.2658758698177014], [0.21879765890019268, 0.6495810753685386, 0.13162126573126864], [0.6422484695268018, 0.06906402082520187, 0.2886875096479962]], "r": [[[1, 48, 16], [3, 11, 4], [11, 0, 6]], [[4, 49, 18], [2, 9, 3], [11, 1, 3]], [[2, 48, 16], [3, 12, 3], [8, 0, 8]], [[3, 50, 17], [3, 13, 3], [7, 2, 2]], [[2, 52, 14], [0, 19, 1], [8, 1, 3]], [[4, 52, 12], [4, 10, 2], [9, 1, 6]], [[3, 41, 14], [4, 15, 2], [12, 2, 7]], [[2, 43, 21], [4, 9, 1], [12, 3, 5]], [[4, 47, 15], [4, 10, 0], [11, 2, 7]], [[2, 48, 18], [2, 9, 4], [6, 1, 10]], [[3, 50, 20], [3, 9, 0], [10, 0, 5]], [[1, 46, 20], [3, 7, 2], [10, 1, 10]], [[2, 37, 24], [3, 11, 4], [12, 1, 6]], [[3, 50, 13], [6, 7, 3], [7, 2, 9]], [[2, 50, 16], [3, 8, 4], [13, 0, 4]], [[0, 48, 19], [2, 6, 2], [12, 3, 8]], [[0, 33, 7], [9, 25, 3], [16, 2, 5]], [[1, 10, 9], [15, 40, 7], [12, 1, 5]], [[0, 9, 6], [8, 50, 9], [14, 1, 3]], [[1, 7, 7], [18, 41, 7], [15, 1, 3]], [[0, 14, 9], [16, 40, 6], [11, 1, 3]], [[0, 12, 8], [18, 34, 16], [9, 0, 3]], [[0, 13, 7], [18, 40, 10], [9, 1, 2]], [[0, 9, 1], [15, 43, 11], [13, 1, 7]], [[1, 8, 4], [18, 41, 12], [14, 1, 1]], [[0, 13, 1], [13, 41, 11], [12, 3, 6]], [[1, 7, 2], [18, 38, 12], [13, 0, 9]], [[0, 9, 3], [11, 45, 8], [15, 3, 6]], [[0, 14, 5], [13, 41, 7], [19, 0, 1]], [[0, 11, 2], [15, 47, 7], [14, 0, 4]], [[0, 7, 8], [13, 54, 8], [5, 2, 3]], [[0, 11, 3], [14, 42, 12], [9, 1, 8]], [[1, 12, 6], [13, 49, 9], [4, 0, 6]], [[1, 11, 7], [7, 28, 2], [30, 1, 13]], [[2, 7, 9], [4, 15, 5], [40, 3, 15]], [[3, 11, 4], [2, 12, 3], [38, 5, 22]], [[0, 11, 4], [6, 13, 0], [41, 5, 20]], [[2, 14, 3], [4, 11, 0], [49, 0, 17]], [[0, 14, 6], [4, 12, 0], [38, 2, 24]], [[1, 9, 2], [5, 7, 0], [47, 9, 20]], [[2, 18, 3], [7, 7, 1], [41, 1, 20]], [[0, 12, 2], [5, 9, 0], [46, 3, 23]], [[0, 9, 4], [2, 16, 2], [40, 3, 24]], [[0, 12, 10], [3, 9, 2], [39, 6, 19]], [[1, 13, 6], [0, 15, 2], [41, 2, 20]], [[1, 11, 7], [2, 9, 2], [48, 4, 16]], [[0, 14, 0], [8, 12, 1], [45, 5, 15]], [[1, 11, 4], [4, 7, 1], [53, 4, 15]], [[2, 18, 9], [5, 13, 0], [31, 5, 17]], [[0, 14, 1], [4, 15, 1], [38, 4, 23]]], "n": [[15, 59, 26], [17, 59, 24], [13, 60, 27], [13, 65, 22], [10, 72, 18], [17, 63, 20], [19, 58, 23], [18, 55, 27], [19, 59, 22], [10, 58, 32], [16, 59, 25], [14, 54, 32], [17, 49, 34], [16, 59, 25], [18, 58, 24], [14, 57, 29], [25, 60, 15], [28, 51, 21], [22, 60, 18], [34, 49, 17], [27, 55, 18], [27, 46, 27], [27, 54, 19], [28, 53, 19], [33, 50, 17], [25, 57, 18], [32, 45, 23], [26, 57, 17], [32, 55, 13], [29, 58, 13], [18, 63, 19], [23, 54, 23], [18, 61, 21], [38, 40, 22], [46, 25, 29], [43, 28, 29], [47, 29, 24], [55, 25, 20], [42, 28, 30], [53, 25, 22], [50, 26, 24], [51, 24, 25], [42, 28, 30], [42, 27, 31], [42, 30, 28], [51, 24, 25], [53, 31, 16], [58, 22, 20], [38, 36, 26], [42, 33, 25]], "lambda_": 0.5, "b": [[65, 18, 17], [71, 14, 15], [66, 18, 16], [70, 19, 11], [68, 20, 12], [68, 16, 16], [58, 21, 21], [66, 14, 20], [66, 14, 20], [68, 15, 17], [73, 12, 15], [67, 12, 21], [63, 18, 19], [66, 16, 18], [68, 15, 17], [67, 10, 23], [40, 37, 23], [20, 62, 18], [15, 67, 18], [15, 66, 19], [23, 62, 15], [20, 68, 12], [20, 68, 12], [10, 69, 21], [13, 71, 16], [14, 65, 21], [10, 68, 22], [12, 64, 24], [19, 61, 20], [13, 69, 18], [15, 75, 10], [14, 68, 18], [19, 71, 10], [19, 37, 44], [18, 24, 58], [18, 17, 65], [15, 19, 66], [19, 15, 66], [20, 16, 64], [12, 12, 76], [23, 15, 62], [14, 14, 72], [13, 20, 67], [22, 14, 64], [20, 17, 63], [19, 13, 68], [14, 21, 65], [16, 12, 72], [29, 18, 53], [15, 20, 65]]}