{"M": 50, "G": 4, "I": 2, "J": 100, "p": [[0.2800888100039253, 0.7199111899960747], [0.5676362502758424, 0.4323637497241576], [0.03012106921864936, 0.9698789307813507], [0.39436320615953213, 0.6056367938404679]], "r": [[[11, 51], [9, 1], [0, 16], [4, 8]], [[13, 46], [13, 6], [1, 8], [5, 8]], [[17, 44], [8, 2], [0, 16], [8, 5]], [[24, 40], [8, 4], [1, 13], [3, 7]], [[18, 45], [7, 5], [0, 12], [2, 11]], [[20, 38], [9, 8], [0, 10], [6, 9]], [[19, 33], [8, 6], [0, 14], [5, 15]], [[11, 47], [6, 10], [0, 10], [3, 13]], [[17, 46], [3, 4], [1, 10], [6, 13]], [[21, 39], [5, 6], [1, 11], [4, 13]], [[16, 51], [5, 4], [0, 9], [6, 9]], [[25, 43], [5, 4], [1, 13], [3, 6]], [[14, 24], [23, 10], [0, 19], [6, 4]], [[3, 13], [38, 25], [0, 11], [4, 6]], [[1, 8], [41, 32], [0, 13], [2, 3]], [[3, 7], [44, 29], [1, 10], [3, 3]], [[5, 10], [42, 28], [0, 13], [1, 1]], [[5, 9], [31, 24], [0, 17], [7, 7]], [[3, 8], [37, 30], [1, 15], [1, 5]], [[6, 10], [35, 26], [3, 12], [1, 7]], [[6, 6], [25, 30], [0, 19], [6, 8]], [[6, 6], [37, 30], [2, 12], [5, 2]], [[2, 10], [38, 25], [0, 11], [3, 11]], [[5, 5], [34, 26], [0, 20], [2, 8]], [[1, 7], [43, 19], [1, 12], [6, 11]], [[2, 8], [3, 6], [3, 67], [5, 6]], [[2, 8], [9, 4], [1, 59], [8, 9]], [[6, 11], [9, 6], [1, 60], [3, 4]], [[3, 12], [8, 7], [2, 58], [5, 5]], [[2, 10], [8, 4], [2, 61], [6, 7]], [[2, 13], [6, 4], [2, 57], [5, 11]], [[4, 8], [6, 11], [3, 58], [3, 7]], [[2, 10], [7, 2], [1, 62], [6, 10]], [[5, 10], [4, 5], [2, 63], [7, 4]], [[5, 4], [6, 12], [2, 55], [7, 9]], [[6, 13], [4, 3], [4, 58], [4, 8]], [[4, 10], [7, 3], [0, 62], [4, 10]], [[2, 14], [2, 7], [1, 32], [22, 20]], [[3, 11], [8, 6], [0, 9], [19, 44]], [[3, 12], [8, 7], [0, 11], [27, 32]], [[1, 11], [8, 6], [0, 6], [30, 38]], [[4, 7], [9, 8], [0, 10], [24, 38]], [[4, 9], [6, 8], [0, 15], [24, 34]], [[5, 11], [2, 5], [0, 20], [24, 33]], [[3, 11], [5, 2], [0, 17], [16, 46]], [[5, 10], [8, 7], [1, 13], [21, 35]], [[4, 7], [6, 4], [0, 9], [28, 42]], [[2, 11], [4, 5], [0, 8], [23, 47]], [[2, 9], [6, 8], [0, 7], [34, 34]], [[4, 9], [7, 6], [0, 9], [20, 45]]], "n": [[24, 76], [32, 68], [33, 67], [36, 64], [27, 73], [35, 65], [32, 68], [20, 80], [27, 73], [31, 69], [27, 73], [34, 66], [43, 57], [45, 55], [44, 56], [51, 49], [48, 52], [43, 57], [42, 58], [45, 55], [37, 63], [50, 50], [43, 57], [41, 59], [51, 49], [13, 87], [20, 80], [19, 81], [18, 82], [18, 82], [15, 85], [16, 84], [16, 84], [18, 82], [20, 80], [18, 82], [15, 85], [27, 73], [30, 70], [38, 62], [39, 61], [37, 63], [34, 66], [31, 69], [24, 76], [35, 65], [38, 62], [29, 71], [42, 58], [31, 69]], "lambda_": 0.5, "b": [[62, 10, 16, 12], [59, 19, 9, 13], [61, 10, 16, 13], [64, 12, 14, 10], [63, 12, 12, 13], [58, 17, 10, 15], [52, 14, 14, 20], [58, 16, 10, 16], [63, 7, 11, 19], [60, 11, 12, 17], [67, 9, 9, 15], [68, 9, 14, 9], [38, 33, 19, 10], [16, 63, 11, 10], [9, 73, 13, 5], [10, 73, 11, 6], [15, 70, 13, 2], [14, 55, 17, 14], [11, 67, 16, 6], [16, 61, 15, 8], [12, 55, 19, 14], [12, 67, 14, 7], [12, 63, 11, 14], [10, 60, 20, 10], [8, 62, 13, 17], [10, 9, 70, 11], [10, 13, 60, 17], [17, 15, 61, 7], [15, 15, 60, 10], [12, 12, 63, 13], [15, 10, 59, 16], [12, 17, 61, 10], [12, 9, 63, 16], [15, 9, 65, 11], [9, 18, 57, 16], [19, 7, 62, 12], [14, 10, 62, 14], [16, 9, 33, 42], [14, 14, 9, 63], [15, 15, 11, 59], [12, 14, 6, 68], [11, 17, 10, 62], [13, 14, 15, 58], [16, 7, 20, 57], [14, 7, 17, 62], [15, 15, 14, 56], [11, 10, 9, 70], [13, 9, 8, 70], [11, 14, 7, 68], [13, 13, 9, 65]]}