{"M": 50, "G": 4, "I": 4, "J": 100, "p": [[0.25145137416437296, 0.5447584007534954, 0.1531404560090643, 0.050649769073067306], [0.3446886550413053, 0.23807393689403214, 0.22619453600901995, 0.1910428720556425], [0.011524386006546622, 0.12808909480050026, 0.8424771252523995, 0.01790939394055354], [0.3835370373281905, 0.4032434635262688, 0.010100726874787774, 0.20311877227075298]], "r": [[[15, 33, 6, 4], [3, 3, 3, 0], [0, 1, 15, 0], [5, 10, 0, 2]], [[17, 32, 13, 3], [1, 5, 6, 1], [0, 0, 9, 0], [5, 6, 0, 2]], [[13, 28, 10, 5], [4, 6, 1, 1], [0, 3, 16, 0], [3, 5, 0, 5]], [[10, 45, 4, 2], [5, 2, 3, 3], [0, 2, 11, 0], [6, 4, 0, 3]], [[18, 31, 5, 4], [6, 3, 7, 2], [0, 6, 9, 0], [3, 5, 0, 1]], [[13, 33, 7, 2], [10, 6, 3, 0], [0, 2, 11, 0], [2, 10, 0, 1]], [[12, 46, 15, 3], [3, 3, 0, 0], [0, 0, 9, 0], [3, 4, 0, 2]], [[13, 40, 8, 7], [4, 1, 3, 1], [0, 3, 12, 0], [1, 5, 0, 2]], [[11, 39, 12, 6], [3, 3, 1, 4], [0, 2, 7, 0], [6, 5, 0, 1]], [[21, 39, 7, 1], [5, 2, 2, 2], [0, 3, 4, 0], [5, 6, 1, 2]], [[14, 37, 9, 3], [3, 5, 3, 2], [0, 2, 11, 0], [4, 4, 0, 3]], [[20, 36, 9, 5], [4, 4, 4, 2], [0, 1, 4, 0], [3, 5, 0, 3]], [[8, 27, 4, 1], [13, 12, 11, 2], [0, 1, 13, 0], [2, 4, 0, 2]], [[3, 8, 1, 0], [23, 15, 19, 10], [0, 2, 9, 0], [5, 4, 0, 1]], [[1, 13, 3, 1], [17, 16, 12, 8], [0, 1, 10, 0], [7, 6, 0, 5]], [[5, 8, 1, 0], [19, 15, 7, 14], [0, 1, 16, 1], [7, 6, 0, 0]], [[2, 8, 3, 0], [26, 11, 15, 14], [0, 3, 8, 0], [2, 7, 0, 1]], [[1, 5, 3, 1], [22, 11, 16, 17], [0, 0, 12, 0], [6, 5, 0, 1]], [[2, 9, 2, 0], [15, 12, 21, 9], [0, 2, 15, 0], [9, 2, 0, 2]], [[2, 7, 1, 1], [17, 10, 18, 13], [0, 2, 7, 0], [8, 10, 0, 4]], [[4, 4, 1, 0], [24, 16, 20, 8], [0, 2, 12, 0], [4, 3, 1, 1]], [[4, 5, 0, 1], [21, 15, 20, 13], [0, 3, 6, 0], [6, 4, 0, 2]], [[1, 5, 2, 1], [24, 17, 15, 10], [0, 1, 14, 1], [2, 4, 0, 3]], [[3, 6, 0, 1], [17, 10, 16, 15], [1, 2, 14, 0], [3, 9, 0, 3]], [[2, 6, 1, 0], [21, 19, 13, 12], [0, 1, 12, 0], [5, 7, 0, 1]], [[8, 3, 1, 0], [2, 0, 6, 3], [0, 11, 53, 1], [4, 6, 0, 2]], [[4, 11, 0, 3], [5, 2, 1, 4], [0, 8, 51, 2], [1, 6, 0, 2]], [[1, 7, 2, 0], [5, 5, 4, 3], [0, 7, 53, 0], [5, 6, 0, 2]], [[3, 6, 0, 1], [4, 4, 3, 1], [2, 3, 52, 4], [7, 8, 0, 2]], [[5, 6, 1, 0], [4, 5, 4, 2], [1, 6, 53, 2], [6, 4, 0, 1]], [[3, 8, 5, 2], [2, 0, 4, 1], [0, 8, 48, 1], [5, 7, 0, 6]], [[3, 8, 3, 2], [5, 5, 5, 0], [1, 10, 47, 1], [5, 4, 0, 1]], [[2, 5, 1, 0], [7, 4, 2, 0], [0, 13, 51, 0], [5, 7, 0, 3]], [[5, 1, 0, 0], [3, 4, 5, 3], [1, 7, 57, 1], [2, 8, 0, 3]], [[6, 5, 1, 0], [4, 5, 2, 2], [1, 10, 51, 0], [8, 3, 0, 2]], [[3, 7, 6, 0], [2, 1, 3, 1], [1, 14, 52, 1], [2, 3, 1, 3]], [[4, 10, 2, 1], [6, 0, 3, 2], [0, 8, 53, 2], [3, 4, 0, 2]], [[1, 1, 3, 0], [5, 4, 5, 5], [0, 4, 40, 0], [10, 11, 0, 11]], [[4, 10, 4, 0], [1, 1, 5, 2], [0, 0, 11, 0], [24, 25, 1, 12]], [[2, 7, 1, 0], [6, 2, 4, 1], [1, 0, 11, 0], [27, 22, 3, 13]], [[4, 4, 2, 2], [5, 4, 2, 2], [0, 4, 15, 0], [23, 18, 0, 15]], [[3, 10, 3, 2], [6, 1, 5, 1], [0, 2, 7, 0], [26, 22, 0, 12]], [[6, 4, 0, 1], [2, 4, 5, 2], [0, 1, 13, 0], [24, 28, 1, 9]], [[1, 7, 5, 0], [5, 5, 0, 3], [0, 1, 10, 1], [20, 23, 2, 17]], [[3, 7, 0, 0], [1, 4, 4, 3], [0, 1, 9, 0], [30, 30, 1, 7]], [[4, 5, 0, 1], [6, 1, 4, 1], [0, 1, 8, 1], [29, 21, 1, 17]], [[3, 6, 1, 0], [6, 4, 3, 1], [0, 3, 7, 0], [29, 25, 0, 12]], [[2, 11, 1, 0], [5, 2, 0, 2], [0, 0, 14, 0], [23, 26, 0, 14]], [[3, 5, 1, 0], [3, 4, 5, 1], [0, 3, 11, 1], [20, 26, 0, 17]], [[7, 4, 2, 0], [5, 2, 2, 6], [0, 2, 3, 2], [27, 22, 1, 15]]], "n": [[23, 47, 24, 6], [23, 43, 28, 6], [20, 42, 27, 11], [21, 53, 18, 8], [27, 45, 21, 7], [25, 51, 21, 3], [18, 53, 24, 5], [18, 49, 23, 10], [20, 49, 20, 11], [31, 50, 14, 5], [21, 48, 23, 8], [27, 46, 17, 10], [23, 44, 28, 5], [31, 29, 29, 11], [25, 36, 25, 14], [31, 30, 24, 15], [30, 29, 26, 15], [29, 21, 31, 19], [26, 25, 38, 11], [27, 29, 26, 18], [32, 25, 34, 9], [31, 27, 26, 16], [27, 27, 31, 15], [24, 27, 30, 19], [28, 33, 26, 13], [14, 20, 60, 6], [10, 27, 52, 11], [11, 25, 59, 5], [16, 21, 55, 8], [16, 21, 58, 5], [10, 23, 57, 10], [14, 27, 55, 4], [14, 29, 54, 3], [11, 20, 62, 7], [19, 23, 54, 4], [8, 25, 62, 5], [13, 22, 58, 7], [16, 20, 48, 16], [29, 36, 21, 14], [36, 31, 19, 14], [32, 30, 19, 19], [35, 35, 15, 15], [32, 37, 19, 12], [26, 36, 17, 21], [34, 42, 14, 10], [39, 28, 13, 20], [38, 38, 11, 13], [30, 39, 15, 16], [26, 38, 17, 19], [39, 30, 8, 23]], "lambda_": 0.5, "b": [[58, 9, 16, 17], [65, 13, 9, 13], [56, 12, 19, 13], [61, 13, 13, 13], [58, 18, 15, 9], [55, 19, 13, 13], [76, 6, 9, 9], [68, 9, 15, 8], [68, 11, 9, 12], [68, 11, 7, 14], [63, 13, 13, 11], [70, 14, 5, 11], [40, 38, 14, 8], [12, 67, 11, 10], [18, 53, 11, 18], [14, 55, 18, 13], [13, 66, 11, 10], [10, 66, 12, 12], [13, 57, 17, 13], [11, 58, 9, 22], [9, 68, 14, 9], [10, 69, 9, 12], [9, 66, 16, 9], [10, 58, 17, 15], [9, 65, 13, 13], [12, 11, 65, 12], [18, 12, 61, 9], [10, 17, 60, 13], [10, 12, 61, 17], [12, 15, 62, 11], [18, 7, 57, 18], [16, 15, 59, 10], [8, 13, 64, 15], [6, 15, 66, 13], [12, 13, 62, 13], [16, 7, 68, 9], [17, 11, 63, 9], [5, 19, 44, 32], [18, 9, 11, 62], [10, 13, 12, 65], [12, 13, 19, 56], [18, 13, 9, 60], [11, 13, 14, 62], [13, 13, 12, 62], [10, 12, 10, 68], [10, 12, 10, 68], [10, 14, 10, 66], [14, 9, 14, 63], [9, 13, 15, 63], [13, 15, 7, 65]]}