{"M": 50, "G": 4, "I": 4, "J": 100, "p": [[0.248524592823477, 0.41590713024020765, 0.2445674774618472, 0.09100079947446818], [0.195642639627116, 0.008466509492057473, 0.41573970330401455, 0.380151147576812], [0.24777481565370346, 0.21805134881656238, 0.27153704946869556, 0.26263678606103863], [0.34076211243970533, 0.29676132101110025, 0.23023370011666558, 0.13224286643252883]], "r": [[[16, 29, 12, 6], [4, 0, 7, 1], [2, 5, 3, 3], [2, 5, 3, 2]], [[16, 27, 12, 3], [3, 0, 6, 5], [3, 3, 3, 7], [3, 2, 5, 2]], [[19, 29, 14, 7], [2, 0, 4, 2], [4, 2, 5, 1], [8, 2, 1, 0]], [[13, 25, 15, 6], [2, 0, 9, 4], [5, 4, 2, 3], [3, 4, 3, 2]], [[15, 24, 18, 5], [2, 0, 8, 5], [5, 1, 3, 3], [5, 4, 1, 1]], [[9, 24, 22, 5], [2, 0, 4, 6], [0, 5, 2, 4], [5, 4, 5, 3]], [[8, 34, 14, 5], [4, 0, 8, 9], [7, 0, 1, 2], [3, 3, 1, 1]], [[18, 17, 19, 5], [5, 0, 5, 4], [6, 3, 5, 0], [4, 5, 2, 2]], [[13, 31, 11, 9], [4, 0, 4, 7], [2, 2, 0, 2], [8, 1, 4, 2]], [[16, 19, 13, 3], [6, 1, 10, 9], [5, 4, 2, 5], [0, 3, 0, 4]], [[18, 31, 11, 3], [0, 0, 5, 4], [1, 6, 4, 3], [8, 0, 2, 4]], [[13, 31, 13, 5], [2, 0, 7, 7], [3, 2, 4, 2], [4, 3, 1, 3]], [[13, 16, 10, 3], [8, 0, 18, 12], [2, 2, 1, 4], [4, 1, 4, 2]], [[1, 5, 1, 2], [13, 0, 33, 27], [1, 1, 0, 2], [3, 8, 2, 1]], [[4, 8, 1, 3], [13, 0, 25, 21], [3, 3, 3, 1], [6, 2, 5, 2]], [[2, 5, 4, 1], [10, 0, 36, 21], [3, 3, 2, 3], [7, 2, 1, 0]], [[4, 9, 2, 0], [16, 0, 27, 23], [4, 0, 1, 0], [3, 6, 2, 3]], [[3, 6, 3, 0], [11, 1, 21, 29], [1, 4, 2, 4], [6, 2, 4, 3]], [[5, 4, 5, 2], [13, 0, 16, 26], [6, 3, 1, 4], [5, 5, 4, 1]], [[5, 3, 4, 1], [12, 1, 20, 26], [4, 2, 2, 3], [4, 6, 6, 1]], [[3, 8, 0, 0], [18, 0, 26, 18], [0, 5, 4, 4], [3, 7, 3, 1]], [[2, 7, 8, 0], [10, 0, 25, 17], [7, 2, 4, 4], [3, 2, 6, 3]], [[1, 4, 6, 1], [10, 2, 20, 20], [6, 4, 3, 4], [5, 6, 8, 0]], [[1, 3, 3, 3], [14, 0, 31, 21], [1, 4, 5, 3], [5, 4, 1, 1]], [[5, 3, 3, 2], [18, 1, 28, 20], [1, 3, 5, 5], [3, 1, 1, 1]], [[1, 8, 4, 1], [0, 0, 8, 3], [14, 16, 22, 10], [3, 7, 1, 2]], [[1, 6, 6, 2], [3, 0, 2, 3], [19, 10, 24, 20], [1, 2, 1, 0]], [[9, 5, 3, 1], [3, 0, 5, 4], [16, 7, 15, 21], [6, 5, 0, 0]], [[3, 2, 2, 1], [5, 0, 5, 9], [10, 14, 20, 16], [4, 4, 4, 1]], [[4, 1, 5, 0], [3, 0, 3, 4], [9, 18, 22, 16], [4, 6, 4, 1]], [[2, 9, 2, 3], [6, 0, 8, 3], [16, 13, 15, 12], [5, 4, 2, 0]], [[2, 4, 3, 2], [0, 0, 2, 8], [18, 8, 15, 24], [4, 3, 3, 4]], [[3, 3, 2, 1], [2, 0, 3, 8], [20, 12, 14, 19], [4, 3, 5, 1]], [[1, 8, 2, 2], [1, 0, 5, 6], [19, 15, 14, 15], [2, 5, 3, 2]], [[3, 7, 2, 1], [3, 1, 8, 4], [10, 18, 13, 21], [4, 1, 2, 2]], [[3, 5, 3, 3], [2, 0, 4, 3], [20, 11, 11, 18], [10, 2, 5, 0]], [[3, 5, 7, 2], [0, 0, 9, 5], [13, 14, 16, 17], [7, 1, 1, 0]], [[4, 4, 4, 0], [2, 0, 7, 6], [10, 14, 7, 12], [13, 11, 4, 2]], [[5, 6, 6, 0], [3, 0, 4, 5], [1, 3, 3, 5], [26, 13, 13, 7]], [[1, 3, 2, 0], [0, 0, 8, 2], [6, 4, 3, 2], [32, 20, 11, 6]], [[3, 8, 2, 0], [2, 0, 2, 5], [4, 1, 9, 1], [23, 20, 11, 9]], [[3, 8, 4, 1], [3, 0, 6, 1], [4, 1, 5, 3], [22, 20, 10, 9]], [[2, 5, 2, 2], [4, 0, 6, 9], [3, 5, 4, 4], [21, 16, 11, 6]], [[4, 6, 2, 2], [3, 0, 4, 3], [2, 2, 1, 2], [16, 28, 17, 8]], [[5, 5, 1, 1], [0, 0, 4, 4], [3, 5, 5, 3], [23, 21, 12, 8]], [[3, 15, 2, 1], [0, 0, 4, 1], [4, 1, 3, 0], [26, 15, 19, 6]], [[2, 3, 3, 0], [3, 0, 8, 6], [6, 1, 6, 3], [18, 12, 17, 12]], [[1, 5, 5, 0], [1, 0, 5, 3], [4, 7, 2, 5], [20, 19, 19, 4]], [[4, 3, 4, 1], [1, 1, 6, 1], [3, 3, 2, 5], [26, 24, 12, 4]], [[1, 7, 2, 2], [1, 0, 5, 5], [0, 4, 5, 1], [18, 25, 18, 6]]], "n": [[24, 39, 25, 12], [25, 32, 26, 17], [33, 33, 24, 10], [23, 33, 29, 15], [27, 29, 30, 14], [16, 33, 33, 18], [22, 37, 24, 17], [33, 25, 31, 11], [27, 34, 19, 20], [27, 27, 25, 21], [27, 37, 22, 14], [22, 36, 25, 17], [27, 19, 33, 21], [18, 14, 36, 32], [26, 13, 34, 27], [22, 10, 43, 25], [27, 15, 32, 26], [21, 13, 30, 36], [29, 12, 26, 33], [25, 12, 32, 31], [24, 20, 33, 23], [22, 11, 43, 24], [22, 16, 37, 25], [21, 11, 40, 28], [27, 8, 37, 28], [18, 31, 35, 16], [24, 18, 33, 25], [34, 17, 23, 26], [22, 20, 31, 27], [20, 25, 34, 21], [29, 26, 27, 18], [24, 15, 23, 38], [29, 18, 24, 29], [23, 28, 24, 25], [20, 27, 25, 28], [35, 18, 23, 24], [23, 20, 33, 24], [29, 29, 22, 20], [35, 22, 26, 17], [39, 27, 24, 10], [32, 29, 24, 15], [32, 29, 25, 14], [30, 26, 23, 21], [25, 36, 24, 15], [31, 31, 22, 16], [33, 31, 28, 8], [29, 16, 34, 21], [26, 31, 31, 12], [34, 31, 24, 11], [20, 36, 30, 14]], "lambda_": 0.5, "b": [[63, 12, 13, 12], [58, 14, 16, 12], [69, 8, 12, 11], [59, 15, 14, 12], [62, 15, 12, 11], [60, 12, 11, 17], [61, 21, 10, 8], [59, 14, 14, 13], [64, 15, 6, 15], [51, 26, 16, 7], [63, 9, 14, 14], [62, 16, 11, 11], [42, 38, 9, 11], [9, 73, 4, 14], [16, 59, 10, 15], [12, 67, 11, 10], [15, 66, 5, 14], [12, 62, 11, 15], [16, 55, 14, 15], [13, 59, 11, 17], [11, 62, 13, 14], [17, 52, 17, 14], [12, 52, 17, 19], [10, 66, 13, 11], [13, 67, 14, 6], [14, 11, 62, 13], [15, 8, 73, 4], [18, 12, 59, 11], [8, 19, 60, 13], [10, 10, 65, 15], [16, 17, 56, 11], [11, 10, 65, 14], [9, 13, 65, 13], [13, 12, 63, 12], [13, 16, 62, 9], [14, 9, 60, 17], [17, 14, 60, 9], [12, 15, 43, 30], [17, 12, 12, 59], [6, 10, 15, 69], [13, 9, 15, 63], [16, 10, 13, 61], [11, 19, 16, 54], [14, 10, 7, 69], [12, 8, 16, 64], [21, 5, 8, 66], [8, 17, 16, 59], [11, 9, 18, 62], [12, 9, 13, 66], [12, 11, 10, 67]]}