{"M": 50, "G": 2, "I": 10, "J": 100, "p": [[0.022670189430670222, 0.0022430000911789036, 0.07095577431831715, 0.14720508768109594, 0.06216437873241497, 0.07577468444987846, 0.0014670045756580005, 0.07620646956734935, 0.3243470150634821, 0.21696639608995485], [0.17475220147373904, 0.01536550337500047, 0.29945062630790814, 0.2597506605011623, 0.02408342870132735, 0.1335574362557338, 0.002762542934114848, 0.016569212220284096, 0.05076703704335756, 0.022941351187372273]], "r": [[[1, 0, 6, 9, 4, 10, 0, 2, 23, 19], [3, 1, 9, 6, 0, 4, 1, 0, 2, 0]], [[0, 0, 3, 10, 7, 5, 0, 6, 26, 22], [5, 1, 6, 5, 0, 1, 0, 0, 3, 0]], [[1, 0, 4, 10, 4, 9, 0, 3, 30, 15], [6, 1, 3, 5, 1, 2, 0, 2, 4, 0]], [[1, 1, 3, 11, 5, 4, 0, 5, 28, 25], [1, 0, 6, 8, 0, 2, 0, 0, 0, 0]], [[3, 0, 3, 14, 4, 2, 1, 5, 27, 16], [5, 0, 6, 6, 0, 4, 0, 2, 2, 0]], [[1, 0, 6, 12, 6, 8, 0, 8, 16, 18], [5, 1, 7, 6, 0, 5, 0, 0, 1, 0]], [[1, 1, 4, 11, 4, 7, 0, 7, 23, 19], [3, 0, 8, 3, 1, 3, 0, 1, 3, 1]], [[1, 0, 6, 12, 6, 4, 0, 3, 23, 18], [3, 1, 6, 6, 0, 5, 2, 1, 2, 1]], [[2, 0, 6, 11, 6, 6, 0, 8, 16, 19], [1, 0, 7, 3, 0, 7, 0, 1, 6, 1]], [[0, 0, 2, 14, 5, 9, 0, 7, 21, 19], [4, 0, 9, 2, 0, 5, 0, 1, 0, 2]], [[3, 0, 6, 1, 6, 5, 1, 12, 26, 16], [6, 0, 4, 10, 0, 4, 0, 0, 0, 0]], [[3, 0, 5, 11, 2, 9, 0, 10, 24, 13], [4, 1, 5, 8, 1, 2, 0, 1, 1, 0]], [[0, 1, 5, 12, 2, 8, 0, 8, 25, 10], [6, 3, 6, 7, 0, 4, 0, 0, 2, 1]], [[0, 0, 8, 8, 6, 3, 1, 8, 26, 19], [6, 1, 5, 3, 0, 3, 0, 0, 3, 0]], [[2, 1, 6, 13, 4, 2, 0, 9, 16, 19], [6, 0, 13, 5, 0, 3, 0, 0, 0, 1]], [[0, 0, 6, 10, 4, 7, 0, 9, 25, 16], [3, 0, 8, 5, 0, 4, 1, 0, 2, 0]], [[1, 0, 4, 12, 7, 4, 0, 3, 22, 22], [4, 0, 5, 10, 0, 5, 1, 0, 0, 0]], [[0, 0, 7, 10, 7, 6, 0, 8, 31, 9], [6, 0, 7, 5, 1, 2, 0, 0, 1, 0]], [[4, 1, 3, 9, 2, 10, 0, 9, 25, 15], [2, 1, 6, 6, 0, 3, 0, 1, 2, 1]], [[2, 0, 3, 10, 1, 4, 0, 9, 23, 20], [4, 0, 10, 9, 0, 2, 0, 0, 1, 2]], [[2, 0, 5, 12, 4, 1, 0, 9, 24, 14], [5, 1, 6, 9, 0, 5, 0, 0, 1, 2]], [[1, 0, 3, 7, 3, 3, 0, 10, 35, 15], [5, 0, 6, 3, 0, 4, 0, 0, 3, 2]], [[0, 0, 3, 16, 5, 7, 0, 8, 19, 15], [4, 0, 8, 9, 1, 4, 0, 0, 1, 0]], [[1, 0, 7, 9, 3, 6, 0, 8, 28, 15], [4, 0, 3, 6, 2, 5, 0, 0, 1, 2]], [[0, 1, 4, 4, 8, 8, 0, 7, 24, 15], [4, 0, 9, 9, 1, 3, 0, 2, 1, 0]], [[0, 0, 3, 3, 2, 4, 0, 0, 12, 3], [15, 1, 20, 18, 1, 10, 1, 1, 5, 1]], [[0, 0, 0, 3, 3, 2, 0, 2, 9, 5], [16, 1, 14, 29, 2, 10, 0, 1, 3, 0]], [[0, 0, 1, 6, 1, 4, 0, 4, 4, 9], [14, 0, 23, 20, 0, 11, 0, 0, 1, 2]], [[1, 0, 1, 2, 2, 4, 0, 1, 6, 3], [9, 1, 27, 23, 2, 10, 0, 2, 4, 2]], [[0, 0, 1, 3, 0, 3, 0, 1, 4, 5], [11, 1, 26, 22, 1, 15, 0, 0, 4, 3]], [[1, 0, 1, 4, 0, 0, 0, 1, 11, 5], [15, 1, 23, 24, 4, 8, 0, 0, 2, 0]], [[1, 0, 1, 7, 3, 1, 0, 0, 4, 5], [11, 3, 28, 18, 1, 11, 0, 2, 3, 1]], [[1, 0, 1, 0, 1, 2, 0, 1, 10, 4], [15, 1, 20, 21, 2, 8, 0, 3, 9, 1]], [[1, 0, 0, 3, 3, 3, 0, 0, 6, 10], [20, 1, 29, 12, 1, 6, 0, 0, 4, 1]], [[1, 0, 1, 3, 1, 2, 0, 4, 5, 6], [19, 0, 21, 20, 3, 8, 0, 0, 3, 3]], [[1, 0, 0, 2, 2, 0, 0, 2, 11, 1], [13, 2, 25, 23, 2, 8, 0, 0, 8, 0]], [[0, 0, 5, 5, 2, 2, 0, 3, 6, 7], [9, 3, 26, 20, 1, 7, 0, 1, 2, 1]], [[0, 0, 4, 6, 0, 1, 0, 4, 5, 3], [15, 2, 24, 21, 2, 9, 0, 1, 1, 2]], [[0, 0, 0, 5, 0, 4, 0, 2, 6, 4], [12, 1, 22, 16, 0, 14, 0, 0, 12, 2]], [[1, 0, 4, 7, 0, 1, 0, 4, 5, 5], [8, 1, 21, 27, 2, 9, 0, 2, 2, 1]], [[0, 0, 2, 3, 1, 5, 0, 3, 7, 8], [11, 1, 24, 15, 1, 13, 0, 1, 2, 3]], [[0, 0, 3, 3, 1, 1, 0, 2, 6, 9], [16, 0, 22, 16, 2, 13, 1, 2, 3, 0]], [[0, 0, 2, 3, 1, 1, 0, 3, 9, 6], [17, 0, 20, 25, 1, 4, 0, 0, 4, 4]], [[0, 0, 2, 4, 1, 5, 0, 3, 11, 3], [13, 1, 21, 20, 3, 9, 0, 1, 1, 2]], [[0, 1, 3, 6, 1, 4, 0, 1, 9, 8], [9, 1, 22, 20, 4, 6, 1, 1, 3, 0]], [[1, 0, 2, 2, 2, 1, 0, 5, 8, 9], [14, 0, 22, 17, 1, 12, 0, 0, 1, 3]], [[1, 0, 0, 5, 1, 1, 0, 2, 10, 4], [17, 0, 25, 13, 0, 13, 0, 2, 5, 1]], [[0, 0, 1, 4, 3, 0, 0, 3, 6, 1], [15, 1, 26, 21, 1, 14, 0, 1, 2, 1]], [[0, 0, 2, 5, 1, 2, 0, 1, 10, 4], [17, 0, 19, 24, 0, 11, 0, 1, 2, 1]], [[0, 0, 4, 2, 2, 1, 0, 0, 10, 7], [13, 2, 19, 19, 1, 10, 0, 1, 7, 2]]], "n": [[4, 1, 15, 15, 4, 14, 1, 2, 25, 19], [5, 1, 9, 15, 7, 6, 0, 6, 29, 22], [7, 1, 7, 15, 5, 11, 0, 5, 34, 15], [2, 1, 9, 19, 5, 6, 0, 5, 28, 25], [8, 0, 9, 20, 4, 6, 1, 7, 29, 16], [6, 1, 13, 18, 6, 13, 0, 8, 17, 18], [4, 1, 12, 14, 5, 10, 0, 8, 26, 20], [4, 1, 12, 18, 6, 9, 2, 4, 25, 19], [3, 0, 13, 14, 6, 13, 0, 9, 22, 20], [4, 0, 11, 16, 5, 14, 0, 8, 21, 21], [9, 0, 10, 11, 6, 9, 1, 12, 26, 16], [7, 1, 10, 19, 3, 11, 0, 11, 25, 13], [6, 4, 11, 19, 2, 12, 0, 8, 27, 11], [6, 1, 13, 11, 6, 6, 1, 8, 29, 19], [8, 1, 19, 18, 4, 5, 0, 9, 16, 20], [3, 0, 14, 15, 4, 11, 1, 9, 27, 16], [5, 0, 9, 22, 7, 9, 1, 3, 22, 22], [6, 0, 14, 15, 8, 8, 0, 8, 32, 9], [6, 2, 9, 15, 2, 13, 0, 10, 27, 16], [6, 0, 13, 19, 1, 6, 0, 9, 24, 22], [7, 1, 11, 21, 4, 6, 0, 9, 25, 16], [6, 0, 9, 10, 3, 7, 0, 10, 38, 17], [4, 0, 11, 25, 6, 11, 0, 8, 20, 15], [5, 0, 10, 15, 5, 11, 0, 8, 29, 17], [4, 1, 13, 13, 9, 11, 0, 9, 25, 15], [15, 1, 23, 21, 3, 14, 1, 1, 17, 4], [16, 1, 14, 32, 5, 12, 0, 3, 12, 5], [14, 0, 24, 26, 1, 15, 0, 4, 5, 11], [10, 1, 28, 25, 4, 14, 0, 3, 10, 5], [11, 1, 27, 25, 1, 18, 0, 1, 8, 8], [16, 1, 24, 28, 4, 8, 0, 1, 13, 5], [12, 3, 29, 25, 4, 12, 0, 2, 7, 6], [16, 1, 21, 21, 3, 10, 0, 4, 19, 5], [21, 1, 29, 15, 4, 9, 0, 0, 10, 11], [20, 0, 22, 23, 4, 10, 0, 4, 8, 9], [14, 2, 25, 25, 4, 8, 0, 2, 19, 1], [9, 3, 31, 25, 3, 9, 0, 4, 8, 8], [15, 2, 28, 27, 2, 10, 0, 5, 6, 5], [12, 1, 22, 21, 0, 18, 0, 2, 18, 6], [9, 1, 25, 34, 2, 10, 0, 6, 7, 6], [11, 1, 26, 18, 2, 18, 0, 4, 9, 11], [16, 0, 25, 19, 3, 14, 1, 4, 9, 9], [17, 0, 22, 28, 2, 5, 0, 3, 13, 10], [13, 1, 23, 24, 4, 14, 0, 4, 12, 5], [9, 2, 25, 26, 5, 10, 1, 2, 12, 8], [15, 0, 24, 19, 3, 13, 0, 5, 9, 12], [18, 0, 25, 18, 1, 14, 0, 4, 15, 5], [15, 1, 27, 25, 4, 14, 0, 4, 8, 2], [17, 0, 21, 29, 1, 13, 0, 2, 12, 5], [13, 2, 23, 21, 3, 11, 0, 1, 17, 9]], "lambda_": 0.5, "b": [[74, 26], [79, 21], [76, 24], [83, 17], [75, 25], [75, 25], [77, 23], [73, 27], [74, 26], [77, 23], [76, 24], [77, 23], [71, 29], [79, 21], [72, 28], [77, 23], [75, 25], [78, 22], [78, 22], [72, 28], [71, 29], [77, 23], [73, 27], [77, 23], [71, 29], [27, 73], [24, 76], [29, 71], [20, 80], [17, 83], [23, 77], [22, 78], [20, 80], [26, 74], [23, 77], [19, 81], [30, 70], [23, 77], [21, 79], [27, 73], [29, 71], [25, 75], [25, 75], [29, 71], [33, 67], [30, 70], [24, 76], [18, 82], [25, 75], [26, 74]]}