{"M": 50, "G": 2, "I": 4, "J": 100, "p": [[0.006790457531316184, 0.45379157026617306, 0.4458643451357309, 0.09355362706677975], [0.12490196468201752, 0.20095636964109462, 0.44178206861140756, 0.23235959706548037]], "r": [[[0, 32, 34, 5], [3, 10, 7, 9]], [[0, 23, 41, 4], [2, 8, 16, 6]], [[1, 39, 34, 6], [4, 3, 8, 5]], [[0, 35, 38, 6], [3, 4, 10, 4]], [[0, 35, 29, 8], [4, 7, 10, 7]], [[0, 40, 31, 6], [5, 6, 8, 4]], [[0, 31, 39, 9], [3, 4, 11, 3]], [[0, 38, 36, 5], [0, 4, 15, 2]], [[1, 31, 39, 5], [2, 3, 9, 10]], [[0, 30, 35, 7], [8, 1, 12, 7]], [[0, 33, 34, 10], [2, 3, 13, 5]], [[0, 36, 34, 10], [4, 6, 5, 5]], [[0, 34, 28, 8], [3, 11, 12, 4]], [[1, 37, 35, 8], [3, 5, 6, 5]], [[1, 37, 26, 10], [4, 2, 12, 8]], [[1, 30, 39, 6], [2, 3, 12, 7]], [[1, 44, 32, 7], [2, 3, 7, 4]], [[0, 35, 34, 4], [2, 6, 15, 4]], [[1, 33, 31, 6], [5, 4, 13, 7]], [[0, 27, 44, 8], [3, 8, 6, 4]], [[0, 35, 35, 6], [1, 3, 13, 7]], [[0, 30, 34, 6], [0, 9, 13, 8]], [[0, 37, 37, 7], [2, 3, 8, 6]], [[0, 28, 34, 6], [3, 8, 12, 9]], [[0, 36, 34, 2], [2, 6, 16, 4]], [[0, 13, 9, 1], [8, 20, 33, 16]], [[0, 14, 6, 2], [8, 14, 40, 16]], [[0, 12, 9, 3], [10, 17, 26, 23]], [[1, 5, 13, 2], [8, 17, 38, 16]], [[0, 10, 13, 2], [3, 17, 37, 18]], [[0, 21, 10, 2], [19, 9, 21, 18]], [[0, 5, 9, 5], [5, 16, 35, 25]], [[0, 7, 5, 4], [7, 18, 40, 19]], [[1, 15, 8, 2], [9, 12, 40, 13]], [[0, 7, 8, 4], [12, 14, 37, 18]], [[0, 9, 12, 4], [7, 21, 29, 18]], [[1, 9, 13, 1], [10, 16, 28, 22]], [[0, 11, 9, 2], [7, 15, 35, 21]], [[0, 12, 10, 1], [8, 15, 33, 21]], [[0, 9, 10, 2], [14, 17, 33, 15]], [[1, 9, 9, 4], [11, 15, 35, 16]], [[0, 13, 11, 1], [12, 13, 27, 23]], [[1, 15, 14, 1], [9, 15, 32, 13]], [[1, 8, 15, 1], [9, 16, 37, 13]], [[0, 17, 12, 2], [11, 8, 35, 15]], [[0, 17, 11, 2], [7, 22, 29, 12]], [[0, 13, 12, 2], [10, 16, 31, 16]], [[1, 13, 18, 2], [9, 11, 35, 11]], [[1, 12, 10, 0], [5, 25, 33, 14]], [[0, 9, 14, 2], [10, 15, 34, 16]]], "n": [[3, 42, 41, 14], [2, 31, 57, 10], [5, 42, 42, 11], [3, 39, 48, 10], [4, 42, 39, 15], [5, 46, 39, 10], [3, 35, 50, 12], [0, 42, 51, 7], [3, 34, 48, 15], [8, 31, 47, 14], [2, 36, 47, 15], [4, 42, 39, 15], [3, 45, 40, 12], [4, 42, 41, 13], [5, 39, 38, 18], [3, 33, 51, 13], [3, 47, 39, 11], [2, 41, 49, 8], [6, 37, 44, 13], [3, 35, 50, 12], [1, 38, 48, 13], [0, 39, 47, 14], [2, 40, 45, 13], [3, 36, 46, 15], [2, 42, 50, 6], [8, 33, 42, 17], [8, 28, 46, 18], [10, 29, 35, 26], [9, 22, 51, 18], [3, 27, 50, 20], [19, 30, 31, 20], [5, 21, 44, 30], [7, 25, 45, 23], [10, 27, 48, 15], [12, 21, 45, 22], [7, 30, 41, 22], [11, 25, 41, 23], [7, 26, 44, 23], [8, 27, 43, 22], [14, 26, 43, 17], [12, 24, 44, 20], [12, 26, 38, 24], [10, 30, 46, 14], [10, 24, 52, 14], [11, 25, 47, 17], [7, 39, 40, 14], [10, 29, 43, 18], [10, 24, 53, 13], [6, 37, 43, 14], [10, 24, 48, 18]], "lambda_": 0.5, "b": [[71, 29], [68, 32], [80, 20], [79, 21], [72, 28], [77, 23], [79, 21], [79, 21], [76, 24], [72, 28], [77, 23], [80, 20], [70, 30], [81, 19], [74, 26], [76, 24], [84, 16], [73, 27], [71, 29], [79, 21], [76, 24], [70, 30], [81, 19], [68, 32], [72, 28], [23, 77], [22, 78], [24, 76], [21, 79], [25, 75], [33, 67], [19, 81], [16, 84], [26, 74], [19, 81], [25, 75], [24, 76], [22, 78], [23, 77], [21, 79], [23, 77], [25, 75], [31, 69], [25, 75], [31, 69], [30, 70], [27, 73], [34, 66], [23, 77], [25, 75]]}