{"M": 50, "G": 2, "I": 10, "J": 100, "p": [[0.12436308318824252, 0.2936479442801595, 2.6361498408479558e-05, 0.0829722235922016, 0.03657783742707565, 0.022328848500363704, 0.04750328779774075, 0.09771395866406389, 0.11649176519617498, 0.17837468985556892], [0.07873758750669205, 0.16750337765308135, 0.03314541339433604, 0.3050005136808091, 0.0040242128188571836, 0.16086639690315654, 0.07826685922393407, 0.11854087140099424, 0.021921593367001047, 0.03199317405113854]], "r": [[[13, 19, 0, 9, 1, 0, 3, 8, 7, 11], [1, 6, 0, 6, 1, 5, 5, 3, 1, 1]], [[14, 21, 0, 5, 3, 4, 6, 5, 6, 18], [3, 2, 2, 4, 0, 1, 2, 2, 1, 1]], [[9, 21, 0, 7, 3, 2, 3, 6, 12, 14], [2, 2, 1, 9, 0, 2, 1, 4, 2, 0]], [[7, 17, 0, 8, 4, 5, 3, 10, 15, 11], [1, 3, 1, 5, 0, 3, 3, 1, 1, 2]], [[11, 25, 0, 8, 2, 2, 2, 7, 10, 11], [1, 4, 2, 10, 0, 3, 0, 1, 0, 1]], [[6, 22, 0, 10, 1, 0, 3, 11, 11, 12], [2, 5, 0, 7, 1, 5, 1, 2, 1, 0]], [[8, 19, 0, 6, 1, 3, 3, 7, 12, 10], [2, 6, 0, 9, 1, 4, 4, 1, 2, 2]], [[9, 20, 0, 8, 2, 1, 5, 9, 8, 13], [2, 2, 2, 5, 0, 9, 2, 3, 0, 0]], [[11, 15, 0, 7, 5, 4, 5, 7, 6, 13], [2, 2, 1, 11, 0, 4, 2, 3, 1, 1]], [[9, 19, 0, 5, 5, 3, 6, 7, 7, 14], [2, 4, 1, 7, 0, 5, 2, 2, 1, 1]], [[11, 15, 0, 8, 3, 0, 6, 8, 8, 19], [3, 3, 1, 5, 0, 4, 1, 4, 0, 1]], [[8, 17, 0, 9, 4, 0, 3, 9, 9, 15], [2, 8, 1, 8, 0, 2, 2, 1, 2, 0]], [[5, 26, 0, 4, 6, 3, 1, 7, 10, 16], [0, 4, 2, 7, 0, 3, 4, 1, 1, 0]], [[11, 13, 0, 3, 6, 2, 2, 10, 10, 21], [3, 5, 1, 4, 0, 2, 2, 4, 0, 1]], [[9, 25, 0, 3, 1, 0, 3, 7, 5, 25], [3, 6, 0, 7, 0, 1, 2, 2, 1, 0]], [[10, 24, 0, 8, 2, 2, 6, 6, 4, 15], [4, 4, 0, 9, 0, 3, 1, 1, 0, 1]], [[7, 25, 0, 4, 5, 1, 5, 6, 12, 13], [0, 4, 0, 7, 0, 3, 5, 1, 0, 2]], [[8, 15, 0, 7, 5, 4, 2, 7, 9, 19], [1, 6, 0, 3, 0, 3, 2, 8, 0, 1]], [[10, 20, 0, 8, 2, 2, 4, 11, 9, 10], [0, 6, 0, 7, 0, 4, 1, 6, 0, 0]], [[8, 17, 0, 3, 2, 0, 4, 9, 7, 21], [4, 7, 0, 7, 0, 3, 3, 3, 1, 1]], [[7, 24, 0, 7, 2, 2, 3, 6, 8, 10], [4, 2, 1, 9, 0, 5, 3, 6, 1, 0]], [[8, 23, 0, 13, 2, 1, 5, 7, 9, 3], [3, 4, 0, 11, 0, 7, 0, 4, 0, 0]], [[8, 26, 0, 6, 2, 2, 2, 7, 10, 13], [3, 4, 1, 7, 0, 1, 6, 1, 0, 1]], [[9, 26, 0, 5, 1, 2, 4, 9, 4, 13], [1, 6, 1, 10, 0, 3, 2, 2, 1, 1]], [[8, 32, 0, 7, 5, 1, 1, 11, 6, 6], [1, 2, 1, 11, 0, 2, 3, 1, 0, 2]], [[1, 9, 0, 3, 0, 0, 2, 2, 3, 4], [9, 15, 2, 22, 0, 10, 3, 10, 1, 4]], [[3, 8, 0, 2, 0, 0, 0, 2, 2, 2], [5, 18, 3, 29, 0, 12, 2, 10, 1, 1]], [[2, 8, 0, 2, 0, 0, 2, 2, 3, 3], [9, 17, 5, 24, 0, 9, 4, 8, 0, 2]], [[4, 6, 0, 1, 0, 1, 0, 1, 2, 4], [7, 12, 2, 30, 1, 9, 7, 9, 2, 2]], [[1, 11, 0, 1, 1, 1, 1, 4, 2, 6], [4, 9, 2, 22, 0, 14, 9, 8, 1, 3]], [[2, 11, 0, 1, 1, 0, 1, 3, 4, 6], [4, 11, 4, 24, 1, 8, 3, 10, 2, 4]], [[1, 9, 0, 3, 0, 1, 1, 3, 2, 7], [9, 11, 0, 26, 0, 10, 5, 8, 3, 1]], [[2, 8, 0, 2, 1, 1, 1, 5, 3, 4], [0, 17, 2, 20, 0, 15, 8, 8, 0, 3]], [[3, 5, 0, 4, 1, 0, 2, 3, 4, 4], [4, 13, 3, 17, 0, 11, 7, 15, 2, 2]], [[4, 10, 0, 1, 0, 1, 1, 1, 1, 7], [2, 11, 5, 25, 0, 17, 8, 5, 0, 1]], [[1, 5, 0, 1, 0, 2, 0, 4, 2, 6], [9, 13, 4, 28, 0, 11, 8, 3, 0, 3]], [[2, 9, 0, 0, 1, 0, 5, 2, 2, 4], [4, 12, 3, 22, 1, 18, 3, 12, 0, 0]], [[5, 2, 0, 1, 1, 0, 2, 4, 4, 4], [2, 10, 1, 27, 0, 16, 7, 12, 1, 1]], [[3, 5, 0, 2, 1, 1, 2, 2, 2, 4], [4, 16, 1, 21, 0, 13, 7, 11, 1, 4]], [[3, 14, 0, 2, 2, 2, 1, 3, 0, 4], [10, 10, 3, 16, 1, 13, 4, 9, 0, 3]], [[2, 10, 0, 1, 3, 1, 0, 2, 3, 6], [9, 12, 1, 23, 0, 13, 3, 10, 0, 1]], [[1, 5, 0, 2, 1, 0, 3, 2, 3, 1], [8, 14, 1, 27, 0, 9, 4, 12, 3, 4]], [[3, 7, 0, 0, 0, 0, 1, 4, 4, 7], [5, 8, 0, 24, 0, 16, 7, 7, 1, 6]], [[2, 4, 0, 0, 0, 0, 2, 2, 1, 6], [10, 18, 5, 21, 1, 11, 5, 8, 0, 4]], [[3, 10, 0, 2, 0, 0, 0, 0, 3, 2], [9, 13, 5, 23, 0, 9, 4, 13, 1, 3]], [[4, 11, 0, 4, 0, 0, 3, 3, 4, 1], [4, 17, 2, 20, 2, 6, 5, 12, 1, 1]], [[1, 10, 0, 2, 1, 1, 2, 4, 2, 5], [1, 9, 1, 27, 0, 12, 7, 11, 2, 2]], [[4, 9, 0, 0, 1, 0, 0, 3, 0, 2], [4, 11, 3, 32, 1, 9, 8, 6, 3, 4]], [[5, 10, 0, 4, 2, 2, 2, 4, 0, 4], [5, 16, 1, 22, 0, 11, 6, 3, 0, 3]], [[2, 7, 0, 3, 2, 1, 1, 3, 5, 4], [9, 13, 1, 16, 0, 11, 8, 11, 0, 3]]], "n": [[14, 25, 0, 15, 2, 5, 8, 11, 8, 12], [17, 23, 2, 9, 3, 5, 8, 7, 7, 19], [11, 23, 1, 16, 3, 4, 4, 10, 14, 14], [8, 20, 1, 13, 4, 8, 6, 11, 16, 13], [12, 29, 2, 18, 2, 5, 2, 8, 10, 12], [8, 27, 0, 17, 2, 5, 4, 13, 12, 12], [10, 25, 0, 15, 2, 7, 7, 8, 14, 12], [11, 22, 2, 13, 2, 10, 7, 12, 8, 13], [13, 17, 1, 18, 5, 8, 7, 10, 7, 14], [11, 23, 1, 12, 5, 8, 8, 9, 8, 15], [14, 18, 1, 13, 3, 4, 7, 12, 8, 20], [10, 25, 1, 17, 4, 2, 5, 10, 11, 15], [5, 30, 2, 11, 6, 6, 5, 8, 11, 16], [14, 18, 1, 7, 6, 4, 4, 14, 10, 22], [12, 31, 0, 10, 1, 1, 5, 9, 6, 25], [14, 28, 0, 17, 2, 5, 7, 7, 4, 16], [7, 29, 0, 11, 5, 4, 10, 7, 12, 15], [9, 21, 0, 10, 5, 7, 4, 15, 9, 20], [10, 26, 0, 15, 2, 6, 5, 17, 9, 10], [12, 24, 0, 10, 2, 3, 7, 12, 8, 22], [11, 26, 1, 16, 2, 7, 6, 12, 9, 10], [11, 27, 0, 24, 2, 8, 5, 11, 9, 3], [11, 30, 1, 13, 2, 3, 8, 8, 10, 14], [10, 32, 1, 15, 1, 5, 6, 11, 5, 14], [9, 34, 1, 18, 5, 3, 4, 12, 6, 8], [10, 24, 2, 25, 0, 10, 5, 12, 4, 8], [8, 26, 3, 31, 0, 12, 2, 12, 3, 3], [11, 25, 5, 26, 0, 9, 6, 10, 3, 5], [11, 18, 2, 31, 1, 10, 7, 10, 4, 6], [5, 20, 2, 23, 1, 15, 10, 12, 3, 9], [6, 22, 4, 25, 2, 8, 4, 13, 6, 10], [10, 20, 0, 29, 0, 11, 6, 11, 5, 8], [2, 25, 2, 22, 1, 16, 9, 13, 3, 7], [7, 18, 3, 21, 1, 11, 9, 18, 6, 6], [6, 21, 5, 26, 0, 18, 9, 6, 1, 8], [10, 18, 4, 29, 0, 13, 8, 7, 2, 9], [6, 21, 3, 22, 2, 18, 8, 14, 2, 4], [7, 12, 1, 28, 1, 16, 9, 16, 5, 5], [7, 21, 1, 23, 1, 14, 9, 13, 3, 8], [13, 24, 3, 18, 3, 15, 5, 12, 0, 7], [11, 22, 1, 24, 3, 14, 3, 12, 3, 7], [9, 19, 1, 29, 1, 9, 7, 14, 6, 5], [8, 15, 0, 24, 0, 16, 8, 11, 5, 13], [12, 22, 5, 21, 1, 11, 7, 10, 1, 10], [12, 23, 5, 25, 0, 9, 4, 13, 4, 5], [8, 28, 2, 24, 2, 6, 8, 15, 5, 2], [2, 19, 1, 29, 1, 13, 9, 15, 4, 7], [8, 20, 3, 32, 2, 9, 8, 9, 3, 6], [10, 26, 1, 26, 2, 13, 8, 7, 0, 7], [11, 20, 1, 19, 2, 12, 9, 14, 5, 7]], "lambda_": 0.5, "b": [[71, 29], [82, 18], [77, 23], [80, 20], [78, 22], [76, 24], [69, 31], [75, 25], [73, 27], [75, 25], [78, 22], [74, 26], [78, 22], [78, 22], [78, 22], [77, 23], [78, 22], [76, 24], [76, 24], [71, 29], [69, 31], [71, 29], [76, 24], [73, 27], [77, 23], [24, 76], [19, 81], [22, 78], [19, 81], [28, 72], [29, 71], [27, 73], [27, 73], [26, 74], [26, 74], [21, 79], [25, 75], [23, 77], [22, 78], [31, 69], [28, 72], [18, 82], [26, 74], [17, 83], [20, 80], [30, 70], [28, 72], [19, 81], [33, 67], [28, 72]]}