{"M": 50, "G": 3, "I": 2, "J": 100, "p": [[0.8470124660378928, 0.15298753396210726], [0.9758588129245778, 0.02414118707542222], [0.11190117762122714, 0.888098822378773]], "r": [[[58, 9], [17, 0], [1, 15]], [[55, 8], [16, 1], [2, 18]], [[55, 13], [17, 1], [1, 13]], [[53, 16], [18, 1], [2, 10]], [[60, 7], [17, 1], [1, 14]], [[59, 10], [16, 0], [0, 15]], [[63, 10], [12, 0], [2, 13]], [[53, 14], [14, 0], [2, 17]], [[53, 13], [17, 1], [1, 15]], [[65, 11], [9, 0], [2, 13]], [[51, 8], [21, 2], [1, 17]], [[62, 3], [19, 1], [2, 13]], [[54, 12], [12, 0], [2, 20]], [[61, 6], [15, 1], [0, 17]], [[57, 13], [14, 0], [1, 15]], [[53, 8], [15, 0], [3, 21]], [[39, 7], [31, 1], [6, 16]], [[16, 4], [63, 3], [1, 13]], [[13, 2], [66, 1], [1, 17]], [[9, 3], [71, 3], [1, 13]], [[15, 2], [66, 0], [2, 15]], [[14, 5], [65, 1], [6, 9]], [[13, 2], [68, 0], [3, 14]], [[14, 2], [62, 0], [2, 20]], [[12, 2], [65, 3], [3, 15]], [[12, 4], [71, 1], [0, 12]], [[9, 2], [74, 0], [0, 15]], [[15, 3], [61, 0], [3, 18]], [[10, 2], [70, 2], [2, 14]], [[15, 6], [59, 2], [1, 17]], [[20, 1], [61, 3], [0, 15]], [[15, 4], [60, 2], [4, 15]], [[9, 1], [68, 2], [3, 17]], [[7, 5], [37, 1], [7, 43]], [[13, 5], [21, 1], [4, 56]], [[11, 3], [18, 0], [6, 62]], [[21, 3], [16, 0], [9, 51]], [[17, 2], [12, 1], [13, 55]], [[16, 4], [19, 0], [7, 54]], [[16, 3], [14, 0], [6, 61]], [[16, 4], [17, 2], [6, 55]], [[13, 5], [16, 0], [9, 57]], [[25, 1], [15, 0], [11, 48]], [[13, 4], [12, 0], [14, 57]], [[13, 2], [15, 0], [6, 64]], [[15, 1], [21, 0], [8, 55]], [[14, 4], [17, 0], [5, 60]], [[11, 2], [15, 1], [4, 67]], [[10, 2], [19, 0], [15, 54]], [[10, 2], [14, 0], [9, 65]]], "n": [[76, 24], [73, 27], [73, 27], [73, 27], [78, 22], [75, 25], [77, 23], [69, 31], [71, 29], [76, 24], [73, 27], [83, 17], [68, 32], [76, 24], [72, 28], [71, 29], [76, 24], [80, 20], [80, 20], [81, 19], [83, 17], [85, 15], [84, 16], [78, 22], [80, 20], [83, 17], [83, 17], [79, 21], [82, 18], [75, 25], [81, 19], [79, 21], [80, 20], [51, 49], [38, 62], [35, 65], [46, 54], [42, 58], [42, 58], [36, 64], [39, 61], [38, 62], [51, 49], [39, 61], [34, 66], [44, 56], [36, 64], [30, 70], [44, 56], [33, 67]], "lambda_": 0.5, "b": [[67, 17, 16], [63, 17, 20], [68, 18, 14], [69, 19, 12], [67, 18, 15], [69, 16, 15], [73, 12, 15], [67, 14, 19], [66, 18, 16], [76, 9, 15], [59, 23, 18], [65, 20, 15], [66, 12, 22], [67, 16, 17], [70, 14, 16], [61, 15, 24], [46, 32, 22], [20, 66, 14], [15, 67, 18], [12, 74, 14], [17, 66, 17], [19, 66, 15], [15, 68, 17], [16, 62, 22], [14, 68, 18], [16, 72, 12], [11, 74, 15], [18, 61, 21], [12, 72, 16], [21, 61, 18], [21, 64, 15], [19, 62, 19], [10, 70, 20], [12, 38, 50], [18, 22, 60], [14, 18, 68], [24, 16, 60], [19, 13, 68], [20, 19, 61], [19, 14, 67], [20, 19, 61], [18, 16, 66], [26, 15, 59], [17, 12, 71], [15, 15, 70], [16, 21, 63], [18, 17, 65], [13, 16, 71], [12, 19, 69], [12, 14, 74]]}