{"M": 50, "G": 2, "I": 4, "J": 100, "p": [[0.09326453929899305, 0.009227641030135639, 0.2919101149392348, 0.6055977047316363], [0.2883152320526974, 0.35143913888251793, 0.006803892732103463, 0.3534417363326812]], "r": [[[9, 0, 18, 46], [9, 6, 0, 12]], [[4, 0, 18, 51], [10, 8, 0, 9]], [[8, 1, 31, 41], [9, 6, 0, 4]], [[6, 1, 27, 44], [5, 9, 0, 8]], [[8, 1, 23, 45], [5, 9, 0, 9]], [[4, 0, 20, 53], [7, 5, 1, 10]], [[5, 0, 22, 42], [9, 11, 0, 11]], [[5, 1, 22, 50], [9, 6, 1, 6]], [[8, 0, 26, 39], [7, 13, 0, 7]], [[4, 0, 32, 44], [6, 4, 1, 9]], [[6, 1, 17, 52], [5, 8, 0, 11]], [[10, 1, 24, 44], [6, 8, 0, 7]], [[4, 0, 24, 42], [9, 8, 1, 12]], [[5, 0, 33, 46], [3, 5, 0, 8]], [[9, 1, 18, 45], [9, 8, 0, 10]], [[7, 0, 20, 45], [12, 8, 0, 8]], [[4, 0, 23, 41], [7, 15, 0, 10]], [[6, 0, 18, 54], [5, 8, 0, 9]], [[8, 0, 24, 44], [9, 8, 0, 7]], [[8, 0, 23, 40], [8, 9, 0, 12]], [[4, 1, 22, 48], [6, 11, 0, 8]], [[9, 0, 17, 49], [8, 10, 0, 7]], [[6, 1, 19, 46], [9, 9, 0, 10]], [[4, 0, 16, 55], [13, 6, 1, 5]], [[7, 0, 22, 38], [12, 13, 0, 8]], [[3, 0, 9, 15], [19, 33, 0, 21]], [[1, 0, 6, 20], [26, 22, 0, 25]], [[1, 0, 4, 19], [25, 22, 1, 28]], [[3, 0, 8, 12], [27, 22, 1, 27]], [[1, 0, 5, 16], [18, 34, 0, 26]], [[2, 1, 6, 16], [18, 39, 0, 18]], [[2, 0, 4, 16], [22, 28, 0, 28]], [[1, 0, 9, 16], [21, 26, 1, 26]], [[1, 0, 4, 19], [23, 28, 0, 25]], [[3, 0, 5, 18], [22, 27, 0, 25]], [[4, 0, 8, 18], [22, 22, 0, 26]], [[3, 0, 10, 9], [22, 25, 0, 31]], [[5, 1, 9, 16], [24, 21, 1, 23]], [[1, 0, 8, 14], [23, 26, 0, 28]], [[0, 0, 6, 16], [16, 33, 2, 27]], [[1, 0, 11, 14], [21, 21, 2, 30]], [[2, 1, 8, 15], [24, 25, 0, 25]], [[2, 0, 5, 13], [23, 31, 0, 26]], [[4, 0, 8, 15], [20, 29, 0, 24]], [[2, 0, 8, 19], [13, 31, 1, 26]], [[1, 0, 9, 21], [16, 26, 1, 26]], [[1, 1, 5, 17], [24, 25, 0, 27]], [[2, 1, 5, 13], [21, 28, 1, 29]], [[1, 0, 8, 17], [24, 29, 2, 19]], [[3, 0, 5, 20], [23, 26, 1, 22]]], "n": [[18, 6, 18, 58], [14, 8, 18, 60], [17, 7, 31, 45], [11, 10, 27, 52], [13, 10, 23, 54], [11, 5, 21, 63], [14, 11, 22, 53], [14, 7, 23, 56], [15, 13, 26, 46], [10, 4, 33, 53], [11, 9, 17, 63], [16, 9, 24, 51], [13, 8, 25, 54], [8, 5, 33, 54], [18, 9, 18, 55], [19, 8, 20, 53], [11, 15, 23, 51], [11, 8, 18, 63], [17, 8, 24, 51], [16, 9, 23, 52], [10, 12, 22, 56], [17, 10, 17, 56], [15, 10, 19, 56], [17, 6, 17, 60], [19, 13, 22, 46], [22, 33, 9, 36], [27, 22, 6, 45], [26, 22, 5, 47], [30, 22, 9, 39], [19, 34, 5, 42], [20, 40, 6, 34], [24, 28, 4, 44], [22, 26, 10, 42], [24, 28, 4, 44], [25, 27, 5, 43], [26, 22, 8, 44], [25, 25, 10, 40], [29, 22, 10, 39], [24, 26, 8, 42], [16, 33, 8, 43], [22, 21, 13, 44], [26, 26, 8, 40], [25, 31, 5, 39], [24, 29, 8, 39], [15, 31, 9, 45], [17, 26, 10, 47], [25, 26, 5, 44], [23, 29, 6, 42], [25, 29, 10, 36], [26, 26, 6, 42]], "lambda_": 0.5, "b": [[73, 27], [73, 27], [81, 19], [78, 22], [77, 23], [77, 23], [69, 31], [78, 22], [73, 27], [80, 20], [76, 24], [79, 21], [70, 30], [84, 16], [73, 27], [72, 28], [68, 32], [78, 22], [76, 24], [71, 29], [75, 25], [75, 25], [72, 28], [75, 25], [67, 33], [27, 73], [27, 73], [24, 76], [23, 77], [22, 78], [25, 75], [22, 78], [26, 74], [24, 76], [26, 74], [30, 70], [22, 78], [31, 69], [23, 77], [22, 78], [26, 74], [26, 74], [20, 80], [27, 73], [29, 71], [31, 69], [24, 76], [21, 79], [26, 74], [28, 72]]}