{"M": 50, "G": 4, "I": 10, "J": 100, "p": [[0.07961204957328555, 0.05334130276955757, 0.15974625935528347, 0.01520417981069265, 0.14485572387769835, 0.10506232004872461, 0.08309888306951296, 0.3344029938038988, 0.022500991524444326, 0.002175296166901715], [0.11041562041843452, 0.20549084721159183, 0.14569309460047292, 0.002299068470075074, 0.012939030064866993, 0.038644144714774474, 0.1269946163384455, 0.21625373472435236, 0.02421220214550745, 0.11705764131147908], [0.10266653452655629, 0.03708399179703409, 0.13319222292738928, 0.1435889494144332, 0.01877161025909796, 0.25477429857915296, 0.0552593377388751, 0.0937544862565924, 0.020261829253660643, 0.1406467392472082], [0.04967184030751377, 0.044881119583857904, 0.046347234675997495, 0.22690352342756678, 0.10369601946895482, 0.027439887264668297, 0.16153126623860123, 0.13169595376499768, 0.09824251944468226, 0.1095906358231598]], "r": [[[6, 3, 14, 1, 6, 11, 5, 18, 2, 0], [3, 4, 4, 0, 1, 1, 1, 3, 0, 0], [1, 0, 1, 2, 0, 1, 0, 0, 1, 0], [1, 0, 0, 3, 1, 0, 1, 4, 1, 0]], [[4, 3, 8, 1, 11, 8, 5, 30, 3, 1], [0, 4, 0, 0, 0, 0, 0, 3, 0, 1], [1, 1, 2, 2, 0, 3, 0, 0, 0, 1], [0, 1, 0, 3, 1, 0, 2, 1, 0, 0]], [[5, 6, 12, 1, 9, 10, 9, 20, 1, 0], [1, 2, 0, 0, 0, 0, 2, 1, 0, 2], [0, 0, 2, 0, 0, 1, 1, 1, 1, 4], [0, 1, 0, 2, 1, 0, 2, 2, 0, 1]], [[7, 3, 10, 3, 4, 6, 6, 15, 2, 1], [1, 3, 2, 0, 1, 0, 1, 5, 0, 0], [1, 0, 0, 0, 0, 5, 0, 3, 1, 2], [1, 0, 1, 4, 4, 0, 4, 2, 1, 1]], [[3, 1, 4, 0, 14, 4, 9, 23, 0, 0], [2, 3, 2, 0, 0, 0, 1, 5, 0, 1], [3, 0, 0, 2, 0, 5, 3, 2, 0, 1], [1, 0, 1, 1, 2, 0, 4, 2, 1, 0]], [[6, 1, 7, 0, 9, 5, 6, 21, 1, 0], [1, 7, 3, 0, 0, 0, 2, 2, 1, 3], [1, 0, 4, 0, 0, 3, 0, 0, 1, 3], [2, 0, 0, 3, 3, 0, 1, 2, 0, 2]], [[0, 2, 13, 1, 10, 9, 6, 26, 2, 0], [0, 3, 3, 0, 0, 0, 1, 2, 0, 1], [3, 1, 0, 1, 0, 2, 0, 1, 0, 1], [2, 0, 0, 6, 1, 0, 2, 0, 0, 1]], [[6, 5, 7, 1, 13, 9, 4, 16, 2, 0], [1, 2, 2, 0, 0, 1, 1, 1, 1, 0], [1, 1, 1, 1, 0, 7, 0, 1, 0, 0], [0, 0, 2, 5, 3, 0, 2, 3, 0, 1]], [[5, 3, 6, 2, 10, 8, 5, 16, 1, 0], [3, 2, 4, 0, 0, 0, 2, 4, 0, 4], [1, 1, 4, 2, 0, 4, 1, 1, 0, 4], [0, 1, 0, 1, 1, 0, 2, 2, 0, 0]], [[6, 2, 14, 0, 12, 7, 5, 17, 2, 0], [1, 3, 2, 0, 0, 0, 0, 2, 0, 0], [4, 0, 3, 1, 0, 3, 0, 3, 0, 3], [0, 1, 1, 3, 0, 0, 0, 0, 3, 2]], [[3, 2, 6, 0, 8, 8, 6, 23, 1, 1], [0, 4, 2, 0, 0, 2, 3, 2, 0, 1], [1, 1, 3, 2, 0, 4, 1, 1, 0, 2], [1, 1, 0, 1, 2, 1, 0, 3, 2, 2]], [[6, 2, 7, 1, 8, 10, 7, 20, 2, 0], [3, 3, 2, 0, 0, 2, 3, 5, 0, 0], [1, 1, 0, 2, 1, 3, 0, 2, 1, 0], [0, 1, 0, 1, 3, 0, 2, 0, 1, 0]], [[3, 7, 4, 0, 6, 3, 4, 11, 2, 0], [6, 7, 2, 0, 0, 2, 5, 9, 1, 7], [1, 0, 0, 2, 0, 0, 2, 1, 0, 1], [0, 1, 0, 8, 1, 0, 2, 1, 1, 0]], [[3, 1, 3, 0, 0, 1, 0, 3, 0, 1], [5, 15, 12, 0, 1, 1, 4, 16, 1, 5], [2, 0, 2, 2, 0, 3, 0, 1, 0, 0], [0, 1, 0, 6, 1, 1, 4, 0, 2, 3]], [[1, 1, 2, 0, 2, 0, 0, 4, 0, 0], [10, 10, 8, 0, 0, 3, 10, 15, 3, 11], [2, 0, 1, 0, 0, 3, 1, 1, 0, 2], [2, 0, 0, 2, 2, 0, 0, 3, 0, 1]], [[1, 1, 3, 0, 1, 1, 0, 3, 0, 0], [10, 10, 11, 0, 1, 2, 8, 12, 2, 9], [2, 0, 3, 0, 0, 4, 0, 2, 1, 2], [0, 0, 1, 3, 1, 0, 3, 0, 0, 3]], [[1, 1, 1, 1, 3, 2, 0, 4, 0, 0], [8, 14, 7, 0, 0, 0, 9, 17, 4, 4], [1, 0, 1, 2, 0, 3, 0, 1, 0, 2], [0, 1, 0, 5, 2, 0, 4, 0, 2, 0]], [[0, 1, 2, 0, 2, 1, 1, 6, 0, 0], [3, 16, 6, 0, 0, 3, 8, 16, 3, 6], [2, 1, 3, 0, 0, 0, 3, 1, 0, 2], [0, 1, 1, 3, 0, 0, 5, 2, 1, 1]], [[0, 1, 2, 1, 1, 3, 1, 2, 0, 0], [7, 13, 11, 1, 2, 2, 4, 11, 1, 9], [1, 0, 2, 3, 0, 7, 0, 2, 1, 0], [1, 0, 0, 3, 0, 0, 1, 1, 3, 3]], [[1, 0, 1, 0, 3, 1, 0, 5, 1, 0], [7, 17, 5, 0, 0, 2, 6, 18, 2, 9], [1, 0, 2, 1, 0, 2, 2, 0, 0, 2], [1, 0, 0, 4, 1, 0, 2, 3, 1, 0]], [[2, 3, 2, 0, 2, 0, 0, 1, 0, 0], [8, 16, 8, 0, 1, 4, 8, 6, 2, 5], [1, 0, 0, 4, 2, 3, 0, 4, 1, 4], [0, 0, 0, 5, 0, 0, 0, 3, 5, 0]], [[1, 1, 1, 0, 1, 1, 0, 7, 0, 0], [9, 12, 7, 0, 1, 2, 8, 20, 2, 5], [1, 0, 2, 3, 0, 3, 2, 1, 1, 0], [3, 1, 0, 0, 0, 0, 2, 0, 1, 2]], [[0, 4, 2, 0, 1, 2, 0, 5, 1, 0], [5, 13, 8, 0, 2, 4, 7, 13, 2, 7], [1, 1, 2, 3, 0, 3, 1, 2, 0, 1], [1, 0, 1, 1, 1, 0, 0, 3, 2, 1]], [[1, 1, 1, 0, 1, 0, 1, 2, 0, 0], [6, 10, 11, 0, 0, 1, 11, 16, 0, 6], [1, 0, 1, 4, 0, 4, 0, 4, 0, 5], [1, 0, 2, 2, 0, 0, 3, 3, 2, 0]], [[2, 0, 3, 0, 1, 3, 0, 2, 1, 0], [4, 16, 9, 0, 0, 2, 9, 15, 2, 9], [0, 0, 2, 3, 1, 4, 1, 0, 1, 3], [0, 0, 0, 2, 2, 0, 1, 0, 2, 0]], [[2, 2, 2, 1, 1, 0, 1, 3, 0, 0], [0, 2, 4, 0, 0, 0, 2, 3, 0, 2], [5, 2, 6, 13, 2, 17, 7, 4, 1, 8], [1, 0, 0, 3, 3, 0, 2, 0, 1, 0]], [[0, 1, 0, 1, 2, 0, 0, 4, 1, 0], [3, 2, 2, 0, 0, 1, 0, 3, 0, 2], [9, 5, 7, 7, 2, 21, 1, 3, 1, 7], [0, 1, 0, 1, 1, 0, 4, 4, 4, 0]], [[0, 1, 1, 0, 1, 2, 0, 3, 0, 0], [1, 2, 1, 0, 0, 0, 0, 0, 1, 2], [7, 5, 7, 6, 2, 27, 2, 3, 2, 9], [0, 0, 1, 1, 2, 0, 5, 2, 1, 3]], [[1, 1, 4, 1, 1, 1, 1, 4, 0, 0], [2, 1, 3, 0, 0, 1, 4, 2, 0, 0], [8, 1, 10, 9, 0, 18, 5, 2, 3, 5], [0, 1, 0, 3, 1, 0, 3, 1, 3, 0]], [[2, 1, 4, 1, 2, 1, 0, 4, 0, 0], [1, 3, 2, 0, 0, 1, 1, 1, 0, 1], [6, 2, 11, 5, 1, 25, 1, 4, 0, 6], [1, 0, 0, 4, 1, 2, 2, 4, 0, 0]], [[2, 0, 1, 0, 2, 2, 1, 3, 1, 0], [0, 2, 0, 0, 0, 0, 1, 1, 0, 2], [5, 3, 10, 13, 1, 14, 5, 4, 0, 7], [0, 0, 1, 2, 2, 0, 4, 6, 3, 2]], [[2, 0, 2, 0, 2, 0, 2, 2, 0, 0], [2, 4, 3, 0, 0, 3, 3, 0, 0, 0], [8, 1, 8, 9, 1, 16, 2, 7, 1, 5], [1, 0, 2, 3, 2, 1, 4, 1, 1, 2]], [[3, 0, 2, 0, 0, 1, 2, 4, 2, 0], [3, 2, 4, 0, 0, 0, 3, 3, 1, 1], [7, 3, 6, 12, 1, 16, 2, 9, 0, 7], [0, 0, 1, 1, 0, 1, 2, 0, 0, 1]], [[0, 0, 5, 0, 2, 1, 1, 6, 1, 0], [1, 1, 2, 0, 0, 0, 2, 1, 0, 1], [5, 4, 6, 9, 1, 15, 4, 8, 2, 10], [1, 3, 0, 1, 0, 2, 1, 2, 1, 1]], [[0, 0, 2, 1, 1, 1, 1, 3, 2, 0], [3, 3, 0, 0, 0, 0, 3, 2, 2, 0], [7, 0, 11, 13, 2, 10, 2, 7, 2, 9], [0, 0, 0, 3, 2, 0, 6, 1, 0, 1]], [[1, 1, 1, 0, 3, 1, 1, 3, 0, 0], [1, 2, 0, 0, 0, 0, 1, 5, 1, 2], [2, 4, 14, 12, 2, 12, 1, 6, 2, 11], [1, 1, 2, 2, 0, 0, 2, 1, 1, 1]], [[3, 0, 1, 0, 3, 1, 2, 3, 0, 0], [2, 3, 1, 0, 0, 0, 3, 1, 0, 0], [6, 2, 8, 14, 0, 19, 4, 4, 1, 5], [0, 1, 2, 6, 0, 1, 1, 3, 0, 0]], [[0, 1, 1, 0, 2, 3, 2, 5, 0, 0], [6, 1, 0, 0, 0, 0, 2, 2, 0, 1], [4, 2, 9, 4, 1, 5, 1, 3, 0, 4], [3, 2, 4, 9, 4, 2, 5, 3, 5, 4]], [[1, 1, 4, 0, 2, 1, 2, 4, 1, 0], [0, 1, 1, 0, 0, 0, 1, 4, 1, 2], [1, 1, 1, 1, 0, 2, 0, 1, 0, 0], [1, 1, 6, 21, 9, 0, 12, 9, 3, 5]], [[2, 0, 0, 0, 1, 0, 0, 2, 0, 0], [1, 2, 3, 0, 0, 0, 2, 3, 0, 2], [1, 1, 2, 2, 0, 4, 1, 3, 0, 4], [1, 7, 3, 17, 6, 3, 13, 6, 5, 3]], [[1, 5, 1, 0, 6, 0, 0, 3, 1, 0], [3, 2, 3, 0, 0, 0, 2, 2, 1, 2], [1, 1, 0, 2, 0, 1, 2, 0, 1, 1], [2, 2, 3, 11, 8, 2, 6, 10, 5, 10]], [[2, 0, 2, 1, 2, 1, 1, 3, 0, 0], [4, 2, 2, 0, 0, 0, 2, 0, 0, 0], [2, 0, 4, 3, 0, 2, 3, 1, 1, 2], [4, 3, 4, 15, 10, 1, 5, 6, 2, 10]], [[2, 2, 1, 0, 2, 1, 2, 2, 0, 0], [1, 3, 3, 0, 2, 1, 4, 2, 1, 0], [1, 0, 2, 2, 0, 9, 1, 1, 0, 1], [5, 4, 4, 8, 4, 3, 10, 7, 3, 6]], [[1, 0, 1, 1, 1, 3, 1, 5, 0, 0], [1, 2, 2, 0, 0, 1, 0, 2, 0, 0], [0, 0, 2, 0, 0, 2, 1, 1, 0, 2], [4, 2, 5, 9, 3, 3, 20, 7, 5, 13]], [[0, 1, 3, 0, 1, 3, 4, 2, 0, 0], [1, 2, 3, 0, 1, 0, 0, 1, 0, 1], [0, 0, 0, 4, 0, 2, 0, 0, 0, 2], [3, 4, 3, 14, 9, 4, 9, 6, 5, 12]], [[2, 0, 1, 1, 2, 3, 1, 2, 0, 0], [1, 3, 2, 0, 0, 0, 1, 4, 0, 1], [1, 0, 1, 0, 0, 2, 0, 0, 1, 0], [3, 5, 6, 10, 6, 4, 13, 10, 8, 6]], [[2, 0, 2, 1, 2, 3, 1, 4, 0, 0], [2, 2, 1, 0, 0, 1, 1, 5, 0, 0], [1, 0, 2, 1, 1, 3, 1, 0, 1, 3], [2, 2, 3, 17, 8, 0, 8, 9, 4, 7]], [[1, 0, 2, 1, 4, 2, 1, 5, 0, 0], [2, 3, 1, 0, 0, 0, 2, 5, 1, 2], [3, 1, 3, 2, 0, 5, 0, 1, 1, 0], [4, 0, 3, 13, 4, 5, 5, 6, 6, 6]], [[1, 1, 3, 0, 2, 0, 1, 3, 1, 0], [1, 2, 1, 0, 0, 1, 6, 3, 0, 1], [0, 2, 3, 1, 0, 2, 0, 2, 2, 0], [5, 4, 2, 19, 6, 2, 8, 5, 3, 7]], [[0, 0, 3, 0, 3, 0, 3, 5, 0, 0], [0, 4, 1, 0, 0, 0, 1, 2, 0, 2], [0, 0, 2, 1, 0, 2, 1, 1, 0, 3], [4, 2, 4, 13, 8, 3, 8, 10, 8, 6]]],