{"M": 50, "G": 2, "I": 3, "J": 100, "p": [[0.27340463300715134, 0.45754400003845297, 0.26905136695439574], [0.7325083918555445, 0.2563959750031971, 0.011095633141258382]], "r": [[[19, 36, 19], [21, 5, 0]], [[19, 41, 15], [19, 6, 0]], [[21, 40, 17], [19, 3, 0]], [[14, 46, 18], [20, 2, 0]], [[23, 34, 19], [18, 6, 0]], [[20, 30, 19], [27, 4, 0]], [[15, 40, 20], [21, 4, 0]], [[21, 36, 12], [23, 8, 0]], [[13, 41, 23], [18, 5, 0]], [[19, 37, 17], [17, 10, 0]], [[24, 43, 15], [14, 4, 0]], [[19, 31, 28], [15, 7, 0]], [[23, 33, 24], [16, 4, 0]], [[24, 42, 15], [13, 6, 0]], [[17, 43, 15], [13, 12, 0]], [[22, 34, 20], [15, 9, 0]], [[24, 41, 17], [13, 5, 0]], [[26, 32, 19], [19, 4, 0]], [[14, 32, 29], [17, 8, 0]], [[22, 30, 18], [25, 4, 1]], [[23, 33, 13], [22, 9, 0]], [[23, 34, 12], [20, 11, 0]], [[19, 33, 15], [27, 5, 1]], [[21, 32, 24], [17, 6, 0]], [[17, 40, 24], [11, 8, 0]], [[13, 14, 8], [52, 13, 0]], [[7, 8, 7], [60, 16, 2]], [[6, 13, 7], [47, 26, 1]], [[10, 10, 6], [61, 11, 2]], [[6, 7, 8], [60, 19, 0]], [[19, 7, 8], [54, 12, 0]], [[8, 12, 3], [61, 15, 1]], [[9, 10, 2], [54, 24, 1]], [[5, 14, 7], [52, 21, 1]], [[8, 13, 5], [52, 21, 1]], [[5, 12, 8], [57, 17, 1]], [[3, 19, 7], [56, 15, 0]], [[4, 17, 6], [51, 21, 1]], [[5, 10, 6], [60, 18, 1]], [[3, 9, 6], [63, 18, 1]], [[10, 8, 4], [53, 23, 2]], [[4, 16, 5], [51, 23, 1]], [[9, 17, 6], [42, 26, 0]], [[4, 12, 10], [52, 21, 1]], [[5, 9, 7], [58, 21, 0]], [[11, 8, 8], [54, 18, 1]], [[4, 7, 7], [62, 20, 0]], [[9, 7, 5], [54, 25, 0]], [[5, 13, 4], [59, 19, 0]], [[7, 9, 9], [61, 14, 0]]], "n": [[40, 41, 19], [38, 47, 15], [40, 43, 17], [34, 48, 18], [41, 40, 19], [47, 34, 19], [36, 44, 20], [44, 44, 12], [31, 46, 23], [36, 47, 17], [38, 47, 15], [34, 38, 28], [39, 37, 24], [37, 48, 15], [30, 55, 15], [37, 43, 20], [37, 46, 17], [45, 36, 19], [31, 40, 29], [47, 34, 19], [45, 42, 13], [43, 45, 12], [46, 38, 16], [38, 38, 24], [28, 48, 24], [65, 27, 8], [67, 24, 9], [53, 39, 8], [71, 21, 8], [66, 26, 8], [73, 19, 8], [69, 27, 4], [63, 34, 3], [57, 35, 8], [60, 34, 6], [62, 29, 9], [59, 34, 7], [55, 38, 7], [65, 28, 7], [66, 27, 7], [63, 31, 6], [55, 39, 6], [51, 43, 6], [56, 33, 11], [63, 30, 7], [65, 26, 9], [66, 27, 7], [63, 32, 5], [64, 32, 4], [68, 23, 9]], "lambda_": 0.5, "b": [[74, 26], [75, 25], [78, 22], [78, 22], [76, 24], [69, 31], [75, 25], [69, 31], [77, 23], [73, 27], [82, 18], [78, 22], [80, 20], [81, 19], [75, 25], [76, 24], [82, 18], [77, 23], [75, 25], [70, 30], [69, 31], [69, 31], [67, 33], [77, 23], [81, 19], [35, 65], [22, 78], [26, 74], [26, 74], [21, 79], [34, 66], [23, 77], [21, 79], [26, 74], [26, 74], [25, 75], [29, 71], [27, 73], [21, 79], [18, 82], [22, 78], [25, 75], [32, 68], [26, 74], [21, 79], [27, 73], [18, 82], [21, 79], [22, 78], [25, 75]]}