{"M": 50, "G": 2, "I": 2, "J": 100, "p": [[0.1092869023075165, 0.8907130976924835], [0.08451466836827685, 0.9154853316317232]], "r": [[[6, 71], [1, 22]], [[9, 64], [5, 22]], [[5, 73], [0, 22]], [[7, 63], [1, 29]], [[9, 58], [2, 31]], [[10, 70], [1, 19]], [[5, 71], [0, 24]], [[17, 65], [1, 17]], [[8, 73], [2, 17]], [[7, 61], [5, 27]], [[4, 73], [4, 19]], [[7, 60], [1, 32]], [[5, 69], [3, 23]], [[10, 73], [0, 17]], [[3, 71], [2, 24]], [[5, 74], [0, 21]], [[6, 73], [2, 19]], [[7, 72], [2, 19]], [[8, 66], [2, 24]], [[13, 59], [4, 24]], [[9, 70], [2, 19]], [[8, 71], [2, 19]], [[10, 68], [2, 20]], [[12, 61], [0, 27]], [[4, 71], [3, 22]], [[3, 22], [3, 72]], [[1, 19], [7, 73]], [[2, 19], [10, 69]], [[5, 24], [12, 59]], [[3, 26], [3, 68]], [[2, 22], [8, 68]], [[3, 19], [3, 75]], [[5, 20], [8, 67]], [[1, 24], [8, 67]], [[2, 24], [7, 67]], [[3, 25], [7, 65]], [[2, 23], [8, 67]], [[2, 26], [2, 70]], [[3, 24], [8, 65]], [[1, 21], [4, 74]], [[3, 20], [5, 72]], [[5, 21], [5, 69]], [[3, 20], [11, 66]], [[4, 23], [5, 68]], [[2, 20], [6, 72]], [[0, 28], [9, 63]], [[2, 19], [7, 72]], [[5, 15], [10, 70]], [[2, 18], [4, 76]], [[3, 19], [10, 68]]], "n": [[7, 93], [14, 86], [5, 95], [8, 92], [11, 89], [11, 89], [5, 95], [18, 82], [10, 90], [12, 88], [8, 92], [8, 92], [8, 92], [10, 90], [5, 95], [5, 95], [8, 92], [9, 91], [10, 90], [17, 83], [11, 89], [10, 90], [12, 88], [12, 88], [7, 93], [6, 94], [8, 92], [12, 88], [17, 83], [6, 94], [10, 90], [6, 94], [13, 87], [9, 91], [9, 91], [10, 90], [10, 90], [4, 96], [11, 89], [5, 95], [8, 92], [10, 90], [14, 86], [9, 91], [8, 92], [9, 91], [9, 91], [15, 85], [6, 94], [13, 87]], "lambda_": 0.5, "b": [[77, 23], [73, 27], [78, 22], [70, 30], [67, 33], [80, 20], [76, 24], [82, 18], [81, 19], [68, 32], [77, 23], [67, 33], [74, 26], [83, 17], [74, 26], [79, 21], [79, 21], [79, 21], [74, 26], [72, 28], [79, 21], [79, 21], [78, 22], [73, 27], [75, 25], [25, 75], [20, 80], [21, 79], [29, 71], [29, 71], [24, 76], [22, 78], [25, 75], [25, 75], [26, 74], [28, 72], [25, 75], [28, 72], [27, 73], [22, 78], [23, 77], [26, 74], [23, 77], [27, 73], [22, 78], [28, 72], [21, 79], [20, 80], [20, 80], [22, 78]]}