{"M": 50, "G": 3, "I": 5, "J": 100, "p": [[0.0433037419557625, 0.6043972630484711, 0.11967273975203206, 0.06272639200543513, 0.16989986323829925], [0.010949408191273125, 0.14085830680435835, 0.2076171069384817, 0.5129857133078594, 0.12758946475802732], [0.10978458920334491, 0.3594137963505347, 0.3559568691402071, 0.12035649855401814, 0.05448824675189504]], "r": [[[2, 40, 7, 2, 17], [1, 4, 0, 10, 1], [1, 6, 3, 4, 2]], [[2, 54, 5, 2, 11], [0, 3, 2, 5, 1], [1, 5, 7, 2, 0]], [[1, 43, 5, 2, 5], [0, 0, 4, 9, 2], [2, 10, 13, 4, 0]], [[3, 37, 8, 4, 10], [1, 1, 4, 15, 3], [2, 7, 3, 2, 0]], [[6, 41, 6, 5, 10], [0, 2, 4, 5, 1], [4, 9, 5, 1, 1]], [[2, 35, 5, 5, 7], [0, 6, 4, 13, 1], [1, 4, 11, 3, 3]], [[2, 39, 7, 3, 12], [0, 0, 3, 12, 5], [0, 5, 8, 3, 1]], [[0, 29, 11, 6, 14], [0, 4, 3, 13, 2], [4, 7, 4, 2, 1]], [[1, 41, 8, 2, 13], [0, 0, 3, 9, 5], [4, 4, 8, 2, 0]], [[1, 56, 5, 3, 10], [1, 3, 1, 6, 4], [3, 3, 3, 0, 1]], [[2, 45, 11, 0, 9], [0, 3, 5, 11, 3], [0, 7, 4, 0, 0]], [[5, 38, 7, 3, 13], [0, 1, 4, 5, 3], [2, 12, 3, 3, 1]], [[3, 44, 7, 3, 13], [0, 3, 2, 10, 2], [3, 6, 3, 1, 0]], [[5, 37, 7, 5, 14], [0, 1, 5, 9, 3], [0, 8, 3, 3, 0]], [[4, 46, 4, 4, 17], [0, 0, 5, 8, 2], [0, 3, 5, 2, 0]], [[2, 52, 6, 3, 10], [0, 2, 1, 3, 1], [2, 5, 9, 1, 3]], [[3, 33, 7, 3, 7], [0, 3, 6, 19, 2], [3, 3, 9, 2, 0]], [[1, 12, 1, 1, 2], [1, 5, 15, 36, 10], [1, 5, 5, 5, 0]], [[0, 12, 2, 1, 2], [2, 11, 10, 30, 9], [1, 6, 10, 3, 1]], [[0, 7, 0, 1, 1], [1, 13, 12, 43, 6], [0, 7, 5, 2, 2]], [[0, 7, 3, 2, 2], [1, 9, 12, 40, 7], [2, 9, 6, 0, 0]], [[3, 10, 1, 0, 1], [0, 11, 8, 37, 10], [2, 4, 10, 2, 1]], [[2, 12, 4, 1, 3], [1, 3, 14, 39, 4], [2, 7, 5, 3, 0]], [[2, 11, 1, 0, 3], [0, 7, 9, 46, 3], [1, 5, 6, 4, 2]], [[1, 12, 2, 1, 2], [1, 9, 13, 34, 3], [4, 6, 10, 1, 1]], [[1, 14, 1, 2, 4], [0, 10, 11, 31, 7], [5, 7, 5, 2, 0]], [[0, 14, 2, 0, 0], [2, 7, 11, 38, 6], [1, 9, 7, 3, 0]], [[1, 13, 2, 2, 3], [1, 8, 24, 26, 6], [2, 4, 5, 2, 1]], [[0, 17, 1, 2, 3], [0, 4, 16, 32, 7], [0, 8, 6, 4, 0]], [[1, 13, 1, 0, 3], [1, 9, 10, 43, 11], [1, 3, 3, 1, 0]], [[0, 10, 1, 0, 3], [1, 6, 12, 40, 9], [2, 7, 3, 4, 2]], [[1, 3, 3, 1, 3], [0, 8, 13, 44, 8], [1, 7, 5, 2, 1]], [[0, 11, 2, 2, 4], [0, 6, 19, 34, 4], [2, 4, 8, 4, 0]], [[0, 6, 2, 1, 1], [0, 1, 6, 19, 6], [8, 26, 22, 1, 1]], [[2, 9, 1, 0, 1], [0, 2, 5, 10, 1], [10, 28, 18, 6, 7]], [[0, 10, 3, 1, 3], [1, 2, 4, 7, 0], [10, 21, 20, 11, 7]], [[1, 9, 1, 1, 2], [0, 4, 6, 10, 3], [3, 31, 18, 5, 6]], [[1, 9, 3, 4, 4], [1, 2, 3, 13, 1], [7, 13, 24, 10, 5]], [[0, 8, 2, 2, 2], [0, 4, 1, 12, 2], [6, 25, 23, 4, 9]], [[0, 8, 3, 1, 4], [0, 2, 3, 9, 3], [14, 25, 18, 8, 2]], [[0, 10, 2, 1, 6], [0, 3, 5, 5, 2], [9, 23, 27, 4, 3]], [[2, 9, 3, 1, 3], [0, 6, 5, 8, 1], [6, 22, 25, 7, 2]], [[1, 15, 3, 1, 2], [0, 2, 2, 10, 0], [5, 23, 26, 9, 1]], [[1, 9, 0, 1, 6], [1, 2, 2, 15, 3], [8, 19, 22, 7, 4]], [[0, 11, 4, 1, 3], [0, 1, 4, 3, 1], [5, 32, 26, 5, 4]], [[0, 7, 1, 0, 2], [0, 4, 1, 8, 6], [5, 18, 27, 14, 7]], [[2, 8, 2, 0, 2], [0, 3, 10, 4, 3], [8, 26, 22, 7, 3]], [[0, 12, 1, 0, 5], [0, 1, 2, 12, 2], [9, 23, 28, 3, 2]], [[0, 14, 1, 0, 3], [1, 1, 4, 9, 1], [4, 28, 24, 7, 3]], [[1, 11, 0, 2, 4], [0, 6, 4, 12, 1], [5, 22, 20, 9, 3]]], "n": [[4, 50, 10, 16, 20], [3, 62, 14, 9, 12], [3, 53, 22, 15, 7], [6, 45, 15, 21, 13], [10, 52, 15, 11, 12], [3, 45, 20, 21, 11], [2, 44, 18, 18, 18], [4, 40, 18, 21, 17], [5, 45, 19, 13, 18], [5, 62, 9, 9, 15], [2, 55, 20, 11, 12], [7, 51, 14, 11, 17], [6, 53, 12, 14, 15], [5, 46, 15, 17, 17], [4, 49, 14, 14, 19], [4, 59, 16, 7, 14], [6, 39, 22, 24, 9], [3, 22, 21, 42, 12], [3, 29, 22, 34, 12], [1, 27, 17, 46, 9], [3, 25, 21, 42, 9], [5, 25, 19, 39, 12], [5, 22, 23, 43, 7], [3, 23, 16, 50, 8], [6, 27, 25, 36, 6], [6, 31, 17, 35, 11], [3, 30, 20, 41, 6], [4, 25, 31, 30, 10], [0, 29, 23, 38, 10], [3, 25, 14, 44, 14], [3, 23, 16, 44, 14], [2, 18, 21, 47, 12], [2, 21, 29, 40, 8], [8, 33, 30, 21, 8], [12, 39, 24, 16, 9], [11, 33, 27, 19, 10], [4, 44, 25, 16, 11], [9, 24, 30, 27, 10], [6, 37, 26, 18, 13], [14, 35, 24, 18, 9], [9, 36, 34, 10, 11], [8, 37, 33, 16, 6], [6, 40, 31, 20, 3], [10, 30, 24, 23, 13], [5, 44, 34, 9, 8], [5, 29, 29, 22, 15], [10, 37, 34, 11, 8], [9, 36, 31, 15, 9], [5, 43, 29, 16, 7], [6, 39, 24, 23, 8]], "lambda_": 0.5, "b": [[68, 16, 16], [74, 11, 15], [56, 15, 29], [62, 24, 14], [68, 12, 20], [54, 24, 22], [63, 20, 17], [60, 22, 18], [65, 17, 18], [75, 15, 10], [67, 22, 11], [66, 13, 21], [70, 17, 13], [68, 18, 14], [75, 15, 10], [73, 7, 20], [53, 30, 17], [17, 67, 16], [17, 62, 21], [9, 75, 16], [14, 69, 17], [15, 66, 19], [22, 61, 17], [17, 65, 18], [18, 60, 22], [22, 59, 19], [16, 64, 20], [21, 65, 14], [23, 59, 18], [18, 74, 8], [14, 68, 18], [11, 73, 16], [19, 63, 18], [10, 32, 58], [13, 18, 69], [17, 14, 69], [14, 23, 63], [21, 20, 59], [14, 19, 67], [16, 17, 67], [19, 15, 66], [18, 20, 62], [22, 14, 64], [17, 23, 60], [19, 9, 72], [10, 19, 71], [14, 20, 66], [18, 17, 65], [18, 16, 66], [18, 23, 59]]}