{"M": 50, "G": 4, "I": 3, "J": 100, "p": [[0.42795213106645874, 0.07718333778764562, 0.49486453114589557], [0.4453934543281796, 0.47485814852501324, 0.0797483971468072], [0.27148763699248735, 0.431879006667955, 0.2966333563395577], [0.7664365414681755, 0.0213521212310118, 0.2122113373008129]], "r": [[[28, 4, 31], [4, 10, 0], [2, 8, 5], [7, 0, 1]], [[32, 1, 31], [4, 6, 2], [2, 7, 2], [8, 1, 4]], [[30, 7, 23], [4, 11, 3], [2, 6, 1], [12, 0, 1]], [[27, 2, 33], [7, 6, 0], [3, 7, 5], [9, 0, 1]], [[29, 6, 36], [4, 3, 2], [1, 2, 3], [14, 0, 0]], [[31, 4, 37], [4, 4, 0], [2, 3, 4], [9, 0, 2]], [[34, 6, 28], [3, 6, 0], [2, 5, 9], [7, 0, 0]], [[28, 6, 36], [5, 8, 0], [3, 4, 1], [8, 0, 1]], [[30, 3, 32], [5, 8, 1], [2, 3, 1], [9, 2, 4]], [[24, 5, 32], [8, 5, 1], [1, 7, 4], [13, 0, 0]], [[25, 1, 31], [10, 10, 0], [3, 4, 0], [14, 0, 2]], [[34, 3, 28], [4, 6, 1], [3, 5, 5], [10, 0, 1]], [[19, 3, 27], [16, 14, 3], [2, 4, 5], [6, 0, 1]], [[2, 1, 7], [27, 25, 9], [5, 5, 7], [9, 0, 3]], [[5, 1, 2], [20, 34, 3], [6, 8, 6], [10, 0, 5]], [[3, 1, 4], [26, 31, 4], [2, 7, 2], [15, 0, 5]], [[6, 2, 8], [28, 25, 5], [5, 1, 3], [15, 1, 1]], [[6, 1, 3], [21, 32, 13], [3, 6, 4], [7, 0, 4]], [[5, 1, 6], [30, 21, 9], [3, 7, 5], [10, 0, 3]], [[7, 2, 3], [35, 22, 5], [3, 5, 4], [11, 0, 3]], [[7, 0, 4], [28, 27, 4], [6, 6, 2], [12, 1, 3]], [[5, 0, 5], [23, 30, 6], [6, 8, 0], [14, 1, 2]], [[9, 0, 2], [33, 28, 4], [4, 3, 6], [8, 0, 3]], [[6, 4, 1], [26, 26, 6], [5, 7, 6], [11, 1, 1]], [[5, 2, 3], [30, 28, 2], [4, 4, 4], [13, 1, 4]], [[10, 0, 3], [3, 12, 0], [17, 27, 20], [6, 1, 1]], [[5, 1, 12], [7, 9, 1], [12, 23, 23], [4, 0, 3]], [[4, 1, 5], [8, 5, 1], [15, 30, 20], [8, 0, 3]], [[5, 1, 7], [3, 11, 0], [11, 23, 28], [8, 0, 3]], [[3, 0, 4], [5, 5, 1], [18, 23, 22], [16, 0, 3]], [[6, 1, 8], [2, 7, 0], [16, 31, 16], [9, 0, 4]], [[6, 0, 7], [5, 7, 2], [17, 29, 17], [6, 1, 3]], [[1, 2, 5], [9, 6, 1], [15, 28, 24], [8, 0, 1]], [[7, 0, 6], [6, 7, 0], [22, 29, 16], [6, 1, 0]], [[6, 1, 6], [5, 7, 0], [11, 39, 13], [7, 0, 5]], [[7, 1, 6], [7, 7, 1], [11, 24, 21], [10, 0, 5]], [[7, 0, 7], [2, 8, 1], [24, 18, 20], [11, 1, 1]], [[4, 2, 7], [6, 5, 1], [11, 24, 9], [28, 0, 3]], [[4, 3, 4], [3, 3, 0], [3, 9, 3], [53, 0, 15]], [[2, 0, 5], [9, 4, 1], [3, 5, 4], [45, 3, 19]], [[3, 0, 3], [9, 3, 2], [2, 6, 4], [55, 0, 13]], [[9, 2, 7], [8, 6, 1], [1, 4, 2], [52, 0, 8]], [[7, 1, 6], [5, 5, 1], [4, 9, 4], [51, 0, 7]], [[4, 3, 7], [3, 11, 1], [2, 4, 5], [42, 3, 15]], [[3, 0, 4], [9, 8, 0], [1, 8, 7], [48, 0, 12]], [[3, 1, 8], [4, 7, 2], [4, 4, 3], [46, 1, 17]], [[6, 1, 5], [9, 4, 1], [4, 7, 1], [45, 0, 17]], [[4, 2, 4], [8, 5, 1], [3, 5, 3], [45, 1, 19]], [[8, 0, 5], [3, 6, 0], [0, 4, 3], [57, 1, 13]], [[4, 1, 3], [11, 6, 4], [5, 6, 5], [42, 2, 11]]], "n": [[41, 22, 37], [46, 15, 39], [48, 24, 28], [46, 15, 39], [48, 11, 41], [46, 11, 43], [46, 17, 37], [44, 18, 38], [46, 16, 38], [46, 17, 37], [52, 15, 33], [51, 14, 35], [43, 21, 36], [43, 31, 26], [41, 43, 16], [46, 39, 15], [54, 29, 17], [37, 39, 24], [48, 29, 23], [56, 29, 15], [53, 34, 13], [48, 39, 13], [54, 31, 15], [48, 38, 14], [52, 35, 13], [36, 40, 24], [28, 33, 39], [35, 36, 29], [27, 35, 38], [42, 28, 30], [33, 39, 28], [34, 37, 29], [33, 36, 31], [41, 37, 22], [29, 47, 24], [35, 32, 33], [44, 27, 29], [49, 31, 20], [63, 15, 22], [59, 12, 29], [69, 9, 22], [70, 12, 18], [67, 15, 18], [51, 21, 28], [61, 16, 23], [57, 13, 30], [64, 12, 24], [60, 13, 27], [68, 11, 21], [62, 15, 23]], "lambda_": 0.5, "b": [[63, 14, 15, 8], [64, 12, 11, 13], [60, 18, 9, 13], [62, 13, 15, 10], [71, 9, 6, 14], [72, 8, 9, 11], [68, 9, 16, 7], [70, 13, 8, 9], [65, 14, 6, 15], [61, 14, 12, 13], [57, 20, 7, 16], [65, 11, 13, 11], [49, 33, 11, 7], [10, 61, 17, 12], [8, 57, 20, 15], [8, 61, 11, 20], [16, 58, 9, 17], [10, 66, 13, 11], [12, 60, 15, 13], [12, 62, 12, 14], [11, 59, 14, 16], [10, 59, 14, 17], [11, 65, 13, 11], [11, 58, 18, 13], [10, 60, 12, 18], [13, 15, 64, 8], [18, 17, 58, 7], [10, 14, 65, 11], [13, 14, 62, 11], [7, 11, 63, 19], [15, 9, 63, 13], [13, 14, 63, 10], [8, 16, 67, 9], [13, 13, 67, 7], [13, 12, 63, 12], [14, 15, 56, 15], [14, 11, 62, 13], [13, 12, 44, 31], [11, 6, 15, 68], [7, 14, 12, 67], [6, 14, 12, 68], [18, 15, 7, 60], [14, 11, 17, 58], [14, 15, 11, 60], [7, 17, 16, 60], [12, 13, 11, 64], [12, 14, 12, 62], [10, 14, 11, 65], [13, 9, 7, 71], [8, 21, 16, 55]]}