{"M": 50, "G": 3, "I": 5, "J": 100, "p": [[0.15590939304920856, 0.3206085749183125, 0.4416274950756573, 0.0017460734744377071, 0.08010846348238376], [0.5976621300781604, 0.13609533714227331, 0.07244922585505434, 0.1465067787437117, 0.04728652818080026], [0.41478598240157316, 0.10580328928860022, 0.19550423839535092, 0.001487807490349069, 0.28241868242412665]], "r": [[[12, 29, 20, 0, 7], [10, 1, 1, 2, 2], [6, 0, 4, 0, 6]], [[9, 28, 28, 0, 4], [8, 2, 1, 1, 1], [9, 2, 1, 0, 6]], [[10, 25, 24, 0, 9], [10, 2, 2, 3, 1], [8, 1, 2, 0, 3]], [[6, 19, 30, 0, 9], [13, 6, 0, 3, 1], [7, 1, 2, 0, 3]], [[10, 23, 26, 1, 7], [9, 3, 1, 3, 1], [8, 2, 1, 0, 5]], [[12, 27, 32, 0, 6], [6, 2, 1, 1, 1], [2, 1, 5, 1, 3]], [[6, 27, 24, 0, 6], [6, 4, 2, 1, 0], [16, 1, 2, 0, 5]], [[10, 17, 34, 0, 4], [9, 2, 1, 4, 1], [7, 2, 2, 0, 7]], [[6, 24, 36, 0, 7], [11, 2, 0, 1, 0], [4, 2, 3, 0, 4]], [[13, 21, 20, 0, 4], [6, 3, 2, 13, 0], [7, 2, 2, 0, 7]], [[12, 21, 32, 0, 2], [11, 4, 0, 1, 1], [4, 1, 5, 0, 6]], [[15, 25, 25, 0, 3], [9, 2, 1, 3, 0], [6, 4, 3, 0, 4]], [[6, 18, 31, 0, 6], [9, 1, 3, 2, 0], [9, 4, 6, 0, 5]], [[6, 21, 31, 0, 5], [12, 0, 1, 2, 1], [9, 2, 3, 0, 7]], [[13, 16, 29, 0, 13], [9, 1, 0, 2, 0], [5, 0, 7, 0, 5]], [[4, 26, 33, 0, 4], [10, 1, 3, 3, 1], [5, 0, 1, 0, 9]], [[10, 17, 21, 1, 4], [17, 3, 1, 2, 1], [6, 1, 5, 0, 11]], [[0, 5, 12, 0, 0], [41, 10, 2, 12, 3], [6, 3, 2, 0, 4]], [[4, 5, 3, 0, 1], [41, 10, 2, 11, 2], [9, 2, 3, 0, 7]], [[3, 3, 6, 0, 1], [37, 14, 9, 6, 1], [7, 2, 5, 1, 5]], [[2, 9, 9, 0, 1], [41, 12, 3, 11, 5], [4, 1, 2, 0, 0]], [[6, 3, 5, 0, 3], [39, 12, 3, 8, 3], [8, 3, 3, 0, 4]], [[4, 9, 6, 0, 1], [39, 7, 2, 11, 4], [6, 2, 4, 0, 5]], [[4, 7, 5, 0, 1], [42, 6, 9, 11, 3], [6, 2, 3, 0, 1]], [[3, 7, 5, 0, 0], [40, 14, 1, 11, 3], [6, 2, 6, 0, 2]], [[0, 6, 5, 0, 0], [45, 14, 3, 8, 3], [8, 1, 1, 0, 6]], [[0, 5, 7, 1, 2], [40, 9, 4, 12, 4], [6, 2, 2, 0, 6]], [[2, 6, 9, 0, 0], [35, 10, 6, 15, 2], [4, 2, 1, 0, 8]], [[3, 4, 7, 0, 2], [39, 8, 4, 9, 3], [11, 3, 5, 0, 2]], [[1, 6, 4, 0, 0], [38, 13, 8, 8, 1], [3, 2, 6, 0, 10]], [[3, 4, 14, 1, 2], [35, 7, 4, 8, 1], [8, 3, 4, 0, 6]], [[2, 6, 6, 0, 3], [45, 7, 4, 8, 3], [3, 4, 1, 0, 8]], [[4, 7, 9, 0, 0], [31, 10, 4, 14, 3], [9, 1, 1, 0, 7]], [[2, 5, 8, 0, 0], [20, 4, 3, 6, 1], [18, 5, 11, 0, 17]], [[0, 4, 4, 0, 4], [12, 2, 0, 3, 1], [26, 3, 16, 0, 25]], [[3, 4, 11, 0, 2], [11, 2, 0, 5, 0], [24, 7, 18, 0, 13]], [[1, 7, 7, 0, 0], [11, 2, 1, 3, 0], [23, 12, 13, 0, 20]], [[7, 2, 2, 0, 2], [10, 2, 3, 2, 1], [26, 10, 15, 0, 18]], [[3, 5, 6, 0, 0], [8, 4, 1, 3, 2], [37, 7, 8, 0, 16]], [[2, 5, 10, 0, 0], [20, 2, 0, 2, 1], [25, 10, 11, 0, 12]], [[1, 8, 9, 0, 3], [4, 1, 2, 3, 1], [33, 4, 11, 0, 20]], [[2, 3, 9, 0, 0], [11, 1, 0, 4, 1], [32, 10, 11, 0, 16]], [[3, 3, 11, 0, 3], [9, 1, 3, 5, 1], [23, 7, 14, 0, 17]], [[1, 3, 5, 0, 0], [12, 1, 1, 2, 0], [30, 10, 16, 0, 19]], [[2, 8, 6, 0, 1], [14, 3, 2, 2, 1], [25, 5, 12, 1, 18]], [[5, 8, 6, 0, 2], [11, 2, 0, 5, 1], [32, 5, 7, 0, 16]], [[1, 5, 10, 0, 0], [11, 1, 0, 1, 1], [29, 5, 16, 0, 20]], [[5, 5, 6, 0, 3], [9, 3, 3, 5, 0], [27, 4, 13, 0, 17]], [[1, 6, 13, 0, 0], [12, 1, 1, 2, 0], [28, 3, 15, 0, 18]], [[4, 6, 5, 0, 4], [8, 5, 1, 2, 0], [25, 7, 12, 0, 21]]], "n": [[28, 30, 25, 2, 15], [26, 32, 30, 1, 11], [28, 28, 28, 3, 13], [26, 26, 32, 3, 13], [27, 28, 28, 4, 13], [20, 30, 38, 2, 10], [28, 32, 28, 1, 11], [26, 21, 37, 4, 12], [21, 28, 39, 1, 11], [26, 26, 24, 13, 11], [27, 26, 37, 1, 9], [30, 31, 29, 3, 7], [24, 23, 40, 2, 11], [27, 23, 35, 2, 13], [27, 17, 36, 2, 18], [19, 27, 37, 3, 14], [33, 21, 27, 3, 16], [47, 18, 16, 12, 7], [54, 17, 8, 11, 10], [47, 19, 20, 7, 7], [47, 22, 14, 11, 6], [53, 18, 11, 8, 10], [49, 18, 12, 11, 10], [52, 15, 17, 11, 5], [49, 23, 12, 11, 5], [53, 21, 9, 8, 9], [46, 16, 13, 13, 12], [41, 18, 16, 15, 10], [53, 15, 16, 9, 7], [42, 21, 18, 8, 11], [46, 14, 22, 9, 9], [50, 17, 11, 8, 14], [44, 18, 14, 14, 10], [40, 14, 22, 6, 18], [38, 9, 20, 3, 30], [38, 13, 29, 5, 15], [35, 21, 21, 3, 20], [43, 14, 20, 2, 21], [48, 16, 15, 3, 18], [47, 17, 21, 2, 13], [38, 13, 22, 3, 24], [45, 14, 20, 4, 17], [35, 11, 28, 5, 21], [43, 14, 22, 2, 19], [41, 16, 20, 3, 20], [48, 15, 13, 5, 19], [41, 11, 26, 1, 21], [41, 12, 22, 5, 20], [41, 10, 29, 2, 18], [37, 18, 18, 2, 25]], "lambda_": 0.5, "b": [[68, 16, 16], [69, 13, 18], [68, 18, 14], [64, 23, 13], [67, 17, 16], [77, 11, 12], [63, 13, 24], [65, 17, 18], [73, 14, 13], [58, 24, 18], [67, 17, 16], [68, 15, 17], [61, 15, 24], [63, 16, 21], [71, 12, 17], [67, 18, 15], [53, 24, 23], [17, 68, 15], [13, 66, 21], [13, 67, 20], [21, 72, 7], [17, 65, 18], [20, 63, 17], [17, 71, 12], [15, 69, 16], [11, 73, 16], [15, 69, 16], [17, 68, 15], [16, 63, 21], [11, 68, 21], [24, 55, 21], [17, 67, 16], [20, 62, 18], [15, 34, 51], [12, 18, 70], [20, 18, 62], [15, 17, 68], [13, 18, 69], [14, 18, 68], [17, 25, 58], [21, 11, 68], [14, 17, 69], [20, 19, 61], [9, 16, 75], [17, 22, 61], [21, 19, 60], [16, 14, 70], [19, 20, 61], [20, 16, 64], [19, 16, 65]]}