{"M": 50, "G": 2, "I": 2, "J": 100, "p": [[0.04982432776885802, 0.950175672231142], [0.30980548916967027, 0.6901945108303298]], "r": [[[2, 78], [8, 12]], [[8, 76], [2, 14]], [[3, 73], [8, 16]], [[3, 71], [6, 20]], [[1, 77], [6, 16]], [[5, 77], [4, 14]], [[3, 66], [8, 23]], [[4, 71], [11, 14]], [[4, 68], [9, 19]], [[5, 64], [12, 19]], [[3, 74], [8, 15]], [[3, 69], [8, 20]], [[0, 73], [7, 20]], [[5, 68], [8, 19]], [[5, 64], [10, 21]], [[4, 69], [13, 14]], [[3, 58], [10, 29]], [[2, 74], [8, 16]], [[0, 78], [8, 14]], [[5, 75], [5, 15]], [[3, 71], [12, 14]], [[3, 70], [7, 20]], [[5, 71], [7, 17]], [[3, 73], [6, 18]], [[3, 71], [10, 16]], [[1, 24], [28, 47]], [[0, 20], [23, 57]], [[0, 20], [21, 59]], [[4, 20], [19, 57]], [[5, 18], [17, 60]], [[2, 23], [14, 61]], [[1, 24], [22, 53]], [[2, 24], [18, 56]], [[0, 30], [22, 48]], [[1, 31], [26, 42]], [[0, 29], [20, 51]], [[2, 22], [25, 51]], [[2, 20], [29, 49]], [[3, 26], [24, 47]], [[2, 21], [22, 55]], [[2, 24], [22, 52]], [[2, 26], [16, 56]], [[0, 23], [23, 54]], [[1, 26], [22, 51]], [[0, 29], [19, 52]], [[1, 23], [22, 54]], [[1, 25], [30, 44]], [[1, 19], [33, 47]], [[1, 31], [23, 45]], [[1, 25], [30, 44]]], "n": [[10, 90], [10, 90], [11, 89], [9, 91], [7, 93], [9, 91], [11, 89], [15, 85], [13, 87], [17, 83], [11, 89], [11, 89], [7, 93], [13, 87], [15, 85], [17, 83], [13, 87], [10, 90], [8, 92], [10, 90], [15, 85], [10, 90], [12, 88], [9, 91], [13, 87], [29, 71], [23, 77], [21, 79], [23, 77], [22, 78], [16, 84], [23, 77], [20, 80], [22, 78], [27, 73], [20, 80], [27, 73], [31, 69], [27, 73], [24, 76], [24, 76], [18, 82], [23, 77], [23, 77], [19, 81], [23, 77], [31, 69], [34, 66], [24, 76], [31, 69]], "lambda_": 0.5, "b": [[80, 20], [84, 16], [76, 24], [74, 26], [78, 22], [82, 18], [69, 31], [75, 25], [72, 28], [69, 31], [77, 23], [72, 28], [73, 27], [73, 27], [69, 31], [73, 27], [61, 39], [76, 24], [78, 22], [80, 20], [74, 26], [73, 27], [76, 24], [76, 24], [74, 26], [25, 75], [20, 80], [20, 80], [24, 76], [23, 77], [25, 75], [25, 75], [26, 74], [30, 70], [32, 68], [29, 71], [24, 76], [22, 78], [29, 71], [23, 77], [26, 74], [28, 72], [23, 77], [27, 73], [29, 71], [24, 76], [26, 74], [20, 80], [32, 68], [26, 74]]}