{"M": 50, "G": 3, "I": 10, "J": 100, "p": [[0.0931453723690264, 0.14333597595076422, 0.040011072182719966, 0.08322399275007042, 0.26006681338677834, 0.2637628802420162, 0.01561968590937181, 0.02703037191802603, 0.0061499544235774336, 0.06765388086764923], [0.005307343565036329, 0.10679549657807895, 0.18326772703150396, 0.057113539992176665, 0.1973392812162813, 0.156378119637341, 0.00424742361571192, 0.14319791739638402, 0.052509906307626246, 0.09384324465985967], [0.03954634881692821, 0.1401219686035122, 0.0688690139110761, 0.02023877259293767, 0.09330973624958891, 0.1797620899999953, 0.04338878186118846, 0.02976836114487416, 0.05823517816972787, 0.3267597486501711]], "r": [[[8, 12, 2, 5, 20, 21, 1, 2, 0, 4], [1, 1, 0, 1, 3, 0, 0, 5, 0, 1], [2, 1, 0, 0, 4, 1, 0, 1, 0, 4]], [[10, 10, 4, 7, 19, 15, 1, 0, 0, 4], [0, 2, 9, 0, 1, 0, 0, 2, 1, 2], [0, 1, 0, 0, 2, 3, 2, 0, 0, 5]], [[4, 9, 4, 3, 16, 21, 1, 1, 0, 7], [0, 1, 3, 1, 3, 2, 0, 1, 1, 2], [0, 2, 0, 0, 3, 5, 0, 1, 1, 8]], [[12, 7, 1, 6, 12, 11, 2, 2, 0, 6], [0, 2, 5, 1, 5, 2, 2, 1, 2, 1], [1, 5, 1, 0, 2, 2, 1, 1, 1, 6]], [[2, 11, 1, 4, 21, 21, 1, 4, 1, 5], [0, 1, 4, 0, 3, 3, 0, 2, 2, 0], [2, 1, 0, 0, 1, 1, 2, 1, 1, 5]], [[4, 10, 4, 9, 15, 19, 1, 1, 0, 5], [0, 1, 4, 2, 2, 4, 1, 3, 0, 1], [0, 0, 1, 0, 2, 6, 0, 0, 1, 4]], [[9, 8, 2, 11, 17, 22, 1, 2, 0, 4], [0, 3, 1, 2, 1, 3, 0, 1, 0, 2], [1, 4, 0, 2, 0, 1, 0, 0, 1, 2]], [[5, 8, 4, 9, 18, 15, 0, 5, 0, 4], [0, 1, 2, 1, 2, 2, 1, 2, 3, 0], [1, 0, 2, 0, 2, 0, 1, 0, 1, 11]], [[3, 6, 2, 8, 11, 19, 1, 4, 1, 7], [0, 2, 4, 2, 3, 2, 0, 2, 1, 1], [0, 1, 0, 1, 2, 6, 2, 1, 2, 6]], [[3, 9, 3, 8, 11, 17, 1, 1, 0, 5], [0, 3, 4, 0, 5, 3, 0, 3, 4, 3], [0, 2, 0, 0, 3, 3, 0, 0, 1, 8]], [[2, 9, 2, 3, 23, 17, 1, 2, 2, 3], [0, 2, 3, 0, 5, 1, 0, 3, 1, 2], [0, 1, 0, 0, 4, 5, 0, 0, 2, 7]], [[3, 9, 2, 5, 21, 16, 2, 2, 0, 5], [0, 1, 4, 0, 3, 4, 0, 3, 2, 2], [0, 4, 1, 1, 2, 1, 1, 0, 1, 5]], [[9, 7, 2, 5, 24, 17, 0, 4, 2, 5], [0, 2, 3, 0, 2, 1, 0, 2, 1, 2], [1, 1, 1, 0, 4, 0, 0, 1, 1, 3]], [[5, 11, 2, 8, 13, 19, 0, 4, 1, 3], [0, 1, 2, 0, 2, 9, 0, 1, 2, 0], [1, 2, 1, 0, 3, 3, 1, 2, 1, 3]], [[8, 11, 5, 3, 20, 11, 1, 2, 0, 7], [0, 3, 1, 2, 4, 4, 0, 1, 0, 1], [0, 4, 2, 0, 1, 2, 0, 0, 3, 4]], [[8, 7, 3, 3, 24, 15, 2, 2, 1, 4], [0, 2, 4, 1, 6, 2, 0, 1, 0, 1], [2, 1, 0, 0, 1, 2, 0, 0, 0, 8]], [[4, 13, 2, 5, 10, 14, 1, 0, 1, 4], [0, 4, 5, 3, 5, 5, 0, 2, 1, 1], [1, 1, 1, 2, 2, 5, 1, 0, 0, 7]], [[0, 2, 1, 0, 4, 1, 0, 0, 2, 2], [1, 12, 11, 2, 17, 14, 0, 12, 6, 3], [1, 2, 0, 0, 0, 1, 0, 1, 1, 4]], [[1, 1, 0, 3, 2, 3, 0, 1, 0, 1], [0, 5, 11, 2, 19, 15, 1, 8, 6, 8], [1, 2, 1, 0, 1, 3, 0, 0, 1, 4]], [[2, 2, 1, 0, 5, 8, 2, 0, 0, 1], [0, 6, 12, 2, 10, 9, 0, 15, 2, 2], [1, 4, 1, 1, 1, 4, 1, 1, 1, 6]], [[1, 2, 0, 5, 7, 4, 1, 0, 0, 0], [0, 6, 11, 4, 16, 8, 0, 9, 5, 5], [2, 1, 2, 0, 4, 3, 0, 0, 0, 4]], [[2, 4, 1, 0, 3, 7, 1, 0, 0, 0], [1, 9, 13, 4, 11, 13, 0, 7, 0, 7], [0, 0, 1, 0, 1, 4, 2, 0, 2, 7]], [[0, 3, 1, 4, 5, 3, 0, 0, 0, 2], [0, 2, 14, 4, 13, 8, 0, 12, 1, 7], [1, 5, 4, 1, 3, 1, 0, 2, 1, 3]], [[0, 4, 1, 2, 3, 4, 0, 0, 0, 0], [1, 7, 12, 7, 8, 9, 1, 8, 7, 8], [3, 2, 1, 0, 1, 2, 0, 1, 0, 8]], [[2, 3, 1, 3, 6, 4, 1, 1, 0, 2], [1, 10, 10, 4, 12, 10, 0, 9, 1, 5], [0, 4, 0, 0, 0, 2, 0, 2, 0, 7]], [[0, 1, 0, 2, 4, 4, 0, 0, 0, 1], [0, 9, 12, 8, 17, 7, 0, 11, 0, 7], [2, 2, 1, 1, 1, 1, 2, 2, 1, 4]], [[1, 2, 0, 1, 4, 2, 0, 0, 0, 2], [0, 9, 18, 6, 11, 9, 0, 8, 3, 6], [2, 2, 2, 1, 2, 4, 1, 0, 0, 4]], [[2, 1, 1, 1, 7, 3, 0, 1, 0, 1], [0, 12, 7, 2, 22, 12, 0, 10, 4, 3], [0, 0, 2, 0, 0, 3, 3, 0, 1, 2]], [[2, 3, 1, 0, 5, 5, 0, 0, 0, 1], [0, 8, 15, 5, 7, 6, 1, 11, 2, 4], [1, 5, 2, 0, 2, 7, 0, 0, 3, 4]], [[1, 2, 0, 1, 3, 6, 1, 1, 0, 3], [0, 5, 11, 1, 13, 10, 2, 7, 5, 10], [1, 6, 2, 0, 2, 2, 0, 1, 0, 4]], [[3, 4, 1, 0, 7, 4, 0, 0, 0, 1], [0, 5, 13, 4, 8, 9, 1, 13, 2, 4], [0, 2, 0, 0, 5, 2, 0, 0, 5, 7]], [[1, 3, 1, 4, 9, 7, 0, 0, 1, 0], [0, 4, 11, 2, 11, 8, 0, 10, 3, 11], [0, 1, 2, 0, 4, 1, 1, 0, 1, 4]], [[0, 1, 0, 1, 6, 5, 1, 0, 0, 1], [0, 9, 14, 4, 12, 10, 1, 12, 3, 8], [0, 3, 3, 1, 0, 1, 0, 0, 0, 4]], [[2, 1, 0, 0, 5, 8, 1, 2, 0, 1], [0, 2, 11, 1, 4, 6, 1, 1, 2, 4], [1, 6, 7, 0, 7, 7, 1, 0, 6, 13]], [[0, 3, 0, 1, 1, 4, 0, 0, 0, 2], [0, 1, 3, 2, 5, 1, 0, 2, 2, 2], [2, 6, 6, 1, 5, 17, 3, 2, 5, 24]], [[4, 2, 0, 1, 10, 7, 0, 2, 0, 1], [1, 2, 0, 1, 4, 4, 0, 2, 0, 0], [3, 7, 3, 3, 6, 12, 2, 2, 3, 18]], [[1, 4, 1, 0, 5, 6, 0, 0, 0, 1], [1, 4, 4, 0, 3, 1, 0, 3, 1, 2], [2, 9, 6, 1, 3, 9, 1, 2, 7, 23]], [[0, 0, 1, 3, 8, 3, 0, 0, 0, 0], [0, 4, 5, 1, 3, 2, 0, 5, 1, 3], [2, 8, 2, 1, 9, 13, 3, 2, 1, 20]], [[2, 0, 0, 2, 0, 5, 0, 0, 0, 0], [0, 3, 2, 1, 7, 5, 0, 2, 1, 1], [0, 8, 3, 0, 9, 10, 6, 1, 7, 25]], [[1, 3, 1, 0, 5, 3, 0, 0, 1, 2], [0, 0, 8, 3, 3, 1, 0, 3, 0, 1], [0, 8, 4, 1, 6, 13, 3, 2, 5, 23]], [[3, 1, 1, 0, 4, 3, 0, 2, 0, 3], [0, 0, 2, 0, 1, 0, 0, 5, 1, 2], [4, 7, 1, 2, 10, 14, 2, 3, 4, 25]], [[3, 3, 1, 1, 2, 2, 0, 0, 0, 1], [0, 1, 4, 1, 5, 2, 0, 2, 0, 2], [1, 9, 6, 0, 7, 13, 1, 1, 5, 27]], [[1, 2, 2, 0, 3, 3, 0, 0, 1, 0], [0, 2, 2, 1, 3, 2, 1, 3, 0, 4], [4, 13, 5, 0, 5, 10, 1, 6, 2, 24]], [[0, 2, 0, 2, 1, 2, 1, 0, 0, 0], [0, 3, 3, 0, 2, 1, 0, 2, 2, 6], [2, 12, 12, 0, 6, 12, 6, 1, 0, 22]], [[2, 3, 0, 1, 4, 5, 0, 0, 0, 2], [0, 1, 3, 1, 2, 4, 0, 3, 0, 2], [0, 10, 4, 2, 8, 13, 4, 3, 2, 21]], [[3, 1, 0, 0, 4, 6, 0, 0, 0, 1], [0, 1, 4, 0, 3, 2, 0, 2, 1, 1], [2, 14, 5, 1, 6, 14, 2, 1, 3, 23]], [[0, 5, 0, 3, 3, 2, 0, 0, 0, 0], [0, 4, 1, 2, 4, 1, 0, 4, 1, 2], [2, 11, 4, 1, 8, 16, 5, 1, 4, 16]], [[1, 1, 0, 2, 3, 5, 0, 2, 0, 1], [0, 0, 7, 1, 5, 1, 0, 4, 0, 1], [2, 11, 5, 1, 2, 15, 0, 4, 6, 20]], [[2, 0, 0, 1, 10, 2, 0, 0, 0, 0], [0, 5, 3, 0, 0, 1, 0, 1, 2, 1], [4, 11, 5, 0, 11, 9, 1, 4, 1, 26]], [[2, 5, 1, 3, 2, 5, 0, 0, 0, 0], [0, 3, 4, 2, 7, 1, 0, 2, 0, 4], [0, 9, 6, 2, 7, 7, 3, 1, 4, 20]]], "n": [[11, 14, 2, 6, 27, 22, 1, 8, 0, 9], [10, 13, 13, 7, 22, 18, 3, 2, 1, 11], [4, 12, 7, 4, 22, 28, 1, 3, 2, 17], [13, 14, 7, 7, 19, 15, 5, 4, 3, 13], [4, 13, 5, 4, 25, 25, 3, 7, 4, 10], [4, 11, 9, 11, 19, 29, 2, 4, 1, 10], [10, 15, 3, 15, 18, 26, 1, 3, 1, 8], [6, 9, 8, 10, 22, 17, 2, 7, 4, 15], [3, 9, 6, 11, 16, 27, 3, 7, 4, 14], [3, 14, 7, 8, 19, 23, 1, 4, 5, 16], [2, 12, 5, 3, 32, 23, 1, 5, 5, 12], [3, 14, 7, 6, 26, 21, 3, 5, 3, 12], [10, 10, 6, 5, 30, 18, 0, 7, 4, 10], [6, 14, 5, 8, 18, 31, 1, 7, 4, 6], [8, 18, 8, 5, 25, 17, 1, 3, 3, 12], [10, 10, 7, 4, 31, 19, 2, 3, 1, 13], [5, 18, 8, 10, 17, 24, 2, 2, 2, 12], [2, 16, 12, 2, 21, 16, 0, 13, 9, 9], [2, 8, 12, 5, 22, 21, 1, 9, 7, 13], [3, 12, 14, 3, 16, 21, 3, 16, 3, 9], [3, 9, 13, 9, 27, 15, 1, 9, 5, 9], [3, 13, 15, 4, 15, 24, 3, 7, 2, 14], [1, 10, 19, 9, 21, 12, 0, 14, 2, 12], [4, 13, 14, 9, 12, 15, 1, 9, 7, 16], [3, 17, 11, 7, 18, 16, 1, 12, 1, 14], [2, 12, 13, 11, 22, 12, 2, 13, 1, 12], [3, 13, 20, 8, 17, 15, 1, 8, 3, 12], [2, 13, 10, 3, 29, 18, 3, 11, 5, 6], [3, 16, 18, 5, 14, 18, 1, 11, 5, 9], [2, 13, 13, 2, 18, 18, 3, 9, 5, 17], [3, 11, 14, 4, 20, 15, 1, 13, 7, 12], [1, 8, 14, 6, 24, 16, 1, 10, 5, 15], [0, 13, 17, 6, 18, 16, 2, 12, 3, 13], [3, 9, 18, 1, 16, 21, 3, 3, 8, 18], [2, 10, 9, 4, 11, 22, 3, 4, 7, 28], [8, 11, 3, 5, 20, 23, 2, 6, 3, 19], [4, 17, 11, 1, 11, 16, 1, 5, 8, 26], [2, 12, 8, 5, 20, 18, 3, 7, 2, 23], [2, 11, 5, 3, 16, 20, 6, 3, 8, 26], [1, 11, 13, 4, 14, 17, 3, 5, 6, 26], [7, 8, 4, 2, 15, 17, 2, 10, 5, 30], [4, 13, 11, 2, 14, 17, 1, 3, 5, 30], [5, 17, 9, 1, 11, 15, 2, 9, 3, 28], [2, 17, 15, 2, 9, 15, 7, 3, 2, 28], [2, 14, 7, 4, 14, 22, 4, 6, 2, 25], [5, 16, 9, 1, 13, 22, 2, 3, 4, 25], [2, 20, 5, 6, 15, 19, 5, 5, 5, 18], [3, 12, 12, 4, 10, 21, 0, 10, 6, 22], [6, 16, 8, 1, 21, 12, 1, 5, 3, 27], [2, 17, 11, 7, 16, 13, 3, 3, 4, 24]], "lambda_": 0.5,