{"M": 50, "G": 4, "I": 10, "J": 100, "p": [[0.12436308318824252, 0.2936479442801595, 2.6361498408479558e-05, 0.0829722235922016, 0.03657783742707565, 0.022328848500363704, 0.04750328779774075, 0.09771395866406389, 0.11649176519617498, 0.17837468985556892], [0.07873758750669205, 0.16750337765308135, 0.03314541339433604, 0.3050005136808091, 0.0040242128188571836, 0.16086639690315654, 0.07826685922393407, 0.11854087140099424, 0.021921593367001047, 0.03199317405113854], [0.12057861540422678, 0.2578923561662436, 0.028107564516233675, 0.08810394329377169, 0.1562662701013204, 0.16818376689753073, 0.0066434326979972836, 0.0029777413570878652, 0.013912210833154727, 0.1573340987324331], [0.009859011576533475, 0.052057948152223206, 0.3016460602789838, 0.07254646344484156, 0.11211347244977547, 0.036101761547984806, 0.11046616198861507, 0.1713756338967649, 0.001757767044924791, 0.13207571961935297]], "r": [[[8, 15, 0, 3, 2, 1, 3, 5, 10, 15], [0, 2, 2, 5, 0, 2, 0, 1, 1, 0], [2, 2, 1, 1, 2, 2, 0, 0, 0, 4], [0, 2, 6, 1, 1, 0, 0, 1, 0, 0]], [[11, 20, 0, 4, 1, 4, 5, 6, 5, 13], [2, 2, 2, 3, 0, 3, 1, 0, 0, 0], [0, 0, 1, 0, 4, 2, 0, 0, 0, 1], [1, 0, 4, 0, 1, 1, 0, 1, 0, 2]], [[4, 11, 0, 4, 3, 1, 5, 6, 7, 11], [1, 4, 1, 9, 0, 2, 2, 0, 0, 0], [1, 3, 0, 0, 4, 2, 0, 0, 0, 1], [1, 1, 8, 0, 2, 0, 2, 1, 0, 3]], [[9, 17, 0, 5, 2, 2, 1, 8, 9, 11], [1, 0, 0, 4, 0, 0, 0, 2, 0, 1], [1, 2, 0, 0, 4, 2, 0, 0, 0, 3], [0, 0, 4, 0, 1, 2, 1, 5, 0, 3]], [[7, 16, 0, 5, 2, 1, 1, 7, 5, 19], [0, 3, 0, 2, 0, 4, 1, 3, 1, 0], [2, 4, 0, 0, 2, 3, 0, 0, 0, 4], [0, 0, 4, 1, 0, 2, 0, 1, 0, 0]], [[8, 21, 0, 11, 1, 0, 2, 4, 5, 9], [0, 4, 0, 5, 0, 3, 1, 2, 1, 0], [2, 2, 1, 1, 1, 2, 0, 0, 0, 2], [0, 0, 4, 2, 3, 0, 1, 1, 0, 1]], [[6, 17, 0, 4, 5, 2, 2, 4, 11, 12], [0, 3, 1, 4, 0, 3, 1, 2, 0, 0], [2, 5, 0, 0, 3, 2, 0, 0, 0, 1], [0, 1, 2, 2, 1, 0, 2, 1, 0, 1]], [[5, 16, 0, 8, 2, 1, 3, 8, 8, 11], [0, 1, 0, 2, 0, 4, 1, 0, 0, 0], [4, 3, 1, 0, 2, 4, 1, 0, 1, 4], [0, 1, 2, 0, 0, 1, 2, 2, 0, 2]], [[10, 17, 0, 5, 4, 1, 2, 4, 5, 9], [1, 2, 0, 2, 0, 3, 0, 2, 0, 0], [3, 10, 0, 2, 1, 1, 0, 0, 1, 1], [0, 1, 2, 1, 0, 0, 1, 5, 0, 4]], [[11, 17, 0, 6, 2, 1, 2, 3, 8, 10], [0, 1, 1, 3, 0, 2, 1, 3, 0, 0], [1, 2, 0, 1, 0, 3, 0, 0, 0, 4], [0, 3, 7, 0, 1, 1, 4, 1, 0, 1]], [[8, 18, 0, 3, 3, 0, 10, 7, 6, 15], [0, 2, 1, 2, 0, 2, 0, 1, 0, 0], [0, 3, 0, 0, 3, 3, 0, 0, 0, 5], [0, 1, 0, 0, 0, 0, 0, 4, 0, 3]], [[7, 19, 0, 4, 2, 0, 5, 9, 8, 7], [0, 3, 1, 6, 0, 2, 1, 0, 0, 0], [1, 3, 0, 1, 2, 4, 0, 0, 0, 1], [1, 1, 5, 1, 2, 0, 1, 3, 0, 0]], [[3, 17, 0, 3, 0, 0, 3, 3, 3, 8], [0, 6, 0, 10, 0, 8, 4, 2, 1, 3], [3, 6, 1, 2, 1, 0, 0, 0, 0, 3], [0, 0, 6, 1, 0, 0, 1, 2, 0, 0]], [[4, 6, 0, 2, 1, 0, 1, 2, 0, 0], [10, 6, 2, 22, 0, 8, 6, 10, 2, 2], [0, 3, 0, 0, 1, 5, 0, 0, 0, 1], [0, 0, 1, 0, 2, 0, 2, 0, 0, 1]], [[2, 4, 0, 2, 0, 0, 2, 3, 1, 5], [7, 11, 1, 16, 0, 11, 3, 8, 0, 2], [1, 0, 0, 2, 1, 0, 0, 0, 0, 1], [1, 3, 1, 1, 2, 1, 0, 7, 0, 1]], [[3, 4, 0, 1, 0, 0, 0, 1, 4, 5], [3, 10, 2, 17, 0, 11, 3, 9, 1, 2], [2, 2, 0, 0, 1, 4, 0, 1, 1, 0], [1, 1, 6, 0, 3, 0, 0, 1, 0, 1]], [[0, 2, 0, 2, 2, 1, 1, 2, 2, 1], [3, 6, 4, 18, 1, 11, 10, 11, 1, 6], [2, 3, 0, 0, 4, 0, 0, 0, 0, 1], [0, 1, 2, 0, 0, 0, 0, 3, 0, 0]], [[2, 2, 0, 0, 1, 0, 0, 0, 2, 3], [5, 9, 0, 22, 1, 12, 5, 7, 4, 1], [2, 5, 0, 1, 2, 5, 0, 0, 0, 0], [0, 0, 4, 0, 1, 1, 1, 1, 0, 1]], [[2, 3, 0, 0, 0, 0, 3, 1, 1, 3], [4, 13, 1, 19, 0, 12, 7, 10, 1, 1], [1, 4, 0, 2, 2, 3, 0, 0, 0, 2], [1, 0, 1, 0, 0, 0, 0, 1, 0, 2]], [[1, 2, 0, 0, 1, 0, 1, 3, 1, 0], [5, 11, 2, 19, 0, 11, 6, 6, 2, 0], [3, 2, 0, 3, 2, 0, 0, 0, 1, 0], [0, 2, 10, 0, 1, 0, 2, 2, 0, 1]], [[0, 2, 0, 2, 1, 1, 0, 0, 2, 0], [4, 13, 3, 18, 0, 9, 4, 8, 0, 3], [1, 5, 0, 2, 2, 4, 0, 0, 0, 3], [0, 1, 4, 1, 1, 2, 1, 2, 0, 1]], [[0, 2, 0, 0, 0, 2, 0, 3, 1, 2], [5, 10, 0, 26, 0, 11, 2, 4, 0, 1], [1, 4, 2, 2, 2, 1, 0, 0, 1, 2], [0, 2, 5, 2, 2, 0, 0, 4, 0, 1]], [[1, 2, 0, 1, 0, 1, 0, 1, 3, 3], [8, 7, 2, 19, 0, 14, 4, 8, 3, 0], [3, 2, 1, 0, 1, 2, 0, 0, 0, 2], [0, 1, 7, 0, 0, 1, 1, 2, 0, 0]], [[2, 5, 0, 1, 0, 0, 2, 1, 0, 0], [5, 11, 6, 21, 0, 14, 2, 6, 0, 2], [1, 4, 1, 1, 0, 3, 0, 0, 0, 4], [0, 0, 1, 1, 2, 1, 2, 1, 0, 0]], [[0, 5, 0, 1, 0, 0, 0, 0, 0, 1], [4, 16, 3, 18, 0, 13, 2, 5, 2, 1], [2, 4, 1, 2, 1, 1, 0, 0, 0, 1], [1, 0, 5, 3, 4, 1, 0, 3, 0, 0]], [[1, 4, 0, 3, 0, 1, 0, 1, 1, 3], [1, 3, 0, 4, 0, 1, 1, 3, 0, 0], [10, 15, 0, 7, 10, 9, 0, 0, 1, 8], [0, 1, 5, 2, 1, 0, 1, 2, 0, 1]], [[0, 0, 0, 1, 0, 0, 2, 1, 1, 6], [3, 3, 0, 0, 0, 3, 0, 0, 0, 1], [6, 19, 4, 1, 8, 13, 0, 2, 0, 13], [0, 0, 3, 1, 2, 1, 1, 4, 0, 1]], [[1, 1, 0, 1, 1, 0, 3, 0, 0, 1], [0, 4, 0, 3, 0, 2, 1, 2, 0, 0], [7, 29, 1, 4, 3, 10, 0, 0, 1, 10], [1, 2, 2, 1, 0, 1, 0, 3, 0, 5]], [[1, 4, 0, 1, 0, 1, 1, 0, 1, 1], [2, 4, 2, 2, 1, 1, 1, 2, 1, 0], [7, 12, 3, 6, 11, 11, 1, 1, 0, 8], [0, 2, 6, 1, 0, 1, 0, 3, 0, 1]], [[0, 6, 0, 2, 0, 0, 0, 2, 1, 1], [1, 0, 0, 2, 0, 3, 1, 2, 1, 0], [7, 25, 0, 7, 6, 10, 0, 0, 3, 5], [0, 1, 5, 2, 2, 0, 1, 3, 0, 1]], [[2, 6, 0, 1, 0, 1, 0, 2, 2, 2], [0, 2, 1, 4, 0, 2, 1, 2, 2, 0], [6, 13, 3, 6, 8, 11, 0, 1, 1, 14], [0, 0, 3, 1, 0, 0, 0, 2, 0, 1]], [[0, 3, 0, 2, 1, 1, 0, 4, 0, 3], [1, 0, 0, 4, 0, 2, 3, 4, 0, 1], [8, 17, 2, 5, 10, 8, 0, 0, 0, 8], [0, 1, 4, 1, 2, 0, 1, 3, 0, 1]], [[4, 2, 0, 2, 0, 0, 1, 3, 1, 3], [1, 1, 1, 4, 0, 1, 2, 6, 0, 0], [5, 17, 0, 2, 14, 10, 0, 0, 1, 9], [0, 0, 4, 1, 0, 0, 1, 2, 0, 2]], [[1, 3, 0, 1, 0, 0, 0, 1, 1, 2], [1, 3, 0, 2, 0, 1, 1, 2, 0, 0], [5, 18, 4, 3, 11, 13, 0, 1, 2, 11], [0, 1, 3, 0, 0, 0, 2, 5, 0, 2]], [[1, 5, 0, 1, 1, 0, 0, 1, 1, 1], [0, 1, 2, 1, 1, 0, 1, 1, 0, 0], [9, 21, 0, 5, 10, 11, 1, 0, 0, 7], [0, 0, 6, 2, 2, 0, 1, 5, 0, 2]], [[3, 5, 0, 1, 0, 0, 0, 0, 1, 4], [0, 1, 0, 3, 0, 1, 2, 1, 0, 0], [9, 20, 2, 2, 8, 12, 0, 1, 0, 10], [0, 0, 7, 0, 1, 0, 2, 0, 0, 4]], [[2, 7, 0, 0, 1, 0, 1, 1, 1, 4], [2, 2, 1, 1, 0, 4, 0, 0, 0, 0], [7, 9, 1, 6, 13, 10, 0, 0, 1, 9], [0, 0, 3, 2, 2, 0, 2, 5, 0, 3]], [[0, 6, 0, 1, 1, 0, 0, 0, 1, 3], [2, 2, 0, 3, 0, 1, 0, 0, 0, 2], [4, 12, 3, 2, 9, 7, 1, 0, 0, 2], [0, 1, 9, 3, 3, 0, 7, 7, 0, 8]], [[3, 3, 0, 2, 0, 0, 0, 3, 1, 0], [1, 0, 0, 2, 0, 1, 1, 3, 1, 0], [3, 4, 0, 1, 1, 2, 0, 0, 0, 0], [1, 0, 18, 3, 6, 2, 9, 15, 0, 14]], [[1, 4, 0, 1, 0, 1, 0, 3, 2, 2], [0, 1, 0, 4, 0, 2, 1, 1, 0, 0], [5, 4, 0, 1, 0, 2, 0, 0, 0, 1], [0, 5, 18, 5, 7, 3, 8, 11, 0, 7]], [[2, 5, 0, 1, 0, 0, 1, 1, 2, 3], [1, 2, 0, 4, 0, 1, 0, 3, 1, 0], [0, 3, 1, 0, 1, 0, 0, 0, 0, 2], [2, 4, 18, 8, 7, 6, 3, 11, 0, 7]], [[0, 8, 0, 1, 0, 1, 0, 1, 1, 2], [0, 2, 0, 5, 0, 1, 0, 2, 1, 2], [0, 3, 0, 0, 4, 1, 0, 1, 0, 2], [1, 5, 13, 7, 3, 8, 9, 8, 1, 7]], [[1, 2, 0, 0, 1, 0, 0, 1, 2, 1], [0, 3, 2, 4, 0, 2, 0, 2, 1, 0], [0, 4, 0, 1, 3, 1, 0, 0, 0, 1], [1, 3, 19, 6, 8, 3, 8, 8, 0, 12]], [[3, 3, 0, 2, 0, 0, 2, 1, 2, 1], [2, 1, 0, 2, 0, 2, 0, 0, 0, 3], [2, 2, 0, 0, 1, 1, 0, 0, 0, 2], [1, 3, 23, 5, 8, 6, 7, 9, 0, 6]], [[0, 2, 0, 3, 0, 0, 2, 2, 1, 0], [1, 3, 1, 2, 0, 0, 1, 3, 0, 0], [2, 1, 1, 2, 2, 6, 0, 0, 0, 1], [0, 4, 21, 6, 10, 0, 8, 7, 0, 8]], [[1, 3, 0, 2, 0, 1, 1, 1, 3, 1], [1, 2, 1, 6, 0, 2, 1, 1, 0, 0], [2, 1, 0, 0, 1, 4, 0, 0, 0, 1], [0, 1, 23, 5, 9, 1, 5, 7, 0, 13]], [[3, 9, 0, 2, 2, 0, 0, 2, 1, 3], [0, 0, 0, 5, 0, 2, 0, 3, 1, 0], [3, 3, 0, 2, 2, 0, 0, 0, 0, 1], [2, 3, 12, 2, 10, 2, 4, 14, 0, 7]], [[1, 3, 0, 2, 1, 0, 0, 1, 1, 0], [0, 4, 0, 7, 0, 1, 1, 0, 1, 0], [3, 6, 0, 0, 1, 8, 0, 0, 0, 1], [0, 0, 14, 5, 11, 1, 4, 12, 0, 11]], [[0, 4, 0, 0, 1, 0, 0, 2, 4, 3], [0, 3, 0, 6, 0, 3, 2, 1, 2, 0], [3, 2, 0, 1, 0, 8, 0, 0, 0, 2], [1, 3, 12, 2, 8, 6, 4, 4, 1, 12]], [[0, 3, 0, 1, 1, 1, 1, 0, 3, 3], [2, 4, 1, 3, 0, 2, 1, 2, 0, 0], [2, 5, 0, 0, 3, 2, 1, 0, 0, 1], [0, 5, 14, 4, 10, 1, 8, 8, 0, 8]]],