{"M": 50, "G": 3, "I": 10, "J": 100, "p": [[0.03722007240600084, 0.10908437447685727, 0.11784646370736214, 0.006874941986419378, 0.0659039693392477, 0.03718022718294757, 0.17190609579094332, 0.02633725933365949, 0.010740806916152435, 0.41690578886040985], [0.14673895330909076, 0.014366663143133332, 0.2268965385650288, 0.03052185574293443, 0.050964679802890864, 0.06146641749906182, 0.21102591149970712, 0.11042169790901495, 0.04284264910101868, 0.10475463342811923], [0.013250987302843993, 0.256850768624498, 0.08595952150947349, 0.06569266432504305, 0.03884849397216915, 0.004543834327340669, 0.14359733763946944, 0.0806029761315524, 0.149913861489711, 0.16073955467789863]], "r": [[[2, 7, 8, 1, 5, 3, 12, 1, 0, 32], [1, 0, 2, 0, 1, 1, 4, 1, 2, 1], [0, 3, 2, 1, 0, 0, 3, 1, 2, 4]], [[3, 9, 13, 0, 3, 1, 5, 5, 2, 31], [1, 0, 5, 0, 1, 1, 4, 1, 0, 3], [0, 0, 3, 1, 1, 0, 2, 2, 3, 0]], [[5, 10, 9, 0, 4, 6, 11, 1, 4, 20], [2, 0, 8, 2, 2, 1, 2, 2, 0, 1], [0, 1, 1, 0, 0, 0, 2, 1, 0, 5]], [[2, 8, 6, 1, 8, 2, 13, 2, 0, 25], [4, 0, 4, 1, 2, 0, 3, 2, 0, 2], [0, 3, 0, 1, 0, 0, 7, 0, 1, 3]], [[0, 9, 5, 0, 6, 3, 12, 0, 1, 29], [4, 0, 3, 2, 1, 0, 7, 3, 0, 3], [0, 5, 2, 1, 0, 1, 0, 0, 2, 1]], [[7, 9, 9, 0, 2, 2, 9, 2, 1, 20], [4, 0, 3, 0, 3, 0, 2, 0, 0, 3], [0, 4, 3, 1, 0, 0, 7, 2, 3, 4]], [[3, 9, 7, 0, 2, 2, 10, 1, 1, 31], [2, 0, 3, 0, 2, 0, 5, 1, 0, 4], [0, 2, 1, 4, 2, 1, 0, 1, 2, 4]], [[1, 10, 4, 1, 3, 0, 11, 4, 2, 23], [1, 0, 6, 0, 0, 1, 5, 4, 1, 3], [0, 3, 6, 1, 2, 0, 2, 1, 3, 2]], [[2, 7, 7, 2, 5, 2, 8, 2, 0, 22], [5, 2, 3, 0, 0, 3, 4, 3, 0, 2], [0, 6, 3, 1, 1, 0, 3, 1, 3, 3]], [[1, 6, 7, 0, 3, 2, 14, 0, 0, 27], [3, 1, 5, 1, 2, 1, 2, 3, 0, 0], [1, 5, 1, 1, 1, 0, 2, 1, 4, 6]], [[2, 8, 6, 0, 8, 3, 12, 0, 1, 33], [1, 0, 3, 1, 0, 1, 2, 1, 2, 0], [0, 5, 1, 0, 1, 1, 5, 1, 0, 2]], [[1, 9, 6, 1, 5, 6, 14, 1, 0, 26], [0, 0, 3, 0, 2, 1, 2, 4, 1, 0], [0, 6, 0, 1, 3, 0, 3, 1, 4, 0]], [[0, 8, 7, 0, 5, 2, 16, 1, 0, 30], [2, 1, 4, 0, 1, 1, 1, 2, 1, 0], [0, 5, 0, 3, 1, 0, 4, 1, 2, 2]], [[1, 9, 9, 0, 6, 2, 9, 1, 0, 34], [2, 0, 4, 1, 0, 1, 3, 1, 1, 1], [0, 2, 3, 1, 2, 0, 2, 1, 3, 1]], [[3, 5, 6, 0, 6, 1, 9, 2, 2, 31], [0, 0, 5, 2, 1, 1, 2, 2, 0, 0], [0, 7, 1, 3, 0, 0, 2, 4, 5, 0]], [[1, 7, 6, 0, 1, 4, 14, 3, 1, 33], [2, 0, 2, 0, 2, 0, 0, 1, 3, 0], [0, 7, 3, 1, 2, 0, 2, 1, 4, 0]], [[3, 6, 3, 0, 3, 2, 10, 1, 0, 21], [11, 0, 7, 0, 4, 2, 6, 1, 1, 0], [1, 4, 1, 2, 0, 0, 1, 4, 4, 2]], [[0, 3, 0, 1, 1, 1, 2, 0, 0, 7], [10, 0, 16, 1, 6, 7, 11, 10, 2, 8], [0, 3, 0, 0, 1, 0, 2, 2, 3, 3]], [[0, 4, 4, 0, 0, 1, 3, 1, 0, 6], [12, 1, 8, 2, 5, 8, 16, 10, 3, 6], [0, 4, 0, 1, 0, 0, 1, 2, 0, 2]], [[1, 2, 4, 0, 1, 1, 1, 1, 1, 1], [10, 1, 18, 7, 3, 3, 16, 3, 5, 7], [1, 1, 1, 2, 1, 0, 2, 0, 4, 2]], [[1, 4, 3, 0, 1, 1, 2, 1, 1, 6], [12, 1, 15, 0, 2, 3, 19, 8, 1, 6], [1, 2, 2, 0, 0, 0, 0, 1, 4, 3]], [[0, 2, 2, 0, 0, 0, 5, 0, 1, 5], [6, 2, 7, 1, 6, 3, 17, 9, 6, 11], [0, 2, 1, 1, 1, 0, 2, 0, 5, 5]], [[0, 2, 4, 0, 3, 2, 3, 1, 0, 7], [11, 0, 14, 0, 4, 4, 15, 5, 3, 7], [0, 4, 1, 1, 0, 0, 3, 1, 2, 3]], [[0, 2, 2, 0, 1, 1, 3, 1, 0, 3], [11, 0, 20, 3, 2, 9, 16, 1, 2, 6], [0, 9, 2, 0, 1, 0, 0, 1, 3, 1]], [[0, 1, 0, 0, 0, 2, 3, 1, 0, 5], [6, 1, 17, 3, 2, 3, 13, 10, 4, 12], [0, 5, 0, 0, 0, 0, 3, 0, 4, 5]], [[0, 2, 0, 0, 0, 1, 4, 0, 1, 11], [10, 2, 12, 2, 3, 4, 12, 8, 2, 6], [0, 3, 1, 1, 2, 0, 3, 7, 2, 1]], [[0, 1, 0, 0, 1, 1, 3, 0, 0, 10], [7, 2, 14, 3, 4, 3, 18, 9, 2, 6], [0, 7, 1, 2, 1, 0, 2, 1, 0, 2]], [[1, 3, 1, 0, 2, 1, 2, 2, 0, 10], [6, 1, 22, 2, 0, 6, 5, 8, 4, 7], [0, 7, 2, 1, 0, 0, 2, 1, 1, 3]], [[1, 0, 1, 0, 0, 0, 1, 0, 0, 6], [8, 1, 18, 4, 5, 6, 11, 6, 5, 7], [0, 3, 4, 1, 0, 0, 2, 4, 5, 1]], [[0, 1, 3, 0, 2, 1, 3, 0, 0, 7], [13, 0, 13, 2, 3, 2, 18, 5, 4, 6], [0, 6, 0, 3, 0, 0, 2, 0, 1, 5]], [[1, 0, 4, 0, 1, 0, 4, 1, 1, 8], [5, 1, 15, 2, 4, 6, 10, 9, 1, 10], [0, 4, 1, 2, 0, 1, 2, 1, 4, 2]], [[0, 1, 1, 0, 1, 0, 4, 0, 0, 6], [10, 0, 18, 3, 2, 5, 7, 8, 3, 10], [0, 5, 1, 1, 0, 0, 3, 2, 6, 3]], [[0, 1, 2, 0, 3, 2, 3, 1, 0, 5], [16, 0, 15, 1, 2, 2, 15, 10, 4, 9], [0, 5, 0, 0, 0, 0, 0, 3, 1, 0]], [[0, 2, 3, 1, 3, 0, 5, 0, 0, 5], [8, 0, 6, 0, 7, 0, 7, 3, 0, 2], [1, 16, 4, 3, 6, 1, 2, 4, 3, 8]], [[0, 2, 2, 0, 1, 4, 4, 0, 0, 7], [2, 0, 2, 1, 1, 1, 7, 1, 1, 3], [1, 22, 4, 3, 2, 0, 7, 8, 6, 8]], [[0, 6, 0, 0, 1, 0, 3, 0, 0, 4], [3, 0, 5, 0, 2, 0, 2, 4, 0, 4], [2, 9, 5, 2, 2, 0, 10, 12, 17, 7]], [[0, 4, 1, 1, 2, 0, 2, 1, 0, 8], [4, 0, 3, 0, 1, 5, 3, 2, 1, 2], [1, 14, 5, 2, 5, 0, 5, 9, 12, 7]], [[0, 0, 5, 1, 2, 1, 5, 0, 0, 11], [1, 0, 3, 0, 0, 0, 1, 0, 2, 1], [1, 17, 6, 6, 4, 1, 10, 5, 8, 9]], [[0, 1, 2, 0, 1, 1, 3, 0, 0, 7], [7, 0, 3, 0, 0, 0, 1, 2, 2, 1], [1, 19, 2, 3, 3, 0, 9, 5, 9, 18]], [[0, 1, 2, 0, 2, 1, 2, 0, 0, 9], [4, 0, 4, 0, 2, 3, 3, 2, 2, 2], [0, 12, 2, 4, 2, 0, 13, 6, 13, 9]], [[1, 3, 0, 0, 2, 1, 3, 0, 0, 9], [2, 0, 1, 1, 0, 0, 3, 2, 2, 1], [0, 17, 6, 4, 6, 1, 7, 7, 14, 7]], [[1, 1, 3, 0, 1, 0, 2, 1, 0, 8], [2, 1, 5, 0, 2, 0, 4, 3, 1, 1], [1, 14, 2, 3, 3, 0, 7, 6, 18, 10]], [[0, 2, 3, 0, 0, 2, 3, 0, 0, 6], [3, 0, 2, 1, 2, 2, 5, 4, 0, 2], [0, 18, 4, 3, 2, 0, 13, 7, 10, 6]], [[0, 2, 1, 0, 2, 0, 1, 0, 1, 12], [1, 1, 3, 1, 1, 1, 4, 1, 0, 0], [2, 25, 7, 1, 2, 0, 11, 8, 3, 9]], [[0, 3, 2, 0, 1, 1, 1, 0, 1, 6], [3, 0, 3, 1, 1, 1, 5, 1, 0, 1], [0, 15, 5, 7, 1, 1, 12, 4, 15, 9]], [[1, 2, 2, 0, 0, 0, 5, 0, 0, 8], [0, 1, 2, 1, 1, 1, 3, 1, 1, 2], [1, 18, 3, 3, 3, 0, 7, 6, 12, 16]], [[0, 5, 2, 0, 0, 0, 2, 0, 0, 5], [1, 0, 2, 0, 0, 1, 0, 3, 2, 2], [1, 15, 10, 5, 3, 0, 9, 7, 11, 14]], [[0, 3, 1, 0, 2, 1, 3, 0, 0, 7], [3, 1, 4, 1, 2, 2, 1, 2, 0, 1], [1, 13, 6, 3, 6, 0, 7, 4, 11, 15]], [[0, 3, 0, 0, 3, 0, 3, 2, 1, 3], [3, 0, 2, 0, 0, 0, 9, 0, 1, 1], [1, 18, 6, 5, 2, 0, 10, 8, 7, 12]], [[0, 1, 1, 0, 0, 0, 3, 0, 0, 8], [1, 1, 5, 2, 0, 0, 2, 3, 0, 3], [0, 16, 12, 5, 4, 0, 7, 3, 13, 10]]], "n": [[3, 10, 12, 2, 6, 4, 19, 3, 4, 37], [4, 9, 21, 1, 5, 2, 11, 8, 5, 34], [7, 11, 18, 2, 6, 7, 15, 4, 4, 26], [6, 11, 10, 3, 10, 2, 23, 4, 1, 30], [4, 14, 10, 3, 7, 4, 19, 3, 3, 33], [11, 13, 15, 1, 5, 2, 18, 4, 4, 27], [5, 11, 11, 4, 6, 3, 15, 3, 3, 39], [2, 13, 16, 2, 5, 1, 18, 9, 6, 28], [7, 15, 13, 3, 6, 5, 15, 6, 3, 27], [5, 12, 13, 2, 6, 3, 18, 4, 4, 33], [3, 13, 10, 1, 9, 5, 19, 2, 3, 35], [1, 15, 9, 2, 10, 7, 19, 6, 5, 26], [2, 14, 11, 3, 7, 3, 21, 4, 3, 32], [3, 11, 16, 2, 8, 3, 14, 3, 4, 36], [3, 12, 12, 5, 7, 2, 13, 8, 7, 31], [3, 14, 11, 1, 5, 4, 16, 5, 8, 33], [15, 10, 11, 2, 7, 4, 17, 6, 5, 23], [10, 6, 16, 2, 8, 8, 15, 12, 5, 18], [12, 9, 12, 3, 5, 9, 20, 13, 3, 14], [12, 4, 23, 9, 5, 4, 19, 4, 10, 10], [14, 7, 20, 0, 3, 4, 21, 10, 6, 15], [6, 6, 10, 2, 7, 3, 24, 9, 12, 21], [11, 6, 19, 1, 7, 6, 21, 7, 5, 17], [11, 11, 24, 3, 4, 10, 19, 3, 5, 10], [6, 7, 17, 3, 2, 5, 19, 11, 8, 22], [10, 7, 13, 3, 5, 5, 19, 15, 5, 18], [7, 10, 15, 5, 6, 4, 23, 10, 2, 18], [7, 11, 25, 3, 2, 7, 9, 11, 5, 20], [9, 4, 23, 5, 5, 6, 14, 10, 10, 14], [13, 7, 16, 5, 5, 3, 23, 5, 5, 18], [6, 5, 20, 4, 5, 7, 16, 11, 6, 20], [10, 6, 20, 4, 3, 5, 14, 10, 9, 19], [16, 6, 17, 1, 5, 4, 18, 14, 5, 14], [9, 18, 13, 4, 16, 1, 14, 7, 3, 15], [3, 24, 8, 4, 4, 5, 18, 9, 7, 18], [5, 15, 10, 2, 5, 0, 15, 16, 17, 15], [5, 18, 9, 3, 8, 5, 10, 12, 13, 17], [2, 17, 14, 7, 6, 2, 16, 5, 10, 21], [8, 20, 7, 3, 4, 1, 13, 7, 11, 26], [4, 13, 8, 4, 6, 4, 18, 8, 15, 20], [3, 20, 7, 5, 8, 2, 13, 9, 16, 17], [4, 16, 10, 3, 6, 0, 13, 10, 19, 19], [3, 20, 9, 4, 4, 4, 21, 11, 10, 14], [3, 28, 11, 2, 5, 1, 16, 9, 4, 21], [3, 18, 10, 8, 3, 3, 18, 5, 16, 16], [2, 21, 7, 4, 4, 1, 15, 7, 13, 26], [2, 20, 14, 5, 3, 1, 11, 10, 13, 21], [4, 17, 11, 4, 10, 3, 11, 6, 11, 23], [4, 21, 8, 5, 5, 0, 22, 10, 9, 16], [1, 18, 18, 7, 4, 0, 12, 6, 13, 21]], "lambda_": 0.5,