{"M": 50, "G": 3, "I": 3, "J": 100, "p": [[0.1698090328001506, 0.3491914819855021, 0.48099948521434727], [0.002282695634743756, 0.10472826176811086, 0.8929890425971453], [0.3833117105681464, 0.20405281529085445, 0.41263547414099916]], "r": [[[16, 16, 33], [0, 1, 15], [6, 2, 11]], [[11, 29, 32], [0, 0, 10], [7, 5, 6]], [[13, 27, 22], [0, 0, 19], [11, 6, 2]], [[10, 23, 32], [0, 0, 15], [13, 4, 3]], [[13, 23, 26], [0, 3, 12], [7, 4, 12]], [[13, 26, 34], [0, 1, 11], [5, 4, 6]], [[9, 24, 40], [0, 1, 10], [8, 1, 7]], [[12, 25, 30], [0, 1, 13], [7, 3, 9]], [[9, 30, 33], [0, 2, 13], [5, 5, 3]], [[6, 24, 29], [0, 3, 17], [9, 1, 11]], [[8, 23, 32], [0, 2, 18], [7, 6, 4]], [[10, 27, 31], [0, 2, 14], [6, 4, 6]], [[6, 23, 32], [0, 4, 15], [9, 3, 8]], [[11, 15, 33], [0, 2, 22], [5, 7, 5]], [[6, 20, 33], [0, 0, 20], [7, 8, 6]], [[8, 25, 34], [0, 1, 18], [5, 3, 6]], [[16, 20, 19], [0, 3, 25], [11, 2, 4]], [[4, 7, 12], [0, 3, 61], [6, 1, 6]], [[0, 5, 10], [0, 7, 61], [7, 3, 7]], [[3, 10, 6], [0, 6, 59], [7, 3, 6]], [[1, 5, 12], [0, 8, 60], [7, 1, 6]], [[2, 6, 7], [0, 7, 56], [11, 4, 7]], [[2, 9, 8], [0, 7, 62], [5, 3, 4]], [[3, 4, 9], [0, 15, 56], [2, 4, 7]], [[6, 6, 4], [0, 8, 61], [8, 4, 3]], [[3, 7, 9], [0, 10, 56], [8, 2, 5]], [[4, 6, 9], [0, 4, 66], [3, 5, 3]], [[3, 5, 7], [0, 7, 56], [11, 1, 10]], [[2, 5, 8], [0, 3, 61], [9, 4, 8]], [[2, 3, 5], [0, 11, 61], [5, 5, 8]], [[4, 8, 11], [0, 5, 54], [9, 2, 7]], [[3, 7, 9], [0, 6, 56], [8, 1, 10]], [[4, 10, 7], [0, 6, 54], [5, 4, 10]], [[2, 5, 5], [0, 4, 30], [20, 8, 26]], [[2, 9, 4], [0, 3, 11], [24, 12, 35]], [[3, 3, 10], [0, 0, 11], [23, 16, 34]], [[4, 6, 5], [0, 3, 12], [28, 20, 22]], [[4, 5, 5], [0, 0, 21], [16, 17, 32]], [[4, 7, 3], [0, 3, 19], [29, 9, 26]], [[2, 4, 13], [1, 3, 23], [22, 16, 16]], [[3, 4, 10], [0, 2, 11], [22, 13, 35]], [[2, 5, 9], [0, 2, 17], [23, 19, 23]], [[2, 6, 11], [0, 1, 18], [20, 12, 30]], [[3, 7, 3], [0, 1, 15], [28, 15, 28]], [[0, 7, 11], [0, 1, 21], [21, 15, 24]], [[3, 10, 9], [0, 1, 21], [21, 18, 17]], [[1, 8, 8], [0, 0, 18], [22, 20, 23]], [[3, 7, 11], [0, 3, 19], [19, 9, 29]], [[2, 7, 6], [0, 1, 10], [30, 11, 33]], [[3, 6, 12], [0, 2, 13], [25, 13, 26]]], "n": [[22, 19, 59], [18, 34, 48], [24, 33, 43], [23, 27, 50], [20, 30, 50], [18, 31, 51], [17, 26, 57], [19, 29, 52], [14, 37, 49], [15, 28, 57], [15, 31, 54], [16, 33, 51], [15, 30, 55], [16, 24, 60], [13, 28, 59], [13, 29, 58], [27, 25, 48], [10, 11, 79], [7, 15, 78], [10, 19, 71], [8, 14, 78], [13, 17, 70], [7, 19, 74], [5, 23, 72], [14, 18, 68], [11, 19, 70], [7, 15, 78], [14, 13, 73], [11, 12, 77], [7, 19, 74], [13, 15, 72], [11, 14, 75], [9, 20, 71], [22, 17, 61], [26, 24, 50], [26, 19, 55], [32, 29, 39], [20, 22, 58], [33, 19, 48], [25, 23, 52], [25, 19, 56], [25, 26, 49], [22, 19, 59], [31, 23, 46], [21, 23, 56], [24, 29, 47], [23, 28, 49], [22, 19, 59], [32, 19, 49], [28, 21, 51]], "lambda_": 0.5, "b": [[65, 16, 19], [72, 10, 18], [62, 19, 19], [65, 15, 20], [62, 15, 23], [73, 12, 15], [73, 11, 16], [67, 14, 19], [72, 15, 13], [59, 20, 21], [63, 20, 17], [68, 16, 16], [61, 19, 20], [59, 24, 17], [59, 20, 21], [67, 19, 14], [55, 28, 17], [23, 64, 13], [15, 68, 17], [19, 65, 16], [18, 68, 14], [15, 63, 22], [19, 69, 12], [16, 71, 13], [16, 69, 15], [19, 66, 15], [19, 70, 11], [15, 63, 22], [15, 64, 21], [10, 72, 18], [23, 59, 18], [19, 62, 19], [21, 60, 19], [12, 34, 54], [15, 14, 71], [16, 11, 73], [15, 15, 70], [14, 21, 65], [14, 22, 64], [19, 27, 54], [17, 13, 70], [16, 19, 65], [19, 19, 62], [13, 16, 71], [18, 22, 60], [22, 22, 56], [17, 18, 65], [21, 22, 57], [15, 11, 74], [21, 15, 64]]}