{"M": 50, "G": 2, "I": 3, "J": 100, "p": [[0.43718503692497424, 0.10152387292062479, 0.461291090154401], [0.46562077068857344, 0.4440250450179633, 0.09035418429346312]], "r": [[[35, 3, 41], [8, 11, 2]], [[28, 5, 42], [11, 12, 2]], [[28, 10, 34], [11, 11, 6]], [[32, 14, 38], [8, 6, 2]], [[32, 7, 34], [12, 13, 2]], [[39, 6, 36], [13, 5, 1]], [[37, 6, 27], [15, 12, 3]], [[36, 7, 37], [11, 7, 2]], [[19, 12, 46], [9, 11, 3]], [[31, 6, 34], [15, 9, 5]], [[30, 9, 37], [12, 11, 1]], [[33, 6, 39], [10, 10, 2]], [[38, 9, 24], [13, 13, 3]], [[31, 4, 38], [16, 9, 2]], [[27, 9, 34], [13, 15, 2]], [[35, 7, 37], [8, 9, 4]], [[26, 12, 38], [14, 10, 0]], [[37, 7, 32], [15, 9, 0]], [[38, 3, 34], [8, 16, 1]], [[26, 10, 41], [9, 10, 4]], [[32, 7, 40], [7, 11, 3]], [[33, 2, 28], [18, 15, 4]], [[33, 6, 36], [9, 12, 4]], [[40, 6, 31], [7, 14, 2]], [[33, 4, 38], [7, 16, 2]], [[11, 1, 6], [45, 31, 6]], [[8, 4, 17], [38, 27, 6]], [[9, 1, 12], [36, 34, 8]], [[11, 2, 10], [30, 35, 12]], [[16, 1, 12], [34, 28, 9]], [[22, 1, 18], [28, 26, 5]], [[7, 5, 11], [34, 34, 9]], [[18, 1, 13], [33, 26, 9]], [[17, 0, 6], [42, 31, 4]], [[11, 2, 14], [28, 34, 11]], [[13, 2, 10], [36, 33, 6]], [[9, 3, 11], [31, 40, 6]], [[9, 2, 9], [37, 33, 10]], [[11, 3, 9], [41, 29, 7]], [[12, 4, 13], [32, 34, 5]], [[15, 2, 11], [34, 33, 5]], [[15, 4, 9], [35, 32, 5]], [[12, 1, 8], [41, 32, 6]], [[8, 1, 15], [36, 31, 9]], [[9, 0, 15], [41, 31, 4]], [[10, 1, 14], [42, 29, 4]], [[6, 2, 17], [33, 27, 15]], [[12, 2, 6], [40, 37, 3]], [[6, 2, 7], [37, 39, 9]], [[8, 3, 12], [32, 38, 7]]], "n": [[43, 14, 43], [39, 17, 44], [39, 21, 40], [40, 20, 40], [44, 20, 36], [52, 11, 37], [52, 18, 30], [47, 14, 39], [28, 23, 49], [46, 15, 39], [42, 20, 38], [43, 16, 41], [51, 22, 27], [47, 13, 40], [40, 24, 36], [43, 16, 41], [40, 22, 38], [52, 16, 32], [46, 19, 35], [35, 20, 45], [39, 18, 43], [51, 17, 32], [42, 18, 40], [47, 20, 33], [40, 20, 40], [56, 32, 12], [46, 31, 23], [45, 35, 20], [41, 37, 22], [50, 29, 21], [50, 27, 23], [41, 39, 20], [51, 27, 22], [59, 31, 10], [39, 36, 25], [49, 35, 16], [40, 43, 17], [46, 35, 19], [52, 32, 16], [44, 38, 18], [49, 35, 16], [50, 36, 14], [53, 33, 14], [44, 32, 24], [50, 31, 19], [52, 30, 18], [39, 29, 32], [52, 39, 9], [43, 41, 16], [40, 41, 19]], "lambda_": 0.5, "b": [[79, 21], [75, 25], [72, 28], [84, 16], [73, 27], [81, 19], [70, 30], [80, 20], [77, 23], [71, 29], [76, 24], [78, 22], [71, 29], [73, 27], [70, 30], [79, 21], [76, 24], [76, 24], [75, 25], [77, 23], [79, 21], [63, 37], [75, 25], [77, 23], [75, 25], [18, 82], [29, 71], [22, 78], [23, 77], [29, 71], [41, 59], [23, 77], [32, 68], [23, 77], [27, 73], [25, 75], [23, 77], [20, 80], [23, 77], [29, 71], [28, 72], [28, 72], [21, 79], [24, 76], [24, 76], [25, 75], [25, 75], [20, 80], [15, 85], [23, 77]]}