{"M": 50, "G": 4, "I": 10, "J": 100, "p": [[0.009979671571522972, 0.13928787470867682, 0.02757947892839535, 0.014455766703033052, 0.039154695612610146, 0.008426035089635008, 0.10839645532130762, 0.15977019010638813, 0.39476431468310097, 0.09818551727533002], [0.04431469118661911, 0.1450778429746958, 0.1436824498426366, 0.04858205604654739, 0.021994251157037275, 0.12615259812409607, 0.030059954829732515, 0.13859323982483718, 0.08915854488567555, 0.2123843711281225], [0.042098920851732474, 0.2635612512973946, 0.1355079862150774, 0.08448612662548598, 0.08615801063607104, 0.09291180159920641, 0.02820190122574336, 0.12510976961175574, 0.03049321518503639, 0.11147101675249657], [0.009194779021712646, 0.16071148208847358, 0.11027804659106387, 0.11078741918084128, 0.05840454614344729, 0.026011234892600814, 0.10717594487047974, 0.007297151670012185, 0.2397042065409294, 0.17043518900043916]], "r": [[[0, 10, 3, 2, 0, 0, 8, 10, 22, 7], [1, 0, 1, 1, 2, 2, 0, 1, 4, 3], [1, 4, 3, 2, 3, 1, 0, 1, 0, 0], [0, 3, 0, 1, 1, 0, 0, 0, 0, 3]], [[0, 14, 1, 1, 3, 1, 9, 13, 24, 4], [0, 1, 0, 0, 0, 3, 0, 1, 0, 2], [1, 3, 3, 0, 0, 0, 0, 3, 0, 2], [0, 1, 0, 1, 3, 0, 0, 0, 1, 5]], [[1, 3, 3, 3, 4, 0, 6, 11, 26, 4], [0, 2, 2, 0, 0, 2, 0, 4, 0, 2], [0, 1, 0, 2, 0, 4, 0, 3, 1, 2], [0, 2, 2, 4, 0, 0, 0, 0, 4, 2]], [[2, 8, 2, 0, 4, 0, 6, 9, 24, 3], [0, 2, 1, 0, 0, 1, 2, 2, 2, 4], [0, 7, 3, 1, 2, 1, 0, 2, 1, 3], [0, 0, 0, 3, 0, 0, 1, 0, 3, 1]], [[0, 9, 1, 1, 3, 2, 9, 5, 20, 5], [1, 2, 2, 0, 0, 1, 1, 5, 0, 2], [1, 2, 4, 1, 0, 2, 0, 4, 1, 0], [0, 4, 4, 0, 0, 0, 0, 0, 6, 2]], [[1, 6, 5, 1, 0, 0, 6, 9, 20, 5], [0, 1, 3, 0, 0, 2, 0, 3, 3, 5], [0, 4, 3, 0, 2, 2, 0, 2, 0, 1], [1, 2, 1, 0, 0, 1, 3, 0, 6, 2]], [[1, 8, 3, 0, 3, 0, 6, 11, 23, 7], [0, 1, 2, 0, 0, 2, 1, 1, 0, 4], [1, 3, 0, 2, 1, 0, 0, 3, 1, 2], [0, 5, 0, 0, 0, 0, 2, 0, 4, 3]], [[3, 8, 2, 4, 3, 0, 8, 6, 28, 3], [0, 1, 3, 1, 0, 1, 1, 3, 2, 1], [0, 2, 3, 0, 1, 0, 0, 0, 1, 2], [0, 3, 0, 3, 0, 0, 0, 0, 5, 2]], [[0, 6, 4, 0, 3, 0, 6, 10, 30, 4], [1, 1, 3, 2, 0, 1, 0, 0, 0, 0], [0, 3, 5, 1, 0, 1, 0, 0, 0, 1], [0, 1, 2, 2, 4, 0, 1, 0, 5, 3]], [[1, 8, 3, 1, 2, 1, 10, 3, 28, 6], [0, 1, 3, 1, 0, 1, 0, 1, 0, 4], [0, 3, 3, 0, 0, 0, 2, 2, 0, 2], [0, 2, 2, 3, 1, 0, 1, 0, 4, 1]], [[1, 8, 1, 1, 1, 0, 7, 13, 24, 5], [1, 3, 2, 2, 0, 0, 0, 2, 1, 2], [0, 3, 2, 0, 0, 1, 0, 0, 0, 2], [0, 2, 3, 2, 0, 0, 0, 0, 5, 6]], [[1, 9, 4, 0, 4, 1, 2, 8, 27, 9], [0, 0, 1, 0, 0, 1, 0, 1, 1, 1], [2, 2, 3, 3, 1, 0, 0, 3, 0, 1], [0, 2, 3, 1, 1, 0, 2, 0, 5, 1]], [[0, 8, 0, 1, 1, 0, 5, 5, 8, 5], [1, 9, 7, 2, 0, 6, 2, 6, 6, 6], [0, 3, 2, 2, 0, 0, 0, 2, 0, 0], [0, 0, 4, 2, 1, 1, 1, 0, 1, 3]], [[0, 2, 0, 0, 1, 0, 2, 1, 7, 2], [3, 6, 8, 1, 1, 11, 2, 9, 4, 12], [0, 6, 2, 1, 1, 3, 0, 0, 0, 2], [1, 2, 2, 1, 2, 0, 2, 0, 1, 2]], [[0, 1, 0, 0, 0, 0, 2, 1, 4, 0], [1, 7, 10, 4, 5, 13, 1, 7, 5, 16], [1, 1, 1, 1, 2, 1, 0, 1, 1, 1], [0, 4, 3, 2, 0, 0, 0, 0, 3, 1]], [[0, 1, 1, 0, 1, 0, 1, 2, 4, 2], [1, 8, 12, 3, 2, 6, 0, 11, 4, 23], [0, 1, 0, 1, 0, 0, 0, 2, 1, 4], [0, 1, 1, 0, 0, 1, 0, 0, 6, 0]], [[0, 3, 0, 0, 1, 0, 2, 0, 4, 0], [4, 7, 11, 2, 1, 7, 3, 7, 3, 13], [0, 7, 5, 4, 1, 1, 0, 0, 0, 2], [0, 3, 0, 3, 0, 0, 0, 0, 4, 2]], [[0, 2, 1, 0, 0, 0, 0, 2, 4, 1], [2, 9, 7, 1, 3, 8, 2, 9, 3, 14], [1, 2, 1, 1, 2, 2, 1, 2, 0, 3], [0, 2, 1, 1, 1, 0, 2, 1, 6, 3]], [[0, 4, 0, 0, 2, 0, 2, 3, 5, 1], [3, 10, 7, 6, 0, 11, 3, 5, 4, 18], [1, 3, 1, 0, 0, 2, 0, 0, 0, 1], [0, 1, 0, 1, 0, 0, 2, 0, 3, 1]], [[0, 4, 0, 1, 0, 1, 0, 1, 4, 1], [1, 13, 7, 6, 2, 11, 0, 13, 7, 12], [1, 2, 0, 1, 2, 2, 1, 1, 0, 1], [0, 1, 0, 0, 0, 1, 2, 0, 0, 1]], [[0, 0, 0, 1, 1, 0, 0, 3, 2, 2], [3, 13, 8, 2, 1, 9, 2, 8, 6, 19], [0, 2, 1, 0, 1, 0, 1, 1, 1, 1], [0, 1, 1, 1, 2, 0, 0, 0, 3, 4]], [[0, 2, 0, 1, 0, 0, 0, 2, 3, 2], [4, 13, 8, 1, 1, 7, 0, 13, 4, 9], [2, 6, 1, 0, 0, 1, 1, 2, 0, 1], [0, 2, 5, 1, 1, 0, 3, 0, 3, 1]], [[0, 3, 0, 0, 1, 0, 4, 1, 5, 2], [1, 5, 9, 0, 1, 14, 1, 13, 4, 7], [0, 1, 4, 1, 3, 3, 0, 3, 0, 1], [0, 2, 0, 2, 0, 0, 0, 0, 7, 2]], [[0, 2, 0, 0, 0, 0, 0, 3, 7, 1], [4, 8, 5, 6, 1, 13, 2, 8, 7, 13], [1, 3, 2, 2, 0, 1, 0, 1, 0, 0], [0, 1, 0, 0, 0, 0, 2, 0, 3, 4]], [[0, 1, 0, 0, 1, 0, 0, 5, 6, 2], [1, 10, 8, 3, 3, 11, 2, 11, 3, 9], [1, 0, 2, 1, 1, 1, 0, 3, 0, 2], [0, 6, 3, 0, 0, 0, 1, 1, 1, 1]], [[0, 1, 0, 0, 1, 0, 3, 4, 3, 2], [1, 0, 2, 1, 0, 2, 0, 2, 1, 4], [1, 15, 11, 6, 4, 5, 3, 7, 2, 4], [0, 1, 2, 0, 0, 1, 1, 0, 6, 4]], [[0, 1, 0, 0, 0, 0, 3, 4, 7, 2], [0, 0, 1, 0, 0, 1, 1, 2, 0, 0], [5, 16, 5, 3, 6, 12, 0, 7, 2, 7], [0, 3, 1, 3, 0, 0, 1, 0, 3, 4]], [[0, 2, 0, 0, 2, 0, 1, 2, 2, 3], [0, 0, 1, 0, 0, 3, 2, 3, 2, 2], [2, 15, 14, 7, 8, 7, 0, 9, 1, 5], [0, 0, 0, 1, 0, 0, 2, 0, 2, 2]], [[1, 1, 0, 0, 2, 0, 2, 1, 9, 1], [1, 2, 3, 2, 0, 2, 1, 0, 0, 2], [1, 19, 7, 6, 5, 7, 2, 8, 0, 5], [0, 2, 1, 1, 0, 0, 2, 0, 3, 1]], [[0, 2, 0, 0, 0, 0, 2, 9, 7, 0], [0, 2, 3, 0, 0, 2, 1, 1, 2, 0], [1, 13, 6, 3, 5, 6, 4, 9, 3, 7], [0, 0, 3, 2, 1, 0, 1, 0, 2, 3]], [[0, 1, 0, 0, 0, 0, 0, 1, 4, 1], [0, 3, 3, 1, 0, 1, 1, 4, 0, 1], [2, 18, 9, 9, 6, 6, 0, 11, 0, 9], [0, 3, 0, 1, 0, 0, 1, 0, 3, 1]], [[0, 2, 0, 0, 1, 0, 2, 4, 7, 1], [0, 2, 2, 0, 1, 3, 0, 0, 2, 2], [1, 18, 9, 4, 9, 4, 4, 6, 2, 4], [0, 2, 0, 1, 1, 0, 1, 0, 4, 1]], [[0, 0, 0, 0, 0, 1, 1, 3, 7, 0], [1, 3, 1, 0, 1, 1, 0, 1, 1, 0], [0, 18, 13, 2, 5, 6, 2, 10, 2, 10], [0, 0, 2, 3, 2, 0, 1, 0, 2, 1]], [[0, 1, 1, 1, 1, 0, 0, 1, 4, 0], [0, 4, 1, 0, 1, 3, 1, 3, 1, 2], [2, 9, 9, 8, 4, 7, 1, 7, 3, 12], [0, 2, 1, 0, 2, 0, 0, 1, 4, 3]], [[0, 1, 0, 0, 1, 0, 2, 2, 4, 2], [0, 1, 1, 0, 0, 1, 0, 1, 1, 1], [2, 23, 6, 3, 4, 7, 2, 8, 1, 11], [0, 5, 1, 0, 1, 2, 1, 0, 3, 2]], [[0, 5, 0, 0, 0, 1, 0, 3, 8, 0], [1, 0, 0, 1, 1, 2, 2, 2, 1, 0], [3, 12, 8, 5, 10, 2, 4, 8, 0, 6], [0, 4, 1, 3, 0, 0, 3, 0, 4, 0]], [[0, 2, 0, 1, 0, 0, 0, 6, 2, 0], [2, 2, 0, 0, 0, 1, 0, 5, 0, 3], [2, 24, 6, 6, 5, 4, 2, 4, 4, 6], [0, 0, 4, 3, 1, 2, 1, 0, 2, 0]], [[1, 3, 0, 0, 0, 0, 4, 0, 7, 0], [0, 1, 3, 0, 0, 3, 1, 1, 3, 2], [1, 10, 6, 3, 4, 2, 1, 4, 3, 4], [0, 7, 5, 4, 1, 1, 2, 0, 7, 6]], [[0, 5, 0, 0, 1, 0, 1, 3, 6, 0], [0, 2, 5, 0, 1, 1, 1, 0, 1, 1], [0, 5, 1, 0, 1, 0, 0, 2, 0, 0], [0, 12, 7, 8, 7, 1, 5, 0, 14, 9]], [[0, 2, 0, 1, 1, 0, 3, 4, 1, 1], [1, 3, 2, 0, 0, 2, 0, 1, 1, 4], [1, 5, 2, 1, 3, 1, 0, 0, 1, 2], [0, 9, 6, 4, 4, 3, 9, 1, 9, 12]], [[1, 2, 1, 0, 0, 0, 0, 3, 3, 0], [0, 0, 1, 2, 0, 6, 0, 0, 1, 5], [0, 4, 2, 0, 5, 0, 0, 2, 0, 0], [0, 11, 12, 4, 1, 0, 7, 0, 18, 9]], [[0, 1, 0, 1, 0, 0, 1, 1, 7, 1], [0, 2, 0, 0, 0, 4, 0, 2, 0, 4], [0, 3, 4, 0, 1, 1, 1, 1, 0, 2], [1, 7, 9, 7, 3, 3, 9, 1, 15, 8]], [[0, 3, 0, 0, 0, 0, 0, 1, 13, 0], [0, 1, 1, 0, 0, 2, 0, 2, 3, 2], [0, 0, 3, 2, 0, 0, 0, 2, 1, 1], [3, 9, 7, 9, 1, 1, 5, 0, 18, 10]], [[0, 1, 1, 0, 1, 1, 0, 3, 3, 2], [0, 1, 1, 2, 0, 1, 1, 2, 1, 4], [1, 1, 3, 1, 1, 1, 0, 3, 1, 2], [1, 10, 5, 5, 3, 2, 9, 0, 15, 11]], [[0, 3, 0, 0, 0, 0, 1, 3, 6, 2], [1, 0, 2, 0, 1, 1, 0, 0, 2, 1], [2, 1, 3, 0, 0, 1, 1, 1, 0, 0], [1, 12, 7, 12, 5, 2, 7, 0, 18, 4]], [[0, 0, 0, 0, 0, 1, 1, 3, 2, 1], [2, 1, 2, 0, 0, 3, 1, 4, 0, 2], [0, 1, 3, 2, 1, 1, 0, 1, 0, 0], [2, 12, 12, 6, 3, 1, 3, 0, 15, 14]], [[1, 3, 0, 0, 1, 0, 1, 2, 3, 0], [0, 2, 1, 0, 0, 1, 3, 1, 2, 2], [0, 3, 1, 0, 1, 1, 1, 3, 1, 1], [1, 12, 9, 6, 2, 0, 10, 1, 13, 11]], [[0, 0, 1, 0, 1, 0, 1, 1, 4, 2], [0, 1, 1, 0, 1, 2, 0, 1, 4, 3], [1, 3, 2, 1, 2, 1, 0, 1, 0, 0], [1, 9, 15, 6, 3, 0, 7, 1, 13, 11]], [[0, 0, 0, 1, 2, 0, 2, 3, 3, 2], [1, 2, 3, 0, 0, 1, 3, 0, 1, 1], [0, 4, 1, 3, 0, 0, 0, 1, 0, 2], [0, 10, 9, 4, 5, 2, 5, 0, 21, 8]], [[0, 4, 1, 0, 1, 1, 0, 2, 7, 1], [1, 1, 1, 1, 0, 5, 1, 3, 1, 0], [1, 5, 0, 1, 3, 4, 1, 1, 0, 2], [0, 6, 10, 8, 5, 0, 5, 0, 10, 7]]],