{"M": 50, "G": 2, "I": 10, "J": 100, "p": [[0.015582156525603087, 0.1253866621015372, 0.028440975506022707, 0.0710115388820721, 0.0013664386086365743, 0.2336170641797074, 0.2149636867065295, 0.003163616866523588, 0.2927326537484272, 0.013735206874940618], [0.03368547224040415, 0.09400413427504466, 0.2912537774121661, 0.19328498797955979, 0.0002282245769971257, 0.07431880442283115, 0.08103090532955448, 0.06703298209526573, 0.14748154604349473, 0.017679165624682143]], "r": [[[1, 13, 1, 5, 0, 22, 21, 0, 20, 2], [0, 1, 6, 3, 0, 2, 1, 1, 1, 0]], [[2, 6, 2, 4, 0, 15, 17, 0, 19, 2], [1, 6, 10, 3, 0, 3, 2, 2, 6, 0]], [[0, 8, 4, 3, 0, 15, 17, 0, 16, 2], [3, 2, 9, 9, 0, 2, 2, 1, 7, 0]], [[1, 9, 4, 5, 0, 16, 11, 0, 22, 1], [1, 4, 7, 5, 0, 2, 3, 3, 5, 1]], [[1, 6, 5, 5, 0, 16, 13, 0, 27, 1], [1, 3, 13, 4, 0, 1, 1, 1, 2, 0]], [[2, 8, 2, 2, 0, 17, 15, 0, 22, 1], [0, 1, 9, 10, 0, 1, 1, 3, 6, 0]], [[1, 7, 2, 5, 0, 20, 24, 0, 20, 1], [1, 2, 6, 2, 0, 2, 1, 2, 4, 0]], [[2, 8, 0, 5, 0, 28, 17, 0, 20, 2], [1, 1, 4, 3, 0, 2, 4, 1, 2, 0]], [[2, 9, 7, 6, 0, 15, 10, 1, 28, 0], [0, 3, 7, 6, 0, 3, 1, 1, 0, 1]], [[1, 6, 4, 8, 0, 13, 22, 1, 29, 0], [0, 1, 4, 1, 0, 2, 2, 0, 6, 0]], [[1, 5, 0, 5, 0, 18, 26, 0, 18, 1], [1, 2, 9, 5, 0, 1, 1, 4, 3, 0]], [[0, 7, 4, 3, 0, 14, 15, 1, 24, 3], [0, 5, 7, 10, 0, 1, 2, 1, 2, 1]], [[2, 9, 1, 3, 0, 22, 12, 1, 26, 1], [0, 2, 9, 4, 0, 2, 1, 0, 3, 2]], [[1, 10, 2, 7, 0, 16, 18, 0, 25, 1], [0, 3, 4, 6, 0, 2, 1, 0, 4, 0]], [[1, 12, 2, 6, 0, 16, 12, 0, 29, 0], [0, 1, 10, 3, 0, 0, 2, 3, 2, 1]], [[0, 9, 2, 6, 0, 20, 14, 0, 24, 2], [0, 2, 9, 3, 0, 2, 1, 1, 3, 2]], [[1, 8, 2, 4, 0, 18, 22, 1, 19, 0], [0, 2, 9, 6, 0, 1, 1, 3, 2, 1]], [[1, 11, 0, 9, 2, 18, 14, 0, 20, 0], [0, 7, 9, 3, 0, 2, 1, 1, 2, 0]], [[3, 8, 3, 6, 0, 13, 17, 0, 16, 2], [2, 1, 7, 9, 0, 3, 2, 2, 5, 1]], [[1, 8, 1, 11, 0, 17, 13, 0, 23, 1], [0, 4, 8, 6, 0, 4, 1, 1, 1, 0]], [[0, 12, 3, 7, 0, 19, 21, 0, 13, 1], [2, 3, 8, 3, 0, 0, 2, 2, 4, 0]], [[0, 9, 5, 7, 0, 19, 18, 0, 16, 1], [2, 3, 6, 1, 0, 4, 3, 2, 3, 1]], [[4, 8, 3, 9, 0, 17, 19, 0, 19, 1], [1, 0, 7, 7, 0, 4, 1, 0, 0, 0]], [[0, 13, 3, 4, 0, 24, 23, 0, 10, 1], [0, 2, 5, 4, 0, 1, 3, 1, 6, 0]], [[1, 10, 2, 4, 0, 24, 12, 0, 25, 0], [1, 2, 8, 4, 0, 1, 3, 0, 3, 0]], [[0, 5, 1, 3, 0, 9, 4, 0, 2, 0], [1, 5, 29, 8, 0, 8, 6, 6, 11, 2]], [[0, 2, 1, 0, 0, 8, 8, 0, 9, 0], [2, 7, 25, 8, 0, 5, 9, 6, 8, 2]], [[0, 1, 1, 0, 0, 6, 2, 0, 7, 0], [4, 10, 19, 19, 0, 5, 9, 7, 8, 2]], [[2, 4, 0, 1, 0, 0, 3, 0, 6, 0], [1, 7, 24, 17, 0, 7, 3, 5, 17, 3]], [[2, 3, 2, 0, 0, 11, 3, 0, 11, 0], [3, 9, 23, 10, 0, 8, 2, 4, 9, 0]], [[0, 5, 1, 3, 0, 11, 4, 0, 8, 0], [0, 3, 24, 11, 0, 8, 10, 4, 6, 2]], [[2, 0, 0, 4, 0, 3, 1, 0, 6, 0], [2, 7, 33, 12, 0, 6, 11, 4, 7, 2]], [[0, 3, 1, 2, 0, 9, 9, 0, 5, 0], [1, 4, 20, 17, 0, 4, 6, 6, 10, 3]], [[0, 2, 0, 0, 0, 4, 5, 0, 8, 0], [0, 7, 28, 19, 0, 8, 5, 2, 11, 1]], [[1, 2, 1, 4, 0, 6, 6, 0, 8, 1], [2, 5, 19, 11, 0, 7, 5, 8, 12, 2]], [[0, 1, 0, 3, 0, 5, 6, 0, 6, 1], [2, 9, 23, 13, 0, 5, 5, 7, 13, 1]], [[0, 8, 0, 3, 0, 4, 6, 0, 5, 0], [5, 9, 21, 11, 0, 6, 2, 6, 12, 2]], [[0, 1, 0, 0, 0, 8, 10, 0, 4, 0], [5, 10, 18, 16, 0, 8, 5, 2, 12, 1]], [[0, 5, 0, 3, 0, 9, 4, 0, 4, 1], [1, 3, 20, 20, 0, 4, 4, 10, 12, 0]], [[1, 1, 1, 1, 0, 5, 7, 1, 10, 1], [3, 6, 22, 13, 0, 6, 8, 4, 9, 1]], [[1, 3, 0, 4, 0, 6, 4, 0, 5, 0], [2, 5, 25, 15, 0, 4, 8, 4, 11, 3]], [[0, 0, 1, 2, 1, 10, 5, 0, 4, 0], [2, 6, 27, 17, 0, 3, 2, 6, 13, 1]], [[0, 2, 0, 3, 0, 1, 12, 1, 4, 1], [4, 8, 25, 15, 0, 6, 8, 2, 7, 1]], [[2, 9, 0, 1, 1, 15, 4, 1, 7, 0], [4, 4, 13, 11, 0, 3, 3, 8, 13, 1]], [[0, 4, 1, 3, 0, 2, 6, 0, 5, 0], [4, 8, 21, 12, 0, 5, 6, 5, 14, 4]], [[1, 2, 0, 1, 0, 10, 1, 0, 12, 0], [7, 9, 18, 8, 0, 0, 10, 8, 12, 1]], [[0, 4, 1, 0, 0, 5, 4, 0, 6, 0], [1, 6, 19, 20, 0, 6, 7, 11, 10, 0]], [[1, 1, 0, 1, 0, 3, 4, 0, 11, 0], [4, 6, 26, 14, 0, 7, 10, 3, 9, 0]], [[0, 4, 3, 1, 0, 8, 5, 0, 5, 0], [4, 10, 21, 14, 0, 5, 3, 5, 6, 6]], [[1, 1, 0, 2, 0, 3, 6, 0, 6, 1], [0, 9, 21, 14, 0, 9, 8, 5, 14, 0]]], "n": [[1, 14, 7, 8, 0, 24, 22, 1, 21, 2], [3, 12, 12, 7, 0, 18, 19, 2, 25, 2], [3, 10, 13, 12, 0, 17, 19, 1, 23, 2], [2, 13, 11, 10, 0, 18, 14, 3, 27, 2], [2, 9, 18, 9, 0, 17, 14, 1, 29, 1], [2, 9, 11, 12, 0, 18, 16, 3, 28, 1], [2, 9, 8, 7, 0, 22, 25, 2, 24, 1], [3, 9, 4, 8, 0, 30, 21, 1, 22, 2], [2, 12, 14, 12, 0, 18, 11, 2, 28, 1], [1, 7, 8, 9, 0, 15, 24, 1, 35, 0], [2, 7, 9, 10, 0, 19, 27, 4, 21, 1], [0, 12, 11, 13, 0, 15, 17, 2, 26, 4], [2, 11, 10, 7, 0, 24, 13, 1, 29, 3], [1, 13, 6, 13, 0, 18, 19, 0, 29, 1], [1, 13, 12, 9, 0, 16, 14, 3, 31, 1], [0, 11, 11, 9, 0, 22, 15, 1, 27, 4], [1, 10, 11, 10, 0, 19, 23, 4, 21, 1], [1, 18, 9, 12, 2, 20, 15, 1, 22, 0], [5, 9, 10, 15, 0, 16, 19, 2, 21, 3], [1, 12, 9, 17, 0, 21, 14, 1, 24, 1], [2, 15, 11, 10, 0, 19, 23, 2, 17, 1], [2, 12, 11, 8, 0, 23, 21, 2, 19, 2], [5, 8, 10, 16, 0, 21, 20, 0, 19, 1], [0, 15, 8, 8, 0, 25, 26, 1, 16, 1], [2, 12, 10, 8, 0, 25, 15, 0, 28, 0], [1, 10, 30, 11, 0, 17, 10, 6, 13, 2], [2, 9, 26, 8, 0, 13, 17, 6, 17, 2], [4, 11, 20, 19, 0, 11, 11, 7, 15, 2], [3, 11, 24, 18, 0, 7, 6, 5, 23, 3], [5, 12, 25, 10, 0, 19, 5, 4, 20, 0], [0, 8, 25, 14, 0, 19, 14, 4, 14, 2], [4, 7, 33, 16, 0, 9, 12, 4, 13, 2], [1, 7, 21, 19, 0, 13, 15, 6, 15, 3], [0, 9, 28, 19, 0, 12, 10, 2, 19, 1], [3, 7, 20, 15, 0, 13, 11, 8, 20, 3], [2, 10, 23, 16, 0, 10, 11, 7, 19, 2], [5, 17, 21, 14, 0, 10, 8, 6, 17, 2], [5, 11, 18, 16, 0, 16, 15, 2, 16, 1], [1, 8, 20, 23, 0, 13, 8, 10, 16, 1], [4, 7, 23, 14, 0, 11, 15, 5, 19, 2], [3, 8, 25, 19, 0, 10, 12, 4, 16, 3], [2, 6, 28, 19, 1, 13, 7, 6, 17, 1], [4, 10, 25, 18, 0, 7, 20, 3, 11, 2], [6, 13, 13, 12, 1, 18, 7, 9, 20, 1], [4, 12, 22, 15, 0, 7, 12, 5, 19, 4], [8, 11, 18, 9, 0, 10, 11, 8, 24, 1], [1, 10, 20, 20, 0, 11, 11, 11, 16, 0], [5, 7, 26, 15, 0, 10, 14, 3, 20, 0], [4, 14, 24, 15, 0, 13, 8, 5, 11, 6], [1, 10, 21, 16, 0, 12, 14, 5, 20, 1]], "lambda_": 0.5, "b": [[85, 15], [67, 33], [65, 35], [69, 31], [74, 26], [69, 31], [80, 20], [82, 18], [78, 22], [84, 16], [74, 26], [71, 29], [77, 23], [80, 20], [78, 22], [77, 23], [75, 25], [75, 25], [68, 32], [75, 25], [76, 24], [75, 25], [80, 20], [78, 22], [78, 22], [24, 76], [28, 72], [17, 83], [16, 84], [32, 68], [32, 68], [16, 84], [29, 71], [19, 81], [29, 71], [22, 78], [26, 74], [23, 77], [26, 74], [28, 72], [23, 77], [23, 77], [24, 76], [40, 60], [21, 79], [27, 73], [20, 80], [21, 79], [26, 74], [20, 80]]}