{"M": 50, "G": 2, "I": 3, "J": 100, "p": [[0.42795213106645874, 0.07718333778764562, 0.49486453114589557], [0.4453934543281796, 0.47485814852501324, 0.0797483971468072]], "r": [[[35, 4, 34], [10, 15, 2]], [[34, 3, 35], [13, 10, 5]], [[32, 5, 34], [16, 11, 2]], [[31, 7, 35], [12, 14, 1]], [[34, 8, 38], [9, 10, 1]], [[33, 4, 43], [7, 11, 2]], [[45, 4, 25], [9, 14, 3]], [[36, 5, 38], [12, 6, 3]], [[32, 4, 44], [9, 10, 1]], [[33, 6, 42], [9, 7, 3]], [[27, 5, 45], [6, 12, 5]], [[36, 5, 32], [16, 11, 0]], [[38, 8, 37], [11, 5, 1]], [[32, 6, 37], [9, 15, 1]], [[28, 6, 39], [14, 10, 3]], [[23, 5, 45], [14, 12, 1]], [[30, 6, 30], [15, 18, 1]], [[38, 5, 34], [12, 10, 1]], [[35, 7, 31], [11, 14, 2]], [[31, 5, 37], [11, 16, 0]], [[29, 6, 36], [15, 11, 3]], [[27, 6, 42], [11, 13, 1]], [[30, 5, 34], [9, 20, 2]], [[32, 6, 38], [10, 11, 3]], [[24, 8, 40], [11, 14, 3]], [[11, 2, 11], [33, 34, 9]], [[19, 2, 14], [24, 34, 7]], [[10, 0, 13], [25, 47, 5]], [[17, 4, 12], [25, 36, 6]], [[10, 0, 6], [34, 43, 7]], [[9, 2, 11], [31, 41, 6]], [[6, 0, 17], [35, 41, 1]], [[9, 1, 9], [32, 47, 2]], [[10, 4, 14], [38, 28, 6]], [[11, 0, 14], [25, 44, 6]], [[17, 3, 14], [26, 33, 7]], [[13, 3, 13], [28, 39, 4]], [[15, 0, 16], [30, 32, 7]], [[6, 1, 9], [37, 36, 11]], [[7, 1, 11], [37, 35, 9]], [[16, 2, 8], [34, 36, 4]], [[15, 3, 13], [39, 26, 4]], [[11, 2, 8], [38, 35, 6]], [[13, 4, 13], [24, 43, 3]], [[11, 1, 14], [34, 32, 8]], [[11, 2, 11], [38, 31, 7]], [[9, 2, 9], [33, 41, 6]], [[10, 5, 7], [38, 32, 8]], [[15, 1, 10], [31, 34, 9]], [[10, 0, 20], [32, 33, 5]]], "n": [[45, 19, 36], [47, 13, 40], [48, 16, 36], [43, 21, 36], [43, 18, 39], [40, 15, 45], [54, 18, 28], [48, 11, 41], [41, 14, 45], [42, 13, 45], [33, 17, 50], [52, 16, 32], [49, 13, 38], [41, 21, 38], [42, 16, 42], [37, 17, 46], [45, 24, 31], [50, 15, 35], [46, 21, 33], [42, 21, 37], [44, 17, 39], [38, 19, 43], [39, 25, 36], [42, 17, 41], [35, 22, 43], [44, 36, 20], [43, 36, 21], [35, 47, 18], [42, 40, 18], [44, 43, 13], [40, 43, 17], [41, 41, 18], [41, 48, 11], [48, 32, 20], [36, 44, 20], [43, 36, 21], [41, 42, 17], [45, 32, 23], [43, 37, 20], [44, 36, 20], [50, 38, 12], [54, 29, 17], [49, 37, 14], [37, 47, 16], [45, 33, 22], [49, 33, 18], [42, 43, 15], [48, 37, 15], [46, 35, 19], [42, 33, 25]], "lambda_": 0.5, "b": [[73, 27], [72, 28], [71, 29], [73, 27], [80, 20], [80, 20], [74, 26], [79, 21], [80, 20], [81, 19], [77, 23], [73, 27], [83, 17], [75, 25], [73, 27], [73, 27], [66, 34], [77, 23], [73, 27], [73, 27], [71, 29], [75, 25], [69, 31], [76, 24], [72, 28], [24, 76], [35, 65], [23, 77], [33, 67], [16, 84], [22, 78], [23, 77], [19, 81], [28, 72], [25, 75], [34, 66], [29, 71], [31, 69], [16, 84], [19, 81], [26, 74], [31, 69], [21, 79], [30, 70], [26, 74], [24, 76], [20, 80], [22, 78], [26, 74], [30, 70]]}