{"M": 50, "G": 2, "I": 5, "J": 100, "p": [[0.22783917374835463, 0.010450529100728561, 0.31737916851966397, 0.2273650803535196, 0.21696604827773336], [0.17725330515516027, 0.10121746478598845, 0.42687622768416966, 0.1574512359503933, 0.1372017664242883]], "r": [[[20, 0, 30, 13, 15], [5, 1, 8, 3, 5]], [[17, 2, 25, 21, 15], [3, 2, 7, 4, 4]], [[22, 0, 14, 16, 22], [4, 1, 15, 4, 2]], [[22, 0, 32, 10, 14], [3, 7, 9, 2, 1]], [[19, 0, 24, 22, 14], [2, 1, 8, 7, 3]], [[15, 2, 21, 15, 17], [6, 6, 12, 4, 2]], [[21, 2, 30, 12, 11], [5, 3, 9, 4, 3]], [[14, 0, 30, 13, 16], [4, 2, 15, 5, 1]], [[23, 0, 27, 12, 17], [5, 0, 10, 2, 4]], [[20, 0, 27, 16, 12], [2, 3, 12, 6, 2]], [[20, 1, 23, 21, 9], [5, 2, 11, 3, 5]], [[16, 0, 25, 12, 21], [5, 1, 12, 4, 4]], [[19, 0, 19, 14, 16], [10, 3, 11, 7, 1]], [[19, 2, 25, 14, 8], [7, 2, 13, 1, 9]], [[12, 0, 14, 20, 21], [4, 2, 18, 6, 3]], [[17, 3, 21, 23, 17], [3, 1, 5, 5, 5]], [[12, 1, 29, 17, 14], [3, 4, 11, 3, 6]], [[12, 1, 24, 22, 18], [3, 4, 8, 4, 4]], [[23, 2, 29, 13, 11], [2, 3, 7, 9, 1]], [[23, 3, 22, 11, 19], [6, 4, 8, 2, 2]], [[13, 0, 32, 11, 18], [5, 1, 13, 4, 3]], [[16, 0, 18, 19, 20], [4, 4, 11, 2, 6]], [[25, 0, 21, 22, 11], [5, 3, 5, 6, 2]], [[23, 0, 21, 18, 14], [6, 3, 10, 2, 3]], [[12, 1, 26, 20, 15], [3, 2, 13, 5, 3]], [[5, 1, 7, 3, 9], [12, 6, 32, 11, 14]], [[6, 0, 11, 6, 6], [10, 10, 36, 8, 7]], [[5, 0, 7, 5, 9], [15, 4, 35, 6, 14]], [[9, 0, 10, 11, 9], [10, 7, 30, 8, 6]], [[5, 0, 8, 6, 6], [15, 7, 28, 20, 5]], [[5, 0, 5, 4, 5], [13, 11, 36, 14, 7]], [[6, 0, 8, 5, 5], [17, 6, 33, 9, 11]], [[7, 0, 10, 5, 5], [12, 12, 30, 7, 12]], [[5, 0, 4, 5, 5], [18, 9, 28, 11, 15]], [[5, 0, 10, 4, 4], [12, 5, 37, 12, 11]], [[9, 0, 8, 4, 6], [8, 10, 35, 8, 12]], [[4, 0, 7, 5, 7], [7, 6, 38, 11, 15]], [[4, 0, 8, 4, 9], [10, 4, 41, 11, 9]], [[4, 0, 9, 6, 7], [11, 10, 33, 12, 8]], [[7, 0, 6, 4, 8], [13, 8, 30, 15, 9]], [[6, 0, 9, 5, 2], [7, 6, 36, 15, 14]], [[8, 0, 11, 6, 4], [20, 11, 26, 7, 7]], [[2, 0, 7, 6, 6], [17, 7, 41, 9, 5]], [[8, 0, 13, 5, 6], [9, 5, 27, 11, 16]], [[3, 0, 8, 4, 5], [13, 16, 29, 13, 9]], [[6, 1, 12, 5, 6], [15, 9, 31, 10, 5]], [[9, 0, 3, 1, 6], [12, 12, 38, 14, 5]], [[3, 0, 3, 3, 5], [22, 6, 40, 13, 5]], [[8, 0, 6, 9, 6], [18, 8, 26, 12, 7]], [[9, 0, 9, 6, 4], [11, 1, 39, 14, 7]]], "n": [[25, 1, 38, 16, 20], [20, 4, 32, 25, 19], [26, 1, 29, 20, 24], [25, 7, 41, 12, 15], [21, 1, 32, 29, 17], [21, 8, 33, 19, 19], [26, 5, 39, 16, 14], [18, 2, 45, 18, 17], [28, 0, 37, 14, 21], [22, 3, 39, 22, 14], [25, 3, 34, 24, 14], [21, 1, 37, 16, 25], [29, 3, 30, 21, 17], [26, 4, 38, 15, 17], [16, 2, 32, 26, 24], [20, 4, 26, 28, 22], [15, 5, 40, 20, 20], [15, 5, 32, 26, 22], [25, 5, 36, 22, 12], [29, 7, 30, 13, 21], [18, 1, 45, 15, 21], [20, 4, 29, 21, 26], [30, 3, 26, 28, 13], [29, 3, 31, 20, 17], [15, 3, 39, 25, 18], [17, 7, 39, 14, 23], [16, 10, 47, 14, 13], [20, 4, 42, 11, 23], [19, 7, 40, 19, 15], [20, 7, 36, 26, 11], [18, 11, 41, 18, 12], [23, 6, 41, 14, 16], [19, 12, 40, 12, 17], [23, 9, 32, 16, 20], [17, 5, 47, 16, 15], [17, 10, 43, 12, 18], [11, 6, 45, 16, 22], [14, 4, 49, 15, 18], [15, 10, 42, 18, 15], [20, 8, 36, 19, 17], [13, 6, 45, 20, 16], [28, 11, 37, 13, 11], [19, 7, 48, 15, 11], [17, 5, 40, 16, 22], [16, 16, 37, 17, 14], [21, 10, 43, 15, 11], [21, 12, 41, 15, 11], [25, 6, 43, 16, 10], [26, 8, 32, 21, 13], [20, 1, 48, 20, 11]], "lambda_": 0.5, "b": [[78, 22], [80, 20], [74, 26], [78, 22], [79, 21], [70, 30], [76, 24], [73, 27], [79, 21], [75, 25], [74, 26], [74, 26], [68, 32], [68, 32], [67, 33], [81, 19], [73, 27], [77, 23], [78, 22], [78, 22], [74, 26], [73, 27], [79, 21], [76, 24], [74, 26], [25, 75], [29, 71], [26, 74], [39, 61], [25, 75], [19, 81], [24, 76], [27, 73], [19, 81], [23, 77], [27, 73], [23, 77], [25, 75], [26, 74], [25, 75], [22, 78], [29, 71], [21, 79], [32, 68], [20, 80], [30, 70], [19, 81], [14, 86], [29, 71], [28, 72]]}