{"M": 50, "G": 2, "I": 3, "J": 100, "p": [[0.16462456721633445, 0.42313389130268786, 0.41224154148097764], [0.582351120333567, 0.012580030813523983, 0.40506884885290895]], "r": [[[14, 28, 34], [14, 0, 10]], [[10, 27, 36], [15, 0, 12]], [[9, 33, 30], [12, 0, 16]], [[15, 28, 36], [9, 0, 12]], [[10, 25, 33], [21, 0, 11]], [[10, 31, 27], [21, 0, 11]], [[17, 28, 31], [13, 0, 11]], [[8, 33, 32], [16, 0, 11]], [[18, 33, 22], [17, 0, 10]], [[15, 34, 33], [12, 0, 6]], [[18, 34, 18], [18, 0, 12]], [[12, 27, 36], [12, 0, 13]], [[10, 26, 36], [14, 0, 14]], [[13, 25, 39], [10, 0, 13]], [[12, 35, 32], [14, 1, 6]], [[13, 33, 35], [8, 0, 11]], [[14, 29, 39], [9, 0, 9]], [[11, 21, 32], [25, 0, 11]], [[15, 32, 27], [11, 0, 15]], [[17, 27, 31], [16, 1, 8]], [[18, 22, 28], [17, 2, 13]], [[11, 38, 28], [12, 0, 11]], [[10, 40, 29], [11, 0, 10]], [[8, 27, 30], [23, 0, 12]], [[10, 30, 28], [22, 1, 9]], [[3, 5, 9], [51, 0, 32]], [[2, 14, 10], [31, 2, 41]], [[3, 14, 11], [38, 0, 34]], [[6, 8, 14], [45, 1, 26]], [[4, 15, 10], [34, 0, 37]], [[5, 13, 10], [45, 0, 27]], [[3, 14, 11], [38, 1, 33]], [[4, 9, 10], [45, 1, 31]], [[3, 13, 11], [40, 1, 32]], [[1, 7, 14], [47, 0, 31]], [[6, 11, 6], [48, 1, 28]], [[3, 14, 7], [43, 1, 32]], [[5, 14, 9], [40, 1, 31]], [[4, 14, 12], [37, 2, 31]], [[6, 15, 15], [35, 0, 29]], [[4, 11, 7], [41, 0, 37]], [[5, 12, 13], [42, 0, 28]], [[5, 17, 8], [39, 3, 28]], [[5, 11, 11], [44, 1, 28]], [[1, 11, 10], [42, 3, 33]], [[5, 10, 11], [37, 1, 36]], [[3, 11, 9], [42, 1, 34]], [[4, 14, 6], [46, 2, 28]], [[3, 11, 14], [41, 1, 30]], [[5, 11, 11], [39, 0, 34]]], "n": [[28, 28, 44], [25, 27, 48], [21, 33, 46], [24, 28, 48], [31, 25, 44], [31, 31, 38], [30, 28, 42], [24, 33, 43], [35, 33, 32], [27, 34, 39], [36, 34, 30], [24, 27, 49], [24, 26, 50], [23, 25, 52], [26, 36, 38], [21, 33, 46], [23, 29, 48], [36, 21, 43], [26, 32, 42], [33, 28, 39], [35, 24, 41], [23, 38, 39], [21, 40, 39], [31, 27, 42], [32, 31, 37], [54, 5, 41], [33, 16, 51], [41, 14, 45], [51, 9, 40], [38, 15, 47], [50, 13, 37], [41, 15, 44], [49, 10, 41], [43, 14, 43], [48, 7, 45], [54, 12, 34], [46, 15, 39], [45, 15, 40], [41, 16, 43], [41, 15, 44], [45, 11, 44], [47, 12, 41], [44, 20, 36], [49, 12, 39], [43, 14, 43], [42, 11, 47], [45, 12, 43], [50, 16, 34], [44, 12, 44], [44, 11, 45]], "lambda_": 0.5, "b": [[76, 24], [73, 27], [72, 28], [79, 21], [68, 32], [68, 32], [76, 24], [73, 27], [73, 27], [82, 18], [70, 30], [75, 25], [72, 28], [77, 23], [79, 21], [81, 19], [82, 18], [64, 36], [74, 26], [75, 25], [68, 32], [77, 23], [79, 21], [65, 35], [68, 32], [17, 83], [26, 74], [28, 72], [28, 72], [29, 71], [28, 72], [28, 72], [23, 77], [27, 73], [22, 78], [23, 77], [24, 76], [28, 72], [30, 70], [36, 64], [22, 78], [30, 70], [30, 70], [27, 73], [22, 78], [26, 74], [23, 77], [24, 76], [28, 72], [27, 73]]}