{"M": 50, "G": 4, "I": 2, "J": 100, "p": [[0.9055273000019451, 0.09447269999805481], [0.11077641301954382, 0.8892235869804561], [0.2990612615270369, 0.7009387384729632], [0.5014274470027649, 0.4985725529972351]], "r": [[[60, 6], [1, 11], [3, 8], [4, 7]], [[58, 5], [1, 9], [4, 9], [4, 10]], [[66, 8], [0, 10], [5, 7], [4, 0]], [[55, 6], [2, 12], [4, 9], [7, 5]], [[46, 3], [2, 16], [8, 12], [4, 9]], [[58, 0], [1, 16], [3, 7], [6, 9]], [[55, 3], [1, 17], [1, 12], [6, 5]], [[66, 8], [1, 9], [2, 2], [7, 5]], [[59, 6], [1, 9], [3, 14], [2, 6]], [[54, 10], [0, 10], [3, 10], [6, 7]], [[52, 8], [2, 11], [7, 7], [8, 5]], [[57, 9], [2, 8], [8, 5], [6, 5]], [[40, 4], [4, 28], [3, 9], [5, 7]], [[11, 0], [9, 55], [8, 7], [3, 7]], [[16, 0], [7, 50], [3, 12], [6, 6]], [[10, 1], [10, 55], [7, 7], [5, 5]], [[11, 1], [7, 60], [3, 5], [5, 8]], [[14, 3], [6, 59], [2, 3], [6, 7]], [[11, 1], [4, 60], [4, 8], [6, 6]], [[9, 4], [7, 47], [5, 14], [4, 10]], [[10, 1], [3, 59], [1, 10], [6, 10]], [[15, 1], [5, 58], [1, 7], [7, 6]], [[11, 1], [11, 49], [6, 7], [7, 8]], [[11, 1], [9, 58], [1, 8], [3, 9]], [[12, 2], [3, 63], [5, 5], [6, 4]], [[10, 2], [1, 15], [16, 41], [8, 7]], [[10, 2], [0, 15], [19, 39], [7, 8]], [[9, 0], [3, 7], [14, 49], [8, 10]], [[10, 1], [1, 11], [19, 44], [7, 7]], [[8, 0], [0, 15], [18, 44], [10, 5]], [[10, 3], [1, 12], [15, 46], [6, 7]], [[2, 0], [1, 12], [18, 52], [6, 9]], [[13, 1], [0, 9], [20, 49], [6, 2]], [[12, 1], [1, 6], [27, 36], [11, 6]], [[12, 0], [2, 12], [17, 43], [6, 8]], [[9, 1], [1, 18], [19, 35], [10, 7]], [[9, 1], [2, 9], [22, 46], [4, 7]], [[6, 1], [2, 15], [14, 31], [15, 16]], [[11, 2], [1, 12], [0, 8], [29, 37]], [[15, 2], [2, 4], [2, 12], [36, 27]], [[10, 2], [1, 12], [3, 7], [32, 33]], [[12, 1], [4, 13], [2, 9], [34, 25]], [[12, 1], [1, 15], [2, 3], [35, 31]], [[7, 3], [2, 8], [10, 8], [36, 26]], [[11, 3], [2, 12], [2, 10], [37, 23]], [[8, 0], [2, 7], [4, 7], [43, 29]], [[16, 1], [2, 10], [7, 6], [22, 36]], [[13, 0], [2, 8], [6, 15], [22, 34]], [[12, 0], [0, 12], [5, 10], [33, 28]], [[17, 1], [1, 8], [6, 9], [32, 26]]], "n": [[68, 32], [67, 33], [75, 25], [68, 32], [60, 40], [68, 32], [63, 37], [76, 24], [65, 35], [63, 37], [69, 31], [73, 27], [52, 48], [31, 69], [32, 68], [32, 68], [26, 74], [28, 72], [25, 75], [25, 75], [20, 80], [28, 72], [35, 65], [24, 76], [26, 74], [35, 65], [36, 64], [34, 66], [37, 63], [36, 64], [32, 68], [27, 73], [39, 61], [51, 49], [37, 63], [39, 61], [37, 63], [37, 63], [41, 59], [55, 45], [46, 54], [52, 48], [50, 50], [55, 45], [52, 48], [57, 43], [47, 53], [43, 57], [50, 50], [56, 44]], "lambda_": 0.5, "b": [[66, 12, 11, 11], [63, 10, 13, 14], [74, 10, 12, 4], [61, 14, 13, 12], [49, 18, 20, 13], [58, 17, 10, 15], [58, 18, 13, 11], [74, 10, 4, 12], [65, 10, 17, 8], [64, 10, 13, 13], [60, 13, 14, 13], [66, 10, 13, 11], [44, 32, 12, 12], [11, 64, 15, 10], [16, 57, 15, 12], [11, 65, 14, 10], [12, 67, 8, 13], [17, 65, 5, 13], [12, 64, 12, 12], [13, 54, 19, 14], [11, 62, 11, 16], [16, 63, 8, 13], [12, 60, 13, 15], [12, 67, 9, 12], [14, 66, 10, 10], [12, 16, 57, 15], [12, 15, 58, 15], [9, 10, 63, 18], [11, 12, 63, 14], [8, 15, 62, 15], [13, 13, 61, 13], [2, 13, 70, 15], [14, 9, 69, 8], [13, 7, 63, 17], [12, 14, 60, 14], [10, 19, 54, 17], [10, 11, 68, 11], [7, 17, 45, 31], [13, 13, 8, 66], [17, 6, 14, 63], [12, 13, 10, 65], [13, 17, 11, 59], [13, 16, 5, 66], [10, 10, 18, 62], [14, 14, 12, 60], [8, 9, 11, 72], [17, 12, 13, 58], [13, 10, 21, 56], [12, 12, 15, 61], [18, 9, 15, 58]]}