{"M": 50, "G": 4, "I": 5, "J": 100, "p": [[0.1434167077505913, 0.025865930778568604, 0.16584060853400148, 0.3217943362172919, 0.3430824167195466], [0.11305586418501984, 0.17575267345451986, 0.2795850701403244, 0.19203123202957184, 0.23957516019056416], [0.01246011878013732, 0.1238368048144796, 0.021064693941961567, 0.6796329880710139, 0.1630053943924077], [0.4919351849660189, 0.1278863842528718, 0.18445794191947654, 0.00408478470734505, 0.1916357041542876]], "r": [[[17, 2, 14, 9, 25], [0, 1, 4, 2, 2], [0, 1, 0, 7, 1], [6, 3, 0, 0, 6]], [[12, 4, 11, 21, 19], [1, 0, 2, 5, 2], [0, 0, 0, 7, 2], [7, 0, 2, 0, 5]], [[9, 1, 13, 19, 23], [3, 2, 3, 1, 1], [0, 3, 0, 11, 2], [5, 1, 2, 0, 1]], [[6, 2, 11, 20, 19], [4, 2, 4, 1, 3], [1, 4, 0, 7, 1], [4, 3, 5, 0, 3]], [[9, 0, 13, 23, 23], [0, 3, 1, 2, 1], [0, 1, 0, 7, 2], [5, 3, 4, 0, 3]], [[11, 0, 14, 18, 19], [2, 2, 3, 2, 3], [0, 1, 0, 7, 4], [5, 4, 4, 0, 1]], [[8, 2, 20, 24, 16], [1, 4, 1, 1, 3], [0, 2, 0, 9, 1], [6, 0, 0, 0, 2]], [[8, 1, 10, 28, 23], [0, 3, 1, 2, 4], [0, 1, 1, 9, 1], [2, 1, 5, 0, 0]], [[9, 1, 12, 17, 26], [0, 2, 3, 0, 3], [0, 1, 0, 10, 3], [8, 1, 1, 0, 3]], [[7, 1, 9, 25, 18], [1, 2, 4, 2, 1], [0, 3, 0, 12, 1], [10, 0, 3, 0, 1]], [[13, 0, 11, 15, 24], [2, 2, 4, 0, 2], [0, 1, 0, 10, 3], [7, 2, 3, 0, 1]], [[8, 0, 12, 23, 18], [3, 1, 2, 1, 3], [0, 2, 0, 11, 4], [2, 3, 2, 0, 5]], [[7, 0, 11, 12, 11], [2, 9, 13, 5, 12], [0, 2, 0, 4, 1], [7, 0, 1, 0, 3]], [[5, 0, 4, 4, 2], [7, 8, 15, 14, 14], [0, 1, 0, 8, 0], [9, 0, 2, 0, 7]], [[0, 0, 3, 3, 2], [6, 13, 14, 16, 12], [1, 0, 0, 10, 5], [8, 3, 3, 0, 1]], [[1, 0, 1, 3, 4], [11, 11, 10, 16, 14], [0, 1, 0, 15, 0], [3, 3, 4, 0, 3]], [[4, 1, 2, 3, 7], [5, 14, 12, 9, 16], [0, 1, 0, 11, 4], [5, 1, 3, 0, 2]], [[0, 1, 1, 1, 4], [7, 11, 17, 14, 19], [0, 0, 1, 8, 3], [8, 1, 2, 0, 2]], [[3, 0, 1, 1, 6], [9, 15, 22, 9, 12], [0, 0, 1, 10, 0], [4, 2, 2, 0, 3]], [[2, 1, 3, 5, 5], [4, 11, 19, 16, 14], [0, 0, 0, 7, 2], [7, 1, 3, 0, 0]], [[2, 1, 1, 3, 5], [7, 11, 17, 9, 16], [0, 1, 0, 10, 1], [5, 3, 4, 0, 4]], [[1, 0, 3, 6, 2], [11, 7, 21, 14, 12], [0, 1, 0, 6, 4], [8, 2, 2, 0, 0]], [[1, 0, 2, 4, 3], [8, 11, 16, 19, 10], [0, 0, 0, 9, 5], [7, 0, 2, 0, 3]], [[2, 0, 3, 2, 5], [5, 14, 18, 16, 14], [0, 1, 0, 10, 1], [4, 0, 3, 0, 2]], [[2, 0, 2, 2, 3], [11, 13, 12, 16, 12], [0, 2, 1, 7, 5], [9, 1, 2, 0, 0]], [[3, 1, 1, 2, 6], [1, 0, 3, 6, 2], [2, 4, 1, 44, 14], [7, 1, 0, 0, 2]], [[7, 0, 2, 4, 5], [5, 0, 6, 3, 2], [0, 9, 0, 34, 10], [4, 4, 3, 0, 2]], [[1, 0, 2, 3, 5], [0, 1, 5, 2, 3], [1, 7, 2, 38, 18], [9, 1, 2, 0, 0]], [[1, 0, 2, 3, 5], [0, 0, 8, 7, 4], [0, 7, 3, 43, 11], [1, 4, 1, 0, 0]], [[2, 0, 0, 1, 4], [2, 3, 1, 5, 4], [0, 9, 1, 43, 13], [7, 2, 2, 0, 1]], [[3, 1, 0, 7, 3], [1, 2, 0, 0, 8], [0, 5, 0, 52, 5], [7, 1, 2, 0, 3]], [[1, 0, 2, 6, 3], [2, 4, 6, 1, 1], [1, 7, 0, 48, 8], [5, 2, 1, 0, 2]], [[2, 0, 1, 4, 5], [0, 2, 7, 2, 1], [2, 9, 2, 39, 15], [6, 0, 0, 0, 3]], [[1, 1, 1, 2, 2], [0, 3, 7, 1, 3], [1, 8, 2, 49, 10], [5, 0, 3, 0, 1]], [[1, 1, 2, 9, 1], [0, 3, 2, 1, 7], [0, 6, 1, 44, 11], [6, 2, 0, 0, 3]], [[1, 1, 5, 4, 7], [0, 0, 3, 3, 2], [0, 7, 2, 33, 14], [9, 3, 4, 0, 2]], [[1, 0, 1, 6, 3], [0, 5, 1, 3, 3], [1, 10, 3, 42, 7], [9, 1, 3, 0, 1]], [[1, 0, 4, 4, 6], [1, 0, 4, 5, 4], [0, 5, 1, 25, 4], [23, 2, 7, 0, 4]], [[2, 1, 1, 3, 4], [0, 1, 2, 0, 4], [0, 0, 0, 10, 5], [24, 13, 15, 1, 14]], [[0, 0, 2, 3, 2], [1, 2, 3, 2, 3], [0, 2, 0, 11, 2], [29, 10, 12, 0, 16]], [[0, 0, 4, 1, 3], [1, 4, 5, 3, 4], [1, 1, 0, 9, 1], [33, 6, 12, 0, 12]], [[2, 1, 2, 6, 6], [2, 2, 3, 3, 0], [0, 1, 0, 2, 0], [42, 10, 13, 0, 5]], [[4, 2, 1, 2, 6], [0, 2, 4, 3, 4], [0, 2, 0, 7, 3], [32, 8, 10, 0, 10]], [[2, 1, 2, 2, 3], [1, 4, 4, 4, 4], [0, 3, 0, 5, 2], [32, 4, 12, 0, 15]], [[1, 0, 4, 1, 5], [5, 1, 5, 2, 4], [0, 3, 0, 11, 0], [26, 14, 10, 0, 8]], [[1, 0, 4, 1, 2], [1, 1, 3, 4, 1], [0, 2, 0, 4, 3], [32, 10, 13, 0, 18]], [[2, 1, 2, 4, 3], [2, 3, 2, 6, 2], [0, 2, 1, 5, 4], [32, 7, 7, 0, 15]], [[2, 0, 3, 4, 1], [3, 2, 1, 6, 4], [0, 0, 0, 7, 2], [32, 9, 8, 1, 15]], [[2, 1, 1, 4, 6], [2, 1, 6, 2, 0], [0, 1, 0, 7, 2], [30, 3, 21, 0, 11]], [[1, 0, 2, 4, 4], [1, 2, 8, 3, 4], [1, 1, 0, 17, 3], [20, 6, 13, 0, 10]]], "n": [[23, 7, 18, 18, 34], [20, 4, 15, 33, 28], [17, 7, 18, 31, 27], [15, 11, 20, 28, 26], [14, 7, 18, 32, 29], [18, 7, 21, 27, 27], [15, 8, 21, 34, 22], [10, 6, 17, 39, 28], [17, 5, 16, 27, 35], [18, 6, 16, 39, 21], [22, 5, 18, 25, 30], [13, 6, 16, 35, 30], [16, 11, 25, 21, 27], [21, 9, 21, 26, 23], [15, 16, 20, 29, 20], [15, 15, 15, 34, 21], [14, 17, 17, 23, 29], [15, 13, 21, 23, 28], [16, 17, 26, 20, 21], [13, 13, 25, 28, 21], [14, 16, 22, 22, 26], [20, 10, 26, 26, 18], [16, 11, 20, 32, 21], [11, 15, 24, 28, 22], [22, 16, 17, 25, 20], [13, 6, 5, 52, 24], [16, 13, 11, 41, 19], [11, 9, 11, 43, 26], [2, 11, 14, 53, 20], [11, 14, 4, 49, 22], [11, 9, 2, 59, 19], [9, 13, 9, 55, 14], [10, 11, 10, 45, 24], [7, 12, 13, 52, 16], [7, 12, 5, 54, 22], [10, 11, 14, 40, 25], [11, 16, 8, 51, 14], [25, 7, 16, 34, 18], [26, 15, 18, 14, 27], [30, 14, 17, 16, 23], [35, 11, 21, 13, 20], [46, 14, 18, 11, 11], [36, 14, 15, 12, 23], [35, 12, 18, 11, 24], [32, 18, 19, 14, 17], [34, 13, 20, 9, 24], [36, 13, 12, 15, 24], [37, 11, 12, 18, 22], [34, 6, 28, 13, 19], [23, 9, 23, 24, 21]], "lambda_": 0.5, "b": [[67, 9, 9, 15], [67, 10, 9, 14], [65, 10, 16, 9], [58, 14, 13, 15], [68, 7, 10, 15], [62, 12, 12, 14], [70, 10, 12, 8], [70, 10, 12, 8], [65, 8, 14, 13], [60, 10, 16, 14], [63, 10, 14, 13], [61, 10, 17, 12], [41, 41, 7, 11], [15, 58, 9, 18], [8, 61, 16, 15], [9, 62, 16, 13], [17, 56, 16, 11], [7, 68, 12, 13], [11, 67, 11, 11], [16, 64, 9, 11], [12, 60, 12, 16], [12, 65, 11, 12], [10, 64, 14, 12], [12, 67, 12, 9], [9, 64, 15, 12], [13, 12, 65, 10], [18, 16, 53, 13], [11, 11, 66, 12], [11, 19, 64, 6], [7, 15, 66, 12], [14, 11, 62, 13], [12, 14, 64, 10], [12, 12, 67, 9], [7, 14, 70, 9], [14, 13, 62, 11], [18, 8, 56, 18], [11, 12, 63, 14], [15, 14, 35, 36], [11, 7, 15, 67], [7, 11, 15, 67], [8, 17, 12, 63], [17, 10, 3, 70], [15, 13, 12, 60], [10, 17, 10, 63], [11, 17, 14, 58], [8, 10, 9, 73], [12, 15, 12, 61], [10, 16, 9, 65], [14, 11, 10, 65], [11, 18, 22, 49]]}