{"M": 50, "G": 2, "I": 5, "J": 100, "p": [[0.06444559384021661, 0.5185814868114604, 0.11762784906370648, 0.29369367360950993, 0.0056513966751065665], [0.308115663974515, 0.2835138746929994, 0.0041724687997965176, 0.386082738833395, 0.018115253699294016]], "r": [[[7, 33, 16, 18, 1], [9, 4, 0, 10, 2]], [[3, 34, 11, 21, 1], [10, 7, 0, 13, 0]], [[3, 50, 6, 9, 0], [10, 9, 0, 12, 1]], [[3, 28, 9, 35, 1], [7, 7, 0, 10, 0]], [[6, 43, 8, 21, 0], [3, 5, 0, 14, 0]], [[5, 35, 12, 22, 0], [6, 8, 0, 12, 0]], [[2, 40, 9, 27, 0], [9, 7, 0, 5, 1]], [[4, 45, 5, 25, 1], [6, 6, 0, 7, 1]], [[5, 33, 6, 30, 0], [8, 9, 0, 9, 0]], [[2, 37, 12, 28, 0], [6, 5, 0, 10, 0]], [[9, 39, 12, 17, 0], [5, 8, 0, 9, 1]], [[3, 40, 6, 20, 1], [10, 7, 0, 12, 1]], [[4, 37, 12, 19, 1], [13, 8, 0, 6, 0]], [[6, 44, 10, 24, 0], [5, 4, 0, 6, 1]], [[6, 37, 5, 20, 0], [6, 12, 0, 13, 1]], [[2, 47, 8, 22, 1], [9, 5, 0, 6, 0]], [[2, 43, 10, 18, 1], [7, 9, 1, 7, 2]], [[10, 38, 5, 19, 1], [6, 8, 0, 13, 0]], [[3, 38, 15, 15, 1], [11, 10, 0, 7, 0]], [[4, 40, 6, 21, 1], [5, 8, 1, 14, 0]], [[5, 42, 9, 23, 1], [7, 4, 0, 8, 1]], [[7, 41, 12, 16, 0], [10, 8, 0, 6, 0]], [[1, 39, 13, 22, 0], [7, 9, 0, 8, 1]], [[4, 46, 11, 18, 1], [6, 5, 0, 8, 1]], [[3, 46, 9, 17, 2], [10, 5, 0, 8, 0]], [[0, 17, 4, 5, 0], [24, 21, 1, 25, 3]], [[1, 14, 4, 9, 0], [17, 18, 0, 35, 2]], [[1, 14, 4, 2, 0], [19, 32, 0, 27, 1]], [[0, 12, 4, 9, 1], [22, 20, 1, 30, 1]], [[2, 11, 1, 18, 0], [18, 24, 0, 23, 3]], [[4, 9, 4, 12, 1], [17, 25, 1, 26, 1]], [[1, 13, 2, 4, 1], [27, 28, 0, 23, 1]], [[2, 13, 2, 10, 1], [16, 25, 0, 31, 0]], [[3, 15, 1, 5, 0], [29, 19, 1, 27, 0]], [[0, 11, 2, 5, 0], [24, 20, 0, 35, 3]], [[2, 15, 4, 4, 0], [26, 25, 0, 24, 0]], [[1, 9, 1, 8, 0], [34, 17, 0, 29, 1]], [[3, 15, 2, 7, 0], [19, 25, 0, 28, 1]], [[1, 17, 5, 7, 0], [20, 19, 0, 27, 4]], [[0, 14, 0, 14, 0], [22, 21, 0, 26, 3]], [[0, 9, 4, 4, 0], [31, 23, 0, 27, 2]], [[0, 10, 6, 8, 0], [19, 25, 0, 32, 0]], [[2, 13, 3, 5, 0], [26, 21, 0, 26, 4]], [[3, 20, 5, 6, 0], [27, 10, 0, 27, 2]], [[5, 10, 2, 5, 0], [22, 21, 0, 34, 1]], [[2, 14, 2, 8, 0], [26, 18, 1, 28, 1]], [[1, 10, 4, 4, 0], [23, 26, 0, 30, 2]], [[2, 13, 1, 5, 1], [28, 17, 0, 33, 0]], [[5, 17, 3, 3, 0], [21, 23, 0, 25, 3]], [[2, 9, 4, 6, 0], [24, 19, 0, 36, 0]]], "n": [[16, 37, 16, 28, 3], [13, 41, 11, 34, 1], [13, 59, 6, 21, 1], [10, 35, 9, 45, 1], [9, 48, 8, 35, 0], [11, 43, 12, 34, 0], [11, 47, 9, 32, 1], [10, 51, 5, 32, 2], [13, 42, 6, 39, 0], [8, 42, 12, 38, 0], [14, 47, 12, 26, 1], [13, 47, 6, 32, 2], [17, 45, 12, 25, 1], [11, 48, 10, 30, 1], [12, 49, 5, 33, 1], [11, 52, 8, 28, 1], [9, 52, 11, 25, 3], [16, 46, 5, 32, 1], [14, 48, 15, 22, 1], [9, 48, 7, 35, 1], [12, 46, 9, 31, 2], [17, 49, 12, 22, 0], [8, 48, 13, 30, 1], [10, 51, 11, 26, 2], [13, 51, 9, 25, 2], [24, 38, 5, 30, 3], [18, 32, 4, 44, 2], [20, 46, 4, 29, 1], [22, 32, 5, 39, 2], [20, 35, 1, 41, 3], [21, 34, 5, 38, 2], [28, 41, 2, 27, 2], [18, 38, 2, 41, 1], [32, 34, 2, 32, 0], [24, 31, 2, 40, 3], [28, 40, 4, 28, 0], [35, 26, 1, 37, 1], [22, 40, 2, 35, 1], [21, 36, 5, 34, 4], [22, 35, 0, 40, 3], [31, 32, 4, 31, 2], [19, 35, 6, 40, 0], [28, 34, 3, 31, 4], [30, 30, 5, 33, 2], [27, 31, 2, 39, 1], [28, 32, 3, 36, 1], [24, 36, 4, 34, 2], [30, 30, 1, 38, 1], [26, 40, 3, 28, 3], [26, 28, 4, 42, 0]], "lambda_": 0.5, "b": [[75, 25], [70, 30], [68, 32], [76, 24], [78, 22], [74, 26], [78, 22], [80, 20], [74, 26], [79, 21], [77, 23], [70, 30], [73, 27], [84, 16], [68, 32], [80, 20], [74, 26], [73, 27], [72, 28], [72, 28], [80, 20], [76, 24], [75, 25], [80, 20], [77, 23], [26, 74], [28, 72], [21, 79], [26, 74], [32, 68], [30, 70], [21, 79], [28, 72], [24, 76], [18, 82], [25, 75], [19, 81], [27, 73], [30, 70], [28, 72], [17, 83], [24, 76], [23, 77], [34, 66], [22, 78], [26, 74], [19, 81], [22, 78], [28, 72], [21, 79]]}