{"M": 50, "G": 4, "I": 2, "J": 100, "p": [[0.1092869023075165, 0.8907130976924835], [0.08451466836827685, 0.9154853316317232], [0.41466565027429875, 0.5853343497257011], [0.6652438227166544, 0.3347561772833458]], "r": [[[7, 54], [2, 14], [5, 5], [10, 3]], [[8, 51], [0, 11], [5, 10], [6, 9]], [[5, 64], [2, 12], [3, 5], [7, 2]], [[5, 53], [3, 16], [3, 7], [8, 5]], [[7, 59], [0, 12], [2, 7], [11, 2]], [[9, 53], [0, 12], [9, 8], [6, 3]], [[9, 54], [1, 13], [5, 5], [9, 4]], [[9, 62], [2, 5], [0, 9], [6, 7]], [[8, 58], [1, 10], [1, 8], [11, 3]], [[8, 52], [2, 10], [3, 8], [8, 9]], [[4, 60], [0, 13], [3, 10], [7, 3]], [[4, 54], [2, 6], [7, 9], [11, 7]], [[2, 43], [2, 35], [6, 5], [4, 3]], [[0, 15], [5, 58], [7, 6], [6, 3]], [[1, 14], [5, 52], [7, 8], [6, 7]], [[1, 8], [7, 60], [4, 6], [9, 5]], [[1, 8], [2, 73], [6, 3], [5, 2]], [[4, 9], [4, 60], [7, 4], [9, 3]], [[2, 9], [4, 53], [6, 13], [8, 5]], [[2, 17], [5, 55], [4, 3], [9, 5]], [[5, 7], [4, 65], [3, 7], [8, 1]], [[2, 13], [1, 60], [4, 8], [4, 8]], [[1, 15], [3, 56], [8, 3], [10, 4]], [[1, 9], [7, 58], [4, 5], [9, 7]], [[1, 11], [3, 58], [6, 11], [6, 4]], [[0, 11], [0, 12], [32, 28], [11, 6]], [[1, 7], [2, 8], [28, 37], [11, 6]], [[0, 11], [2, 11], [35, 28], [8, 5]], [[0, 12], [2, 13], [25, 35], [9, 4]], [[3, 12], [0, 15], [27, 32], [5, 6]], [[1, 12], [0, 8], [24, 38], [11, 6]], [[1, 8], [1, 7], [25, 42], [10, 6]], [[3, 11], [1, 8], [27, 40], [8, 2]], [[0, 15], [0, 11], [21, 43], [7, 3]], [[1, 7], [3, 10], [29, 38], [6, 6]], [[2, 6], [6, 15], [26, 36], [4, 5]], [[1, 12], [2, 14], [22, 37], [7, 5]], [[1, 12], [1, 15], [17, 19], [24, 11]], [[1, 13], [0, 9], [4, 10], [46, 17]], [[1, 13], [0, 9], [6, 14], [33, 24]], [[0, 10], [1, 12], [6, 8], [38, 25]], [[0, 13], [3, 12], [5, 12], [36, 19]], [[1, 16], [0, 5], [10, 6], [41, 21]], [[3, 13], [1, 10], [2, 10], [47, 14]], [[0, 10], [0, 15], [5, 7], [38, 25]], [[0, 10], [1, 12], [4, 5], [48, 20]], [[1, 10], [0, 14], [6, 6], [41, 22]], [[1, 10], [3, 9], [9, 6], [40, 22]], [[2, 8], [1, 10], [6, 9], [41, 23]], [[1, 7], [0, 12], [5, 7], [39, 29]]], "n": [[24, 76], [19, 81], [17, 83], [19, 81], [20, 80], [24, 76], [24, 76], [17, 83], [21, 79], [21, 79], [14, 86], [24, 76], [14, 86], [18, 82], [19, 81], [21, 79], [14, 86], [24, 76], [20, 80], [20, 80], [20, 80], [11, 89], [22, 78], [21, 79], [16, 84], [43, 57], [42, 58], [45, 55], [36, 64], [35, 65], [36, 64], [37, 63], [39, 61], [28, 72], [39, 61], [38, 62], [32, 68], [43, 57], [51, 49], [40, 60], [45, 55], [44, 56], [52, 48], [53, 47], [43, 57], [53, 47], [48, 52], [53, 47], [50, 50], [45, 55]], "lambda_": 0.5, "b": [[61, 16, 10, 13], [59, 11, 15, 15], [69, 14, 8, 9], [58, 19, 10, 13], [66, 12, 9, 13], [62, 12, 17, 9], [63, 14, 10, 13], [71, 7, 9, 13], [66, 11, 9, 14], [60, 12, 11, 17], [64, 13, 13, 10], [58, 8, 16, 18], [45, 37, 11, 7], [15, 63, 13, 9], [15, 57, 15, 13], [9, 67, 10, 14], [9, 75, 9, 7], [13, 64, 11, 12], [11, 57, 19, 13], [19, 60, 7, 14], [12, 69, 10, 9], [15, 61, 12, 12], [16, 59, 11, 14], [10, 65, 9, 16], [12, 61, 17, 10], [11, 12, 60, 17], [8, 10, 65, 17], [11, 13, 63, 13], [12, 15, 60, 13], [15, 15, 59, 11], [13, 8, 62, 17], [9, 8, 67, 16], [14, 9, 67, 10], [15, 11, 64, 10], [8, 13, 67, 12], [8, 21, 62, 9], [13, 16, 59, 12], [13, 16, 36, 35], [14, 9, 14, 63], [14, 9, 20, 57], [10, 13, 14, 63], [13, 15, 17, 55], [17, 5, 16, 62], [16, 11, 12, 61], [10, 15, 12, 63], [10, 13, 9, 68], [11, 14, 12, 63], [11, 12, 15, 62], [10, 11, 15, 64], [8, 12, 12, 68]]}