{"M": 50, "G": 2, "I": 10, "J": 100, "p": [[0.003184587853581453, 0.21281910917822938, 0.20910140020993273, 0.04387476735424167, 0.04680857147848006, 0.07531090977110398, 0.16556334873637976, 0.08707966152205988, 0.026813439019434428, 0.12944420487655667], [0.014271007074978298, 0.1649078165152746, 0.23584109291398292, 0.0030910774066948976, 0.09393920083377816, 0.06651674575340452, 0.17855868802116745, 0.08598508851824638, 0.062082239260584704, 0.0948070437018881]], "r": [[[0, 16, 14, 2, 3, 5, 13, 6, 1, 8], [0, 4, 10, 0, 4, 2, 5, 2, 1, 4]], [[0, 10, 9, 0, 2, 7, 21, 6, 1, 9], [0, 5, 9, 0, 2, 3, 6, 3, 2, 5]], [[1, 14, 22, 7, 1, 6, 12, 10, 0, 8], [0, 1, 2, 0, 4, 1, 6, 3, 0, 2]], [[0, 17, 15, 2, 2, 8, 10, 5, 3, 14], [1, 3, 4, 0, 5, 1, 6, 1, 2, 1]], [[0, 16, 14, 1, 2, 9, 12, 7, 2, 13], [0, 6, 5, 0, 3, 1, 7, 2, 0, 0]], [[1, 17, 13, 2, 5, 4, 14, 6, 2, 8], [0, 6, 4, 0, 5, 4, 1, 2, 4, 2]], [[0, 14, 22, 4, 8, 5, 14, 3, 3, 6], [0, 4, 8, 0, 3, 1, 2, 2, 1, 0]], [[0, 11, 17, 5, 1, 4, 17, 7, 4, 3], [0, 10, 8, 0, 1, 3, 3, 3, 0, 3]], [[0, 17, 19, 2, 4, 6, 12, 9, 1, 6], [0, 7, 3, 0, 5, 1, 3, 0, 1, 4]], [[0, 11, 10, 2, 3, 9, 17, 11, 4, 9], [0, 6, 3, 0, 2, 1, 6, 0, 4, 2]], [[0, 23, 16, 7, 4, 5, 11, 2, 3, 11], [0, 5, 4, 0, 1, 0, 8, 0, 0, 0]], [[0, 15, 13, 6, 9, 4, 13, 6, 2, 9], [0, 2, 3, 0, 1, 5, 9, 2, 1, 0]], [[1, 12, 10, 3, 2, 10, 14, 4, 4, 16], [0, 5, 7, 0, 1, 1, 5, 1, 2, 2]], [[0, 14, 15, 2, 2, 6, 12, 9, 1, 9], [0, 3, 7, 0, 2, 2, 9, 6, 0, 1]], [[0, 14, 16, 4, 2, 4, 11, 7, 1, 10], [0, 6, 12, 0, 4, 0, 4, 3, 0, 2]], [[0, 11, 15, 4, 4, 5, 18, 3, 4, 15], [0, 1, 7, 0, 0, 1, 4, 5, 1, 2]], [[0, 21, 20, 2, 4, 6, 13, 1, 1, 4], [0, 5, 8, 0, 3, 3, 1, 2, 0, 6]], [[0, 14, 19, 3, 4, 7, 12, 7, 2, 7], [0, 5, 6, 0, 3, 3, 5, 1, 1, 1]], [[0, 20, 17, 2, 3, 5, 8, 2, 3, 10], [1, 4, 6, 0, 4, 3, 6, 1, 0, 5]], [[0, 21, 18, 2, 3, 8, 11, 4, 2, 9], [0, 3, 5, 0, 2, 2, 5, 3, 1, 1]], [[0, 15, 16, 3, 4, 5, 15, 8, 6, 12], [1, 2, 5, 1, 2, 0, 2, 1, 0, 2]], [[0, 12, 10, 2, 5, 3, 18, 5, 0, 12], [1, 4, 6, 0, 5, 3, 8, 2, 1, 3]], [[0, 14, 20, 5, 0, 4, 16, 7, 2, 10], [0, 5, 7, 0, 1, 1, 4, 1, 2, 1]], [[0, 18, 15, 4, 7, 3, 14, 5, 0, 6], [1, 4, 5, 0, 7, 0, 2, 6, 1, 2]], [[1, 23, 9, 3, 6, 7, 12, 3, 3, 10], [0, 4, 4, 0, 3, 2, 5, 2, 3, 0]], [[0, 5, 9, 1, 2, 0, 3, 3, 2, 3], [0, 8, 19, 0, 8, 6, 11, 6, 6, 8]], [[0, 3, 4, 4, 0, 0, 3, 2, 0, 4], [0, 12, 24, 2, 6, 6, 9, 7, 7, 7]], [[0, 4, 6, 2, 1, 3, 5, 3, 0, 1], [2, 13, 23, 0, 8, 4, 8, 7, 4, 6]], [[0, 4, 6, 3, 0, 2, 3, 3, 1, 3], [0, 13, 13, 0, 8, 6, 18, 8, 3, 6]], [[0, 3, 5, 3, 1, 4, 5, 0, 0, 2], [1, 14, 17, 2, 6, 6, 13, 8, 6, 4]], [[0, 5, 9, 2, 2, 4, 3, 1, 0, 5], [0, 8, 19, 0, 8, 6, 12, 6, 5, 5]], [[0, 3, 10, 0, 0, 3, 6, 4, 1, 0], [1, 6, 15, 0, 5, 5, 18, 7, 4, 12]], [[1, 5, 6, 0, 2, 2, 5, 1, 0, 0], [2, 7, 21, 0, 5, 7, 13, 7, 8, 8]], [[0, 6, 5, 2, 2, 3, 2, 0, 0, 4], [0, 13, 15, 0, 4, 6, 15, 11, 8, 4]], [[0, 3, 3, 2, 0, 2, 2, 2, 2, 7], [0, 16, 22, 1, 7, 3, 13, 2, 4, 9]], [[0, 4, 4, 0, 2, 1, 6, 4, 0, 3], [1, 14, 18, 0, 5, 5, 12, 6, 5, 10]], [[0, 4, 7, 1, 0, 1, 4, 3, 0, 3], [2, 15, 20, 1, 6, 5, 15, 4, 4, 5]], [[1, 6, 5, 2, 0, 1, 6, 1, 2, 1], [1, 15, 11, 0, 9, 3, 10, 14, 7, 5]], [[0, 4, 8, 0, 1, 2, 3, 1, 0, 3], [4, 13, 16, 0, 10, 5, 19, 3, 3, 5]], [[0, 7, 2, 1, 0, 1, 4, 2, 1, 4], [2, 18, 12, 0, 7, 10, 12, 8, 2, 7]], [[0, 6, 7, 1, 1, 1, 3, 3, 0, 1], [0, 12, 19, 1, 8, 5, 12, 5, 8, 7]], [[0, 8, 6, 1, 1, 1, 4, 0, 1, 1], [1, 12, 20, 0, 10, 4, 8, 6, 5, 11]], [[0, 8, 11, 2, 1, 0, 4, 2, 0, 3], [2, 10, 17, 1, 5, 3, 13, 8, 7, 3]], [[0, 5, 3, 0, 3, 6, 4, 2, 0, 7], [1, 8, 21, 1, 12, 1, 8, 6, 5, 7]], [[0, 7, 8, 1, 0, 1, 3, 2, 1, 9], [0, 10, 21, 0, 8, 3, 12, 5, 5, 4]], [[0, 9, 7, 2, 1, 2, 4, 5, 1, 2], [0, 13, 15, 1, 8, 5, 8, 4, 7, 6]], [[0, 6, 4, 0, 2, 3, 7, 2, 1, 2], [1, 13, 16, 0, 9, 1, 13, 8, 2, 10]], [[0, 12, 6, 1, 1, 3, 3, 0, 1, 2], [1, 12, 18, 0, 12, 2, 11, 5, 5, 5]], [[0, 3, 4, 0, 2, 1, 6, 1, 1, 3], [0, 12, 16, 0, 7, 5, 18, 6, 4, 11]], [[0, 3, 8, 1, 2, 3, 4, 2, 0, 2], [1, 15, 17, 0, 7, 5, 15, 4, 3, 8]]], "n": [[0, 20, 24, 2, 7, 7, 18, 8, 2, 12], [0, 15, 18, 0, 4, 10, 27, 9, 3, 14], [1, 15, 24, 7, 5, 7, 18, 13, 0, 10], [1, 20, 19, 2, 7, 9, 16, 6, 5, 15], [0, 22, 19, 1, 5, 10, 19, 9, 2, 13], [1, 23, 17, 2, 10, 8, 15, 8, 6, 10], [0, 18, 30, 4, 11, 6, 16, 5, 4, 6], [0, 21, 25, 5, 2, 7, 20, 10, 4, 6], [0, 24, 22, 2, 9, 7, 15, 9, 2, 10], [0, 17, 13, 2, 5, 10, 23, 11, 8, 11], [0, 28, 20, 7, 5, 5, 19, 2, 3, 11], [0, 17, 16, 6, 10, 9, 22, 8, 3, 9], [1, 17, 17, 3, 3, 11, 19, 5, 6, 18], [0, 17, 22, 2, 4, 8, 21, 15, 1, 10], [0, 20, 28, 4, 6, 4, 15, 10, 1, 12], [0, 12, 22, 4, 4, 6, 22, 8, 5, 17], [0, 26, 28, 2, 7, 9, 14, 3, 1, 10], [0, 19, 25, 3, 7, 10, 17, 8, 3, 8], [1, 24, 23, 2, 7, 8, 14, 3, 3, 15], [0, 24, 23, 2, 5, 10, 16, 7, 3, 10], [1, 17, 21, 4, 6, 5, 17, 9, 6, 14], [1, 16, 16, 2, 10, 6, 26, 7, 1, 15], [0, 19, 27, 5, 1, 5, 20, 8, 4, 11], [1, 22, 20, 4, 14, 3, 16, 11, 1, 8], [1, 27, 13, 3, 9, 9, 17, 5, 6, 10], [0, 13, 28, 1, 10, 6, 14, 9, 8, 11], [0, 15, 28, 6, 6, 6, 12, 9, 7, 11], [2, 17, 29, 2, 9, 7, 13, 10, 4, 7], [0, 17, 19, 3, 8, 8, 21, 11, 4, 9], [1, 17, 22, 5, 7, 10, 18, 8, 6, 6], [0, 13, 28, 2, 10, 10, 15, 7, 5, 10], [1, 9, 25, 0, 5, 8, 24, 11, 5, 12], [3, 12, 27, 0, 7, 9, 18, 8, 8, 8], [0, 19, 20, 2, 6, 9, 17, 11, 8, 8], [0, 19, 25, 3, 7, 5, 15, 4, 6, 16], [1, 18, 22, 0, 7, 6, 18, 10, 5, 13], [2, 19, 27, 2, 6, 6, 19, 7, 4, 8], [2, 21, 16, 2, 9, 4, 16, 15, 9, 6], [4, 17, 24, 0, 11, 7, 22, 4, 3, 8], [2, 25, 14, 1, 7, 11, 16, 10, 3, 11], [0, 18, 26, 2, 9, 6, 15, 8, 8, 8], [1, 20, 26, 1, 11, 5, 12, 6, 6, 12], [2, 18, 28, 3, 6, 3, 17, 10, 7, 6], [1, 13, 24, 1, 15, 7, 12, 8, 5, 14], [0, 17, 29, 1, 8, 4, 15, 7, 6, 13], [0, 22, 22, 3, 9, 7, 12, 9, 8, 8], [1, 19, 20, 0, 11, 4, 20, 10, 3, 12], [1, 24, 24, 1, 13, 5, 14, 5, 6, 7], [0, 15, 20, 0, 9, 6, 24, 7, 5, 14], [1, 18, 25, 1, 9, 8, 19, 6, 3, 10]], "lambda_": 0.5, "b": [[68, 32], [65, 35], [81, 19], [76, 24], [76, 24], [72, 28], [79, 21], [69, 31], [76, 24], [76, 24], [82, 18], [77, 23], [76, 24], [70, 30], [69, 31], [79, 21], [72, 28], [75, 25], [70, 30], [78, 22], [84, 16], [67, 33], [78, 22], [72, 28], [77, 23], [28, 72], [20, 80], [25, 75], [25, 75], [23, 77], [31, 69], [27, 73], [22, 78], [24, 76], [23, 77], [24, 76], [23, 77], [25, 75], [22, 78], [22, 78], [23, 77], [23, 77], [31, 69], [30, 70], [32, 68], [33, 67], [27, 73], [29, 71], [21, 79], [25, 75]]}