{"M": 50, "G": 3, "I": 4, "J": 100, "p": [[0.29096972519164355, 0.013346201755036091, 0.4053198048712896, 0.2903642681820308], [0.25472546786309014, 0.1872870721984784, 0.10694707564706017, 0.4510403842913713], [0.14900963765748226, 0.1298458241845173, 0.40604164441947943, 0.3151028937385211]], "r": [[[18, 0, 30, 23], [2, 4, 1, 5], [0, 2, 8, 7]], [[27, 0, 25, 20], [2, 3, 2, 4], [3, 1, 8, 5]], [[20, 1, 24, 18], [2, 5, 1, 9], [3, 3, 8, 6]], [[20, 2, 32, 14], [5, 2, 1, 5], [2, 2, 9, 6]], [[17, 1, 37, 17], [2, 1, 3, 5], [2, 5, 5, 5]], [[14, 1, 31, 19], [2, 3, 4, 7], [5, 2, 7, 5]], [[24, 2, 25, 16], [2, 5, 0, 9], [2, 1, 10, 4]], [[20, 0, 23, 15], [8, 5, 2, 5], [4, 1, 10, 7]], [[27, 0, 29, 13], [7, 2, 2, 10], [1, 2, 3, 4]], [[22, 0, 27, 17], [6, 2, 3, 11], [1, 2, 6, 3]], [[24, 3, 29, 15], [2, 2, 3, 4], [1, 2, 7, 8]], [[18, 1, 24, 21], [2, 6, 2, 10], [1, 1, 9, 5]], [[20, 0, 20, 27], [7, 1, 2, 7], [5, 2, 5, 4]], [[23, 0, 18, 13], [3, 7, 0, 12], [4, 1, 11, 8]], [[17, 2, 29, 16], [10, 5, 1, 5], [1, 3, 6, 5]], [[21, 0, 24, 24], [4, 2, 2, 9], [2, 1, 7, 4]], [[11, 0, 20, 17], [9, 7, 9, 14], [1, 0, 2, 10]], [[3, 1, 7, 3], [18, 18, 10, 28], [2, 0, 7, 3]], [[6, 0, 5, 5], [18, 10, 8, 34], [2, 4, 2, 6]], [[3, 1, 12, 4], [21, 14, 7, 17], [4, 3, 9, 5]], [[4, 0, 9, 3], [18, 10, 9, 31], [2, 1, 7, 6]], [[7, 0, 6, 2], [22, 10, 12, 25], [2, 3, 4, 7]], [[5, 0, 6, 4], [18, 10, 3, 38], [1, 4, 5, 6]], [[8, 0, 14, 5], [16, 9, 2, 29], [3, 3, 4, 7]], [[5, 0, 7, 4], [12, 15, 5, 37], [4, 0, 9, 2]], [[3, 0, 7, 4], [18, 4, 8, 32], [3, 3, 11, 7]], [[4, 0, 9, 5], [13, 15, 5, 32], [3, 5, 5, 4]], [[2, 1, 7, 3], [20, 11, 5, 32], [1, 1, 10, 7]], [[8, 0, 9, 12], [12, 18, 6, 25], [1, 3, 2, 4]], [[3, 0, 5, 8], [19, 14, 6, 31], [1, 2, 6, 5]], [[5, 1, 6, 4], [20, 14, 7, 31], [2, 0, 6, 4]], [[6, 1, 6, 6], [16, 14, 7, 31], [0, 1, 7, 5]], [[5, 1, 5, 3], [19, 11, 3, 28], [8, 1, 6, 10]], [[5, 0, 10, 2], [13, 5, 2, 16], [11, 5, 14, 17]], [[4, 0, 5, 7], [7, 5, 2, 9], [10, 9, 24, 18]], [[4, 0, 9, 7], [3, 2, 3, 9], [5, 10, 27, 21]], [[5, 0, 6, 4], [3, 5, 3, 5], [11, 7, 30, 21]], [[5, 0, 7, 5], [3, 3, 1, 5], [12, 7, 36, 16]], [[3, 2, 8, 6], [4, 2, 2, 5], [6, 8, 34, 20]], [[7, 0, 4, 7], [4, 2, 1, 9], [8, 10, 32, 16]], [[5, 1, 3, 5], [3, 3, 2, 5], [13, 7, 30, 23]], [[4, 0, 8, 4], [5, 5, 1, 7], [16, 9, 25, 16]], [[5, 0, 7, 6], [4, 3, 2, 4], [10, 9, 30, 20]], [[4, 1, 10, 3], [2, 4, 0, 9], [7, 11, 24, 25]], [[8, 0, 3, 8], [4, 1, 0, 9], [8, 15, 30, 14]], [[7, 1, 5, 3], [7, 4, 2, 7], [13, 8, 31, 12]], [[4, 0, 7, 6], [2, 7, 1, 7], [11, 9, 25, 21]], [[2, 0, 4, 0], [2, 6, 1, 12], [16, 12, 24, 21]], [[10, 0, 4, 4], [7, 0, 4, 8], [4, 12, 22, 25]], [[6, 0, 9, 3], [3, 3, 3, 8], [10, 6, 34, 15]]], "n": [[20, 6, 39, 35], [32, 4, 35, 29], [25, 9, 33, 33], [27, 6, 42, 25], [21, 7, 45, 27], [21, 6, 42, 31], [28, 8, 35, 29], [32, 6, 35, 27], [35, 4, 34, 27], [29, 4, 36, 31], [27, 7, 39, 27], [21, 8, 35, 36], [32, 3, 27, 38], [30, 8, 29, 33], [28, 10, 36, 26], [27, 3, 33, 37], [21, 7, 31, 41], [23, 19, 24, 34], [26, 14, 15, 45], [28, 18, 28, 26], [24, 11, 25, 40], [31, 13, 22, 34], [24, 14, 14, 48], [27, 12, 20, 41], [21, 15, 21, 43], [24, 7, 26, 43], [20, 20, 19, 41], [23, 13, 22, 42], [21, 21, 17, 41], [23, 16, 17, 44], [27, 15, 19, 39], [22, 16, 20, 42], [32, 13, 14, 41], [29, 10, 26, 35], [21, 14, 31, 34], [12, 12, 39, 37], [19, 12, 39, 30], [20, 10, 44, 26], [13, 12, 44, 31], [19, 12, 37, 32], [21, 11, 35, 33], [25, 14, 34, 27], [19, 12, 39, 30], [13, 16, 34, 37], [20, 16, 33, 31], [27, 13, 38, 22], [17, 16, 33, 34], [20, 18, 29, 33], [21, 12, 30, 37], [19, 9, 46, 26]], "lambda_": 0.5, "b": [[71, 12, 17], [72, 11, 17], [63, 17, 20], [68, 13, 19], [72, 11, 17], [65, 16, 19], [67, 16, 17], [58, 20, 22], [69, 21, 10], [66, 22, 12], [71, 11, 18], [64, 20, 16], [67, 17, 16], [54, 22, 24], [64, 21, 15], [69, 17, 14], [48, 39, 13], [14, 74, 12], [16, 70, 14], [20, 59, 21], [16, 68, 16], [15, 69, 16], [15, 69, 16], [27, 56, 17], [16, 69, 15], [14, 62, 24], [18, 65, 17], [13, 68, 19], [29, 61, 10], [16, 70, 14], [16, 72, 12], [19, 68, 13], [14, 61, 25], [17, 36, 47], [16, 23, 61], [20, 17, 63], [15, 16, 69], [17, 12, 71], [19, 13, 68], [18, 16, 66], [14, 13, 73], [16, 18, 66], [18, 13, 69], [18, 15, 67], [19, 14, 67], [16, 20, 64], [17, 17, 66], [6, 21, 73], [18, 19, 63], [18, 17, 65]]}