{"M": 50, "G": 4, "I": 3, "J": 100, "p": [[0.33688219083814136, 0.5184083371625832, 0.1447094719992755], [0.13709494665374614, 0.42840825980005576, 0.43449679354619813], [0.32007545057654463, 0.5539009248401536, 0.12602362458330174], [0.47569235713309294, 0.024822571764609672, 0.49948507110229734]], "r": [[[22, 39, 6], [1, 6, 5], [5, 9, 0], [2, 0, 5]], [[27, 28, 8], [3, 4, 4], [5, 8, 2], [2, 0, 9]], [[23, 38, 4], [1, 2, 9], [7, 5, 1], [4, 0, 6]], [[13, 35, 8], [0, 6, 3], [10, 11, 2], [6, 1, 5]], [[17, 42, 8], [4, 5, 7], [3, 4, 2], [3, 0, 5]], [[17, 42, 5], [0, 3, 10], [1, 8, 2], [4, 1, 7]], [[23, 38, 4], [0, 7, 5], [4, 7, 2], [6, 1, 3]], [[21, 37, 4], [2, 4, 7], [4, 4, 5], [7, 1, 4]], [[14, 36, 16], [0, 6, 4], [2, 4, 1], [9, 0, 8]], [[18, 26, 8], [1, 8, 6], [5, 9, 1], [10, 0, 8]], [[23, 27, 9], [1, 7, 8], [6, 8, 2], [2, 0, 7]], [[16, 37, 9], [4, 6, 4], [2, 5, 1], [7, 1, 8]], [[12, 25, 9], [6, 17, 18], [3, 5, 1], [2, 0, 2]], [[7, 7, 2], [7, 31, 19], [3, 10, 2], [5, 0, 7]], [[3, 7, 0], [8, 32, 24], [5, 10, 1], [6, 0, 4]], [[5, 3, 2], [12, 32, 22], [2, 10, 0], [5, 0, 7]], [[3, 5, 5], [8, 30, 26], [1, 8, 2], [6, 1, 5]], [[3, 5, 1], [12, 26, 37], [4, 5, 1], [1, 0, 5]], [[6, 7, 1], [8, 32, 30], [3, 2, 2], [4, 0, 5]], [[6, 5, 4], [6, 27, 26], [7, 3, 1], [5, 1, 9]], [[6, 9, 2], [13, 33, 16], [4, 3, 1], [4, 1, 8]], [[7, 5, 2], [10, 33, 16], [5, 6, 0], [9, 0, 7]], [[5, 6, 1], [13, 19, 26], [8, 5, 1], [7, 0, 9]], [[4, 8, 2], [11, 27, 24], [4, 5, 0], [6, 0, 9]], [[5, 4, 3], [9, 35, 22], [11, 5, 0], [2, 1, 3]], [[1, 6, 4], [1, 4, 9], [13, 43, 10], [5, 0, 4]], [[2, 8, 3], [1, 4, 8], [16, 36, 7], [8, 0, 7]], [[2, 5, 1], [2, 3, 5], [22, 47, 7], [3, 0, 3]], [[5, 5, 7], [2, 5, 5], [19, 28, 9], [5, 0, 10]], [[6, 4, 3], [0, 7, 5], [16, 31, 12], [12, 0, 4]], [[6, 11, 3], [2, 5, 4], [18, 26, 9], [7, 0, 9]], [[8, 6, 1], [2, 7, 7], [17, 27, 10], [6, 0, 9]], [[8, 7, 2], [0, 5, 1], [22, 38, 5], [6, 0, 6]], [[2, 6, 1], [0, 6, 4], [25, 35, 5], [7, 0, 9]], [[6, 6, 2], [2, 7, 7], [24, 29, 6], [3, 0, 8]], [[2, 12, 1], [2, 5, 9], [20, 32, 5], [8, 0, 4]], [[5, 7, 3], [1, 13, 3], [23, 27, 9], [5, 0, 4]], [[2, 2, 2], [1, 6, 3], [12, 23, 6], [22, 0, 21]], [[5, 4, 1], [1, 8, 4], [7, 4, 2], [29, 0, 35]], [[5, 5, 0], [2, 5, 2], [4, 11, 0], [34, 1, 31]], [[3, 8, 3], [2, 2, 8], [3, 11, 0], [30, 0, 30]], [[9, 7, 1], [0, 2, 6], [4, 7, 3], [28, 2, 31]], [[0, 3, 2], [2, 4, 3], [6, 9, 2], [34, 1, 34]], [[3, 5, 3], [1, 3, 7], [3, 9, 3], [40, 1, 22]], [[3, 7, 1], [1, 8, 6], [4, 6, 2], [29, 2, 31]], [[3, 4, 1], [0, 8, 3], [3, 8, 2], [32, 1, 35]], [[3, 3, 2], [1, 3, 6], [5, 9, 2], [32, 0, 34]], [[0, 9, 2], [0, 3, 3], [1, 14, 2], [38, 1, 27]], [[2, 7, 2], [5, 5, 4], [6, 7, 3], [29, 3, 27]], [[3, 8, 2], [1, 5, 7], [5, 7, 1], [26, 2, 33]]], "n": [[30, 54, 16], [37, 40, 23], [35, 45, 20], [29, 53, 18], [27, 51, 22], [22, 54, 24], [33, 53, 14], [34, 46, 20], [25, 46, 29], [34, 43, 23], [32, 42, 26], [29, 49, 22], [23, 47, 30], [22, 48, 30], [22, 49, 29], [24, 45, 31], [18, 44, 38], [20, 36, 44], [21, 41, 38], [24, 36, 40], [27, 46, 27], [31, 44, 25], [33, 30, 37], [25, 40, 35], [27, 45, 28], [20, 53, 27], [27, 48, 25], [29, 55, 16], [31, 38, 31], [34, 42, 24], [33, 42, 25], [33, 40, 27], [36, 50, 14], [34, 47, 19], [35, 42, 23], [32, 49, 19], [34, 47, 19], [37, 31, 32], [42, 16, 42], [45, 22, 33], [38, 21, 41], [41, 18, 41], [42, 17, 41], [47, 18, 35], [37, 23, 40], [38, 21, 41], [41, 15, 44], [39, 27, 34], [42, 22, 36], [35, 22, 43]], "lambda_": 0.5, "b": [[67, 12, 14, 7], [63, 11, 15, 11], [65, 12, 13, 10], [56, 9, 23, 12], [67, 16, 9, 8], [64, 13, 11, 12], [65, 12, 13, 10], [62, 13, 13, 12], [66, 10, 7, 17], [52, 15, 15, 18], [59, 16, 16, 9], [62, 14, 8, 16], [46, 41, 9, 4], [16, 57, 15, 12], [10, 64, 16, 10], [10, 66, 12, 12], [13, 64, 11, 12], [9, 75, 10, 6], [14, 70, 7, 9], [15, 59, 11, 15], [17, 62, 8, 13], [14, 59, 11, 16], [12, 58, 14, 16], [14, 62, 9, 15], [12, 66, 16, 6], [11, 14, 66, 9], [13, 13, 59, 15], [8, 10, 76, 6], [17, 12, 56, 15], [13, 12, 59, 16], [20, 11, 53, 16], [15, 16, 54, 15], [17, 6, 65, 12], [9, 10, 65, 16], [14, 16, 59, 11], [15, 16, 57, 12], [15, 17, 59, 9], [6, 10, 41, 43], [10, 13, 13, 64], [10, 9, 15, 66], [14, 12, 14, 60], [17, 8, 14, 61], [5, 9, 17, 69], [11, 11, 15, 63], [11, 15, 12, 62], [8, 11, 13, 68], [8, 10, 16, 66], [11, 6, 17, 66], [11, 14, 16, 59], [13, 13, 13, 61]]}