{"M": 50, "G": 3, "I": 5, "J": 100, "p": [[0.22783917374835463, 0.010450529100728561, 0.31737916851966397, 0.2273650803535196, 0.21696604827773336], [0.17725330515516027, 0.10121746478598845, 0.42687622768416966, 0.1574512359503933, 0.1372017664242883], [0.34751781116712555, 0.26968629801752636, 0.0517533038213183, 0.25804238256025486, 0.07300020443377483]], "r": [[[19, 0, 29, 15, 10], [0, 2, 3, 4, 1], [9, 4, 0, 2, 2]], [[16, 1, 18, 22, 10], [3, 1, 9, 1, 2], [7, 5, 1, 3, 1]], [[17, 1, 23, 11, 13], [3, 3, 6, 5, 1], [6, 5, 0, 5, 1]], [[15, 1, 26, 7, 16], [0, 4, 11, 2, 2], [6, 3, 0, 5, 2]], [[14, 0, 21, 22, 17], [3, 0, 6, 3, 1], [5, 3, 0, 3, 2]], [[11, 1, 21, 12, 19], [1, 2, 9, 0, 4], [6, 7, 1, 6, 0]], [[13, 2, 24, 11, 19], [3, 2, 4, 1, 2], [5, 9, 0, 4, 1]], [[12, 0, 19, 9, 17], [6, 0, 15, 2, 4], [7, 3, 1, 4, 1]], [[21, 0, 24, 14, 12], [2, 2, 7, 1, 6], [2, 8, 0, 0, 1]], [[14, 1, 24, 11, 13], [3, 0, 5, 5, 3], [4, 8, 1, 7, 1]], [[19, 0, 19, 14, 15], [2, 2, 10, 0, 2], [9, 3, 1, 3, 1]], [[15, 0, 26, 13, 11], [3, 3, 10, 1, 1], [4, 7, 2, 3, 1]], [[22, 0, 12, 16, 17], [1, 2, 8, 4, 4], [5, 3, 0, 5, 1]], [[13, 1, 23, 16, 13], [3, 1, 7, 2, 2], [6, 9, 0, 2, 2]], [[14, 0, 19, 11, 11], [5, 2, 7, 1, 5], [6, 10, 1, 6, 2]], [[18, 1, 18, 20, 13], [7, 1, 8, 2, 2], [4, 4, 0, 2, 0]], [[11, 1, 11, 15, 13], [6, 0, 16, 4, 2], [6, 11, 0, 3, 1]], [[2, 0, 4, 2, 2], [13, 4, 37, 10, 9], [7, 4, 1, 4, 1]], [[6, 0, 5, 3, 3], [17, 6, 27, 9, 7], [6, 3, 1, 7, 0]], [[5, 0, 7, 6, 1], [8, 14, 31, 6, 7], [3, 3, 3, 5, 1]], [[2, 0, 3, 5, 4], [12, 5, 33, 6, 8], [8, 8, 1, 4, 1]], [[6, 1, 4, 3, 4], [10, 8, 28, 11, 10], [2, 3, 2, 4, 4]], [[2, 0, 5, 6, 4], [12, 6, 29, 14, 11], [4, 5, 1, 1, 0]], [[9, 1, 5, 3, 5], [10, 9, 26, 6, 9], [6, 6, 0, 4, 1]], [[4, 0, 8, 3, 4], [14, 5, 24, 14, 6], [2, 6, 3, 5, 2]], [[4, 0, 7, 3, 2], [15, 5, 24, 6, 15], [4, 5, 0, 7, 3]], [[1, 0, 4, 4, 6], [9, 9, 27, 13, 12], [5, 8, 2, 0, 0]], [[1, 0, 5, 4, 4], [12, 5, 30, 9, 8], [5, 3, 4, 9, 1]], [[7, 0, 10, 5, 5], [14, 9, 24, 8, 5], [5, 2, 2, 4, 0]], [[7, 0, 6, 2, 1], [13, 10, 23, 17, 6], [5, 0, 0, 5, 5]], [[3, 0, 9, 2, 3], [11, 9, 37, 10, 7], [6, 3, 0, 0, 0]], [[2, 0, 5, 1, 7], [9, 10, 33, 8, 9], [6, 3, 1, 6, 0]], [[6, 0, 4, 3, 3], [10, 11, 22, 10, 9], [7, 8, 2, 5, 0]], [[3, 1, 7, 2, 6], [5, 1, 15, 6, 4], [23, 7, 0, 15, 5]], [[5, 0, 3, 6, 2], [3, 4, 9, 3, 5], [23, 21, 2, 13, 1]], [[2, 0, 8, 6, 3], [6, 1, 6, 0, 6], [17, 20, 5, 15, 5]], [[6, 0, 5, 3, 3], [4, 2, 6, 2, 4], [25, 18, 4, 12, 6]], [[2, 0, 8, 3, 3], [3, 1, 4, 1, 2], [22, 29, 4, 16, 2]], [[9, 0, 6, 4, 2], [1, 2, 5, 1, 2], [18, 22, 1, 19, 8]], [[7, 0, 5, 3, 3], [2, 0, 4, 1, 5], [22, 19, 7, 19, 3]], [[1, 1, 4, 1, 5], [4, 4, 6, 2, 0], [19, 25, 0, 21, 7]], [[2, 0, 7, 4, 2], [5, 1, 5, 3, 3], [32, 18, 4, 13, 1]], [[3, 0, 5, 4, 6], [2, 3, 4, 3, 6], [24, 17, 2, 21, 0]], [[6, 1, 3, 1, 8], [4, 0, 9, 3, 1], [22, 18, 4, 16, 4]], [[7, 0, 8, 1, 4], [5, 0, 6, 2, 2], [18, 19, 1, 22, 5]], [[3, 1, 4, 4, 7], [5, 0, 11, 4, 2], [28, 12, 4, 10, 5]], [[5, 0, 4, 3, 3], [2, 1, 8, 2, 2], [27, 15, 2, 21, 5]], [[0, 0, 1, 3, 1], [1, 4, 8, 3, 5], [23, 23, 4, 21, 3]], [[6, 0, 2, 5, 2], [6, 2, 5, 1, 3], [32, 10, 4, 15, 7]], [[6, 0, 11, 2, 3], [1, 1, 6, 6, 4], [14, 17, 6, 18, 5]]], "n": [[28, 6, 32, 21, 13], [26, 7, 28, 26, 13], [26, 9, 29, 21, 15], [21, 8, 37, 14, 20], [22, 3, 27, 28, 20], [18, 10, 31, 18, 23], [21, 13, 28, 16, 22], [25, 3, 35, 15, 22], [25, 10, 31, 15, 19], [21, 9, 30, 23, 17], [30, 5, 30, 17, 18], [22, 10, 38, 17, 13], [28, 5, 20, 25, 22], [22, 11, 30, 20, 17], [25, 12, 27, 18, 18], [29, 6, 26, 24, 15], [23, 12, 27, 22, 16], [22, 8, 42, 16, 12], [29, 9, 33, 19, 10], [16, 17, 41, 17, 9], [22, 13, 37, 15, 13], [18, 12, 34, 18, 18], [18, 11, 35, 21, 15], [25, 16, 31, 13, 15], [20, 11, 35, 22, 12], [23, 10, 31, 16, 20], [15, 17, 33, 17, 18], [18, 8, 39, 22, 13], [26, 11, 36, 17, 10], [25, 10, 29, 24, 12], [20, 12, 46, 12, 10], [17, 13, 39, 15, 16], [23, 19, 28, 18, 12], [31, 9, 22, 23, 15], [31, 25, 14, 22, 8], [25, 21, 19, 21, 14], [35, 20, 15, 17, 13], [27, 30, 16, 20, 7], [28, 24, 12, 24, 12], [31, 19, 16, 23, 11], [24, 30, 10, 24, 12], [39, 19, 16, 20, 6], [29, 20, 11, 28, 12], [32, 19, 16, 20, 13], [30, 19, 15, 25, 11], [36, 13, 19, 18, 14], [34, 16, 14, 26, 10], [24, 27, 13, 27, 9], [44, 12, 11, 21, 12], [21, 18, 23, 26, 12]], "lambda_": 0.5, "b": [[73, 10, 17], [67, 16, 17], [65, 18, 17], [65, 19, 16], [74, 13, 13], [64, 16, 20], [69, 12, 19], [57, 27, 16], [71, 18, 11], [63, 16, 21], [67, 16, 17], [65, 18, 17], [67, 19, 14], [66, 15, 19], [55, 20, 25], [70, 20, 10], [51, 28, 21], [10, 73, 17], [17, 66, 17], [19, 66, 15], [14, 64, 22], [18, 67, 15], [17, 72, 11], [23, 60, 17], [19, 63, 18], [16, 65, 19], [15, 70, 15], [14, 64, 22], [27, 60, 13], [16, 69, 15], [17, 74, 9], [15, 69, 16], [16, 62, 22], [19, 31, 50], [16, 24, 60], [19, 19, 62], [17, 18, 65], [16, 11, 73], [21, 11, 68], [18, 12, 70], [12, 16, 72], [15, 17, 68], [18, 18, 64], [19, 17, 64], [20, 15, 65], [19, 22, 59], [15, 15, 70], [5, 21, 74], [15, 17, 68], [22, 18, 60]]}