{"M": 50, "G": 2, "I": 3, "J": 100, "p": [[0.23647057945119962, 0.02339651959646144, 0.7401329009523389], [0.516247965232227, 0.218010359126032, 0.26574167564174095]], "r": [[[14, 1, 56], [15, 6, 8]], [[8, 3, 61], [13, 7, 8]], [[18, 3, 57], [6, 6, 10]], [[18, 1, 61], [12, 4, 4]], [[17, 3, 53], [11, 9, 7]], [[16, 1, 59], [12, 4, 8]], [[25, 0, 50], [16, 6, 3]], [[14, 3, 63], [8, 9, 3]], [[18, 1, 49], [13, 10, 9]], [[13, 1, 63], [10, 6, 7]], [[16, 2, 63], [8, 5, 6]], [[18, 1, 62], [9, 5, 5]], [[18, 0, 57], [12, 5, 8]], [[25, 1, 58], [7, 6, 3]], [[16, 1, 52], [19, 5, 7]], [[19, 0, 54], [11, 4, 12]], [[18, 1, 56], [13, 7, 5]], [[17, 0, 61], [9, 7, 6]], [[16, 2, 58], [14, 3, 7]], [[19, 1, 57], [12, 5, 6]], [[20, 2, 51], [13, 5, 9]], [[14, 4, 62], [12, 3, 5]], [[11, 3, 60], [11, 6, 9]], [[14, 0, 60], [17, 3, 6]], [[14, 0, 55], [11, 8, 12]], [[5, 0, 21], [36, 20, 18]], [[6, 2, 14], [35, 20, 23]], [[5, 0, 23], [33, 17, 22]], [[3, 0, 17], [42, 20, 18]], [[6, 1, 11], [43, 19, 20]], [[5, 1, 17], [45, 19, 13]], [[3, 0, 18], [46, 16, 17]], [[6, 0, 21], [40, 14, 19]], [[4, 0, 17], [47, 12, 20]], [[6, 1, 16], [32, 25, 20]], [[6, 0, 15], [38, 18, 23]], [[1, 1, 24], [47, 14, 13]], [[6, 2, 18], [35, 12, 27]], [[6, 0, 17], [42, 16, 19]], [[5, 0, 21], [41, 14, 19]], [[11, 1, 21], [34, 12, 21]], [[4, 0, 18], [43, 18, 17]], [[3, 2, 17], [41, 16, 21]], [[6, 0, 23], [41, 13, 17]], [[8, 1, 19], [37, 21, 14]], [[5, 0, 29], [32, 14, 20]], [[5, 0, 19], [37, 17, 22]], [[7, 0, 11], [45, 11, 26]], [[4, 1, 22], [41, 18, 14]], [[8, 0, 17], [45, 17, 13]]], "n": [[29, 7, 64], [21, 10, 69], [24, 9, 67], [30, 5, 65], [28, 12, 60], [28, 5, 67], [41, 6, 53], [22, 12, 66], [31, 11, 58], [23, 7, 70], [24, 7, 69], [27, 6, 67], [30, 5, 65], [32, 7, 61], [35, 6, 59], [30, 4, 66], [31, 8, 61], [26, 7, 67], [30, 5, 65], [31, 6, 63], [33, 7, 60], [26, 7, 67], [22, 9, 69], [31, 3, 66], [25, 8, 67], [41, 20, 39], [41, 22, 37], [38, 17, 45], [45, 20, 35], [49, 20, 31], [50, 20, 30], [49, 16, 35], [46, 14, 40], [51, 12, 37], [38, 26, 36], [44, 18, 38], [48, 15, 37], [41, 14, 45], [48, 16, 36], [46, 14, 40], [45, 13, 42], [47, 18, 35], [44, 18, 38], [47, 13, 40], [45, 22, 33], [37, 14, 49], [42, 17, 41], [52, 11, 37], [45, 19, 36], [53, 17, 30]], "lambda_": 0.5, "b": [[71, 29], [72, 28], [78, 22], [80, 20], [73, 27], [76, 24], [75, 25], [80, 20], [68, 32], [77, 23], [81, 19], [81, 19], [75, 25], [84, 16], [69, 31], [73, 27], [75, 25], [78, 22], [76, 24], [77, 23], [73, 27], [80, 20], [74, 26], [74, 26], [69, 31], [26, 74], [22, 78], [28, 72], [20, 80], [18, 82], [23, 77], [21, 79], [27, 73], [21, 79], [23, 77], [21, 79], [26, 74], [26, 74], [23, 77], [26, 74], [33, 67], [22, 78], [22, 78], [29, 71], [28, 72], [34, 66], [24, 76], [18, 82], [27, 73], [25, 75]]}