{"M": 50, "G": 2, "I": 10, "J": 100, "p": [[0.07275655957967196, 0.1496149553698512, 0.20608955322757225, 0.0008148213285219813, 0.03738335505130502, 0.31875757195560495, 0.0725851899237404, 0.03864012484880083, 0.07813803605270303, 0.025219832662228388], [0.16106647274809777, 0.04108471195722066, 0.07591668817572599, 0.0005777338549660091, 0.10966663037368535, 0.02312003217408864, 0.2644408416027836, 0.04597428467004392, 0.13690581024077314, 0.141246794202615]], "r": [[[3, 9, 13, 1, 3, 29, 3, 4, 9, 3], [1, 1, 2, 0, 2, 0, 7, 3, 4, 3]], [[3, 14, 16, 1, 6, 24, 3, 2, 3, 3], [4, 3, 2, 0, 1, 1, 8, 2, 1, 3]], [[4, 12, 20, 0, 5, 23, 4, 1, 7, 2], [4, 0, 0, 0, 0, 1, 6, 2, 7, 2]], [[2, 10, 12, 0, 5, 27, 3, 2, 5, 5], [2, 1, 5, 0, 4, 1, 9, 0, 0, 7]], [[5, 9, 18, 0, 1, 22, 7, 2, 5, 2], [2, 1, 2, 0, 3, 1, 10, 3, 2, 5]], [[6, 15, 21, 0, 5, 16, 6, 1, 11, 1], [6, 0, 1, 0, 0, 0, 5, 0, 2, 4]], [[5, 11, 20, 0, 1, 20, 6, 4, 7, 1], [3, 1, 5, 0, 4, 0, 6, 1, 2, 3]], [[9, 8, 13, 0, 3, 24, 6, 3, 5, 1], [4, 1, 5, 0, 3, 0, 8, 1, 3, 3]], [[4, 11, 17, 0, 5, 21, 4, 4, 8, 2], [4, 0, 2, 0, 3, 0, 5, 2, 7, 1]], [[6, 12, 16, 0, 5, 19, 6, 1, 1, 2], [3, 1, 3, 0, 3, 1, 12, 1, 4, 4]], [[1, 15, 10, 0, 5, 28, 6, 5, 5, 2], [5, 1, 3, 0, 5, 1, 5, 0, 2, 1]], [[6, 11, 13, 0, 1, 24, 4, 5, 4, 2], [10, 2, 2, 0, 3, 0, 5, 2, 2, 4]], [[4, 9, 11, 0, 3, 27, 4, 2, 6, 3], [4, 1, 1, 0, 6, 0, 11, 2, 4, 2]], [[7, 9, 13, 1, 2, 19, 7, 5, 8, 3], [6, 3, 1, 0, 2, 1, 7, 1, 1, 4]], [[7, 9, 15, 0, 2, 26, 6, 2, 4, 4], [5, 1, 2, 0, 2, 0, 9, 1, 2, 3]], [[3, 8, 15, 0, 5, 30, 0, 2, 3, 2], [5, 0, 1, 0, 2, 3, 12, 4, 3, 2]], [[10, 6, 9, 0, 3, 33, 3, 1, 7, 3], [5, 1, 3, 0, 5, 1, 3, 2, 2, 3]], [[1, 11, 19, 0, 3, 20, 6, 6, 6, 3], [3, 1, 1, 0, 5, 0, 5, 1, 4, 5]], [[2, 9, 19, 0, 2, 23, 1, 5, 7, 1], [5, 3, 3, 0, 3, 0, 7, 2, 6, 2]], [[3, 9, 19, 0, 1, 28, 4, 4, 7, 1], [6, 1, 2, 0, 0, 0, 6, 2, 4, 3]], [[6, 14, 16, 0, 3, 28, 7, 1, 6, 1], [5, 2, 1, 0, 1, 0, 5, 0, 3, 1]], [[3, 20, 19, 0, 0, 27, 6, 1, 3, 0], [7, 1, 3, 0, 1, 0, 2, 0, 3, 4]], [[6, 17, 15, 0, 2, 22, 6, 2, 5, 2], [7, 0, 0, 0, 1, 0, 8, 1, 4, 2]], [[5, 18, 13, 0, 3, 20, 10, 3, 6, 3], [4, 0, 3, 0, 3, 0, 5, 0, 2, 2]], [[8, 12, 13, 0, 5, 28, 1, 4, 7, 3], [0, 2, 2, 0, 2, 0, 4, 1, 3, 5]], [[0, 6, 4, 0, 2, 7, 0, 1, 1, 1], [14, 4, 4, 0, 6, 2, 19, 3, 14, 12]], [[3, 0, 5, 1, 1, 9, 1, 1, 0, 2], [15, 4, 5, 0, 7, 1, 21, 3, 9, 12]], [[1, 3, 5, 0, 0, 9, 3, 1, 2, 1], [11, 0, 6, 0, 10, 2, 17, 3, 12, 14]], [[2, 4, 9, 0, 1, 6, 0, 3, 0, 2], [11, 2, 3, 0, 11, 1, 16, 5, 13, 11]], [[1, 2, 4, 0, 0, 8, 1, 0, 1, 0], [17, 3, 5, 0, 9, 2, 20, 4, 7, 16]], [[1, 3, 4, 0, 0, 12, 3, 2, 8, 0], [10, 4, 6, 0, 8, 3, 18, 2, 9, 7]], [[0, 2, 8, 0, 2, 8, 3, 3, 0, 0], [12, 4, 5, 0, 9, 0, 17, 7, 13, 7]], [[1, 6, 4, 0, 1, 12, 1, 0, 3, 1], [11, 0, 3, 0, 9, 0, 16, 2, 9, 21]], [[1, 4, 3, 0, 1, 7, 3, 0, 0, 0], [12, 3, 7, 0, 9, 0, 18, 10, 14, 8]], [[0, 4, 5, 0, 2, 5, 0, 1, 1, 0], [9, 4, 8, 0, 9, 0, 19, 5, 16, 12]], [[2, 5, 1, 0, 1, 12, 0, 1, 2, 0], [13, 4, 9, 0, 3, 2, 22, 4, 10, 9]], [[2, 5, 3, 0, 1, 10, 2, 1, 1, 0], [11, 3, 3, 0, 8, 0, 22, 2, 14, 12]], [[2, 5, 6, 0, 2, 5, 1, 0, 1, 1], [14, 1, 1, 0, 8, 3, 22, 4, 12, 12]], [[2, 1, 7, 0, 0, 7, 1, 1, 4, 0], [13, 5, 4, 0, 5, 0, 18, 2, 12, 18]], [[1, 0, 6, 0, 2, 6, 2, 2, 0, 1], [12, 2, 3, 0, 11, 0, 28, 4, 5, 15]], [[1, 6, 5, 0, 4, 5, 2, 1, 2, 0], [6, 7, 5, 0, 9, 2, 21, 4, 14, 6]], [[4, 3, 4, 0, 0, 8, 5, 0, 0, 1], [13, 3, 4, 0, 8, 1, 26, 3, 5, 12]], [[3, 4, 4, 0, 1, 5, 3, 1, 2, 1], [15, 2, 10, 0, 3, 4, 19, 1, 11, 11]], [[1, 1, 9, 0, 1, 5, 3, 0, 2, 0], [9, 1, 5, 0, 8, 2, 23, 2, 13, 15]], [[4, 5, 7, 0, 0, 13, 0, 0, 1, 0], [8, 4, 5, 0, 6, 2, 17, 4, 10, 14]], [[2, 4, 7, 0, 0, 10, 4, 3, 2, 1], [15, 2, 3, 0, 12, 2, 12, 2, 6, 13]], [[1, 3, 7, 0, 2, 6, 1, 1, 3, 0], [12, 1, 9, 0, 11, 1, 23, 3, 11, 5]], [[2, 4, 5, 0, 0, 12, 1, 6, 3, 1], [10, 1, 7, 1, 9, 2, 15, 7, 4, 10]], [[2, 9, 4, 0, 0, 8, 2, 1, 4, 2], [15, 3, 7, 0, 7, 4, 12, 3, 8, 9]], [[2, 4, 5, 0, 2, 8, 0, 1, 3, 0], [12, 2, 3, 0, 11, 1, 23, 3, 8, 12]]], "n": [[4, 10, 15, 1, 5, 29, 10, 7, 13, 6], [7, 17, 18, 1, 7, 25, 11, 4, 4, 6], [8, 12, 20, 0, 5, 24, 10, 3, 14, 4], [4, 11, 17, 0, 9, 28, 12, 2, 5, 12], [7, 10, 20, 0, 4, 23, 17, 5, 7, 7], [12, 15, 22, 0, 5, 16, 11, 1, 13, 5], [8, 12, 25, 0, 5, 20, 12, 5, 9, 4], [13, 9, 18, 0, 6, 24, 14, 4, 8, 4], [8, 11, 19, 0, 8, 21, 9, 6, 15, 3], [9, 13, 19, 0, 8, 20, 18, 2, 5, 6], [6, 16, 13, 0, 10, 29, 11, 5, 7, 3], [16, 13, 15, 0, 4, 24, 9, 7, 6, 6], [8, 10, 12, 0, 9, 27, 15, 4, 10, 5], [13, 12, 14, 1, 4, 20, 14, 6, 9, 7], [12, 10, 17, 0, 4, 26, 15, 3, 6, 7], [8, 8, 16, 0, 7, 33, 12, 6, 6, 4], [15, 7, 12, 0, 8, 34, 6, 3, 9, 6], [4, 12, 20, 0, 8, 20, 11, 7, 10, 8], [7, 12, 22, 0, 5, 23, 8, 7, 13, 3], [9, 10, 21, 0, 1, 28, 10, 6, 11, 4], [11, 16, 17, 0, 4, 28, 12, 1, 9, 2], [10, 21, 22, 0, 1, 27, 8, 1, 6, 4], [13, 17, 15, 0, 3, 22, 14, 3, 9, 4], [9, 18, 16, 0, 6, 20, 15, 3, 8, 5], [8, 14, 15, 0, 7, 28, 5, 5, 10, 8], [14, 10, 8, 0, 8, 9, 19, 4, 15, 13], [18, 4, 10, 1, 8, 10, 22, 4, 9, 14], [12, 3, 11, 0, 10, 11, 20, 4, 14, 15], [13, 6, 12, 0, 12, 7, 16, 8, 13, 13], [18, 5, 9, 0, 9, 10, 21, 4, 8, 16], [11, 7, 10, 0, 8, 15, 21, 4, 17, 7], [12, 6, 13, 0, 11, 8, 20, 10, 13, 7], [12, 6, 7, 0, 10, 12, 17, 2, 12, 22], [13, 7, 10, 0, 10, 7, 21, 10, 14, 8], [9, 8, 13, 0, 11, 5, 19, 6, 17, 12], [15, 9, 10, 0, 4, 14, 22, 5, 12, 9], [13, 8, 6, 0, 9, 10, 24, 3, 15, 12], [16, 6, 7, 0, 10, 8, 23, 4, 13, 13], [15, 6, 11, 0, 5, 7, 19, 3, 16, 18], [13, 2, 9, 0, 13, 6, 30, 6, 5, 16], [7, 13, 10, 0, 13, 7, 23, 5, 16, 6], [17, 6, 8, 0, 8, 9, 31, 3, 5, 13], [18, 6, 14, 0, 4, 9, 22, 2, 13, 12], [10, 2, 14, 0, 9, 7, 26, 2, 15, 15], [12, 9, 12, 0, 6, 15, 17, 4, 11, 14], [17, 6, 10, 0, 12, 12, 16, 5, 8, 14], [13, 4, 16, 0, 13, 7, 24, 4, 14, 5], [12, 5, 12, 1, 9, 14, 16, 13, 7, 11], [17, 12, 11, 0, 7, 12, 14, 4, 12, 11], [14, 6, 8, 0, 13, 9, 23, 4, 11, 12]], "lambda_": 0.5, "b": [[77, 23], [75, 25], [78, 22], [71, 29], [71, 29], [82, 18], [75, 25], [72, 28], [76, 24], [68, 32], [77, 23], [70, 30], [69, 31], [74, 26], [75, 25], [68, 32], [75, 25], [75, 25], [69, 31], [76, 24], [82, 18], [79, 21], [77, 23], [81, 19], [81, 19], [22, 78], [23, 77], [25, 75], [27, 73], [17, 83], [33, 67], [26, 74], [29, 71], [19, 81], [18, 82], [24, 76], [25, 75], [23, 77], [23, 77], [20, 80], [26, 74], [25, 75], [24, 76], [22, 78], [30, 70], [33, 67], [24, 76], [34, 66], [32, 68], [25, 75]]}