{"M": 50, "G": 4, "I": 5, "J": 100, "p": [[0.006174213361234969, 0.4126093070211917, 0.40540148941948045, 0.08506349558388973, 0.09075149461420305], [0.15553306732402988, 0.3419235744684553, 0.1798380460311592, 0.05537546192010808, 0.26732985025624767], [0.027870328380781784, 0.32205400604816126, 0.46058198070125805, 0.0060366687454068944, 0.18345701612439208], [0.13631882836515025, 0.36593659039938975, 0.1762170772324824, 0.12723079011806104, 0.19429671388491665]], "r": [[[0, 23, 24, 3, 7], [0, 9, 2, 0, 0], [1, 4, 10, 0, 2], [3, 6, 2, 1, 3]], [[0, 17, 28, 8, 1], [0, 2, 4, 2, 3], [0, 5, 8, 0, 5], [2, 7, 4, 1, 3]], [[1, 26, 28, 3, 7], [6, 5, 2, 0, 3], [0, 1, 11, 0, 1], [1, 1, 2, 1, 1]], [[0, 24, 23, 7, 10], [4, 4, 1, 1, 2], [0, 2, 6, 0, 2], [3, 5, 3, 1, 2]], [[0, 27, 23, 6, 8], [1, 2, 3, 1, 5], [0, 4, 7, 0, 1], [3, 5, 4, 0, 0]], [[1, 23, 25, 3, 4], [3, 4, 0, 3, 6], [0, 6, 7, 0, 3], [1, 7, 0, 0, 4]], [[0, 29, 28, 3, 6], [3, 3, 4, 2, 1], [1, 5, 3, 0, 2], [3, 5, 0, 2, 0]], [[0, 27, 29, 5, 2], [0, 2, 1, 0, 3], [1, 5, 4, 2, 1], [6, 6, 3, 0, 3]], [[0, 29, 27, 2, 3], [2, 7, 3, 0, 3], [0, 5, 5, 0, 2], [2, 5, 1, 1, 3]], [[0, 17, 35, 5, 7], [1, 4, 2, 1, 4], [0, 2, 1, 0, 2], [3, 5, 4, 3, 4]], [[0, 31, 20, 4, 6], [3, 8, 4, 1, 5], [1, 4, 4, 0, 0], [0, 5, 2, 2, 0]], [[0, 23, 36, 2, 7], [2, 4, 0, 1, 2], [0, 3, 7, 0, 0], [1, 0, 5, 5, 2]], [[0, 12, 18, 3, 4], [5, 8, 7, 3, 16], [0, 4, 6, 0, 3], [3, 5, 1, 1, 1]], [[0, 3, 4, 1, 1], [13, 14, 11, 6, 17], [0, 5, 8, 0, 1], [2, 4, 4, 3, 3]], [[0, 5, 1, 1, 0], [10, 20, 10, 4, 18], [0, 8, 6, 0, 0], [3, 8, 1, 2, 3]], [[0, 4, 4, 1, 1], [7, 22, 14, 4, 22], [0, 5, 7, 0, 2], [0, 2, 0, 3, 2]], [[0, 5, 3, 1, 1], [16, 24, 16, 1, 5], [0, 5, 5, 0, 4], [2, 6, 2, 0, 4]], [[0, 3, 8, 2, 1], [8, 27, 12, 2, 12], [0, 5, 8, 0, 0], [1, 5, 2, 2, 2]], [[0, 6, 8, 1, 1], [14, 21, 4, 2, 13], [0, 5, 10, 0, 2], [3, 4, 2, 1, 3]], [[0, 9, 4, 1, 1], [7, 26, 11, 6, 13], [0, 2, 2, 0, 1], [0, 8, 4, 2, 3]], [[0, 2, 9, 2, 1], [10, 23, 13, 3, 21], [1, 5, 4, 0, 1], [0, 1, 2, 1, 1]], [[0, 2, 4, 1, 4], [7, 15, 12, 7, 15], [0, 5, 10, 0, 2], [3, 4, 1, 4, 4]], [[0, 6, 6, 2, 1], [7, 26, 12, 1, 17], [0, 6, 2, 0, 2], [2, 4, 2, 2, 2]], [[0, 7, 5, 0, 1], [10, 24, 12, 4, 9], [1, 4, 8, 1, 2], [1, 4, 3, 2, 2]], [[1, 1, 3, 2, 2], [17, 20, 15, 3, 13], [0, 1, 8, 0, 2], [2, 5, 1, 2, 2]], [[0, 3, 1, 2, 2], [4, 10, 2, 0, 4], [1, 17, 26, 1, 9], [1, 7, 2, 1, 7]], [[0, 7, 3, 0, 1], [0, 3, 1, 0, 5], [0, 23, 27, 0, 17], [3, 6, 3, 0, 1]], [[0, 4, 9, 1, 0], [3, 4, 2, 0, 2], [2, 29, 24, 0, 9], [2, 5, 2, 0, 2]], [[0, 5, 7, 0, 1], [1, 4, 2, 1, 4], [1, 17, 34, 0, 11], [2, 4, 3, 2, 1]], [[0, 2, 7, 1, 0], [2, 6, 3, 1, 1], [1, 19, 27, 0, 12], [2, 9, 3, 3, 1]], [[0, 8, 7, 0, 2], [2, 4, 3, 1, 4], [1, 15, 29, 0, 10], [0, 8, 4, 2, 0]], [[0, 8, 6, 0, 0], [1, 4, 3, 1, 4], [1, 16, 30, 0, 19], [0, 4, 0, 2, 1]], [[0, 4, 6, 0, 0], [3, 6, 1, 1, 1], [2, 19, 28, 0, 18], [2, 3, 3, 2, 1]], [[0, 3, 5, 1, 3], [3, 7, 2, 0, 0], [1, 22, 32, 0, 11], [0, 3, 2, 3, 2]], [[0, 4, 4, 1, 2], [0, 2, 2, 0, 8], [2, 25, 24, 1, 10], [2, 6, 4, 0, 3]], [[0, 5, 7, 2, 1], [2, 2, 2, 0, 3], [2, 22, 22, 0, 16], [0, 6, 0, 5, 3]], [[0, 5, 3, 2, 1], [2, 5, 1, 1, 3], [1, 26, 26, 0, 9], [2, 6, 2, 3, 2]], [[1, 5, 6, 2, 0], [4, 2, 3, 0, 2], [2, 9, 20, 2, 7], [6, 12, 4, 4, 9]], [[0, 6, 5, 1, 1], [2, 4, 1, 1, 1], [1, 5, 6, 0, 1], [9, 24, 13, 10, 9]], [[0, 4, 5, 1, 1], [3, 2, 1, 1, 4], [0, 3, 11, 0, 0], [12, 19, 12, 8, 13]], [[0, 8, 5, 2, 0], [2, 3, 1, 1, 1], [0, 4, 3, 0, 3], [7, 26, 11, 9, 14]], [[0, 8, 5, 1, 0], [3, 3, 1, 0, 2], [1, 5, 9, 0, 1], [7, 23, 5, 7, 19]], [[0, 9, 4, 1, 0], [5, 7, 2, 0, 3], [1, 4, 4, 0, 4], [6, 24, 10, 7, 9]], [[0, 7, 6, 2, 1], [0, 2, 6, 0, 6], [0, 7, 6, 0, 0], [4, 28, 7, 5, 13]], [[0, 7, 3, 2, 4], [3, 6, 3, 0, 4], [0, 2, 4, 1, 2], [7, 27, 11, 6, 8]], [[0, 8, 4, 1, 1], [3, 6, 2, 1, 7], [2, 2, 2, 0, 2], [7, 26, 9, 5, 12]], [[0, 6, 9, 0, 0], [2, 2, 1, 2, 5], [0, 5, 5, 0, 3], [10, 22, 6, 8, 14]], [[0, 9, 5, 1, 1], [3, 6, 2, 0, 2], [0, 2, 5, 0, 3], [8, 29, 8, 7, 9]], [[0, 4, 5, 1, 2], [0, 3, 2, 1, 3], [0, 1, 8, 0, 1], [7, 21, 13, 12, 16]], [[0, 5, 8, 0, 0], [0, 7, 2, 0, 3], [0, 7, 9, 0, 3], [9, 20, 9, 7, 11]]], "n": [[4, 42, 38, 4, 12], [2, 31, 44, 11, 12], [8, 33, 43, 4, 12], [7, 35, 33, 9, 16], [4, 38, 37, 7, 14], [5, 40, 32, 6, 17], [7, 42, 35, 7, 9], [7, 40, 37, 7, 9], [4, 46, 36, 3, 11], [4, 28, 42, 9, 17], [4, 48, 30, 7, 11], [3, 30, 48, 8, 11], [8, 29, 32, 7, 24], [15, 26, 27, 10, 22], [13, 41, 18, 7, 21], [7, 33, 25, 8, 27], [18, 40, 26, 2, 14], [9, 40, 30, 6, 15], [17, 36, 24, 4, 19], [7, 45, 21, 9, 18], [11, 31, 28, 6, 24], [10, 26, 27, 12, 25], [9, 42, 22, 5, 22], [12, 39, 28, 7, 14], [20, 27, 27, 7, 19], [6, 37, 31, 4, 22], [3, 39, 34, 0, 24], [7, 42, 37, 1, 13], [4, 30, 46, 3, 17], [5, 36, 40, 5, 14], [3, 35, 43, 3, 16], [2, 32, 39, 3, 24], [7, 32, 38, 3, 20], [4, 35, 41, 4, 16], [4, 37, 34, 2, 23], [4, 35, 31, 7, 23], [5, 42, 32, 6, 15], [13, 28, 33, 8, 18], [12, 39, 25, 12, 12], [15, 28, 29, 10, 18], [9, 41, 20, 12, 18], [11, 39, 20, 8, 22], [12, 44, 20, 8, 16], [4, 44, 25, 7, 20], [10, 42, 21, 9, 18], [12, 42, 17, 7, 22], [12, 35, 21, 10, 22], [11, 46, 20, 8, 15], [7, 29, 28, 14, 22], [9, 39, 28, 7, 17]], "lambda_": 0.5, "b": [[57, 11, 17, 15], [54, 11, 18, 17], [65, 16, 13, 6], [64, 12, 10, 14], [64, 12, 12, 12], [56, 16, 16, 12], [66, 13, 11, 10], [63, 6, 13, 18], [61, 15, 12, 12], [64, 12, 5, 19], [61, 21, 9, 9], [68, 9, 10, 13], [37, 39, 13, 11], [9, 61, 14, 16], [7, 62, 14, 17], [10, 69, 14, 7], [10, 62, 14, 14], [14, 61, 13, 12], [16, 54, 17, 13], [15, 63, 5, 17], [14, 70, 11, 5], [11, 56, 17, 16], [15, 63, 10, 12], [13, 59, 16, 12], [9, 68, 11, 12], [8, 20, 54, 18], [11, 9, 67, 13], [14, 11, 64, 11], [13, 12, 63, 12], [10, 13, 59, 18], [17, 14, 55, 14], [14, 13, 66, 7], [10, 12, 67, 11], [12, 12, 66, 10], [11, 12, 62, 15], [15, 9, 62, 14], [11, 12, 62, 15], [14, 11, 40, 35], [13, 9, 13, 65], [11, 11, 14, 64], [15, 8, 10, 67], [14, 9, 16, 61], [14, 17, 13, 56], [16, 14, 13, 57], [16, 16, 9, 59], [14, 19, 8, 59], [15, 12, 13, 60], [16, 13, 10, 61], [12, 9, 10, 69], [13, 12, 19, 56]]}