{"M": 50, "G": 2, "I": 5, "J": 100, "p": [[0.2408528232864513, 0.40306838613139045, 0.23701786113606288, 0.08819167240450015, 0.03086925704159523], [0.004623520813649814, 0.2270334868330248, 0.20759874477234228, 0.2982621268842903, 0.26248212069669274]], "r": [[[15, 35, 17, 3, 5], [0, 3, 5, 10, 7]], [[18, 31, 20, 7, 2], [0, 7, 5, 6, 4]], [[19, 35, 14, 10, 1], [0, 3, 3, 11, 4]], [[20, 30, 18, 6, 2], [0, 2, 7, 6, 9]], [[23, 32, 14, 6, 3], [0, 6, 6, 6, 4]], [[13, 33, 17, 5, 1], [0, 4, 9, 10, 8]], [[13, 33, 18, 4, 2], [0, 5, 7, 7, 11]], [[21, 25, 14, 5, 3], [0, 9, 8, 9, 6]], [[11, 38, 16, 11, 4], [0, 3, 5, 5, 7]], [[17, 27, 18, 9, 2], [0, 4, 5, 13, 5]], [[20, 36, 19, 4, 2], [0, 4, 2, 5, 8]], [[18, 30, 18, 6, 2], [0, 4, 5, 11, 6]], [[16, 33, 15, 8, 3], [0, 6, 5, 5, 9]], [[20, 31, 20, 7, 2], [0, 6, 3, 7, 4]], [[13, 30, 25, 3, 1], [0, 9, 2, 8, 9]], [[16, 34, 15, 5, 6], [0, 6, 10, 8, 0]], [[18, 39, 16, 2, 2], [0, 4, 6, 6, 7]], [[19, 26, 13, 8, 3], [0, 6, 7, 10, 8]], [[15, 22, 23, 8, 5], [0, 7, 6, 6, 8]], [[19, 34, 12, 9, 1], [0, 5, 5, 6, 9]], [[20, 26, 17, 5, 1], [0, 9, 6, 9, 7]], [[24, 25, 18, 7, 1], [0, 6, 6, 9, 4]], [[22, 23, 15, 6, 4], [0, 3, 9, 13, 5]], [[21, 26, 22, 5, 3], [0, 4, 8, 8, 3]], [[16, 35, 16, 8, 3], [0, 3, 5, 11, 3]], [[9, 16, 5, 1, 0], [1, 15, 17, 19, 17]], [[6, 12, 5, 2, 0], [0, 22, 17, 20, 16]], [[7, 13, 8, 0, 1], [0, 12, 13, 24, 22]], [[8, 10, 8, 1, 2], [1, 16, 9, 29, 16]], [[2, 13, 5, 2, 1], [0, 19, 15, 22, 21]], [[8, 11, 6, 3, 1], [0, 22, 18, 20, 11]], [[3, 11, 10, 0, 1], [0, 20, 13, 19, 23]], [[5, 10, 7, 0, 1], [0, 23, 10, 17, 27]], [[6, 18, 5, 1, 0], [0, 11, 21, 19, 19]], [[8, 8, 8, 2, 0], [0, 14, 14, 21, 25]], [[3, 11, 6, 2, 1], [1, 17, 17, 25, 17]], [[10, 11, 10, 0, 1], [0, 20, 9, 21, 18]], [[8, 11, 9, 3, 1], [0, 13, 15, 14, 26]], [[3, 7, 7, 3, 1], [1, 23, 24, 19, 12]], [[5, 6, 6, 4, 0], [0, 16, 25, 25, 13]], [[8, 4, 3, 4, 0], [2, 18, 15, 19, 27]], [[6, 12, 3, 3, 1], [0, 19, 23, 16, 17]], [[9, 8, 8, 1, 1], [1, 16, 13, 20, 23]], [[9, 9, 6, 2, 0], [0, 15, 13, 24, 22]], [[3, 13, 5, 2, 0], [0, 18, 20, 16, 23]], [[9, 10, 5, 3, 1], [0, 12, 22, 19, 19]], [[3, 10, 4, 1, 1], [1, 18, 21, 22, 19]], [[3, 11, 6, 1, 0], [0, 21, 20, 18, 20]], [[3, 14, 6, 2, 0], [0, 16, 14, 26, 19]], [[10, 4, 6, 3, 0], [0, 19, 18, 24, 16]]], "n": [[15, 38, 22, 13, 12], [18, 38, 25, 13, 6], [19, 38, 17, 21, 5], [20, 32, 25, 12, 11], [23, 38, 20, 12, 7], [13, 37, 26, 15, 9], [13, 38, 25, 11, 13], [21, 34, 22, 14, 9], [11, 41, 21, 16, 11], [17, 31, 23, 22, 7], [20, 40, 21, 9, 10], [18, 34, 23, 17, 8], [16, 39, 20, 13, 12], [20, 37, 23, 14, 6], [13, 39, 27, 11, 10], [16, 40, 25, 13, 6], [18, 43, 22, 8, 9], [19, 32, 20, 18, 11], [15, 29, 29, 14, 13], [19, 39, 17, 15, 10], [20, 35, 23, 14, 8], [24, 31, 24, 16, 5], [22, 26, 24, 19, 9], [21, 30, 30, 13, 6], [16, 38, 21, 19, 6], [10, 31, 22, 20, 17], [6, 34, 22, 22, 16], [7, 25, 21, 24, 23], [9, 26, 17, 30, 18], [2, 32, 20, 24, 22], [8, 33, 24, 23, 12], [3, 31, 23, 19, 24], [5, 33, 17, 17, 28], [6, 29, 26, 20, 19], [8, 22, 22, 23, 25], [4, 28, 23, 27, 18], [10, 31, 19, 21, 19], [8, 24, 24, 17, 27], [4, 30, 31, 22, 13], [5, 22, 31, 29, 13], [10, 22, 18, 23, 27], [6, 31, 26, 19, 18], [10, 24, 21, 21, 24], [9, 24, 19, 26, 22], [3, 31, 25, 18, 23], [9, 22, 27, 22, 20], [4, 28, 25, 23, 20], [3, 32, 26, 19, 20], [3, 30, 20, 28, 19], [10, 23, 24, 27, 16]], "lambda_": 0.5, "b": [[75, 25], [78, 22], [79, 21], [76, 24], [78, 22], [69, 31], [70, 30], [68, 32], [80, 20], [73, 27], [81, 19], [74, 26], [75, 25], [80, 20], [72, 28], [76, 24], [77, 23], [69, 31], [73, 27], [75, 25], [69, 31], [75, 25], [70, 30], [77, 23], [78, 22], [31, 69], [25, 75], [29, 71], [29, 71], [23, 77], [29, 71], [25, 75], [23, 77], [30, 70], [26, 74], [23, 77], [32, 68], [32, 68], [21, 79], [21, 79], [19, 81], [25, 75], [27, 73], [26, 74], [23, 77], [28, 72], [19, 81], [21, 79], [25, 75], [23, 77]]}