{"M": 50, "G": 2, "I": 3, "J": 100, "p": [[0.26486681729550876, 0.5738223713514039, 0.16131081135308734], [0.02619029880018504, 0.5759826742791071, 0.397827026920708]], "r": [[[19, 43, 12], [2, 17, 7]], [[25, 38, 12], [0, 14, 11]], [[14, 41, 15], [1, 15, 14]], [[18, 46, 7], [1, 14, 14]], [[26, 38, 8], [2, 14, 12]], [[19, 40, 8], [2, 17, 14]], [[13, 58, 10], [1, 8, 10]], [[18, 52, 15], [2, 9, 4]], [[15, 45, 13], [0, 13, 14]], [[22, 45, 5], [0, 16, 12]], [[21, 45, 10], [1, 14, 9]], [[24, 40, 13], [1, 18, 4]], [[21, 49, 7], [1, 15, 7]], [[9, 55, 12], [0, 13, 11]], [[17, 51, 9], [2, 12, 9]], [[22, 41, 5], [1, 13, 18]], [[28, 45, 8], [3, 10, 6]], [[30, 40, 11], [0, 10, 9]], [[24, 38, 12], [0, 18, 8]], [[15, 44, 15], [0, 14, 12]], [[23, 51, 12], [2, 6, 6]], [[15, 51, 6], [1, 18, 9]], [[22, 39, 9], [1, 21, 8]], [[17, 37, 17], [0, 19, 10]], [[16, 46, 7], [1, 19, 11]], [[3, 20, 5], [3, 40, 29]], [[6, 23, 4], [2, 42, 23]], [[3, 18, 5], [1, 44, 29]], [[6, 14, 5], [2, 34, 39]], [[5, 10, 5], [2, 50, 28]], [[6, 16, 6], [2, 37, 33]], [[5, 25, 4], [2, 38, 26]], [[7, 14, 3], [1, 39, 36]], [[5, 10, 3], [3, 46, 33]], [[11, 13, 2], [3, 41, 30]], [[3, 19, 8], [0, 41, 29]], [[4, 17, 4], [1, 42, 32]], [[2, 16, 2], [1, 48, 31]], [[9, 13, 5], [3, 42, 28]], [[5, 13, 2], [3, 41, 36]], [[4, 20, 5], [3, 41, 27]], [[11, 14, 3], [2, 45, 25]], [[8, 18, 2], [2, 41, 29]], [[8, 13, 4], [1, 51, 23]], [[7, 12, 5], [2, 41, 33]], [[9, 11, 3], [0, 48, 29]], [[4, 12, 6], [4, 42, 32]], [[6, 11, 4], [0, 43, 36]], [[5, 17, 2], [0, 41, 35]], [[9, 13, 3], [3, 38, 34]]], "n": [[21, 60, 19], [25, 52, 23], [15, 56, 29], [19, 60, 21], [28, 52, 20], [21, 57, 22], [14, 66, 20], [20, 61, 19], [15, 58, 27], [22, 61, 17], [22, 59, 19], [25, 58, 17], [22, 64, 14], [9, 68, 23], [19, 63, 18], [23, 54, 23], [31, 55, 14], [30, 50, 20], [24, 56, 20], [15, 58, 27], [25, 57, 18], [16, 69, 15], [23, 60, 17], [17, 56, 27], [17, 65, 18], [6, 60, 34], [8, 65, 27], [4, 62, 34], [8, 48, 44], [7, 60, 33], [8, 53, 39], [7, 63, 30], [8, 53, 39], [8, 56, 36], [14, 54, 32], [3, 60, 37], [5, 59, 36], [3, 64, 33], [12, 55, 33], [8, 54, 38], [7, 61, 32], [13, 59, 28], [10, 59, 31], [9, 64, 27], [9, 53, 38], [9, 59, 32], [8, 54, 38], [6, 54, 40], [5, 58, 37], [12, 51, 37]], "lambda_": 0.5, "b": [[74, 26], [75, 25], [70, 30], [71, 29], [72, 28], [67, 33], [81, 19], [85, 15], [73, 27], [72, 28], [76, 24], [77, 23], [77, 23], [76, 24], [77, 23], [68, 32], [81, 19], [81, 19], [74, 26], [74, 26], [86, 14], [72, 28], [70, 30], [71, 29], [69, 31], [28, 72], [33, 67], [26, 74], [25, 75], [20, 80], [28, 72], [34, 66], [24, 76], [18, 82], [26, 74], [30, 70], [25, 75], [20, 80], [27, 73], [20, 80], [29, 71], [28, 72], [28, 72], [25, 75], [24, 76], [23, 77], [22, 78], [21, 79], [24, 76], [25, 75]]}