{"M": 50, "G": 4, "I": 5, "J": 100, "p": [[0.2408528232864513, 0.40306838613139045, 0.23701786113606288, 0.08819167240450015, 0.03086925704159523], [0.004623520813649814, 0.2270334868330248, 0.20759874477234228, 0.2982621268842903, 0.26248212069669274], [0.15472836613195357, 0.1496567811754796, 0.27316305159423143, 0.23789096581818792, 0.18456083528014738], [0.10691664683877969, 0.06569359265281344, 0.7016488980309404, 0.0781969831597336, 0.04754387931773297]], "r": [[[15, 26, 15, 2, 2], [0, 2, 0, 5, 6], [1, 0, 7, 3, 2], [1, 2, 9, 1, 1]], [[14, 23, 15, 5, 1], [0, 1, 2, 6, 3], [3, 2, 5, 4, 0], [1, 1, 12, 0, 2]], [[13, 31, 14, 9, 1], [0, 3, 2, 6, 2], [1, 2, 2, 1, 1], [1, 1, 8, 2, 0]], [[12, 24, 15, 5, 4], [0, 2, 6, 5, 4], [2, 1, 2, 4, 1], [2, 2, 7, 2, 0]], [[12, 31, 16, 5, 1], [0, 5, 5, 2, 3], [3, 1, 3, 2, 3], [0, 0, 7, 1, 0]], [[13, 27, 11, 5, 3], [0, 4, 0, 6, 3], [2, 2, 1, 1, 0], [3, 0, 15, 2, 2]], [[10, 25, 18, 5, 2], [1, 5, 6, 7, 1], [3, 1, 1, 4, 1], [1, 2, 7, 0, 0]], [[18, 23, 15, 1, 3], [0, 2, 3, 4, 3], [4, 3, 7, 4, 2], [0, 0, 8, 0, 0]], [[14, 28, 12, 7, 5], [0, 2, 2, 5, 1], [2, 0, 6, 4, 2], [0, 1, 9, 0, 0]], [[14, 23, 14, 3, 1], [1, 9, 3, 4, 3], [2, 0, 5, 3, 3], [0, 1, 10, 0, 1]], [[19, 24, 14, 6, 1], [0, 0, 2, 4, 0], [2, 5, 6, 4, 3], [2, 0, 7, 0, 1]], [[8, 29, 17, 6, 1], [0, 5, 2, 6, 4], [3, 1, 5, 2, 1], [0, 2, 8, 0, 0]], [[17, 11, 9, 5, 1], [0, 6, 9, 10, 13], [2, 2, 2, 2, 1], [3, 1, 4, 2, 0]], [[2, 7, 0, 1, 0], [0, 20, 11, 23, 19], [1, 2, 3, 2, 2], [2, 0, 5, 0, 0]], [[3, 5, 7, 2, 0], [0, 13, 9, 18, 19], [2, 1, 2, 5, 1], [2, 0, 10, 0, 1]], [[0, 6, 3, 0, 0], [1, 13, 15, 20, 17], [2, 1, 3, 1, 4], [3, 1, 9, 1, 0]], [[5, 3, 2, 1, 2], [0, 15, 12, 24, 16], [0, 1, 3, 3, 1], [2, 0, 8, 1, 1]], [[3, 3, 2, 2, 0], [0, 19, 14, 17, 14], [3, 2, 3, 3, 0], [1, 1, 11, 1, 1]], [[5, 5, 2, 0, 1], [0, 16, 13, 15, 15], [1, 3, 4, 2, 1], [2, 1, 13, 1, 0]], [[2, 6, 4, 0, 0], [0, 11, 10, 24, 17], [3, 0, 5, 3, 2], [1, 1, 9, 1, 1]], [[3, 5, 1, 3, 0], [0, 14, 13, 24, 7], [2, 5, 9, 4, 0], [2, 1, 7, 0, 0]], [[4, 9, 2, 2, 1], [0, 13, 13, 19, 13], [3, 2, 4, 2, 2], [0, 0, 9, 0, 2]], [[4, 4, 2, 2, 1], [0, 14, 10, 16, 14], [1, 0, 3, 6, 5], [3, 1, 12, 2, 0]], [[2, 5, 3, 0, 1], [0, 18, 14, 18, 13], [1, 7, 4, 1, 4], [1, 1, 7, 0, 0]], [[4, 6, 2, 1, 0], [2, 12, 15, 14, 21], [3, 3, 3, 3, 1], [0, 1, 8, 1, 0]], [[5, 4, 5, 1, 0], [0, 4, 5, 7, 0], [9, 7, 20, 15, 7], [1, 0, 9, 0, 1]], [[4, 4, 5, 0, 0], [0, 4, 1, 4, 3], [16, 7, 21, 16, 8], [1, 0, 6, 0, 0]], [[4, 10, 3, 2, 0], [0, 1, 4, 9, 0], [6, 6, 13, 17, 15], [0, 2, 8, 0, 0]], [[4, 4, 0, 0, 0], [0, 2, 0, 5, 4], [7, 5, 21, 22, 8], [0, 3, 12, 1, 2]], [[2, 2, 3, 3, 0], [0, 3, 4, 7, 0], [6, 5, 16, 18, 15], [2, 0, 12, 0, 2]], [[3, 7, 2, 2, 1], [0, 4, 1, 7, 3], [6, 9, 17, 9, 15], [2, 1, 8, 1, 2]], [[3, 5, 3, 0, 0], [0, 4, 3, 2, 5], [11, 6, 10, 15, 18], [2, 1, 8, 3, 1]], [[1, 7, 1, 1, 0], [0, 5, 1, 0, 4], [11, 13, 17, 17, 14], [0, 0, 4, 3, 1]], [[3, 9, 4, 0, 0], [0, 4, 3, 4, 3], [6, 8, 14, 19, 16], [0, 1, 6, 0, 0]], [[5, 4, 2, 0, 1], [0, 2, 3, 5, 4], [10, 11, 12, 15, 17], [2, 0, 5, 1, 1]], [[3, 5, 4, 2, 0], [0, 1, 2, 6, 2], [16, 7, 20, 7, 9], [3, 0, 11, 2, 0]], [[2, 8, 5, 1, 0], [0, 2, 5, 2, 3], [14, 9, 17, 10, 16], [2, 2, 2, 0, 0]], [[1, 4, 6, 4, 0], [1, 3, 5, 5, 1], [11, 7, 9, 7, 3], [5, 4, 22, 1, 1]], [[3, 7, 5, 2, 0], [0, 4, 0, 2, 3], [2, 1, 3, 5, 1], [5, 4, 50, 1, 2]], [[0, 2, 1, 0, 1], [0, 1, 4, 3, 2], [4, 4, 1, 2, 2], [8, 2, 53, 7, 3]], [[2, 3, 3, 3, 1], [0, 4, 0, 5, 1], [1, 0, 2, 4, 2], [6, 3, 50, 8, 2]], [[4, 8, 3, 1, 0], [0, 1, 3, 3, 2], [2, 4, 5, 2, 0], [10, 5, 39, 5, 3]], [[4, 3, 1, 1, 0], [0, 4, 1, 4, 3], [3, 5, 2, 6, 1], [4, 0, 47, 8, 3]], [[2, 5, 3, 0, 1], [0, 4, 1, 7, 4], [1, 0, 1, 1, 2], [7, 5, 46, 7, 3]], [[4, 5, 3, 1, 2], [0, 2, 2, 1, 2], [2, 4, 2, 3, 1], [8, 6, 45, 3, 4]], [[3, 12, 7, 0, 0], [0, 2, 0, 1, 1], [3, 2, 3, 2, 3], [2, 6, 49, 4, 0]], [[1, 3, 3, 1, 0], [0, 4, 5, 7, 1], [3, 2, 2, 1, 4], [5, 3, 49, 2, 4]], [[1, 3, 4, 1, 0], [0, 3, 2, 1, 3], [4, 1, 3, 4, 2], [8, 5, 49, 4, 2]], [[5, 3, 5, 1, 0], [0, 3, 3, 1, 2], [1, 6, 2, 9, 3], [6, 3, 43, 3, 1]], [[3, 4, 3, 1, 0], [0, 1, 5, 3, 4], [2, 3, 4, 1, 2], [7, 5, 48, 3, 1]]], "n": [[17, 30, 31, 11, 11], [18, 27, 34, 15, 6], [15, 37, 26, 18, 4], [16, 29, 30, 16, 9], [15, 37, 31, 10, 7], [18, 33, 27, 14, 8], [15, 33, 32, 16, 4], [22, 28, 33, 9, 8], [16, 31, 29, 16, 8], [17, 33, 32, 10, 8], [23, 29, 29, 14, 5], [11, 37, 32, 14, 6], [22, 20, 24, 19, 15], [5, 29, 19, 26, 21], [7, 19, 28, 25, 21], [6, 21, 30, 22, 21], [7, 19, 25, 29, 20], [7, 25, 30, 23, 15], [8, 25, 32, 18, 17], [6, 18, 28, 28, 20], [7, 25, 30, 31, 7], [7, 24, 28, 23, 18], [8, 19, 27, 26, 20], [4, 31, 28, 19, 18], [9, 22, 28, 19, 22], [15, 15, 39, 23, 8], [21, 15, 33, 20, 11], [10, 19, 28, 28, 15], [11, 14, 33, 28, 14], [10, 10, 35, 28, 17], [11, 21, 28, 19, 21], [16, 16, 24, 20, 24], [12, 25, 23, 21, 19], [9, 22, 27, 23, 19], [17, 17, 22, 21, 23], [22, 13, 37, 17, 11], [18, 21, 29, 13, 19], [18, 18, 42, 17, 5], [10, 16, 58, 10, 6], [12, 9, 59, 12, 8], [9, 10, 55, 20, 6], [16, 18, 50, 11, 5], [11, 12, 51, 19, 7], [10, 14, 51, 15, 10], [14, 17, 52, 8, 9], [8, 22, 59, 7, 4], [9, 12, 59, 11, 9], [13, 12, 58, 10, 7], [12, 15, 53, 14, 6], [12, 13, 60, 8, 7]], "lambda_": 0.5, "b": [[60, 13, 13, 14], [58, 12, 14, 16], [68, 13, 7, 12], [60, 17, 10, 13], [65, 15, 12, 8], [59, 13, 6, 22], [60, 20, 10, 10], [60, 12, 20, 8], [66, 10, 14, 10], [55, 20, 13, 12], [64, 6, 20, 10], [61, 17, 12, 10], [43, 38, 9, 10], [10, 73, 10, 7], [17, 59, 11, 13], [9, 66, 11, 14], [13, 67, 8, 12], [10, 64, 11, 15], [13, 59, 11, 17], [12, 62, 13, 13], [12, 58, 20, 10], [18, 58, 13, 11], [13, 54, 15, 18], [11, 63, 17, 9], [13, 64, 13, 10], [15, 16, 58, 11], [13, 12, 68, 7], [19, 14, 57, 10], [8, 11, 63, 18], [10, 14, 60, 16], [15, 15, 56, 14], [11, 14, 60, 15], [10, 10, 72, 8], [16, 14, 63, 7], [12, 14, 65, 9], [14, 11, 59, 16], [16, 12, 66, 6], [15, 15, 37, 33], [17, 9, 12, 62], [4, 10, 13, 73], [12, 10, 9, 69], [16, 9, 13, 62], [9, 12, 17, 62], [11, 16, 5, 68], [15, 7, 12, 66], [22, 4, 13, 61], [8, 17, 12, 63], [9, 9, 14, 68], [14, 9, 21, 56], [11, 13, 12, 64]]}