{"M": 50, "G": 3, "I": 3, "J": 100, "p": [[0.5900401829630562, 0.00838622005696103, 0.401573596979983], [0.5938663526651926, 0.29667740897975897, 0.10945623835504842], [0.12026555402602122, 0.7787932081978188, 0.1009412377761599]], "r": [[[33, 2, 28], [11, 5, 1], [2, 16, 2]], [[43, 0, 26], [10, 8, 2], [2, 9, 0]], [[41, 0, 27], [7, 4, 3], [7, 11, 0]], [[48, 0, 22], [11, 6, 3], [2, 7, 1]], [[39, 0, 24], [12, 5, 3], [1, 14, 2]], [[40, 0, 24], [8, 4, 2], [6, 13, 3]], [[32, 0, 29], [12, 6, 2], [4, 12, 3]], [[40, 1, 33], [13, 3, 2], [1, 7, 0]], [[36, 0, 26], [13, 0, 3], [2, 16, 4]], [[45, 0, 20], [4, 8, 4], [4, 14, 1]], [[47, 2, 22], [10, 4, 5], [0, 7, 3]], [[36, 1, 29], [13, 8, 1], [0, 11, 1]], [[27, 0, 36], [11, 3, 3], [2, 16, 2]], [[35, 1, 30], [10, 6, 0], [4, 13, 1]], [[28, 0, 29], [8, 10, 5], [5, 13, 2]], [[40, 1, 22], [11, 9, 3], [1, 12, 1]], [[31, 0, 21], [19, 10, 3], [1, 14, 1]], [[13, 0, 9], [38, 17, 7], [1, 15, 0]], [[15, 0, 8], [38, 18, 6], [1, 11, 3]], [[4, 0, 7], [44, 17, 6], [2, 18, 2]], [[16, 0, 3], [47, 14, 3], [2, 15, 0]], [[6, 0, 12], [41, 20, 4], [3, 13, 1]], [[5, 0, 4], [48, 23, 5], [2, 13, 0]], [[9, 0, 9], [35, 12, 7], [5, 21, 2]], [[14, 0, 4], [38, 20, 7], [1, 15, 1]], [[9, 1, 3], [44, 21, 9], [3, 9, 1]], [[7, 0, 8], [39, 19, 7], [4, 14, 2]], [[7, 0, 7], [42, 14, 12], [3, 13, 2]], [[5, 0, 8], [48, 14, 6], [2, 16, 1]], [[12, 0, 6], [38, 20, 9], [1, 11, 3]], [[9, 0, 4], [42, 19, 9], [3, 14, 0]], [[8, 0, 4], [44, 24, 7], [1, 12, 0]], [[10, 1, 8], [38, 22, 7], [1, 13, 0]], [[11, 0, 12], [26, 5, 1], [5, 36, 4]], [[9, 0, 3], [8, 4, 3], [8, 58, 7]], [[15, 0, 11], [8, 4, 1], [10, 42, 9]], [[11, 0, 7], [3, 5, 3], [11, 53, 7]], [[13, 1, 6], [12, 2, 2], [6, 54, 4]], [[12, 0, 4], [7, 4, 1], [5, 61, 6]], [[11, 0, 6], [12, 2, 5], [6, 57, 1]], [[11, 0, 1], [9, 5, 1], [8, 56, 9]], [[11, 1, 6], [9, 2, 4], [2, 61, 4]], [[12, 0, 10], [13, 7, 2], [3, 46, 7]], [[14, 0, 12], [6, 3, 2], [8, 51, 4]], [[9, 0, 10], [15, 3, 3], [6, 53, 1]], [[13, 1, 7], [7, 3, 0], [9, 53, 7]], [[4, 1, 6], [6, 6, 1], [9, 60, 7]], [[13, 0, 7], [10, 8, 3], [10, 42, 7]], [[11, 0, 6], [7, 9, 1], [8, 53, 5]], [[8, 0, 10], [7, 1, 0], [8, 55, 11]]], "n": [[46, 23, 31], [55, 17, 28], [55, 15, 30], [61, 13, 26], [52, 19, 29], [54, 17, 29], [48, 18, 34], [54, 11, 35], [51, 16, 33], [53, 22, 25], [57, 13, 30], [49, 20, 31], [40, 19, 41], [49, 20, 31], [41, 23, 36], [52, 22, 26], [51, 24, 25], [52, 32, 16], [54, 29, 17], [50, 35, 15], [65, 29, 6], [50, 33, 17], [55, 36, 9], [49, 33, 18], [53, 35, 12], [56, 31, 13], [50, 33, 17], [52, 27, 21], [55, 30, 15], [51, 31, 18], [54, 33, 13], [53, 36, 11], [49, 36, 15], [42, 41, 17], [25, 62, 13], [33, 46, 21], [25, 58, 17], [31, 57, 12], [24, 65, 11], [29, 59, 12], [28, 61, 11], [22, 64, 14], [28, 53, 19], [28, 54, 18], [30, 56, 14], [29, 57, 14], [19, 67, 14], [33, 50, 17], [26, 62, 12], [23, 56, 21]], "lambda_": 0.5, "b": [[63, 17, 20], [69, 20, 11], [68, 14, 18], [70, 20, 10], [63, 20, 17], [64, 14, 22], [61, 20, 19], [74, 18, 8], [62, 16, 22], [65, 16, 19], [71, 19, 10], [66, 22, 12], [63, 17, 20], [66, 16, 18], [57, 23, 20], [63, 23, 14], [52, 32, 16], [22, 62, 16], [23, 62, 15], [11, 67, 22], [19, 64, 17], [18, 65, 17], [9, 76, 15], [18, 54, 28], [18, 65, 17], [13, 74, 13], [15, 65, 20], [14, 68, 18], [13, 68, 19], [18, 67, 15], [13, 70, 17], [12, 75, 13], [19, 67, 14], [23, 32, 45], [12, 15, 73], [26, 13, 61], [18, 11, 71], [20, 16, 64], [16, 12, 72], [17, 19, 64], [12, 15, 73], [18, 15, 67], [22, 22, 56], [26, 11, 63], [19, 21, 60], [21, 10, 69], [11, 13, 76], [20, 21, 59], [17, 17, 66], [18, 8, 74]]}