{"M": 50, "G": 3, "I": 4, "J": 100, "p": [[0.21831765719287097, 0.039374696974012705, 0.25245268623476663, 0.48985495959834957], [0.5422012093016421, 0.09105809283714718, 0.14155571116247334, 0.2251849866987375], [0.38055044211495703, 0.4747687767594026, 0.013226562056458096, 0.13145421906918225]], "r": [[[15, 5, 15, 32], [5, 2, 6, 7], [3, 9, 0, 1]], [[23, 1, 12, 32], [10, 3, 2, 2], [3, 10, 2, 0]], [[13, 6, 20, 27], [6, 2, 4, 5], [6, 10, 0, 1]], [[21, 3, 9, 34], [6, 1, 4, 6], [5, 9, 0, 2]], [[14, 6, 18, 37], [4, 0, 2, 4], [9, 6, 0, 0]], [[16, 3, 20, 37], [7, 0, 1, 4], [7, 3, 0, 2]], [[19, 4, 18, 30], [6, 3, 4, 5], [7, 2, 0, 2]], [[16, 3, 19, 39], [7, 3, 2, 2], [4, 4, 0, 1]], [[16, 0, 19, 31], [8, 0, 3, 4], [5, 10, 0, 4]], [[19, 3, 8, 35], [9, 1, 2, 5], [11, 6, 0, 1]], [[9, 5, 14, 33], [16, 0, 0, 4], [9, 9, 0, 1]], [[17, 4, 17, 29], [8, 1, 1, 7], [4, 11, 0, 1]], [[14, 7, 17, 38], [7, 0, 2, 3], [4, 7, 0, 1]], [[16, 2, 10, 35], [11, 0, 2, 7], [8, 6, 0, 3]], [[11, 1, 18, 31], [8, 1, 3, 5], [8, 8, 1, 5]], [[17, 4, 9, 31], [5, 1, 5, 1], [9, 14, 1, 3]], [[12, 1, 18, 24], [14, 2, 5, 5], [9, 9, 0, 1]], [[1, 1, 5, 4], [29, 9, 6, 27], [5, 9, 1, 3]], [[4, 1, 2, 9], [38, 3, 9, 16], [10, 5, 0, 3]], [[5, 1, 8, 4], [35, 10, 6, 13], [7, 9, 0, 2]], [[3, 1, 6, 5], [38, 3, 11, 8], [10, 12, 0, 3]], [[5, 0, 2, 7], [38, 5, 10, 12], [10, 9, 0, 2]], [[5, 2, 5, 5], [39, 5, 15, 11], [6, 4, 0, 3]], [[3, 2, 7, 1], [36, 9, 9, 18], [5, 9, 1, 0]], [[2, 3, 2, 5], [38, 8, 7, 12], [7, 13, 0, 3]], [[5, 2, 4, 8], [36, 8, 7, 17], [5, 6, 0, 2]], [[5, 3, 1, 15], [35, 3, 6, 21], [5, 3, 0, 3]], [[6, 0, 3, 7], [35, 7, 12, 13], [5, 8, 1, 3]], [[3, 3, 2, 11], [26, 4, 10, 21], [8, 7, 0, 5]], [[4, 2, 1, 6], [35, 6, 9, 16], [7, 12, 1, 1]], [[5, 0, 2, 11], [33, 8, 12, 12], [3, 11, 0, 3]], [[5, 0, 3, 8], [37, 9, 9, 14], [4, 8, 1, 2]], [[2, 2, 4, 7], [37, 7, 11, 18], [4, 7, 0, 1]], [[3, 1, 4, 7], [22, 3, 7, 10], [21, 20, 0, 2]], [[6, 0, 2, 8], [12, 2, 2, 4], [15, 39, 1, 9]], [[5, 2, 5, 9], [8, 1, 4, 4], [19, 29, 2, 12]], [[3, 1, 4, 11], [6, 1, 4, 2], [31, 26, 1, 10]], [[5, 1, 4, 10], [10, 0, 2, 3], [30, 31, 1, 3]], [[2, 2, 4, 4], [8, 2, 1, 3], [25, 36, 0, 13]], [[1, 0, 4, 7], [9, 1, 3, 2], [19, 39, 2, 13]], [[3, 2, 1, 3], [9, 3, 2, 4], [29, 39, 0, 5]], [[7, 1, 5, 11], [8, 1, 2, 3], [32, 26, 0, 4]], [[4, 0, 5, 8], [13, 2, 4, 3], [26, 29, 1, 5]], [[2, 2, 5, 10], [7, 2, 6, 4], [24, 25, 1, 12]], [[2, 0, 4, 7], [11, 2, 2, 3], [20, 36, 1, 12]], [[1, 0, 5, 12], [9, 1, 1, 6], [23, 30, 0, 12]], [[4, 1, 3, 7], [13, 3, 3, 1], [27, 24, 2, 12]], [[3, 1, 4, 4], [11, 2, 1, 5], [25, 33, 0, 11]], [[5, 1, 2, 5], [5, 1, 4, 4], [26, 39, 1, 7]], [[7, 1, 2, 5], [12, 0, 3, 7], [22, 30, 1, 10]]], "n": [[23, 16, 21, 40], [36, 14, 16, 34], [25, 18, 24, 33], [32, 13, 13, 42], [27, 12, 20, 41], [30, 6, 21, 43], [32, 9, 22, 37], [27, 10, 21, 42], [29, 10, 22, 39], [39, 10, 10, 41], [34, 14, 14, 38], [29, 16, 18, 37], [25, 14, 19, 42], [35, 8, 12, 45], [27, 10, 22, 41], [31, 19, 15, 35], [35, 12, 23, 30], [35, 19, 12, 34], [52, 9, 11, 28], [47, 20, 14, 19], [51, 16, 17, 16], [53, 14, 12, 21], [50, 11, 20, 19], [44, 20, 17, 19], [47, 24, 9, 20], [46, 16, 11, 27], [45, 9, 7, 39], [46, 15, 16, 23], [37, 14, 12, 37], [46, 20, 11, 23], [41, 19, 14, 26], [46, 17, 13, 24], [43, 16, 15, 26], [46, 24, 11, 19], [33, 41, 5, 21], [32, 32, 11, 25], [40, 28, 9, 23], [45, 32, 7, 16], [35, 40, 5, 20], [29, 40, 9, 22], [41, 44, 3, 12], [47, 28, 7, 18], [43, 31, 10, 16], [33, 29, 12, 26], [33, 38, 7, 22], [33, 31, 6, 30], [44, 28, 8, 20], [39, 36, 5, 20], [36, 41, 7, 16], [41, 31, 6, 22]], "lambda_": 0.5, "b": [[67, 20, 13], [68, 17, 15], [66, 17, 17], [67, 17, 16], [75, 10, 15], [76, 12, 12], [71, 18, 11], [77, 14, 9], [66, 15, 19], [65, 17, 18], [61, 20, 19], [67, 17, 16], [76, 12, 12], [63, 20, 17], [61, 17, 22], [61, 12, 27], [55, 26, 19], [11, 71, 18], [16, 66, 18], [18, 64, 18], [15, 60, 25], [14, 65, 21], [17, 70, 13], [13, 72, 15], [12, 65, 23], [19, 68, 13], [24, 65, 11], [16, 67, 17], [19, 61, 20], [13, 66, 21], [18, 65, 17], [16, 69, 15], [15, 73, 12], [15, 42, 43], [16, 20, 64], [21, 17, 62], [19, 13, 68], [20, 15, 65], [12, 14, 74], [12, 15, 73], [9, 18, 73], [24, 14, 62], [17, 22, 61], [19, 19, 62], [13, 18, 69], [18, 17, 65], [15, 20, 65], [12, 19, 69], [13, 14, 73], [15, 22, 63]]}