{"M": 50, "G": 4, "I": 2, "J": 100, "p": [[0.9099673653101796, 0.0900326346898204], [0.3252452051574129, 0.6747547948425872], [0.45066551343952227, 0.5493344865604778], [0.018886815503540464, 0.9811131844964596]], "r": [[[61, 3], [0, 9], [5, 7], [0, 15]], [[51, 13], [3, 6], [9, 5], [0, 13]], [[64, 2], [7, 8], [5, 4], [1, 9]], [[61, 4], [5, 8], [2, 9], [1, 10]], [[59, 7], [3, 8], [8, 7], [0, 8]], [[51, 8], [3, 15], [5, 4], [0, 14]], [[53, 6], [2, 8], [7, 7], [0, 17]], [[60, 7], [3, 8], [7, 3], [1, 11]], [[54, 5], [5, 9], [7, 7], [0, 13]], [[58, 5], [5, 12], [4, 8], [0, 8]], [[56, 6], [3, 11], [4, 7], [0, 13]], [[58, 9], [6, 6], [6, 3], [0, 12]], [[31, 5], [12, 22], [7, 8], [0, 15]], [[15, 0], [21, 48], [2, 8], [0, 6]], [[14, 0], [23, 36], [7, 6], [0, 14]], [[8, 2], [22, 40], [9, 10], [0, 9]], [[8, 0], [18, 42], [10, 4], [0, 18]], [[6, 0], [14, 58], [2, 9], [0, 11]], [[8, 1], [20, 47], [6, 6], [0, 12]], [[13, 1], [19, 38], [7, 5], [0, 17]], [[9, 2], [20, 44], [6, 6], [0, 13]], [[6, 4], [17, 48], [4, 10], [0, 11]], [[17, 0], [17, 38], [5, 9], [0, 14]], [[11, 2], [16, 46], [11, 6], [1, 7]], [[8, 4], [20, 35], [8, 4], [0, 21]], [[12, 0], [4, 11], [32, 27], [0, 14]], [[15, 1], [3, 8], [37, 28], [0, 8]], [[11, 1], [2, 10], [25, 33], [1, 17]], [[7, 0], [6, 10], [31, 33], [0, 13]], [[8, 2], [4, 8], [27, 39], [0, 12]], [[11, 1], [6, 7], [32, 30], [1, 12]], [[8, 2], [3, 9], [28, 36], [0, 14]], [[12, 0], [3, 11], [25, 35], [0, 14]], [[8, 1], [2, 13], [31, 26], [0, 19]], [[20, 0], [1, 5], [28, 30], [0, 16]], [[12, 1], [4, 13], [25, 34], [0, 11]], [[9, 0], [8, 5], [29, 36], [1, 12]], [[19, 1], [5, 6], [18, 13], [1, 37]], [[15, 1], [2, 5], [5, 7], [0, 65]], [[11, 3], [1, 7], [8, 9], [2, 59]], [[12, 1], [4, 9], [8, 8], [1, 57]], [[11, 1], [6, 8], [8, 6], [2, 58]], [[11, 1], [2, 6], [6, 6], [0, 68]], [[11, 3], [5, 8], [4, 11], [1, 57]], [[4, 3], [6, 16], [2, 8], [1, 60]], [[12, 1], [3, 15], [4, 8], [1, 56]], [[8, 2], [3, 11], [7, 10], [1, 58]], [[13, 0], [3, 5], [6, 6], [1, 66]], [[14, 0], [3, 9], [3, 7], [2, 62]], [[14, 2], [2, 10], [9, 11], [2, 50]]], "n": [[66, 34], [63, 37], [77, 23], [69, 31], [70, 30], [59, 41], [62, 38], [71, 29], [66, 34], [67, 33], [63, 37], [70, 30], [50, 50], [38, 62], [44, 56], [39, 61], [36, 64], [22, 78], [34, 66], [39, 61], [35, 65], [27, 73], [39, 61], [39, 61], [36, 64], [48, 52], [55, 45], [39, 61], [44, 56], [39, 61], [50, 50], [39, 61], [40, 60], [41, 59], [49, 51], [41, 59], [47, 53], [43, 57], [22, 78], [22, 78], [25, 75], [27, 73], [19, 81], [21, 79], [13, 87], [20, 80], [19, 81], [23, 77], [22, 78], [27, 73]], "lambda_": 0.5, "b": [[64, 9, 12, 15], [64, 9, 14, 13], [66, 15, 9, 10], [65, 13, 11, 11], [66, 11, 15, 8], [59, 18, 9, 14], [59, 10, 14, 17], [67, 11, 10, 12], [59, 14, 14, 13], [63, 17, 12, 8], [62, 14, 11, 13], [67, 12, 9, 12], [36, 34, 15, 15], [15, 69, 10, 6], [14, 59, 13, 14], [10, 62, 19, 9], [8, 60, 14, 18], [6, 72, 11, 11], [9, 67, 12, 12], [14, 57, 12, 17], [11, 64, 12, 13], [10, 65, 14, 11], [17, 55, 14, 14], [13, 62, 17, 8], [12, 55, 12, 21], [12, 15, 59, 14], [16, 11, 65, 8], [12, 12, 58, 18], [7, 16, 64, 13], [10, 12, 66, 12], [12, 13, 62, 13], [10, 12, 64, 14], [12, 14, 60, 14], [9, 15, 57, 19], [20, 6, 58, 16], [13, 17, 59, 11], [9, 13, 65, 13], [20, 11, 31, 38], [16, 7, 12, 65], [14, 8, 17, 61], [13, 13, 16, 58], [12, 14, 14, 60], [12, 8, 12, 68], [14, 13, 15, 58], [7, 22, 10, 61], [13, 18, 12, 57], [10, 14, 17, 59], [13, 8, 12, 67], [14, 12, 10, 64], [16, 12, 20, 52]]}