{"M": 50, "G": 2, "I": 5, "J": 100, "p": [[0.12464155160427713, 0.320365700211782, 0.31211881819805165, 0.23773827434383188, 0.005135655642057214], [0.32050330871114646, 0.12960740731613302, 0.19904243955549125, 0.29216240134150717, 0.058684443075721966]], "r": [[[9, 17, 26, 20, 0], [7, 4, 5, 9, 3]], [[12, 19, 22, 24, 1], [10, 2, 2, 5, 3]], [[8, 26, 18, 19, 0], [11, 2, 7, 6, 3]], [[10, 22, 26, 16, 2], [9, 3, 4, 7, 1]], [[12, 24, 23, 15, 1], [9, 3, 5, 7, 1]], [[11, 29, 23, 12, 0], [6, 2, 8, 8, 1]], [[9, 22, 16, 19, 0], [15, 0, 5, 12, 2]], [[8, 22, 30, 13, 1], [6, 6, 1, 12, 1]], [[9, 19, 21, 21, 0], [14, 2, 0, 12, 2]], [[14, 23, 20, 14, 0], [12, 5, 5, 7, 0]], [[15, 29, 23, 9, 0], [8, 1, 6, 8, 1]], [[10, 23, 20, 23, 1], [3, 4, 6, 8, 2]], [[4, 24, 29, 14, 0], [6, 2, 7, 13, 1]], [[8, 24, 29, 18, 0], [6, 5, 2, 8, 0]], [[9, 23, 27, 23, 0], [2, 6, 4, 5, 1]], [[10, 25, 30, 18, 0], [5, 0, 5, 6, 1]], [[9, 32, 23, 20, 1], [5, 4, 2, 4, 0]], [[9, 18, 27, 15, 0], [9, 4, 7, 10, 1]], [[16, 22, 22, 17, 1], [11, 1, 3, 6, 1]], [[12, 22, 24, 19, 0], [7, 4, 4, 6, 2]], [[6, 21, 25, 14, 1], [10, 4, 8, 10, 1]], [[5, 34, 21, 19, 0], [5, 3, 3, 8, 2]], [[7, 28, 25, 15, 0], [5, 4, 3, 8, 5]], [[9, 32, 15, 13, 1], [7, 3, 3, 17, 0]], [[11, 27, 19, 13, 0], [12, 5, 1, 10, 2]], [[1, 5, 10, 3, 0], [19, 12, 20, 23, 7]], [[2, 5, 10, 6, 0], [20, 8, 15, 28, 6]], [[3, 8, 13, 8, 0], [20, 6, 12, 27, 3]], [[2, 10, 7, 11, 0], [26, 8, 20, 9, 7]], [[5, 9, 4, 6, 0], [26, 5, 15, 27, 3]], [[4, 7, 11, 2, 1], [19, 5, 22, 25, 4]], [[1, 14, 5, 8, 0], [20, 10, 13, 25, 4]], [[4, 8, 5, 5, 1], [23, 6, 15, 27, 6]], [[6, 8, 6, 6, 0], [17, 11, 14, 23, 9]], [[4, 5, 4, 11, 0], [26, 10, 16, 19, 5]], [[3, 8, 9, 5, 0], [24, 6, 19, 21, 5]], [[1, 9, 9, 4, 0], [19, 13, 17, 19, 9]], [[4, 9, 6, 7, 0], [28, 9, 13, 20, 4]], [[5, 6, 11, 5, 0], [28, 7, 13, 22, 3]], [[6, 11, 8, 6, 0], [19, 8, 17, 22, 3]], [[3, 8, 6, 6, 1], [23, 15, 14, 17, 7]], [[2, 8, 5, 3, 0], [27, 11, 12, 25, 7]], [[3, 12, 12, 9, 0], [21, 6, 12, 19, 6]], [[4, 6, 7, 7, 0], [27, 7, 17, 22, 3]], [[3, 8, 3, 4, 2], [26, 12, 21, 13, 8]], [[3, 7, 6, 6, 1], [25, 11, 15, 22, 4]], [[4, 6, 10, 5, 0], [21, 12, 17, 18, 7]], [[2, 9, 3, 7, 2], [30, 7, 18, 20, 2]], [[4, 7, 10, 7, 0], [24, 5, 17, 23, 3]], [[3, 10, 6, 9, 1], [20, 7, 13, 27, 4]]], "n": [[16, 21, 31, 29, 3], [22, 21, 24, 29, 4], [19, 28, 25, 25, 3], [19, 25, 30, 23, 3], [21, 27, 28, 22, 2], [17, 31, 31, 20, 1], [24, 22, 21, 31, 2], [14, 28, 31, 25, 2], [23, 21, 21, 33, 2], [26, 28, 25, 21, 0], [23, 30, 29, 17, 1], [13, 27, 26, 31, 3], [10, 26, 36, 27, 1], [14, 29, 31, 26, 0], [11, 29, 31, 28, 1], [15, 25, 35, 24, 1], [14, 36, 25, 24, 1], [18, 22, 34, 25, 1], [27, 23, 25, 23, 2], [19, 26, 28, 25, 2], [16, 25, 33, 24, 2], [10, 37, 24, 27, 2], [12, 32, 28, 23, 5], [16, 35, 18, 30, 1], [23, 32, 20, 23, 2], [20, 17, 30, 26, 7], [22, 13, 25, 34, 6], [23, 14, 25, 35, 3], [28, 18, 27, 20, 7], [31, 14, 19, 33, 3], [23, 12, 33, 27, 5], [21, 24, 18, 33, 4], [27, 14, 20, 32, 7], [23, 19, 20, 29, 9], [30, 15, 20, 30, 5], [27, 14, 28, 26, 5], [20, 22, 26, 23, 9], [32, 18, 19, 27, 4], [33, 13, 24, 27, 3], [25, 19, 25, 28, 3], [26, 23, 20, 23, 8], [29, 19, 17, 28, 7], [24, 18, 24, 28, 6], [31, 13, 24, 29, 3], [29, 20, 24, 17, 10], [28, 18, 21, 28, 5], [25, 18, 27, 23, 7], [32, 16, 21, 27, 4], [28, 12, 27, 30, 3], [23, 17, 19, 36, 5]], "lambda_": 0.5, "b": [[72, 28], [78, 22], [71, 29], [76, 24], [75, 25], [75, 25], [66, 34], [74, 26], [70, 30], [71, 29], [76, 24], [77, 23], [71, 29], [79, 21], [82, 18], [83, 17], [85, 15], [69, 31], [78, 22], [77, 23], [67, 33], [79, 21], [75, 25], [70, 30], [70, 30], [19, 81], [23, 77], [32, 68], [30, 70], [24, 76], [25, 75], [28, 72], [23, 77], [26, 74], [24, 76], [25, 75], [23, 77], [26, 74], [27, 73], [31, 69], [24, 76], [18, 82], [36, 64], [24, 76], [20, 80], [23, 77], [25, 75], [23, 77], [28, 72], [29, 71]]}