{"M": 50, "G": 3, "I": 10, "J": 100, "p": [[0.12436308318824252, 0.2936479442801595, 2.6361498408479558e-05, 0.0829722235922016, 0.03657783742707565, 0.022328848500363704, 0.04750328779774075, 0.09771395866406389, 0.11649176519617498, 0.17837468985556892], [0.07873758750669205, 0.16750337765308135, 0.03314541339433604, 0.3050005136808091, 0.0040242128188571836, 0.16086639690315654, 0.07826685922393407, 0.11854087140099424, 0.021921593367001047, 0.03199317405113854], [0.12057861540422678, 0.2578923561662436, 0.028107564516233675, 0.08810394329377169, 0.1562662701013204, 0.16818376689753073, 0.0066434326979972836, 0.0029777413570878652, 0.013912210833154727, 0.1573340987324331]], "r": [[[9, 8, 0, 4, 4, 2, 3, 7, 7, 21], [2, 2, 1, 8, 0, 3, 0, 2, 0, 1], [0, 6, 1, 0, 4, 2, 0, 0, 0, 3]], [[8, 19, 0, 2, 2, 2, 9, 3, 13, 14], [2, 4, 2, 7, 0, 3, 1, 1, 0, 0], [0, 2, 0, 1, 1, 3, 0, 0, 0, 1]], [[7, 14, 0, 8, 3, 2, 4, 5, 10, 12], [1, 2, 2, 5, 0, 1, 1, 4, 0, 0], [4, 5, 0, 0, 3, 6, 0, 0, 0, 1]], [[10, 18, 0, 6, 3, 2, 2, 7, 10, 13], [3, 5, 1, 3, 0, 1, 1, 2, 0, 0], [0, 2, 0, 2, 1, 7, 0, 0, 0, 1]], [[8, 19, 0, 6, 1, 2, 6, 3, 6, 11], [2, 2, 1, 5, 0, 4, 2, 3, 0, 0], [3, 3, 0, 3, 1, 5, 0, 0, 0, 4]], [[10, 22, 0, 8, 1, 1, 2, 11, 7, 5], [0, 2, 0, 7, 0, 1, 1, 5, 1, 0], [3, 5, 0, 1, 3, 2, 0, 0, 0, 2]], [[7, 23, 0, 3, 3, 3, 4, 5, 11, 10], [0, 5, 2, 9, 1, 7, 0, 1, 0, 0], [2, 2, 0, 0, 0, 2, 0, 0, 0, 0]], [[6, 21, 0, 8, 2, 2, 3, 12, 6, 15], [2, 4, 0, 4, 0, 2, 0, 2, 0, 0], [2, 2, 0, 1, 3, 2, 0, 0, 0, 1]], [[7, 23, 0, 10, 1, 1, 3, 7, 6, 6], [1, 2, 0, 3, 0, 8, 3, 0, 0, 0], [1, 4, 2, 1, 0, 6, 0, 0, 2, 3]], [[9, 11, 0, 8, 5, 2, 4, 5, 4, 15], [1, 2, 0, 2, 0, 1, 3, 3, 0, 0], [3, 3, 0, 6, 4, 4, 0, 0, 0, 5]], [[8, 14, 0, 5, 3, 0, 8, 9, 4, 17], [0, 5, 0, 8, 0, 0, 3, 0, 0, 0], [3, 2, 0, 1, 3, 2, 0, 0, 0, 5]], [[6, 21, 0, 7, 3, 1, 2, 8, 10, 10], [2, 2, 0, 3, 0, 1, 4, 2, 0, 1], [3, 3, 0, 2, 5, 2, 0, 0, 0, 2]], [[8, 24, 0, 7, 3, 2, 4, 8, 5, 9], [0, 3, 1, 7, 0, 0, 3, 1, 0, 0], [1, 3, 0, 2, 4, 4, 0, 0, 1, 0]], [[14, 16, 0, 7, 5, 2, 1, 6, 9, 12], [2, 1, 0, 3, 0, 1, 1, 0, 0, 1], [1, 10, 0, 1, 0, 5, 0, 0, 0, 2]], [[6, 28, 0, 7, 0, 0, 3, 7, 4, 15], [1, 3, 0, 4, 0, 1, 3, 1, 0, 0], [1, 7, 1, 0, 3, 2, 0, 0, 0, 3]], [[7, 12, 0, 2, 1, 3, 5, 11, 6, 16], [0, 1, 0, 6, 0, 4, 2, 0, 1, 0], [3, 2, 1, 4, 5, 6, 0, 1, 0, 1]], [[8, 17, 0, 4, 0, 2, 1, 3, 8, 11], [3, 5, 2, 10, 0, 5, 1, 4, 0, 4], [0, 4, 0, 0, 1, 6, 0, 0, 0, 1]], [[2, 3, 0, 0, 0, 1, 1, 1, 4, 0], [9, 7, 1, 23, 0, 7, 5, 16, 2, 1], [2, 4, 0, 1, 3, 6, 0, 0, 0, 1]], [[2, 4, 0, 0, 0, 0, 3, 1, 1, 3], [5, 11, 1, 19, 0, 9, 9, 9, 1, 3], [3, 5, 1, 0, 4, 2, 0, 0, 0, 4]], [[2, 2, 0, 1, 1, 0, 0, 2, 2, 3], [3, 13, 4, 22, 0, 9, 6, 7, 2, 3], [0, 4, 0, 5, 3, 3, 0, 0, 0, 3]], [[3, 6, 0, 1, 2, 0, 1, 2, 1, 5], [3, 16, 1, 18, 0, 13, 6, 6, 1, 1], [0, 2, 1, 1, 3, 3, 0, 1, 0, 3]], [[2, 6, 0, 0, 0, 0, 0, 0, 3, 3], [6, 10, 0, 23, 0, 17, 5, 3, 0, 2], [4, 6, 0, 2, 2, 3, 0, 0, 0, 3]], [[1, 4, 0, 3, 2, 0, 0, 1, 3, 4], [2, 11, 3, 21, 0, 13, 3, 14, 2, 0], [1, 5, 0, 2, 1, 1, 0, 0, 0, 3]], [[1, 4, 0, 1, 0, 0, 3, 1, 3, 1], [5, 10, 5, 18, 1, 15, 4, 8, 3, 2], [4, 4, 1, 1, 1, 1, 0, 0, 1, 2]], [[3, 4, 0, 0, 0, 0, 1, 2, 1, 2], [4, 12, 1, 26, 0, 13, 4, 5, 1, 2], [2, 9, 0, 1, 3, 1, 0, 0, 2, 1]], [[1, 9, 0, 1, 1, 1, 0, 1, 1, 2], [5, 12, 4, 29, 0, 8, 2, 5, 0, 2], [4, 6, 0, 1, 3, 2, 0, 0, 0, 0]], [[1, 4, 0, 0, 0, 0, 0, 0, 1, 7], [4, 9, 3, 21, 1, 11, 5, 12, 0, 2], [3, 6, 0, 1, 2, 2, 0, 0, 0, 5]], [[3, 4, 0, 1, 0, 0, 0, 0, 1, 2], [6, 16, 6, 15, 0, 9, 5, 9, 0, 1], [3, 9, 0, 3, 2, 2, 0, 0, 0, 3]], [[1, 6, 0, 3, 2, 1, 1, 1, 1, 1], [6, 7, 2, 18, 0, 12, 5, 7, 2, 2], [4, 6, 1, 0, 4, 4, 0, 0, 0, 3]], [[0, 6, 0, 0, 0, 1, 0, 0, 3, 4], [2, 15, 0, 18, 0, 11, 6, 5, 2, 3], [5, 7, 1, 2, 4, 2, 0, 0, 0, 3]], [[3, 6, 0, 3, 1, 1, 1, 2, 0, 4], [5, 9, 6, 19, 2, 8, 2, 9, 3, 5], [0, 5, 0, 0, 2, 3, 0, 0, 0, 1]], [[2, 7, 0, 2, 0, 0, 1, 3, 1, 3], [6, 14, 2, 18, 0, 10, 4, 7, 2, 4], [2, 4, 2, 1, 1, 2, 0, 0, 0, 2]], [[1, 3, 0, 2, 1, 0, 0, 3, 1, 7], [5, 9, 2, 18, 1, 13, 10, 6, 2, 2], [2, 4, 2, 1, 0, 2, 0, 0, 1, 2]], [[2, 3, 0, 0, 1, 0, 1, 3, 2, 2], [1, 7, 4, 8, 0, 1, 2, 5, 3, 1], [6, 15, 1, 6, 6, 12, 0, 0, 1, 7]], [[3, 7, 0, 1, 1, 0, 0, 1, 1, 4], [1, 4, 0, 6, 1, 4, 1, 2, 1, 0], [6, 20, 1, 6, 13, 6, 2, 0, 1, 7]], [[2, 6, 0, 0, 1, 0, 2, 2, 0, 2], [0, 3, 0, 2, 0, 0, 1, 6, 0, 1], [7, 22, 2, 5, 10, 13, 0, 0, 1, 12]], [[4, 7, 0, 1, 0, 0, 0, 3, 2, 4], [0, 2, 1, 4, 0, 7, 0, 0, 1, 1], [12, 20, 0, 5, 8, 8, 0, 0, 1, 9]], [[1, 6, 0, 0, 1, 0, 0, 3, 3, 3], [1, 2, 1, 3, 0, 2, 1, 2, 0, 0], [6, 18, 2, 4, 9, 16, 0, 0, 1, 15]], [[2, 6, 0, 0, 0, 1, 0, 3, 1, 4], [1, 1, 1, 6, 0, 0, 0, 1, 0, 0], [6, 15, 1, 3, 17, 13, 0, 2, 4, 12]], [[0, 2, 0, 1, 1, 0, 0, 2, 2, 6], [2, 4, 0, 5, 0, 4, 2, 1, 0, 0], [9, 15, 3, 8, 10, 13, 0, 0, 1, 9]], [[3, 10, 0, 0, 0, 1, 2, 1, 1, 3], [1, 2, 0, 7, 0, 2, 2, 1, 0, 0], [11, 15, 1, 8, 5, 15, 1, 0, 1, 7]], [[2, 3, 0, 0, 1, 0, 1, 1, 1, 2], [2, 3, 0, 8, 0, 3, 0, 1, 0, 0], [10, 15, 2, 7, 15, 6, 1, 0, 0, 16]], [[3, 5, 0, 0, 0, 0, 0, 0, 3, 3], [1, 1, 1, 2, 0, 3, 0, 4, 1, 1], [7, 19, 2, 5, 8, 13, 1, 0, 2, 15]], [[2, 5, 0, 1, 0, 0, 0, 1, 4, 4], [1, 3, 0, 9, 1, 2, 0, 0, 1, 2], [9, 14, 2, 8, 11, 9, 1, 0, 0, 10]], [[0, 7, 0, 1, 0, 0, 1, 2, 1, 3], [1, 5, 0, 5, 0, 4, 0, 1, 1, 0], [10, 19, 1, 9, 11, 9, 0, 0, 2, 7]], [[2, 2, 0, 0, 2, 1, 0, 6, 1, 4], [2, 3, 0, 7, 0, 4, 0, 2, 1, 0], [8, 14, 2, 5, 7, 13, 1, 0, 0, 13]], [[1, 5, 0, 3, 2, 0, 0, 2, 4, 3], [1, 3, 0, 4, 0, 3, 2, 2, 0, 0], [7, 17, 3, 5, 11, 13, 0, 0, 0, 9]], [[1, 2, 0, 1, 0, 0, 0, 1, 1, 0], [1, 8, 1, 9, 0, 7, 3, 2, 1, 0], [3, 22, 8, 5, 6, 9, 0, 0, 1, 8]], [[5, 7, 0, 4, 1, 1, 2, 1, 2, 5], [3, 1, 0, 7, 0, 2, 3, 1, 1, 0], [7, 11, 1, 3, 10, 11, 0, 0, 0, 11]], [[0, 6, 0, 2, 1, 0, 1, 3, 1, 1], [0, 3, 1, 4, 0, 6, 0, 1, 0, 0], [11, 19, 1, 4, 8, 13, 0, 0, 0, 14]]], "n": [[11, 16, 2, 12, 8, 7, 3, 9, 7, 25], [10, 25, 2, 10, 3, 8, 10, 4, 13, 15], [12, 21, 2, 13, 6, 9, 5, 9, 10, 13], [13, 25, 1, 11, 4, 10, 3, 9, 10, 14], [13, 24, 1, 14, 2, 11, 8, 6, 6, 15], [13, 29, 0, 16, 4, 4, 3, 16, 8, 7], [9, 30, 2, 12, 4, 12, 4, 6, 11, 10], [10, 27, 0, 13, 5, 6, 3, 14, 6, 16], [9, 29, 2, 14, 1, 15, 6, 7, 8, 9], [13, 16, 0, 16, 9, 7, 7, 8, 4, 20], [11, 21, 0, 14, 6, 2, 11, 9, 4, 22], [11, 26, 0, 12, 8, 4, 6, 10, 10, 13], [9, 30, 1, 16, 7, 6, 7, 9, 6, 9], [17, 27, 0, 11, 5, 8, 2, 6, 9, 15], [8, 38, 1, 11, 3, 3, 6, 8, 4, 18], [10, 15, 1, 12, 6, 13, 7, 12, 7, 17], [11, 26, 2, 14, 1, 13, 2, 7, 8, 16], [13, 14, 1, 24, 3, 14, 6, 17, 6, 2], [10, 20, 2, 19, 4, 11, 12, 10, 2, 10], [5, 19, 4, 28, 4, 12, 6, 9, 4, 9], [6, 24, 2, 20, 5, 16, 7, 9, 2, 9], [12, 22, 0, 25, 2, 20, 5, 3, 3, 8], [4, 20, 3, 26, 3, 14, 3, 15, 5, 7], [10, 18, 6, 20, 2, 16, 7, 9, 7, 5], [9, 25, 1, 27, 3, 14, 5, 7, 4, 5], [10, 27, 4, 31, 4, 11, 2, 6, 1, 4], [8, 19, 3, 22, 3, 13, 5, 12, 1, 14], [12, 29, 6, 19, 2, 11, 5, 9, 1, 6], [11, 19, 3, 21, 6, 17, 6, 8, 3, 6], [7, 28, 1, 20, 4, 14, 6, 5, 5, 10], [8, 20, 6, 22, 5, 12, 3, 11, 3, 10], [10, 25, 4, 21, 1, 12, 5, 10, 3, 9], [8, 16, 4, 21, 2, 15, 10, 9, 4, 11], [9, 25, 5, 14, 7, 13, 3, 8, 6, 10], [10, 31, 1, 13, 15, 10, 3, 3, 3, 11], [9, 31, 2, 7, 11, 13, 3, 8, 1, 15], [16, 29, 1, 10, 8, 15, 0, 3, 4, 14], [8, 26, 3, 7, 10, 18, 1, 5, 4, 18], [9, 22, 2, 9, 17, 14, 0, 6, 5, 16], [11, 21, 3, 14, 11, 17, 2, 3, 3, 15], [15, 27, 1, 15, 5, 18, 5, 2, 2, 10], [14, 21, 2, 15, 16, 9, 2, 2, 1, 18], [11, 25, 3, 7, 8, 16, 1, 4, 6, 19], [12, 22, 2, 18, 12, 11, 1, 1, 5, 16], [11, 31, 1, 15, 11, 13, 1, 3, 4, 10], [12, 19, 2, 12, 9, 18, 1, 8, 2, 17], [9, 25, 3, 12, 13, 16, 2, 4, 4, 12], [5, 32, 9, 15, 6, 16, 3, 3, 3, 8], [15, 19, 1, 14, 11, 14, 5, 2, 3, 16], [11, 28, 2, 10, 9, 19, 1, 4, 1, 15]], "lambda_": 0.5,