{"M": 50, "G": 4, "I": 4, "J": 100, "p": [[0.06481187143495153, 0.5215288532386252, 0.11829638888251422, 0.2953628864439089], [0.0030156831164753002, 0.515584843486113, 0.4744174795404822, 0.00698199385692937], [0.6900161323240948, 0.03237600658197416, 0.07323502792270094, 0.2043728331712302], [0.5209464814414285, 0.34571614932536304, 0.00040821029488953396, 0.13292915893831883]], "r": [[[8, 30, 11, 19], [0, 4, 4, 1], [9, 0, 1, 2], [3, 4, 0, 4]], [[2, 23, 12, 13], [0, 12, 10, 1], [7, 0, 3, 7], [4, 3, 0, 3]], [[0, 30, 11, 17], [0, 9, 4, 0], [10, 0, 2, 4], [4, 5, 0, 4]], [[3, 33, 4, 22], [0, 7, 7, 0], [13, 1, 0, 2], [3, 3, 0, 2]], [[2, 34, 9, 20], [0, 5, 5, 1], [12, 0, 1, 0], [5, 4, 0, 2]], [[6, 25, 6, 16], [0, 13, 6, 0], [9, 0, 0, 4], [11, 3, 0, 1]], [[0, 36, 9, 21], [0, 5, 6, 0], [9, 0, 1, 2], [6, 3, 0, 2]], [[1, 38, 6, 26], [0, 8, 5, 0], [7, 0, 0, 3], [2, 3, 0, 1]], [[7, 28, 4, 27], [0, 1, 4, 0], [9, 1, 1, 2], [8, 8, 0, 0]], [[5, 30, 15, 20], [0, 7, 4, 0], [5, 0, 0, 2], [8, 1, 0, 3]], [[2, 34, 4, 19], [0, 7, 8, 0], [7, 0, 0, 2], [9, 5, 0, 3]], [[1, 29, 10, 18], [0, 7, 7, 0], [10, 0, 0, 3], [8, 4, 0, 3]], [[2, 22, 4, 11], [0, 23, 11, 0], [8, 0, 1, 1], [7, 8, 0, 2]], [[2, 6, 4, 5], [0, 39, 30, 0], [4, 1, 1, 2], [4, 2, 0, 0]], [[1, 2, 2, 3], [0, 42, 22, 0], [12, 2, 0, 2], [7, 5, 0, 0]], [[1, 3, 1, 3], [1, 40, 25, 1], [10, 0, 0, 2], [10, 3, 0, 0]], [[2, 4, 4, 4], [1, 37, 27, 2], [10, 0, 1, 1], [6, 1, 0, 0]], [[1, 3, 1, 8], [1, 35, 26, 0], [8, 3, 1, 2], [5, 5, 0, 1]], [[1, 10, 1, 6], [0, 29, 29, 1], [6, 1, 0, 4], [9, 2, 0, 1]], [[1, 3, 1, 4], [0, 34, 33, 0], [12, 1, 0, 2], [7, 1, 0, 1]], [[0, 9, 0, 2], [0, 41, 26, 0], [10, 0, 0, 4], [7, 1, 0, 0]], [[0, 8, 2, 2], [0, 40, 23, 0], [9, 0, 0, 3], [9, 2, 0, 2]], [[2, 7, 5, 1], [0, 20, 40, 1], [7, 0, 2, 4], [6, 4, 0, 1]], [[1, 9, 3, 2], [0, 42, 23, 0], [8, 1, 0, 0], [4, 2, 0, 5]], [[1, 9, 1, 7], [0, 27, 33, 2], [6, 0, 0, 5], [5, 3, 0, 1]], [[2, 7, 2, 1], [0, 10, 7, 0], [46, 2, 2, 8], [8, 4, 0, 1]], [[1, 6, 1, 1], [0, 6, 6, 0], [40, 2, 6, 15], [8, 6, 0, 2]], [[0, 3, 1, 3], [0, 6, 5, 0], [49, 2, 2, 9], [11, 5, 0, 4]], [[1, 9, 2, 2], [0, 9, 2, 0], [44, 3, 6, 12], [0, 8, 0, 2]], [[1, 13, 1, 2], [0, 7, 4, 0], [49, 1, 2, 9], [7, 3, 0, 1]], [[0, 7, 1, 6], [0, 5, 5, 0], [39, 1, 6, 11], [9, 7, 0, 3]], [[2, 10, 1, 2], [0, 3, 6, 0], [51, 2, 5, 13], [1, 2, 0, 2]], [[1, 3, 2, 4], [0, 5, 8, 0], [42, 3, 5, 11], [11, 4, 0, 1]], [[0, 5, 1, 4], [0, 6, 3, 1], [43, 1, 5, 12], [11, 5, 0, 3]], [[0, 4, 3, 2], [0, 4, 6, 0], [44, 5, 6, 13], [7, 5, 0, 1]], [[0, 12, 0, 3], [0, 5, 4, 0], [42, 3, 5, 12], [9, 3, 0, 2]], [[1, 6, 3, 2], [0, 7, 3, 0], [49, 1, 2, 13], [6, 6, 0, 1]], [[0, 5, 0, 4], [0, 6, 3, 1], [28, 1, 4, 14], [19, 10, 0, 5]], [[1, 4, 0, 8], [0, 8, 3, 0], [5, 1, 2, 1], [39, 19, 1, 8]], [[1, 11, 1, 3], [0, 3, 11, 0], [11, 1, 3, 1], [26, 20, 0, 8]], [[0, 9, 2, 6], [0, 6, 1, 0], [9, 0, 0, 1], [31, 21, 0, 14]], [[1, 6, 1, 1], [0, 9, 5, 0], [4, 1, 0, 5], [23, 31, 0, 13]], [[0, 3, 3, 3], [0, 9, 6, 1], [8, 0, 2, 2], [30, 26, 0, 7]], [[1, 9, 2, 9], [0, 8, 6, 0], [11, 0, 2, 0], [26, 16, 0, 10]], [[1, 6, 1, 3], [0, 6, 5, 0], [9, 0, 0, 2], [31, 24, 0, 12]], [[2, 8, 1, 3], [0, 6, 9, 0], [11, 0, 0, 0], [33, 22, 0, 5]], [[0, 7, 1, 3], [0, 4, 3, 0], [12, 0, 0, 0], [36, 31, 0, 3]], [[0, 4, 1, 4], [1, 3, 3, 0], [12, 0, 1, 3], [37, 24, 0, 7]], [[0, 9, 1, 1], [0, 7, 10, 0], [5, 0, 0, 2], [36, 19, 0, 10]], [[0, 10, 1, 4], [0, 9, 0, 0], [10, 1, 0, 3], [26, 25, 0, 11]]], "n": [[20, 38, 16, 26], [13, 38, 25, 24], [14, 44, 17, 25], [19, 44, 11, 26], [19, 43, 15, 23], [26, 41, 12, 21], [15, 44, 16, 25], [10, 49, 11, 30], [24, 38, 9, 29], [18, 38, 19, 25], [18, 46, 12, 24], [19, 40, 17, 24], [17, 53, 16, 14], [10, 48, 35, 7], [20, 51, 24, 5], [22, 46, 26, 6], [19, 42, 32, 7], [15, 46, 28, 11], [16, 42, 30, 12], [20, 39, 34, 7], [17, 51, 26, 6], [18, 50, 25, 7], [15, 31, 47, 7], [13, 54, 26, 7], [12, 39, 34, 15], [56, 23, 11, 10], [49, 20, 13, 18], [60, 16, 8, 16], [45, 29, 10, 16], [57, 24, 7, 12], [48, 20, 12, 20], [54, 17, 12, 17], [54, 15, 15, 16], [54, 17, 9, 20], [51, 18, 15, 16], [51, 23, 9, 17], [56, 20, 8, 16], [47, 22, 7, 24], [45, 32, 6, 17], [38, 35, 15, 12], [40, 36, 3, 21], [28, 47, 6, 19], [38, 38, 11, 13], [38, 33, 10, 19], [41, 36, 6, 17], [46, 36, 10, 8], [48, 42, 4, 6], [50, 31, 5, 14], [41, 35, 11, 13], [36, 45, 1, 18]], "lambda_": 0.5, "b": [[68, 9, 12, 11], [50, 23, 17, 10], [58, 13, 16, 13], [62, 14, 16, 8], [65, 11, 13, 11], [53, 19, 13, 15], [66, 11, 12, 11], [71, 13, 10, 6], [66, 5, 13, 16], [70, 11, 7, 12], [59, 15, 9, 17], [58, 14, 13, 15], [39, 34, 10, 17], [17, 69, 8, 6], [8, 64, 16, 12], [8, 67, 12, 13], [14, 67, 12, 7], [13, 62, 14, 11], [18, 59, 11, 12], [9, 67, 15, 9], [11, 67, 14, 8], [12, 63, 12, 13], [15, 61, 13, 11], [15, 65, 9, 11], [18, 62, 11, 9], [12, 17, 58, 13], [9, 12, 63, 16], [7, 11, 62, 20], [14, 11, 65, 10], [17, 11, 61, 11], [14, 10, 57, 19], [15, 9, 71, 5], [10, 13, 61, 16], [10, 10, 61, 19], [9, 10, 68, 13], [15, 9, 62, 14], [12, 10, 65, 13], [9, 10, 47, 34], [13, 11, 9, 67], [16, 14, 16, 54], [17, 7, 10, 66], [9, 14, 10, 67], [9, 16, 12, 63], [21, 14, 13, 52], [11, 11, 11, 67], [14, 15, 11, 60], [11, 7, 12, 70], [9, 7, 16, 68], [11, 17, 7, 65], [15, 9, 14, 62]]}