{"M": 50, "G": 3, "I": 4, "J": 100, "p": [[0.37664033529374275, 0.0874640765523398, 0.39740799933549775, 0.1384875888184196], [0.23064419241874784, 0.04693354147889885, 0.72121745986295, 0.0012048062394032465], [0.11244721555034376, 0.21997027355988638, 0.5826671754210357, 0.08491533546873392]], "r": [[[21, 8, 30, 7], [2, 0, 10, 0], [5, 8, 6, 3]], [[23, 7, 21, 10], [5, 1, 11, 0], [1, 7, 13, 1]], [[20, 7, 23, 12], [5, 2, 17, 0], [2, 4, 7, 1]], [[20, 4, 35, 10], [2, 2, 13, 0], [3, 3, 8, 0]], [[26, 2, 27, 7], [5, 2, 12, 0], [3, 4, 10, 2]], [[34, 4, 21, 11], [7, 1, 10, 0], [3, 4, 5, 0]], [[27, 3, 30, 9], [5, 3, 13, 0], [1, 3, 5, 1]], [[28, 6, 33, 8], [4, 0, 7, 0], [0, 1, 12, 1]], [[19, 7, 36, 11], [3, 0, 15, 0], [1, 2, 5, 1]], [[23, 5, 25, 17], [4, 0, 7, 0], [0, 2, 15, 2]], [[29, 5, 27, 12], [3, 0, 11, 0], [2, 4, 6, 1]], [[29, 6, 25, 13], [0, 0, 8, 0], [1, 3, 14, 1]], [[32, 7, 20, 5], [3, 0, 8, 0], [5, 5, 14, 1]], [[19, 7, 25, 10], [7, 1, 12, 0], [2, 3, 11, 3]], [[25, 7, 28, 10], [4, 0, 12, 0], [3, 4, 6, 1]], [[25, 7, 23, 2], [6, 0, 18, 0], [3, 4, 11, 1]], [[13, 4, 20, 7], [11, 1, 27, 0], [1, 5, 9, 2]], [[4, 2, 5, 6], [18, 3, 42, 0], [2, 7, 11, 0]], [[8, 1, 2, 2], [20, 4, 52, 0], [2, 2, 6, 1]], [[6, 1, 5, 2], [15, 3, 56, 0], [1, 3, 7, 1]], [[4, 3, 5, 4], [16, 3, 50, 0], [1, 3, 11, 0]], [[6, 3, 3, 5], [15, 1, 51, 0], [1, 6, 8, 1]], [[9, 1, 6, 3], [14, 3, 46, 0], [2, 1, 13, 2]], [[6, 1, 11, 2], [21, 2, 41, 0], [2, 2, 10, 2]], [[3, 1, 6, 1], [15, 2, 53, 0], [2, 4, 11, 2]], [[8, 1, 2, 3], [23, 3, 51, 0], [1, 4, 4, 0]], [[6, 0, 12, 1], [16, 4, 49, 0], [1, 2, 7, 2]], [[5, 4, 4, 1], [16, 5, 48, 0], [1, 4, 12, 0]], [[1, 1, 5, 4], [19, 4, 49, 0], [3, 3, 9, 2]], [[9, 3, 5, 2], [14, 4, 45, 1], [0, 1, 14, 2]], [[10, 4, 15, 5], [15, 3, 38, 0], [1, 2, 6, 1]], [[6, 2, 8, 3], [16, 3, 51, 0], [2, 2, 6, 1]], [[5, 0, 8, 4], [16, 6, 43, 0], [2, 2, 13, 1]], [[5, 1, 11, 3], [6, 2, 22, 0], [11, 12, 21, 6]], [[8, 1, 6, 4], [3, 3, 9, 0], [9, 11, 40, 6]], [[7, 1, 5, 1], [3, 1, 14, 0], [10, 12, 38, 8]], [[6, 2, 7, 1], [2, 0, 11, 0], [5, 13, 49, 4]], [[7, 0, 3, 3], [4, 2, 8, 0], [12, 13, 42, 6]], [[7, 1, 6, 1], [1, 1, 15, 0], [11, 15, 38, 4]], [[6, 3, 4, 1], [1, 1, 17, 0], [5, 15, 45, 2]], [[4, 1, 9, 4], [1, 2, 14, 0], [5, 18, 38, 4]], [[10, 2, 8, 2], [6, 0, 15, 0], [9, 8, 36, 4]], [[7, 1, 9, 0], [3, 1, 9, 0], [13, 9, 39, 9]], [[8, 2, 3, 3], [5, 1, 13, 0], [8, 11, 38, 8]], [[6, 2, 6, 3], [3, 0, 15, 0], [6, 11, 43, 5]], [[8, 0, 7, 3], [2, 0, 9, 0], [8, 19, 37, 7]], [[5, 0, 10, 1], [1, 1, 10, 0], [8, 13, 38, 13]], [[5, 0, 9, 1], [4, 1, 8, 0], [9, 16, 44, 3]], [[3, 1, 5, 0], [2, 0, 12, 0], [7, 19, 41, 10]], [[7, 2, 5, 2], [3, 3, 9, 0], [8, 15, 43, 3]]], "n": [[28, 16, 46, 10], [29, 15, 45, 11], [27, 13, 47, 13], [25, 9, 56, 10], [34, 8, 49, 9], [44, 9, 36, 11], [33, 9, 48, 10], [32, 7, 52, 9], [23, 9, 56, 12], [27, 7, 47, 19], [34, 9, 44, 13], [30, 9, 47, 14], [40, 12, 42, 6], [28, 11, 48, 13], [32, 11, 46, 11], [34, 11, 52, 3], [25, 10, 56, 9], [24, 12, 58, 6], [30, 7, 60, 3], [22, 7, 68, 3], [21, 9, 66, 4], [22, 10, 62, 6], [25, 5, 65, 5], [29, 5, 62, 4], [20, 7, 70, 3], [32, 8, 57, 3], [23, 6, 68, 3], [22, 13, 64, 1], [23, 8, 63, 6], [23, 8, 64, 5], [26, 9, 59, 6], [24, 7, 65, 4], [23, 8, 64, 5], [22, 15, 54, 9], [20, 15, 55, 10], [20, 14, 57, 9], [13, 15, 67, 5], [23, 15, 53, 9], [19, 17, 59, 5], [12, 19, 66, 3], [10, 21, 61, 8], [25, 10, 59, 6], [23, 11, 57, 9], [21, 14, 54, 11], [15, 13, 64, 8], [18, 19, 53, 10], [14, 14, 58, 14], [18, 17, 61, 4], [12, 20, 58, 10], [18, 20, 57, 5]], "lambda_": 0.5, "b": [[66, 12, 22], [61, 17, 22], [62, 24, 14], [69, 17, 14], [62, 19, 19], [70, 18, 12], [69, 21, 10], [75, 11, 14], [73, 18, 9], [70, 11, 19], [73, 14, 13], [73, 8, 19], [64, 11, 25], [61, 20, 19], [70, 16, 14], [57, 24, 19], [44, 39, 17], [17, 63, 20], [13, 76, 11], [14, 74, 12], [16, 69, 15], [17, 67, 16], [19, 63, 18], [20, 64, 16], [11, 70, 19], [14, 77, 9], [19, 69, 12], [14, 69, 17], [11, 72, 17], [19, 64, 17], [34, 56, 10], [19, 70, 11], [17, 65, 18], [20, 30, 50], [19, 15, 66], [14, 18, 68], [16, 13, 71], [13, 14, 73], [15, 17, 68], [14, 19, 67], [18, 17, 65], [22, 21, 57], [17, 13, 70], [16, 19, 65], [17, 18, 65], [18, 11, 71], [16, 12, 72], [15, 13, 72], [9, 14, 77], [16, 15, 69]]}