{"M": 50, "G": 4, "I": 3, "J": 100, "p": [[0.43718503692497424, 0.10152387292062479, 0.461291090154401], [0.46562077068857344, 0.4440250450179633, 0.09035418429346312], [0.9262422786367088, 0.0015473037448547695, 0.07221041761843656], [0.24783908902531707, 0.6564873499690833, 0.09567356100559954]], "r": [[[28, 6, 31], [2, 3, 0], [9, 0, 1], [11, 7, 2]], [[25, 6, 26], [5, 5, 1], [17, 0, 0], [3, 11, 1]], [[23, 2, 33], [6, 6, 2], [17, 0, 1], [5, 4, 1]], [[23, 9, 35], [4, 7, 0], [11, 0, 1], [5, 5, 0]], [[23, 3, 32], [10, 2, 3], [18, 0, 0], [5, 3, 1]], [[36, 3, 27], [8, 6, 1], [12, 0, 0], [4, 2, 1]], [[25, 4, 32], [7, 6, 2], [17, 0, 1], [3, 3, 0]], [[30, 3, 32], [6, 8, 2], [8, 0, 0], [1, 8, 2]], [[19, 8, 37], [9, 9, 1], [12, 0, 1], [0, 3, 1]], [[25, 6, 35], [6, 5, 0], [7, 0, 1], [2, 13, 0]], [[32, 5, 31], [5, 6, 1], [10, 0, 0], [2, 7, 1]], [[31, 4, 32], [5, 6, 0], [9, 0, 0], [3, 9, 1]], [[19, 2, 13], [21, 13, 1], [12, 0, 1], [8, 9, 1]], [[5, 2, 8], [25, 24, 3], [17, 0, 1], [4, 8, 3]], [[8, 0, 9], [29, 29, 4], [10, 0, 1], [5, 5, 0]], [[9, 3, 2], [27, 22, 2], [22, 0, 1], [3, 9, 0]], [[2, 4, 2], [28, 31, 4], [16, 0, 1], [2, 8, 2]], [[4, 1, 8], [34, 26, 4], [7, 0, 0], [4, 12, 0]], [[6, 0, 3], [32, 33, 6], [11, 0, 0], [4, 4, 1]], [[6, 0, 7], [29, 28, 9], [10, 0, 0], [2, 8, 1]], [[4, 3, 4], [30, 29, 10], [6, 0, 1], [1, 12, 0]], [[5, 2, 5], [27, 24, 6], [15, 0, 3], [4, 8, 1]], [[10, 1, 4], [26, 23, 10], [8, 0, 0], [2, 14, 2]], [[6, 2, 6], [26, 34, 4], [9, 0, 0], [2, 9, 2]], [[4, 1, 3], [28, 29, 7], [14, 0, 5], [3, 6, 0]], [[4, 1, 4], [9, 4, 0], [67, 0, 5], [2, 4, 0]], [[4, 3, 7], [5, 8, 0], [59, 1, 5], [3, 4, 1]], [[7, 1, 3], [8, 6, 1], [58, 0, 5], [2, 9, 0]], [[1, 0, 5], [7, 6, 0], [63, 0, 3], [5, 7, 3]], [[10, 1, 5], [5, 4, 4], [51, 0, 4], [1, 13, 2]], [[11, 3, 12], [11, 7, 1], [45, 0, 4], [1, 4, 1]], [[4, 4, 4], [5, 7, 3], [58, 0, 5], [3, 6, 1]], [[5, 1, 6], [5, 9, 2], [54, 0, 4], [2, 12, 0]], [[4, 0, 9], [7, 8, 0], [53, 1, 7], [3, 7, 1]], [[6, 1, 5], [10, 5, 1], [52, 0, 4], [5, 8, 3]], [[6, 1, 4], [5, 4, 2], [59, 0, 5], [5, 6, 3]], [[5, 0, 4], [5, 5, 3], [61, 0, 4], [4, 8, 1]], [[3, 1, 3], [8, 4, 2], [36, 0, 4], [11, 24, 4]], [[4, 3, 5], [5, 4, 2], [11, 0, 1], [20, 41, 4]], [[7, 2, 1], [6, 9, 0], [10, 0, 2], [10, 51, 2]], [[3, 2, 8], [6, 7, 1], [9, 0, 1], [17, 41, 5]], [[7, 2, 5], [7, 4, 1], [17, 0, 4], [12, 37, 4]], [[7, 1, 7], [2, 6, 0], [10, 0, 0], [18, 40, 9]], [[7, 3, 4], [4, 5, 0], [12, 0, 3], [12, 41, 9]], [[5, 1, 7], [8, 6, 0], [9, 0, 1], [12, 45, 6]], [[5, 0, 8], [6, 3, 3], [11, 0, 1], [21, 35, 7]], [[4, 1, 9], [3, 6, 0], [10, 0, 0], [15, 36, 16]], [[4, 2, 5], [5, 2, 1], [14, 0, 0], [15, 49, 3]], [[2, 3, 1], [5, 5, 1], [8, 0, 1], [18, 45, 11]], [[9, 1, 4], [2, 5, 2], [13, 0, 1], [12, 47, 4]]], "n": [[50, 16, 34], [50, 22, 28], [51, 12, 37], [43, 21, 36], [56, 8, 36], [60, 11, 29], [52, 13, 35], [45, 19, 36], [40, 20, 40], [40, 24, 36], [49, 18, 33], [48, 19, 33], [60, 24, 16], [51, 34, 15], [52, 34, 14], [61, 34, 5], [48, 43, 9], [49, 39, 12], [53, 37, 10], [47, 36, 17], [41, 44, 15], [51, 34, 15], [46, 38, 16], [43, 45, 12], [49, 36, 15], [82, 9, 9], [71, 16, 13], [75, 16, 9], [76, 13, 11], [67, 18, 15], [68, 14, 18], [70, 17, 13], [66, 22, 12], [67, 16, 17], [73, 14, 13], [75, 11, 14], [75, 13, 12], [58, 29, 13], [40, 48, 12], [33, 62, 5], [35, 50, 15], [43, 43, 14], [37, 47, 16], [35, 49, 16], [34, 52, 14], [43, 38, 19], [32, 43, 25], [38, 53, 9], [33, 53, 14], [36, 53, 11]], "lambda_": 0.5, "b": [[65, 5, 10, 20], [57, 11, 17, 15], [58, 14, 18, 10], [67, 11, 12, 10], [58, 15, 18, 9], [66, 15, 12, 7], [61, 15, 18, 6], [65, 16, 8, 11], [64, 19, 13, 4], [66, 11, 8, 15], [68, 12, 10, 10], [67, 11, 9, 13], [34, 35, 13, 18], [15, 52, 18, 15], [17, 62, 11, 10], [14, 51, 23, 12], [8, 63, 17, 12], [13, 64, 7, 16], [9, 71, 11, 9], [13, 66, 10, 11], [11, 69, 7, 13], [12, 57, 18, 13], [15, 59, 8, 18], [14, 64, 9, 13], [8, 64, 19, 9], [9, 13, 72, 6], [14, 13, 65, 8], [11, 15, 63, 11], [6, 13, 66, 15], [16, 13, 55, 16], [26, 19, 49, 6], [12, 15, 63, 10], [12, 16, 58, 14], [13, 15, 61, 11], [12, 16, 56, 16], [11, 11, 64, 14], [9, 13, 65, 13], [7, 14, 40, 39], [12, 11, 12, 65], [10, 15, 12, 63], [13, 14, 10, 63], [14, 12, 21, 53], [15, 8, 10, 67], [14, 9, 15, 62], [13, 14, 10, 63], [13, 12, 12, 63], [14, 9, 10, 67], [11, 8, 14, 67], [6, 11, 9, 74], [14, 9, 14, 63]]}