{"M": 50, "G": 3, "I": 4, "J": 100, "p": [[0.24822494433396575, 0.5861123956889586, 5.261675175019628e-05, 0.16561004322532558], [0.17919426202962502, 0.10938868480049078, 0.2327178750757981, 0.478699178094086], [0.16969288050778514, 0.2598373788936986, 0.18241242309601466, 0.3880573175025016]], "r": [[[16, 30, 0, 13], [1, 2, 5, 15], [3, 6, 3, 6]], [[20, 41, 0, 10], [0, 2, 7, 5], [4, 4, 2, 5]], [[16, 40, 0, 11], [7, 0, 4, 7], [2, 2, 2, 9]], [[16, 42, 0, 10], [2, 2, 6, 9], [2, 3, 4, 4]], [[19, 37, 0, 14], [6, 4, 1, 8], [2, 2, 3, 4]], [[14, 44, 0, 8], [4, 2, 7, 8], [3, 4, 2, 4]], [[21, 39, 0, 5], [6, 3, 7, 7], [0, 6, 2, 4]], [[9, 54, 0, 12], [0, 2, 3, 5], [1, 3, 5, 6]], [[14, 34, 0, 18], [3, 3, 4, 13], [1, 4, 2, 4]], [[15, 41, 0, 15], [6, 2, 3, 4], [3, 4, 3, 4]], [[19, 38, 0, 12], [2, 3, 6, 2], [3, 3, 3, 9]], [[14, 40, 0, 9], [3, 1, 3, 7], [3, 7, 7, 6]], [[17, 36, 0, 14], [3, 1, 4, 6], [4, 7, 4, 4]], [[16, 44, 0, 13], [2, 2, 1, 5], [6, 2, 3, 6]], [[21, 37, 0, 11], [2, 1, 2, 8], [3, 7, 7, 1]], [[20, 27, 0, 18], [4, 1, 4, 9], [1, 4, 3, 9]], [[11, 29, 0, 13], [6, 3, 5, 16], [2, 7, 2, 6]], [[6, 7, 0, 3], [13, 6, 12, 36], [3, 6, 1, 7]], [[4, 5, 0, 1], [10, 13, 11, 32], [4, 8, 7, 5]], [[5, 7, 0, 5], [7, 13, 17, 31], [2, 4, 4, 5]], [[5, 9, 0, 2], [13, 11, 14, 26], [6, 5, 4, 5]], [[1, 12, 0, 3], [10, 12, 17, 31], [3, 4, 1, 6]], [[6, 11, 0, 2], [8, 3, 19, 32], [2, 6, 4, 7]], [[3, 5, 0, 1], [13, 10, 16, 34], [6, 2, 1, 9]], [[5, 11, 0, 1], [12, 7, 17, 32], [1, 5, 5, 4]], [[7, 6, 0, 2], [14, 12, 16, 30], [2, 2, 2, 7]], [[4, 6, 0, 2], [12, 4, 12, 37], [6, 7, 4, 6]], [[6, 5, 0, 5], [13, 11, 10, 32], [6, 3, 3, 6]], [[3, 8, 0, 2], [17, 6, 11, 35], [6, 6, 2, 4]], [[3, 13, 0, 2], [6, 11, 17, 38], [1, 0, 3, 6]], [[5, 9, 0, 4], [6, 10, 18, 33], [2, 4, 2, 7]], [[2, 10, 0, 6], [13, 3, 13, 37], [1, 4, 6, 5]], [[7, 10, 0, 3], [11, 10, 15, 27], [1, 7, 0, 9]], [[2, 4, 0, 4], [4, 2, 11, 21], [7, 8, 8, 29]], [[2, 15, 0, 3], [2, 2, 4, 7], [14, 20, 8, 23]], [[5, 10, 0, 3], [3, 2, 2, 6], [15, 16, 12, 26]], [[3, 8, 0, 5], [1, 2, 3, 6], [17, 15, 6, 34]], [[8, 9, 0, 3], [2, 0, 6, 9], [8, 15, 13, 27]], [[5, 10, 0, 1], [2, 1, 6, 5], [7, 12, 12, 39]], [[4, 11, 0, 4], [1, 2, 3, 7], [16, 20, 5, 27]], [[4, 10, 0, 5], [5, 5, 1, 6], [7, 17, 12, 28]], [[2, 4, 0, 2], [2, 1, 3, 10], [11, 21, 17, 27]], [[6, 9, 0, 1], [2, 3, 7, 4], [7, 17, 15, 29]], [[2, 14, 0, 1], [4, 4, 3, 6], [13, 20, 10, 23]], [[3, 8, 0, 1], [1, 2, 4, 8], [10, 29, 13, 21]], [[6, 16, 0, 3], [2, 3, 2, 6], [11, 16, 12, 23]], [[1, 10, 0, 1], [1, 5, 4, 7], [13, 22, 11, 25]], [[2, 6, 0, 3], [5, 1, 4, 18], [9, 16, 12, 24]], [[4, 12, 0, 5], [3, 3, 1, 6], [10, 19, 13, 24]], [[2, 16, 0, 3], [3, 0, 3, 12], [9, 17, 12, 23]]], "n": [[20, 38, 8, 34], [24, 47, 9, 20], [25, 42, 6, 27], [20, 47, 10, 23], [27, 43, 4, 26], [21, 50, 9, 20], [27, 48, 9, 16], [10, 59, 8, 23], [18, 41, 6, 35], [24, 47, 6, 23], [24, 44, 9, 23], [20, 48, 10, 22], [24, 44, 8, 24], [24, 48, 4, 24], [26, 45, 9, 20], [25, 32, 7, 36], [19, 39, 7, 35], [22, 19, 13, 46], [18, 26, 18, 38], [14, 24, 21, 41], [24, 25, 18, 33], [14, 28, 18, 40], [16, 20, 23, 41], [22, 17, 17, 44], [18, 23, 22, 37], [23, 20, 18, 39], [22, 17, 16, 45], [25, 19, 13, 43], [26, 20, 13, 41], [10, 24, 20, 46], [13, 23, 20, 44], [16, 17, 19, 48], [19, 27, 15, 39], [13, 14, 19, 54], [18, 37, 12, 33], [23, 28, 14, 35], [21, 25, 9, 45], [18, 24, 19, 39], [14, 23, 18, 45], [21, 33, 8, 38], [16, 32, 13, 39], [15, 26, 20, 39], [15, 29, 22, 34], [19, 38, 13, 30], [14, 39, 17, 30], [19, 35, 14, 32], [15, 37, 15, 33], [16, 23, 16, 45], [17, 34, 14, 35], [14, 33, 15, 38]], "lambda_": 0.5, "b": [[59, 23, 18], [71, 14, 15], [67, 18, 15], [68, 19, 13], [70, 19, 11], [66, 21, 13], [65, 23, 12], [75, 10, 15], [66, 23, 11], [71, 15, 14], [69, 13, 18], [63, 14, 23], [67, 14, 19], [73, 10, 17], [69, 13, 18], [65, 18, 17], [53, 30, 17], [16, 67, 17], [10, 66, 24], [17, 68, 15], [16, 64, 20], [16, 70, 14], [19, 62, 19], [9, 73, 18], [17, 68, 15], [15, 72, 13], [12, 65, 23], [16, 66, 18], [13, 69, 18], [18, 72, 10], [18, 67, 15], [18, 66, 16], [20, 63, 17], [10, 38, 52], [20, 15, 65], [18, 13, 69], [16, 12, 72], [20, 17, 63], [16, 14, 70], [19, 13, 68], [19, 17, 64], [8, 16, 76], [16, 16, 68], [17, 17, 66], [12, 15, 73], [25, 13, 62], [12, 17, 71], [11, 28, 61], [21, 13, 66], [21, 18, 61]]}