{"M": 50, "G": 3, "I": 3, "J": 100, "p": [[0.23647057945119962, 0.02339651959646144, 0.7401329009523389], [0.516247965232227, 0.218010359126032, 0.26574167564174095], [0.0036490791266723327, 0.1895586707975162, 0.8067922500758115]], "r": [[[11, 1, 53], [8, 6, 4], [0, 5, 12]], [[14, 3, 50], [6, 3, 3], [1, 8, 12]], [[19, 2, 44], [11, 0, 2], [0, 4, 18]], [[12, 0, 61], [5, 2, 3], [0, 5, 12]], [[17, 3, 50], [10, 4, 0], [0, 2, 14]], [[14, 0, 50], [8, 2, 6], [0, 3, 17]], [[17, 0, 46], [6, 2, 1], [0, 6, 22]], [[13, 0, 52], [6, 4, 9], [0, 1, 15]], [[11, 0, 51], [9, 8, 4], [0, 2, 15]], [[15, 3, 55], [6, 5, 2], [0, 3, 11]], [[10, 2, 55], [11, 4, 10], [0, 0, 8]], [[16, 1, 55], [6, 4, 5], [0, 3, 10]], [[15, 1, 55], [7, 4, 4], [0, 3, 11]], [[15, 1, 54], [5, 5, 7], [0, 2, 11]], [[17, 2, 45], [7, 6, 4], [0, 2, 17]], [[11, 1, 51], [8, 2, 9], [0, 2, 16]], [[15, 0, 32], [21, 11, 10], [0, 0, 11]], [[6, 0, 13], [37, 20, 14], [0, 3, 7]], [[5, 0, 14], [28, 17, 19], [1, 6, 10]], [[4, 0, 8], [34, 19, 21], [0, 0, 14]], [[5, 0, 15], [36, 9, 15], [1, 2, 17]], [[3, 0, 8], [34, 21, 16], [0, 4, 14]], [[5, 0, 19], [31, 17, 10], [0, 4, 14]], [[3, 1, 9], [32, 18, 21], [0, 6, 10]], [[6, 0, 10], [33, 12, 20], [0, 1, 18]], [[3, 1, 14], [36, 19, 13], [0, 2, 12]], [[5, 0, 11], [29, 14, 19], [0, 4, 18]], [[4, 1, 16], [33, 9, 25], [0, 1, 11]], [[3, 0, 6], [35, 15, 23], [0, 3, 15]], [[3, 1, 7], [41, 20, 14], [0, 4, 10]], [[2, 0, 9], [32, 20, 15], [1, 7, 14]], [[2, 0, 13], [44, 15, 16], [0, 3, 7]], [[4, 0, 12], [38, 11, 15], [0, 5, 15]], [[6, 1, 8], [18, 5, 9], [0, 10, 43]], [[2, 0, 13], [6, 3, 1], [0, 16, 59]], [[2, 1, 17], [6, 3, 2], [0, 16, 53]], [[9, 0, 10], [5, 4, 4], [1, 14, 53]], [[2, 2, 15], [8, 2, 4], [0, 18, 49]], [[2, 1, 11], [8, 5, 4], [1, 16, 52]], [[7, 0, 14], [6, 3, 3], [0, 9, 58]], [[5, 0, 16], [6, 7, 7], [0, 9, 50]], [[4, 0, 12], [5, 6, 4], [0, 12, 57]], [[3, 0, 12], [13, 3, 1], [0, 13, 55]], [[7, 0, 12], [8, 4, 5], [0, 12, 52]], [[3, 0, 14], [10, 2, 9], [0, 7, 55]], [[5, 0, 9], [8, 7, 5], [0, 12, 54]], [[4, 2, 13], [9, 2, 9], [0, 13, 48]], [[3, 1, 9], [7, 5, 2], [0, 9, 64]], [[5, 0, 13], [7, 5, 2], [0, 16, 52]], [[5, 0, 16], [13, 4, 3], [1, 7, 51]]], "n": [[19, 12, 69], [21, 14, 65], [30, 6, 64], [17, 7, 76], [27, 9, 64], [22, 5, 73], [23, 8, 69], [19, 5, 76], [20, 10, 70], [21, 11, 68], [21, 6, 73], [22, 8, 70], [22, 8, 70], [20, 8, 72], [24, 10, 66], [19, 5, 76], [36, 11, 53], [43, 23, 34], [34, 23, 43], [38, 19, 43], [42, 11, 47], [37, 25, 38], [36, 21, 43], [35, 25, 40], [39, 13, 48], [39, 22, 39], [34, 18, 48], [37, 11, 52], [38, 18, 44], [44, 25, 31], [35, 27, 38], [46, 18, 36], [42, 16, 42], [24, 16, 60], [8, 19, 73], [8, 20, 72], [15, 18, 67], [10, 22, 68], [11, 22, 67], [13, 12, 75], [11, 16, 73], [9, 18, 73], [16, 16, 68], [15, 16, 69], [13, 9, 78], [13, 19, 68], [13, 17, 70], [10, 15, 75], [12, 21, 67], [19, 11, 70]], "lambda_": 0.5, "b": [[65, 18, 17], [67, 12, 21], [65, 13, 22], [73, 10, 17], [70, 14, 16], [64, 16, 20], [63, 9, 28], [65, 19, 16], [62, 21, 17], [73, 13, 14], [67, 25, 8], [72, 15, 13], [71, 15, 14], [70, 17, 13], [64, 17, 19], [63, 19, 18], [47, 42, 11], [19, 71, 10], [19, 64, 17], [12, 74, 14], [20, 60, 20], [11, 71, 18], [24, 58, 18], [13, 71, 16], [16, 65, 19], [18, 68, 14], [16, 62, 22], [21, 67, 12], [9, 73, 18], [11, 75, 14], [11, 67, 22], [15, 75, 10], [16, 64, 20], [15, 32, 53], [15, 10, 75], [20, 11, 69], [19, 13, 68], [19, 14, 67], [14, 17, 69], [21, 12, 67], [21, 20, 59], [16, 15, 69], [15, 17, 68], [19, 17, 64], [17, 21, 62], [14, 20, 66], [19, 20, 61], [13, 14, 73], [18, 14, 68], [21, 20, 59]]}