{"M": 50, "G": 2, "I": 4, "J": 100, "p": [[0.380062145693794, 0.005401809709133833, 0.2586653033624717, 0.35587074123460055], [0.26597509126643765, 0.09812891748744909, 0.08506271992831022, 0.550833271317803]], "r": [[[27, 1, 22, 27], [4, 3, 2, 14]], [[39, 0, 18, 18], [7, 1, 3, 14]], [[31, 0, 15, 28], [5, 5, 1, 15]], [[38, 0, 20, 23], [5, 3, 0, 11]], [[30, 0, 18, 24], [8, 2, 6, 12]], [[34, 0, 18, 17], [5, 3, 3, 20]], [[26, 0, 13, 36], [7, 2, 2, 14]], [[28, 0, 20, 29], [8, 2, 2, 11]], [[29, 0, 18, 26], [6, 3, 2, 16]], [[35, 0, 18, 20], [12, 2, 0, 13]], [[30, 0, 17, 29], [9, 2, 1, 12]], [[29, 1, 18, 29], [9, 2, 1, 11]], [[26, 0, 16, 29], [9, 2, 3, 15]], [[27, 1, 25, 20], [8, 1, 0, 18]], [[30, 0, 18, 26], [9, 2, 2, 13]], [[25, 1, 21, 21], [12, 2, 0, 18]], [[36, 2, 19, 22], [1, 4, 5, 11]], [[26, 1, 19, 31], [8, 3, 2, 10]], [[26, 0, 17, 35], [8, 0, 3, 11]], [[31, 0, 19, 30], [7, 1, 3, 9]], [[32, 0, 13, 26], [7, 3, 1, 18]], [[27, 0, 23, 22], [6, 2, 2, 18]], [[28, 0, 20, 24], [5, 3, 3, 17]], [[26, 0, 16, 24], [10, 4, 3, 17]], [[24, 0, 21, 30], [9, 1, 7, 8]], [[7, 0, 8, 7], [22, 6, 9, 41]], [[12, 0, 6, 5], [23, 8, 5, 41]], [[11, 0, 5, 4], [26, 13, 8, 33]], [[7, 0, 8, 7], [17, 10, 6, 45]], [[12, 0, 7, 9], [33, 7, 1, 31]], [[8, 0, 4, 9], [21, 9, 9, 40]], [[11, 0, 1, 14], [15, 5, 3, 51]], [[12, 1, 3, 12], [20, 5, 6, 41]], [[12, 0, 5, 17], [14, 8, 6, 38]], [[9, 0, 4, 10], [20, 7, 6, 44]], [[8, 0, 6, 14], [26, 6, 7, 33]], [[9, 0, 5, 11], [19, 4, 3, 49]], [[15, 0, 8, 10], [18, 8, 7, 34]], [[8, 0, 6, 9], [18, 8, 9, 42]], [[11, 0, 6, 6], [16, 13, 9, 39]], [[9, 0, 6, 6], [24, 8, 6, 41]], [[7, 0, 9, 9], [19, 10, 5, 41]], [[14, 0, 8, 9], [17, 9, 4, 39]], [[9, 0, 13, 7], [17, 8, 7, 39]], [[15, 1, 7, 8], [15, 7, 6, 41]], [[15, 1, 5, 10], [21, 9, 5, 34]], [[5, 0, 7, 11], [26, 4, 5, 42]], [[13, 0, 6, 7], [22, 10, 6, 36]], [[8, 1, 10, 8], [24, 8, 7, 34]], [[9, 0, 5, 10], [18, 9, 8, 41]]], "n": [[31, 4, 24, 41], [46, 1, 21, 32], [36, 5, 16, 43], [43, 3, 20, 34], [38, 2, 24, 36], [39, 3, 21, 37], [33, 2, 15, 50], [36, 2, 22, 40], [35, 3, 20, 42], [47, 2, 18, 33], [39, 2, 18, 41], [38, 3, 19, 40], [35, 2, 19, 44], [35, 2, 25, 38], [39, 2, 20, 39], [37, 3, 21, 39], [37, 6, 24, 33], [34, 4, 21, 41], [34, 0, 20, 46], [38, 1, 22, 39], [39, 3, 14, 44], [33, 2, 25, 40], [33, 3, 23, 41], [36, 4, 19, 41], [33, 1, 28, 38], [29, 6, 17, 48], [35, 8, 11, 46], [37, 13, 13, 37], [24, 10, 14, 52], [45, 7, 8, 40], [29, 9, 13, 49], [26, 5, 4, 65], [32, 6, 9, 53], [26, 8, 11, 55], [29, 7, 10, 54], [34, 6, 13, 47], [28, 4, 8, 60], [33, 8, 15, 44], [26, 8, 15, 51], [27, 13, 15, 45], [33, 8, 12, 47], [26, 10, 14, 50], [31, 9, 12, 48], [26, 8, 20, 46], [30, 8, 13, 49], [36, 10, 10, 44], [31, 4, 12, 53], [35, 10, 12, 43], [32, 9, 17, 42], [27, 9, 13, 51]], "lambda_": 0.5, "b": [[77, 23], [75, 25], [74, 26], [81, 19], [72, 28], [69, 31], [75, 25], [77, 23], [73, 27], [73, 27], [76, 24], [77, 23], [71, 29], [73, 27], [74, 26], [68, 32], [79, 21], [77, 23], [78, 22], [80, 20], [71, 29], [72, 28], [72, 28], [66, 34], [75, 25], [22, 78], [23, 77], [20, 80], [22, 78], [28, 72], [21, 79], [26, 74], [28, 72], [34, 66], [23, 77], [28, 72], [25, 75], [33, 67], [23, 77], [23, 77], [21, 79], [25, 75], [31, 69], [29, 71], [31, 69], [31, 69], [23, 77], [26, 74], [27, 73], [24, 76]]}