{"M": 50, "G": 4, "I": 5, "J": 100, "p": [[0.15590939304920856, 0.3206085749183125, 0.4416274950756573, 0.0017460734744377071, 0.08010846348238376], [0.5976621300781604, 0.13609533714227331, 0.07244922585505434, 0.1465067787437117, 0.04728652818080026], [0.41478598240157316, 0.10580328928860022, 0.19550423839535092, 0.001487807490349069, 0.28241868242412665], [0.03779711411070818, 0.43231344101648556, 0.07515972602232458, 0.22381649355526642, 0.23091322529521516]], "r": [[[5, 23, 27, 0, 8], [7, 2, 1, 3, 1], [2, 2, 1, 0, 4], [0, 4, 3, 4, 3]], [[11, 29, 23, 1, 4], [3, 1, 1, 1, 1], [6, 1, 3, 0, 0], [2, 3, 2, 4, 4]], [[9, 26, 22, 0, 6], [9, 4, 0, 1, 1], [2, 2, 3, 0, 4], [0, 3, 1, 4, 3]], [[6, 21, 27, 0, 7], [4, 2, 2, 2, 0], [4, 0, 5, 0, 4], [1, 8, 1, 3, 3]], [[9, 22, 27, 1, 2], [5, 2, 0, 1, 2], [4, 2, 6, 0, 3], [0, 6, 1, 4, 3]], [[10, 29, 22, 0, 8], [8, 2, 1, 2, 0], [3, 2, 1, 0, 1], [1, 3, 0, 3, 4]], [[9, 22, 24, 0, 5], [8, 3, 1, 2, 1], [5, 1, 3, 0, 2], [0, 9, 2, 1, 2]], [[11, 18, 27, 0, 5], [7, 1, 1, 2, 0], [8, 2, 2, 0, 4], [1, 6, 1, 3, 1]], [[9, 27, 24, 0, 7], [3, 5, 0, 0, 1], [4, 0, 2, 0, 4], [1, 6, 1, 2, 4]], [[10, 22, 20, 0, 2], [8, 2, 2, 1, 1], [4, 5, 4, 0, 5], [0, 8, 0, 4, 2]], [[8, 20, 31, 0, 6], [3, 4, 0, 5, 0], [7, 0, 3, 0, 2], [0, 9, 1, 1, 0]], [[12, 17, 30, 1, 4], [2, 1, 0, 3, 0], [8, 0, 4, 0, 2], [0, 9, 0, 5, 2]], [[4, 13, 11, 0, 3], [19, 5, 4, 8, 2], [6, 1, 2, 0, 4], [0, 10, 1, 5, 2]], [[2, 1, 4, 0, 1], [37, 5, 5, 15, 4], [8, 4, 1, 0, 2], [1, 5, 0, 2, 3]], [[3, 5, 11, 0, 0], [30, 10, 3, 8, 5], [6, 0, 2, 0, 3], [0, 5, 2, 5, 2]], [[2, 4, 3, 0, 1], [39, 12, 2, 3, 2], [6, 3, 8, 0, 3], [1, 4, 2, 3, 2]], [[1, 3, 8, 0, 1], [35, 12, 4, 7, 4], [9, 2, 1, 0, 3], [2, 4, 0, 2, 2]], [[2, 3, 6, 0, 1], [38, 6, 2, 12, 5], [7, 2, 2, 0, 3], [0, 3, 0, 2, 6]], [[1, 4, 3, 0, 0], [35, 12, 1, 11, 2], [8, 0, 3, 0, 5], [1, 6, 0, 5, 3]], [[2, 2, 5, 0, 2], [36, 13, 6, 9, 1], [3, 0, 4, 0, 4], [1, 6, 0, 4, 2]], [[2, 2, 7, 0, 1], [43, 14, 1, 10, 2], [6, 3, 0, 0, 2], [1, 3, 0, 2, 1]], [[3, 6, 6, 0, 1], [43, 9, 4, 7, 0], [6, 0, 2, 0, 5], [1, 5, 0, 0, 2]], [[1, 6, 5, 0, 0], [37, 9, 6, 9, 4], [0, 2, 1, 0, 6], [3, 6, 1, 3, 1]], [[2, 4, 7, 0, 1], [39, 5, 7, 13, 3], [5, 2, 1, 0, 1], [1, 5, 1, 0, 3]], [[6, 2, 5, 0, 1], [42, 11, 1, 9, 4], [3, 0, 1, 0, 4], [0, 5, 1, 1, 4]], [[0, 2, 4, 0, 1], [12, 1, 0, 1, 1], [27, 8, 11, 0, 22], [0, 5, 0, 2, 3]], [[2, 4, 5, 0, 1], [8, 1, 1, 0, 1], [26, 5, 11, 1, 20], [1, 6, 3, 3, 1]], [[2, 5, 7, 0, 1], [3, 3, 0, 4, 0], [22, 4, 11, 0, 21], [1, 7, 1, 4, 4]], [[0, 6, 1, 0, 2], [11, 3, 1, 3, 0], [26, 4, 8, 0, 19], [1, 3, 1, 7, 4]], [[1, 3, 5, 0, 0], [4, 2, 1, 1, 0], [31, 7, 14, 0, 16], [1, 4, 1, 2, 7]], [[2, 5, 7, 0, 4], [4, 4, 2, 5, 0], [23, 6, 12, 0, 12], [2, 7, 0, 2, 3]], [[0, 6, 5, 0, 0], [7, 2, 3, 3, 0], [24, 6, 17, 0, 14], [0, 6, 0, 2, 5]], [[2, 6, 6, 0, 2], [7, 2, 3, 1, 0], [14, 7, 10, 0, 24], [2, 7, 0, 1, 6]], [[1, 5, 5, 0, 0], [6, 0, 2, 0, 0], [26, 5, 19, 0, 17], [0, 8, 0, 2, 4]], [[1, 4, 3, 0, 0], [7, 0, 1, 2, 0], [25, 3, 12, 1, 26], [1, 5, 1, 5, 3]], [[5, 3, 8, 0, 1], [3, 1, 1, 1, 1], [23, 6, 14, 0, 18], [0, 10, 3, 0, 2]], [[3, 1, 8, 0, 0], [10, 0, 0, 3, 0], [19, 11, 10, 0, 21], [1, 5, 0, 5, 3]], [[0, 6, 2, 0, 1], [13, 0, 0, 0, 1], [15, 4, 7, 0, 15], [4, 12, 5, 9, 6]], [[2, 1, 6, 0, 0], [7, 2, 1, 4, 0], [2, 3, 4, 0, 1], [4, 24, 3, 10, 26]], [[0, 6, 6, 0, 1], [4, 1, 1, 1, 0], [9, 2, 5, 0, 4], [2, 19, 10, 15, 14]], [[0, 5, 3, 0, 1], [11, 1, 2, 2, 1], [6, 2, 5, 0, 4], [1, 27, 1, 15, 13]], [[3, 2, 9, 0, 0], [7, 2, 0, 1, 1], [4, 1, 8, 0, 4], [2, 29, 8, 7, 12]], [[4, 3, 7, 0, 2], [5, 1, 0, 2, 0], [8, 0, 1, 0, 7], [1, 26, 6, 13, 14]], [[0, 5, 4, 0, 0], [9, 2, 0, 2, 0], [6, 1, 1, 0, 9], [4, 19, 7, 15, 16]], [[5, 3, 5, 0, 1], [14, 2, 0, 0, 0], [4, 2, 3, 0, 3], [2, 20, 4, 16, 16]], [[2, 10, 8, 0, 1], [5, 0, 1, 5, 1], [7, 1, 1, 0, 5], [3, 27, 1, 8, 14]], [[2, 7, 4, 0, 1], [5, 0, 2, 3, 0], [8, 3, 1, 0, 0], [3, 28, 6, 13, 14]], [[3, 2, 7, 0, 2], [8, 4, 1, 6, 1], [4, 3, 2, 0, 2], [1, 28, 2, 15, 9]], [[2, 4, 5, 0, 4], [10, 3, 0, 4, 0], [1, 0, 1, 0, 4], [3, 33, 5, 9, 12]], [[2, 5, 5, 0, 2], [9, 1, 0, 1, 0], [4, 0, 2, 0, 1], [4, 23, 10, 14, 17]]], "n": [[14, 31, 32, 7, 16], [22, 34, 29, 6, 9], [20, 35, 26, 5, 14], [15, 31, 35, 5, 14], [18, 32, 34, 6, 10], [22, 36, 24, 5, 13], [22, 35, 30, 3, 10], [27, 27, 31, 5, 10], [17, 38, 27, 2, 16], [22, 37, 26, 5, 10], [18, 33, 35, 6, 8], [22, 27, 34, 9, 8], [29, 29, 18, 13, 11], [48, 15, 10, 17, 10], [39, 20, 18, 13, 10], [48, 23, 15, 6, 8], [47, 21, 13, 9, 10], [47, 14, 10, 14, 15], [45, 22, 7, 16, 10], [42, 21, 15, 13, 9], [52, 22, 8, 12, 6], [53, 20, 12, 7, 8], [41, 23, 13, 12, 11], [47, 16, 16, 13, 8], [51, 18, 8, 10, 13], [39, 16, 15, 3, 27], [37, 16, 20, 4, 23], [28, 19, 19, 8, 26], [38, 16, 11, 10, 25], [37, 16, 21, 3, 23], [31, 22, 21, 7, 19], [31, 20, 25, 5, 19], [25, 22, 19, 2, 32], [33, 18, 26, 2, 21], [34, 12, 17, 8, 29], [31, 20, 26, 1, 22], [33, 17, 18, 8, 24], [32, 22, 14, 9, 23], [15, 30, 14, 14, 27], [15, 28, 22, 16, 19], [18, 35, 11, 17, 19], [16, 34, 25, 8, 17], [18, 30, 14, 15, 23], [19, 27, 12, 17, 25], [25, 27, 12, 16, 20], [17, 38, 11, 13, 21], [18, 38, 13, 16, 15], [16, 37, 12, 21, 14], [16, 40, 11, 13, 20], [19, 29, 17, 15, 20]], "lambda_": 0.5, "b": [[63, 14, 9, 14], [68, 7, 10, 15], [63, 15, 11, 11], [61, 10, 13, 16], [61, 10, 15, 14], [69, 13, 7, 11], [60, 15, 11, 14], [61, 11, 16, 12], [67, 9, 10, 14], [54, 14, 18, 14], [65, 12, 12, 11], [64, 6, 14, 16], [31, 38, 13, 18], [8, 66, 15, 11], [19, 56, 11, 14], [10, 58, 20, 12], [13, 62, 15, 10], [12, 63, 14, 11], [8, 61, 16, 15], [11, 65, 11, 13], [12, 70, 11, 7], [16, 63, 13, 8], [12, 65, 9, 14], [14, 67, 9, 10], [14, 67, 8, 11], [7, 15, 68, 10], [12, 11, 63, 14], [15, 10, 58, 17], [9, 18, 57, 16], [9, 8, 68, 15], [18, 15, 53, 14], [11, 15, 61, 13], [16, 13, 55, 16], [11, 8, 67, 14], [8, 10, 67, 15], [17, 7, 61, 15], [12, 13, 61, 14], [9, 14, 41, 36], [9, 14, 10, 67], [13, 7, 20, 60], [9, 17, 17, 57], [14, 11, 17, 58], [16, 8, 16, 60], [9, 13, 17, 61], [14, 16, 12, 58], [21, 12, 14, 53], [14, 10, 12, 64], [14, 20, 11, 55], [15, 17, 6, 62], [14, 11, 7, 68]]}