{"M": 50, "G": 2, "I": 10, "J": 100, "p": [[0.1868624543952815, 0.31271523785328015, 0.1838871500988386, 0.06842233417845325, 0.023949501846988717, 0.0010364237832000416, 0.050892580529086434, 0.04653602419379681, 0.06685942907796333, 0.058838864043111186], [0.07769395135258456, 0.0751473499456211, 0.13716371065268357, 0.11945249334395132, 0.09267376704294485, 0.053230454927533574, 0.03270678538961603, 0.3493290441282592, 0.03893183251276018, 0.02367061070404559]], "r": [[[13, 21, 13, 7, 5, 0, 6, 3, 3, 2], [1, 1, 4, 3, 5, 2, 1, 9, 0, 1]], [[12, 17, 17, 3, 2, 0, 5, 4, 6, 4], [1, 3, 5, 4, 1, 2, 1, 11, 1, 1]], [[10, 29, 17, 7, 1, 1, 3, 3, 4, 6], [1, 1, 3, 3, 3, 1, 1, 6, 0, 0]], [[8, 30, 12, 7, 3, 0, 1, 5, 4, 7], [2, 4, 1, 4, 1, 0, 1, 10, 0, 0]], [[14, 28, 16, 6, 2, 0, 5, 0, 4, 5], [1, 2, 3, 3, 1, 1, 0, 9, 0, 0]], [[15, 20, 14, 8, 1, 0, 4, 2, 5, 3], [3, 2, 4, 1, 4, 0, 1, 11, 0, 2]], [[14, 26, 15, 6, 0, 0, 9, 1, 7, 2], [4, 2, 2, 2, 0, 1, 1, 8, 0, 0]], [[18, 14, 20, 8, 1, 0, 3, 1, 2, 5], [3, 1, 2, 7, 4, 0, 0, 11, 0, 0]], [[10, 26, 16, 6, 1, 0, 0, 4, 7, 6], [0, 3, 3, 4, 4, 0, 0, 9, 1, 0]], [[24, 15, 16, 5, 0, 0, 6, 3, 5, 1], [0, 2, 2, 5, 5, 2, 1, 7, 1, 0]], [[16, 16, 21, 4, 0, 0, 4, 2, 4, 3], [2, 2, 6, 4, 2, 3, 0, 10, 0, 1]], [[9, 28, 14, 5, 1, 0, 7, 4, 4, 6], [1, 4, 4, 4, 4, 0, 1, 4, 0, 0]], [[19, 21, 15, 5, 1, 0, 5, 3, 5, 7], [4, 2, 2, 1, 2, 0, 2, 6, 0, 0]], [[17, 26, 14, 6, 0, 0, 3, 3, 8, 6], [3, 0, 5, 2, 0, 1, 0, 5, 0, 1]], [[15, 18, 14, 4, 6, 0, 6, 5, 5, 3], [2, 2, 1, 4, 2, 1, 1, 10, 1, 0]], [[12, 27, 13, 3, 3, 0, 4, 1, 7, 5], [2, 4, 3, 4, 1, 1, 0, 9, 0, 1]], [[17, 23, 16, 5, 2, 0, 2, 3, 5, 7], [2, 0, 2, 1, 3, 2, 1, 7, 2, 0]], [[16, 21, 16, 5, 2, 0, 2, 1, 7, 4], [1, 4, 4, 1, 1, 4, 0, 10, 1, 0]], [[17, 23, 11, 6, 1, 0, 1, 4, 5, 4], [2, 1, 6, 4, 5, 1, 0, 7, 2, 0]], [[9, 23, 18, 5, 3, 0, 7, 3, 5, 1], [2, 3, 1, 5, 4, 1, 0, 8, 2, 0]], [[15, 19, 21, 5, 1, 0, 1, 1, 3, 4], [3, 1, 7, 8, 2, 1, 0, 8, 0, 0]], [[13, 25, 19, 3, 1, 0, 2, 3, 4, 6], [1, 2, 4, 4, 1, 0, 1, 8, 2, 1]], [[16, 19, 10, 5, 1, 0, 3, 1, 7, 5], [3, 2, 3, 4, 0, 2, 1, 17, 1, 0]], [[13, 28, 14, 4, 2, 0, 5, 3, 3, 2], [1, 2, 9, 3, 2, 0, 2, 6, 1, 0]], [[14, 27, 10, 6, 3, 0, 4, 1, 7, 5], [2, 1, 5, 2, 3, 1, 0, 8, 1, 0]], [[7, 10, 7, 2, 0, 0, 3, 1, 1, 0], [8, 2, 8, 12, 6, 4, 2, 24, 2, 1]], [[8, 5, 5, 2, 0, 0, 1, 2, 0, 2], [8, 9, 6, 13, 8, 2, 3, 21, 1, 4]], [[3, 14, 10, 1, 0, 0, 1, 1, 2, 1], [1, 7, 6, 10, 6, 2, 3, 26, 4, 2]], [[4, 7, 2, 3, 1, 0, 0, 1, 1, 0], [3, 6, 8, 8, 9, 7, 1, 36, 0, 3]], [[4, 9, 5, 1, 1, 0, 0, 1, 3, 0], [3, 4, 7, 9, 8, 3, 1, 35, 4, 2]], [[7, 6, 8, 2, 1, 0, 1, 2, 2, 1], [6, 3, 8, 10, 6, 4, 4, 20, 3, 6]], [[5, 9, 3, 1, 0, 0, 2, 2, 1, 2], [7, 6, 7, 7, 5, 1, 3, 33, 4, 2]], [[5, 6, 3, 0, 3, 0, 1, 1, 1, 0], [5, 6, 11, 10, 5, 4, 2, 30, 6, 1]], [[5, 11, 7, 5, 1, 0, 0, 1, 0, 0], [1, 6, 8, 11, 5, 1, 3, 27, 7, 1]], [[5, 10, 3, 4, 1, 0, 1, 0, 1, 1], [4, 8, 8, 10, 4, 4, 0, 29, 4, 3]], [[2, 7, 8, 2, 0, 0, 0, 3, 1, 2], [11, 8, 7, 10, 6, 6, 2, 20, 2, 3]], [[2, 13, 6, 3, 1, 0, 1, 0, 1, 1], [8, 10, 10, 4, 7, 4, 2, 22, 4, 1]], [[5, 7, 6, 2, 1, 0, 2, 3, 3, 1], [11, 7, 13, 5, 11, 5, 1, 15, 2, 0]], [[6, 5, 5, 2, 1, 0, 1, 2, 4, 0], [7, 3, 9, 16, 8, 5, 1, 23, 1, 1]], [[1, 7, 2, 0, 0, 0, 0, 1, 1, 2], [8, 5, 19, 11, 2, 2, 4, 30, 4, 1]], [[4, 4, 5, 3, 1, 0, 0, 0, 3, 2], [5, 3, 9, 6, 7, 8, 4, 33, 2, 1]], [[5, 7, 6, 3, 0, 0, 0, 1, 3, 0], [9, 6, 12, 9, 11, 2, 3, 19, 1, 3]], [[6, 5, 5, 1, 0, 0, 1, 0, 0, 3], [5, 2, 17, 7, 9, 2, 3, 30, 3, 1]], [[3, 8, 8, 2, 0, 0, 1, 3, 0, 2], [6, 7, 7, 10, 7, 3, 2, 26, 1, 4]], [[5, 8, 3, 0, 0, 0, 1, 0, 2, 3], [7, 6, 11, 12, 7, 3, 4, 22, 2, 4]], [[4, 9, 6, 2, 0, 0, 1, 3, 1, 0], [3, 5, 12, 9, 6, 4, 1, 32, 2, 0]], [[5, 8, 7, 0, 3, 0, 1, 0, 1, 0], [6, 5, 15, 13, 5, 4, 2, 21, 2, 2]], [[2, 7, 2, 1, 2, 0, 1, 1, 1, 1], [8, 9, 8, 14, 8, 1, 3, 28, 2, 1]], [[8, 5, 3, 2, 0, 0, 2, 1, 1, 1], [5, 4, 12, 7, 8, 4, 3, 31, 3, 0]], [[2, 8, 7, 0, 0, 0, 0, 2, 2, 3], [8, 4, 15, 16, 8, 5, 0, 18, 2, 0]]], "n": [[14, 22, 17, 10, 10, 2, 7, 12, 3, 3], [13, 20, 22, 7, 3, 2, 6, 15, 7, 5], [11, 30, 20, 10, 4, 2, 4, 9, 4, 6], [10, 34, 13, 11, 4, 0, 2, 15, 4, 7], [15, 30, 19, 9, 3, 1, 5, 9, 4, 5], [18, 22, 18, 9, 5, 0, 5, 13, 5, 5], [18, 28, 17, 8, 0, 1, 10, 9, 7, 2], [21, 15, 22, 15, 5, 0, 3, 12, 2, 5], [10, 29, 19, 10, 5, 0, 0, 13, 8, 6], [24, 17, 18, 10, 5, 2, 7, 10, 6, 1], [18, 18, 27, 8, 2, 3, 4, 12, 4, 4], [10, 32, 18, 9, 5, 0, 8, 8, 4, 6], [23, 23, 17, 6, 3, 0, 7, 9, 5, 7], [20, 26, 19, 8, 0, 1, 3, 8, 8, 7], [17, 20, 15, 8, 8, 1, 7, 15, 6, 3], [14, 31, 16, 7, 4, 1, 4, 10, 7, 6], [19, 23, 18, 6, 5, 2, 3, 10, 7, 7], [17, 25, 20, 6, 3, 4, 2, 11, 8, 4], [19, 24, 17, 10, 6, 1, 1, 11, 7, 4], [11, 26, 19, 10, 7, 1, 7, 11, 7, 1], [18, 20, 28, 13, 3, 1, 1, 9, 3, 4], [14, 27, 23, 7, 2, 0, 3, 11, 6, 7], [19, 21, 13, 9, 1, 2, 4, 18, 8, 5], [14, 30, 23, 7, 4, 0, 7, 9, 4, 2], [16, 28, 15, 8, 6, 1, 4, 9, 8, 5], [15, 12, 15, 14, 6, 4, 5, 25, 3, 1], [16, 14, 11, 15, 8, 2, 4, 23, 1, 6], [4, 21, 16, 11, 6, 2, 4, 27, 6, 3], [7, 13, 10, 11, 10, 7, 1, 37, 1, 3], [7, 13, 12, 10, 9, 3, 1, 36, 7, 2], [13, 9, 16, 12, 7, 4, 5, 22, 5, 7], [12, 15, 10, 8, 5, 1, 5, 35, 5, 4], [10, 12, 14, 10, 8, 4, 3, 31, 7, 1], [6, 17, 15, 16, 6, 1, 3, 28, 7, 1], [9, 18, 11, 14, 5, 4, 1, 29, 5, 4], [13, 15, 15, 12, 6, 6, 2, 23, 3, 5], [10, 23, 16, 7, 8, 4, 3, 22, 5, 2], [16, 14, 19, 7, 12, 5, 3, 18, 5, 1], [13, 8, 14, 18, 9, 5, 2, 25, 5, 1], [9, 12, 21, 11, 2, 2, 4, 31, 5, 3], [9, 7, 14, 9, 8, 8, 4, 33, 5, 3], [14, 13, 18, 12, 11, 2, 3, 20, 4, 3], [11, 7, 22, 8, 9, 2, 4, 30, 3, 4], [9, 15, 15, 12, 7, 3, 3, 29, 1, 6], [12, 14, 14, 12, 7, 3, 5, 22, 4, 7], [7, 14, 18, 11, 6, 4, 2, 35, 3, 0], [11, 13, 22, 13, 8, 4, 3, 21, 3, 2], [10, 16, 10, 15, 10, 1, 4, 29, 3, 2], [13, 9, 15, 9, 8, 4, 5, 32, 4, 1], [10, 12, 22, 16, 8, 5, 0, 20, 4, 3]], "lambda_": 0.5, "b": [[73, 27], [70, 30], [81, 19], [77, 23], [80, 20], [72, 28], [80, 20], [72, 28], [76, 24], [75, 25], [70, 30], [78, 22], [81, 19], [83, 17], [76, 24], [75, 25], [80, 20], [74, 26], [72, 28], [74, 26], [70, 30], [76, 24], [67, 33], [74, 26], [77, 23], [31, 69], [25, 75], [33, 67], [19, 81], [24, 76], [30, 70], [25, 75], [20, 80], [30, 70], [26, 74], [25, 75], [28, 72], [30, 70], [26, 74], [14, 86], [22, 78], [25, 75], [21, 79], [27, 73], [22, 78], [26, 74], [25, 75], [18, 82], [23, 77], [24, 76]]}