{"M": 50, "G": 4, "I": 4, "J": 100, "p": [[0.380062145693794, 0.005401809709133833, 0.2586653033624717, 0.35587074123460055], [0.26597509126643765, 0.09812891748744909, 0.08506271992831022, 0.550833271317803], [0.04116786602229101, 0.02055249502849737, 0.2569564210379853, 0.6813232179112264], [0.001182855267320227, 0.21462997916399099, 0.5007063878524549, 0.2834807777162339]], "r": [[[22, 1, 20, 18], [6, 1, 2, 6], [1, 1, 4, 7], [0, 2, 4, 5]], [[23, 3, 14, 19], [3, 2, 0, 5], [0, 0, 5, 11], [0, 3, 8, 4]], [[20, 0, 13, 24], [4, 1, 0, 3], [0, 2, 3, 11], [0, 3, 8, 8]], [[24, 0, 20, 20], [2, 3, 0, 5], [1, 0, 6, 7], [0, 0, 8, 4]], [[20, 0, 18, 22], [3, 4, 1, 7], [0, 0, 2, 8], [0, 2, 9, 4]], [[25, 0, 14, 19], [5, 2, 1, 6], [0, 0, 6, 5], [0, 8, 6, 3]], [[27, 0, 6, 28], [2, 1, 2, 9], [0, 1, 3, 7], [0, 1, 10, 3]], [[24, 0, 22, 18], [2, 2, 1, 13], [0, 0, 3, 9], [0, 0, 3, 3]], [[17, 1, 15, 24], [2, 2, 1, 11], [0, 1, 4, 7], [0, 4, 5, 6]], [[30, 0, 15, 19], [5, 1, 1, 6], [0, 0, 1, 9], [0, 3, 7, 3]], [[30, 0, 14, 18], [5, 0, 1, 8], [1, 0, 4, 4], [0, 2, 5, 8]], [[29, 0, 13, 25], [3, 1, 1, 8], [1, 1, 3, 7], [0, 3, 3, 2]], [[17, 0, 8, 13], [6, 2, 7, 18], [0, 1, 4, 12], [0, 1, 7, 4]], [[5, 0, 6, 3], [23, 5, 5, 28], [0, 0, 4, 8], [0, 5, 6, 2]], [[6, 0, 2, 6], [14, 7, 2, 33], [0, 0, 6, 6], [0, 3, 8, 7]], [[4, 0, 7, 2], [15, 3, 8, 41], [2, 1, 1, 8], [0, 3, 4, 1]], [[5, 0, 1, 7], [19, 5, 5, 38], [1, 0, 2, 11], [0, 1, 4, 1]], [[4, 0, 5, 5], [16, 6, 3, 33], [1, 0, 4, 9], [0, 5, 9, 0]], [[9, 0, 3, 6], [7, 7, 5, 36], [1, 0, 4, 8], [0, 6, 6, 2]], [[3, 0, 2, 4], [26, 3, 3, 34], [0, 1, 3, 13], [0, 2, 5, 1]], [[6, 0, 2, 6], [22, 5, 2, 31], [0, 0, 4, 13], [0, 1, 4, 4]], [[5, 0, 2, 10], [20, 4, 4, 27], [0, 0, 4, 11], [0, 4, 7, 2]], [[2, 0, 0, 2], [22, 9, 6, 38], [2, 0, 2, 6], [0, 2, 3, 6]], [[4, 0, 3, 6], [11, 7, 6, 32], [0, 1, 5, 6], [0, 4, 11, 4]], [[9, 0, 3, 3], [15, 3, 4, 41], [1, 0, 1, 6], [0, 2, 11, 1]], [[3, 0, 1, 5], [5, 1, 0, 6], [4, 6, 16, 45], [0, 0, 6, 2]], [[5, 0, 3, 4], [2, 1, 0, 7], [2, 3, 15, 42], [0, 3, 10, 3]], [[4, 0, 1, 5], [6, 1, 2, 7], [4, 2, 15, 39], [0, 4, 7, 3]], [[5, 0, 1, 6], [4, 1, 1, 4], [2, 0, 15, 46], [0, 1, 10, 4]], [[5, 0, 2, 4], [3, 3, 3, 2], [4, 4, 20, 37], [0, 2, 8, 3]], [[5, 0, 3, 5], [3, 1, 2, 1], [3, 0, 19, 50], [0, 1, 5, 2]], [[2, 0, 4, 1], [6, 1, 4, 6], [6, 5, 10, 48], [0, 0, 4, 3]], [[7, 1, 2, 4], [1, 0, 0, 8], [3, 1, 18, 42], [0, 4, 6, 3]], [[8, 0, 2, 5], [5, 0, 2, 12], [0, 3, 12, 40], [0, 1, 5, 5]], [[0, 0, 5, 3], [2, 0, 1, 9], [5, 4, 23, 37], [0, 0, 7, 4]], [[8, 0, 4, 7], [2, 1, 3, 10], [4, 0, 20, 33], [0, 1, 6, 1]], [[8, 0, 2, 4], [6, 2, 1, 3], [2, 1, 16, 42], [0, 3, 7, 3]], [[3, 0, 3, 9], [3, 2, 0, 8], [1, 1, 12, 19], [0, 3, 27, 9]], [[5, 0, 1, 3], [6, 1, 0, 8], [1, 0, 4, 6], [0, 14, 36, 15]], [[6, 0, 3, 4], [3, 2, 0, 5], [1, 0, 1, 14], [1, 10, 38, 12]], [[4, 0, 2, 6], [1, 0, 3, 4], [1, 0, 1, 9], [0, 14, 39, 16]], [[2, 0, 4, 5], [6, 0, 0, 9], [1, 0, 1, 6], [0, 20, 38, 8]], [[9, 0, 4, 5], [4, 2, 0, 10], [1, 1, 4, 8], [0, 14, 24, 14]], [[7, 0, 7, 8], [2, 0, 1, 4], [0, 0, 6, 5], [0, 10, 35, 15]], [[8, 0, 2, 3], [4, 3, 1, 6], [0, 0, 4, 6], [0, 10, 33, 20]], [[6, 0, 2, 6], [2, 1, 0, 7], [0, 0, 0, 11], [0, 17, 29, 19]], [[2, 0, 2, 2], [5, 2, 0, 9], [0, 0, 2, 8], [0, 19, 33, 16]], [[4, 0, 2, 9], [5, 5, 2, 6], [0, 0, 3, 5], [0, 14, 29, 16]], [[7, 0, 3, 4], [5, 0, 1, 10], [0, 1, 6, 4], [0, 14, 35, 10]], [[9, 0, 1, 6], [3, 3, 0, 3], [0, 0, 2, 7], [1, 17, 31, 17]]], "n": [[29, 5, 30, 36], [26, 8, 27, 39], [24, 6, 24, 46], [27, 3, 34, 36], [23, 6, 30, 41], [30, 10, 27, 33], [29, 3, 21, 47], [26, 2, 29, 43], [19, 8, 25, 48], [35, 4, 24, 37], [36, 2, 24, 38], [33, 5, 20, 42], [23, 4, 26, 47], [28, 10, 21, 41], [20, 10, 18, 52], [21, 7, 20, 52], [25, 6, 12, 57], [21, 11, 21, 47], [17, 13, 18, 52], [29, 6, 13, 52], [28, 6, 12, 54], [25, 8, 17, 50], [26, 11, 11, 52], [15, 12, 25, 48], [25, 5, 19, 51], [12, 7, 23, 58], [9, 7, 28, 56], [14, 7, 25, 54], [11, 2, 27, 60], [12, 9, 33, 46], [11, 2, 29, 58], [14, 6, 22, 58], [11, 6, 26, 57], [13, 4, 21, 62], [7, 4, 36, 53], [14, 2, 33, 51], [16, 6, 26, 52], [7, 6, 42, 45], [12, 15, 41, 32], [11, 12, 42, 35], [6, 14, 45, 35], [9, 20, 43, 28], [14, 17, 32, 37], [9, 10, 49, 32], [12, 13, 40, 35], [8, 18, 31, 43], [7, 21, 37, 35], [9, 19, 36, 36], [12, 15, 45, 28], [13, 20, 34, 33]], "lambda_": 0.5, "b": [[61, 15, 13, 11], [59, 10, 16, 15], [57, 8, 16, 19], [64, 10, 14, 12], [60, 15, 10, 15], [58, 14, 11, 17], [61, 14, 11, 14], [64, 18, 12, 6], [57, 16, 12, 15], [64, 13, 10, 13], [62, 14, 9, 15], [67, 13, 12, 8], [38, 33, 17, 12], [14, 61, 12, 13], [14, 56, 12, 18], [13, 67, 12, 8], [13, 67, 14, 6], [14, 58, 14, 14], [18, 55, 13, 14], [9, 66, 17, 8], [14, 60, 17, 9], [17, 55, 15, 13], [4, 75, 10, 11], [13, 56, 12, 19], [15, 63, 8, 14], [9, 12, 71, 8], [12, 10, 62, 16], [10, 16, 60, 14], [12, 10, 63, 15], [11, 11, 65, 13], [13, 7, 72, 8], [7, 17, 69, 7], [14, 9, 64, 13], [15, 19, 55, 11], [8, 12, 69, 11], [19, 16, 57, 8], [14, 12, 61, 13], [15, 13, 33, 39], [9, 15, 11, 65], [13, 10, 16, 61], [12, 8, 11, 69], [11, 15, 8, 66], [18, 16, 14, 52], [22, 7, 11, 60], [13, 14, 10, 63], [14, 10, 11, 65], [6, 16, 10, 68], [15, 18, 8, 59], [14, 16, 11, 59], [16, 9, 9, 66]]}