{"M": 50, "G": 2, "I": 4, "J": 100, "p": [[0.06481187143495153, 0.5215288532386252, 0.11829638888251422, 0.2953628864439089], [0.0030156831164753002, 0.515584843486113, 0.4744174795404822, 0.00698199385692937]], "r": [[[5, 37, 15, 24], [0, 10, 9, 0]], [[4, 35, 11, 15], [1, 20, 13, 1]], [[7, 45, 8, 16], [0, 9, 15, 0]], [[3, 39, 9, 26], [0, 13, 10, 0]], [[4, 39, 9, 24], [0, 12, 12, 0]], [[4, 38, 12, 18], [1, 12, 14, 1]], [[4, 43, 14, 16], [0, 11, 12, 0]], [[3, 49, 5, 23], [0, 10, 10, 0]], [[5, 36, 7, 28], [0, 13, 10, 1]], [[3, 40, 12, 29], [0, 10, 5, 1]], [[4, 42, 5, 23], [0, 11, 14, 1]], [[1, 35, 12, 22], [0, 15, 14, 1]], [[4, 34, 15, 19], [0, 15, 13, 0]], [[7, 35, 7, 27], [0, 13, 11, 0]], [[4, 35, 9, 25], [0, 15, 12, 0]], [[4, 50, 6, 18], [1, 11, 10, 0]], [[4, 46, 10, 17], [0, 13, 10, 0]], [[6, 40, 2, 22], [0, 15, 15, 0]], [[4, 41, 2, 24], [0, 11, 18, 0]], [[5, 34, 12, 22], [0, 11, 16, 0]], [[3, 43, 5, 28], [0, 9, 11, 1]], [[7, 49, 8, 14], [0, 12, 10, 0]], [[8, 35, 16, 17], [1, 10, 13, 0]], [[7, 48, 8, 16], [0, 8, 13, 0]], [[4, 37, 13, 21], [0, 15, 10, 0]], [[1, 19, 3, 1], [0, 40, 36, 0]], [[3, 16, 1, 10], [0, 34, 36, 0]], [[1, 12, 5, 2], [1, 43, 36, 0]], [[0, 6, 3, 12], [0, 43, 35, 1]], [[0, 14, 5, 9], [0, 39, 33, 0]], [[4, 18, 3, 10], [0, 35, 28, 2]], [[1, 7, 3, 8], [0, 52, 28, 1]], [[1, 12, 4, 11], [0, 44, 28, 0]], [[2, 14, 3, 4], [0, 41, 35, 1]], [[1, 14, 2, 10], [0, 35, 36, 2]], [[3, 9, 4, 9], [0, 41, 34, 0]], [[0, 15, 5, 4], [0, 40, 36, 0]], [[1, 11, 2, 11], [0, 36, 39, 0]], [[3, 15, 1, 7], [1, 31, 40, 2]], [[0, 16, 3, 9], [0, 39, 32, 1]], [[1, 10, 3, 3], [1, 42, 39, 1]], [[1, 16, 5, 0], [0, 42, 35, 1]], [[1, 11, 5, 9], [0, 40, 34, 0]], [[7, 17, 2, 7], [0, 34, 32, 1]], [[2, 10, 2, 6], [0, 35, 44, 1]], [[1, 13, 5, 11], [1, 38, 31, 0]], [[0, 13, 1, 3], [2, 45, 36, 0]], [[1, 12, 2, 5], [0, 41, 39, 0]], [[2, 15, 5, 9], [1, 38, 28, 2]], [[2, 6, 2, 8], [0, 41, 40, 1]]], "n": [[5, 47, 24, 24], [5, 55, 24, 16], [7, 54, 23, 16], [3, 52, 19, 26], [4, 51, 21, 24], [5, 50, 26, 19], [4, 54, 26, 16], [3, 59, 15, 23], [5, 49, 17, 29], [3, 50, 17, 30], [4, 53, 19, 24], [1, 50, 26, 23], [4, 49, 28, 19], [7, 48, 18, 27], [4, 50, 21, 25], [5, 61, 16, 18], [4, 59, 20, 17], [6, 55, 17, 22], [4, 52, 20, 24], [5, 45, 28, 22], [3, 52, 16, 29], [7, 61, 18, 14], [9, 45, 29, 17], [7, 56, 21, 16], [4, 52, 23, 21], [1, 59, 39, 1], [3, 50, 37, 10], [2, 55, 41, 2], [0, 49, 38, 13], [0, 53, 38, 9], [4, 53, 31, 12], [1, 59, 31, 9], [1, 56, 32, 11], [2, 55, 38, 5], [1, 49, 38, 12], [3, 50, 38, 9], [0, 55, 41, 4], [1, 47, 41, 11], [4, 46, 41, 9], [0, 55, 35, 10], [2, 52, 42, 4], [1, 58, 40, 1], [1, 51, 39, 9], [7, 51, 34, 8], [2, 45, 46, 7], [2, 51, 36, 11], [2, 58, 37, 3], [1, 53, 41, 5], [3, 53, 33, 11], [2, 47, 42, 9]], "lambda_": 0.5, "b": [[81, 19], [65, 35], [76, 24], [77, 23], [76, 24], [72, 28], [77, 23], [80, 20], [76, 24], [84, 16], [74, 26], [70, 30], [72, 28], [76, 24], [73, 27], [78, 22], [77, 23], [70, 30], [71, 29], [73, 27], [79, 21], [78, 22], [76, 24], [79, 21], [75, 25], [24, 76], [30, 70], [20, 80], [21, 79], [28, 72], [35, 65], [19, 81], [28, 72], [23, 77], [27, 73], [25, 75], [24, 76], [25, 75], [26, 74], [28, 72], [17, 83], [22, 78], [26, 74], [33, 67], [20, 80], [30, 70], [17, 83], [20, 80], [31, 69], [18, 82]]}