{"M": 50, "G": 2, "I": 3, "J": 100, "p": [[0.5900401829630562, 0.00838622005696103, 0.401573596979983], [0.5938663526651926, 0.29667740897975897, 0.10945623835504842]], "r": [[[42, 1, 30], [13, 12, 2]], [[48, 1, 29], [12, 7, 3]], [[39, 0, 35], [15, 6, 5]], [[55, 0, 23], [15, 5, 2]], [[48, 1, 32], [11, 6, 2]], [[43, 1, 17], [22, 16, 1]], [[40, 0, 36], [12, 10, 2]], [[46, 0, 32], [15, 6, 1]], [[40, 0, 27], [19, 12, 2]], [[50, 1, 26], [15, 7, 1]], [[46, 2, 29], [19, 4, 0]], [[38, 1, 39], [15, 5, 2]], [[44, 0, 32], [12, 9, 3]], [[40, 2, 26], [20, 9, 3]], [[33, 1, 38], [16, 9, 3]], [[44, 1, 26], [17, 11, 1]], [[47, 0, 32], [11, 9, 1]], [[44, 1, 28], [16, 6, 5]], [[44, 0, 29], [16, 7, 4]], [[48, 1, 30], [12, 6, 3]], [[51, 1, 27], [13, 5, 3]], [[43, 0, 32], [20, 4, 1]], [[39, 0, 35], [14, 9, 3]], [[46, 0, 25], [18, 7, 4]], [[38, 1, 32], [12, 10, 7]], [[15, 1, 4], [47, 25, 8]], [[14, 0, 7], [49, 21, 9]], [[9, 0, 12], [54, 18, 7]], [[14, 1, 11], [47, 17, 10]], [[10, 0, 11], [51, 18, 10]], [[15, 0, 8], [53, 17, 7]], [[13, 0, 11], [42, 22, 12]], [[14, 1, 9], [52, 15, 9]], [[14, 1, 13], [45, 20, 7]], [[15, 0, 12], [44, 18, 11]], [[19, 0, 10], [39, 23, 9]], [[17, 0, 7], [48, 21, 7]], [[23, 0, 9], [38, 22, 8]], [[16, 0, 8], [43, 26, 7]], [[14, 0, 8], [48, 25, 5]], [[16, 0, 7], [41, 25, 11]], [[20, 0, 12], [47, 16, 5]], [[20, 0, 11], [41, 20, 8]], [[17, 0, 11], [44, 20, 8]], [[21, 0, 14], [38, 24, 3]], [[16, 0, 10], [42, 23, 9]], [[16, 0, 7], [44, 25, 8]], [[16, 0, 12], [45, 19, 8]], [[15, 0, 13], [53, 18, 1]], [[11, 0, 12], [44, 24, 9]]], "n": [[55, 13, 32], [60, 8, 32], [54, 6, 40], [70, 5, 25], [59, 7, 34], [65, 17, 18], [52, 10, 38], [61, 6, 33], [59, 12, 29], [65, 8, 27], [65, 6, 29], [53, 6, 41], [56, 9, 35], [60, 11, 29], [49, 10, 41], [61, 12, 27], [58, 9, 33], [60, 7, 33], [60, 7, 33], [60, 7, 33], [64, 6, 30], [63, 4, 33], [53, 9, 38], [64, 7, 29], [50, 11, 39], [62, 26, 12], [63, 21, 16], [63, 18, 19], [61, 18, 21], [61, 18, 21], [68, 17, 15], [55, 22, 23], [66, 16, 18], [59, 21, 20], [59, 18, 23], [58, 23, 19], [65, 21, 14], [61, 22, 17], [59, 26, 15], [62, 25, 13], [57, 25, 18], [67, 16, 17], [61, 20, 19], [61, 20, 19], [59, 24, 17], [58, 23, 19], [60, 25, 15], [61, 19, 20], [68, 18, 14], [55, 24, 21]], "lambda_": 0.5, "b": [[73, 27], [78, 22], [74, 26], [78, 22], [81, 19], [61, 39], [76, 24], [78, 22], [67, 33], [77, 23], [77, 23], [78, 22], [76, 24], [68, 32], [72, 28], [71, 29], [79, 21], [73, 27], [73, 27], [79, 21], [79, 21], [75, 25], [74, 26], [71, 29], [71, 29], [20, 80], [21, 79], [21, 79], [26, 74], [21, 79], [23, 77], [24, 76], [24, 76], [28, 72], [27, 73], [29, 71], [24, 76], [32, 68], [24, 76], [22, 78], [23, 77], [32, 68], [31, 69], [28, 72], [35, 65], [26, 74], [23, 77], [28, 72], [28, 72], [23, 77]]}