{"M": 50, "G": 4, "I": 10, "J": 100, "p": [[0.07275655957967196, 0.1496149553698512, 0.20608955322757225, 0.0008148213285219813, 0.03738335505130502, 0.31875757195560495, 0.0725851899237404, 0.03864012484880083, 0.07813803605270303, 0.025219832662228388], [0.16106647274809777, 0.04108471195722066, 0.07591668817572599, 0.0005777338549660091, 0.10966663037368535, 0.02312003217408864, 0.2644408416027836, 0.04597428467004392, 0.13690581024077314, 0.141246794202615], [0.2745702066325458, 0.015670213003462923, 0.047928096851870335, 0.08652929862672606, 0.15012209735757456, 0.04000969841925268, 0.1622404246103444, 0.14373135909456444, 0.02698626539329689, 0.05221234001036193], [0.17521412386860613, 0.006978354711801871, 0.11006490846913713, 0.005162169498319362, 0.10542941003364474, 0.1087927986118222, 0.04202525212624291, 0.3811989198740386, 0.04824950922230663, 0.016884553584080437]], "r": [[[1, 10, 11, 0, 4, 24, 5, 0, 4, 0], [3, 0, 3, 0, 1, 0, 4, 1, 2, 0], [2, 1, 0, 0, 1, 1, 1, 4, 2, 1], [3, 0, 3, 0, 2, 0, 0, 5, 0, 1]], [[5, 10, 14, 1, 6, 23, 3, 2, 3, 0], [3, 0, 2, 0, 3, 0, 2, 0, 1, 0], [2, 0, 1, 2, 1, 2, 1, 1, 0, 0], [4, 0, 1, 0, 0, 0, 0, 5, 1, 1]], [[4, 8, 10, 0, 7, 20, 6, 1, 6, 3], [4, 0, 0, 0, 2, 0, 4, 2, 1, 0], [3, 0, 0, 0, 0, 1, 2, 0, 0, 0], [5, 0, 1, 0, 1, 5, 1, 3, 0, 0]], [[6, 10, 7, 0, 4, 19, 3, 1, 7, 4], [1, 0, 2, 0, 1, 0, 3, 1, 1, 5], [1, 0, 3, 0, 2, 0, 1, 1, 0, 1], [3, 0, 2, 0, 1, 1, 0, 8, 1, 0]], [[4, 8, 18, 0, 0, 17, 4, 3, 6, 0], [1, 1, 0, 0, 1, 0, 3, 0, 4, 3], [5, 0, 0, 2, 0, 0, 2, 2, 1, 1], [2, 0, 2, 0, 1, 0, 1, 7, 1, 0]], [[4, 10, 20, 0, 5, 13, 6, 0, 6, 0], [2, 2, 0, 0, 3, 0, 2, 1, 1, 0], [2, 0, 0, 2, 3, 1, 1, 3, 0, 0], [2, 0, 1, 0, 1, 5, 0, 3, 1, 0]], [[4, 4, 19, 0, 1, 20, 4, 4, 8, 4], [0, 1, 0, 0, 3, 0, 4, 1, 1, 1], [2, 0, 0, 0, 0, 3, 3, 1, 0, 0], [0, 0, 2, 0, 3, 0, 0, 5, 1, 1]], [[5, 7, 11, 1, 6, 12, 6, 5, 6, 0], [3, 0, 1, 0, 2, 0, 3, 0, 0, 2], [6, 0, 1, 0, 2, 1, 2, 1, 0, 1], [4, 0, 1, 0, 4, 1, 0, 5, 1, 0]], [[1, 10, 18, 0, 3, 23, 2, 1, 3, 4], [1, 0, 3, 0, 1, 0, 3, 0, 5, 1], [1, 0, 0, 0, 3, 0, 1, 3, 0, 0], [3, 0, 1, 0, 0, 1, 1, 6, 1, 0]], [[6, 13, 7, 0, 3, 17, 2, 2, 5, 1], [0, 0, 0, 0, 1, 0, 4, 0, 2, 1], [6, 0, 0, 1, 1, 0, 2, 0, 0, 3], [5, 0, 0, 0, 2, 6, 0, 9, 1, 0]], [[4, 13, 13, 0, 4, 18, 4, 3, 6, 3], [1, 0, 1, 0, 4, 0, 4, 1, 2, 0], [2, 0, 0, 0, 0, 0, 2, 1, 0, 2], [2, 1, 0, 0, 0, 2, 0, 5, 1, 1]], [[2, 11, 19, 0, 5, 21, 5, 1, 3, 1], [1, 0, 0, 0, 1, 0, 3, 3, 0, 1], [2, 0, 0, 0, 2, 0, 3, 1, 0, 0], [0, 0, 4, 0, 3, 3, 0, 5, 0, 0]], [[1, 6, 8, 0, 0, 10, 1, 2, 1, 2], [5, 3, 1, 0, 4, 0, 8, 5, 6, 7], [3, 0, 0, 1, 2, 0, 2, 1, 0, 1], [2, 0, 2, 0, 1, 2, 0, 11, 2, 0]], [[2, 1, 2, 0, 1, 5, 1, 0, 0, 0], [4, 2, 3, 0, 8, 2, 16, 4, 8, 14], [3, 0, 0, 3, 1, 1, 3, 1, 1, 1], [1, 0, 0, 0, 2, 4, 2, 2, 2, 0]], [[1, 2, 3, 0, 0, 1, 1, 1, 0, 1], [10, 4, 3, 0, 8, 1, 15, 4, 9, 9], [4, 0, 0, 1, 2, 0, 4, 4, 0, 0], [2, 0, 2, 0, 0, 1, 2, 5, 0, 0]], [[0, 2, 2, 0, 1, 3, 3, 0, 1, 0], [13, 2, 2, 0, 4, 2, 21, 4, 5, 9], [2, 0, 0, 2, 3, 0, 3, 3, 0, 2], [2, 0, 1, 0, 1, 2, 2, 3, 0, 0]], [[0, 1, 2, 0, 0, 4, 1, 0, 0, 0], [8, 4, 4, 0, 9, 0, 17, 3, 8, 12], [4, 0, 1, 4, 1, 0, 2, 3, 2, 0], [1, 0, 0, 0, 1, 1, 0, 6, 1, 0]], [[3, 3, 3, 0, 0, 6, 0, 0, 1, 0], [7, 4, 7, 0, 6, 1, 15, 5, 5, 12], [4, 0, 0, 1, 2, 0, 5, 2, 1, 1], [0, 0, 1, 1, 1, 0, 0, 1, 1, 1]], [[1, 0, 2, 0, 0, 5, 1, 1, 3, 0], [7, 4, 4, 0, 10, 2, 18, 2, 6, 6], [3, 1, 0, 0, 5, 1, 2, 4, 1, 2], [1, 0, 1, 1, 1, 0, 1, 3, 1, 0]], [[1, 3, 1, 0, 0, 4, 1, 0, 2, 0], [14, 1, 6, 0, 4, 1, 16, 2, 12, 10], [1, 0, 1, 0, 0, 0, 2, 2, 1, 0], [3, 0, 2, 0, 0, 5, 0, 5, 0, 0]], [[1, 2, 2, 0, 0, 1, 0, 0, 0, 0], [8, 4, 5, 0, 10, 2, 12, 4, 5, 10], [4, 0, 1, 1, 4, 0, 3, 0, 2, 3], [5, 0, 0, 0, 1, 3, 0, 6, 1, 0]], [[0, 1, 5, 0, 0, 5, 2, 2, 0, 0], [6, 2, 3, 0, 11, 1, 16, 1, 12, 7], [2, 0, 1, 1, 1, 0, 1, 1, 1, 2], [2, 0, 1, 0, 3, 0, 2, 7, 1, 0]], [[0, 0, 4, 0, 0, 7, 0, 0, 2, 0], [14, 5, 4, 0, 5, 1, 12, 4, 10, 9], [4, 0, 1, 1, 2, 0, 0, 1, 1, 1], [3, 0, 1, 0, 1, 2, 0, 3, 2, 0]], [[0, 1, 0, 0, 2, 5, 0, 0, 0, 1], [15, 1, 6, 0, 7, 3, 16, 5, 8, 10], [1, 0, 1, 2, 1, 0, 1, 3, 0, 0], [3, 0, 4, 0, 0, 2, 0, 1, 1, 0]], [[1, 3, 2, 0, 1, 8, 0, 1, 1, 1], [12, 1, 4, 0, 6, 2, 18, 4, 4, 12], [4, 1, 0, 2, 0, 0, 3, 0, 0, 0], [3, 1, 0, 0, 0, 1, 0, 1, 2, 1]], [[0, 0, 3, 0, 0, 3, 2, 1, 2, 1], [3, 0, 0, 0, 0, 0, 3, 0, 2, 2], [15, 0, 3, 3, 12, 1, 15, 16, 2, 3], [4, 0, 0, 0, 3, 0, 0, 1, 0, 0]], [[1, 2, 2, 0, 1, 5, 0, 0, 0, 0], [1, 2, 1, 0, 1, 0, 5, 0, 1, 2], [15, 2, 3, 5, 10, 4, 11, 10, 2, 3], [2, 0, 2, 0, 0, 0, 0, 5, 1, 1]], [[0, 3, 2, 0, 0, 7, 0, 0, 1, 0], [2, 0, 1, 0, 1, 1, 2, 3, 3, 2], [14, 1, 6, 4, 5, 3, 12, 10, 3, 5], [2, 0, 1, 0, 1, 1, 1, 3, 0, 0]], [[1, 1, 3, 0, 0, 3, 1, 2, 2, 1], [2, 0, 0, 0, 2, 0, 6, 1, 1, 2], [14, 0, 3, 7, 11, 1, 14, 9, 1, 1], [5, 0, 0, 0, 1, 1, 0, 4, 0, 0]], [[1, 0, 2, 0, 0, 5, 2, 0, 0, 0], [2, 0, 2, 0, 3, 0, 1, 0, 1, 1], [21, 0, 6, 6, 11, 1, 8, 10, 0, 1], [4, 0, 1, 0, 2, 2, 0, 4, 1, 2]], [[1, 0, 3, 0, 0, 3, 0, 0, 0, 2], [1, 0, 1, 0, 0, 0, 4, 0, 1, 4], [19, 2, 1, 2, 10, 5, 9, 7, 2, 2], [3, 0, 4, 0, 2, 0, 2, 9, 1, 0]], [[1, 2, 4, 0, 1, 5, 0, 0, 1, 0], [5, 2, 0, 0, 3, 0, 1, 2, 1, 4], [15, 2, 3, 6, 7, 2, 11, 7, 0, 4], [2, 0, 2, 0, 1, 0, 0, 6, 0, 0]], [[0, 3, 1, 0, 0, 6, 3, 0, 0, 0], [4, 0, 0, 0, 4, 0, 3, 0, 2, 1], [18, 0, 3, 2, 14, 1, 7, 9, 1, 3], [5, 0, 2, 0, 0, 1, 1, 5, 0, 1]], [[2, 3, 4, 0, 1, 5, 1, 0, 0, 1], [1, 0, 0, 0, 1, 1, 2, 0, 0, 4], [20, 0, 5, 4, 7, 4, 8, 12, 3, 0], [4, 0, 1, 0, 3, 0, 1, 2, 0, 0]], [[1, 1, 4, 0, 0, 2, 0, 0, 0, 0], [3, 0, 0, 0, 0, 1, 2, 2, 1, 0], [21, 0, 3, 5, 5, 4, 17, 9, 2, 4], [3, 0, 1, 0, 3, 2, 0, 3, 1, 0]], [[0, 2, 4, 0, 0, 3, 1, 1, 1, 0], [2, 0, 0, 0, 0, 0, 7, 1, 0, 0], [19, 1, 3, 5, 17, 4, 6, 5, 1, 2], [4, 0, 1, 0, 2, 2, 0, 6, 0, 0]], [[0, 3, 0, 0, 1, 7, 0, 0, 0, 1], [0, 0, 1, 0, 2, 0, 2, 1, 2, 2], [17, 1, 6, 6, 15, 1, 9, 10, 1, 3], [0, 0, 0, 0, 1, 3, 1, 4, 0, 0]], [[2, 1, 1, 0, 2, 3, 3, 0, 1, 1], [4, 0, 0, 0, 0, 0, 2, 0, 2, 1], [8, 1, 3, 7, 3, 0, 4, 6, 0, 4], [10, 0, 2, 0, 6, 5, 2, 14, 1, 1]], [[1, 1, 4, 1, 1, 2, 1, 1, 1, 1], [4, 0, 0, 0, 1, 0, 5, 2, 1, 3], [5, 0, 1, 2, 2, 1, 1, 3, 0, 0], [10, 1, 4, 0, 5, 6, 1, 23, 3, 2]], [[1, 2, 3, 0, 0, 3, 1, 0, 0, 0], [2, 0, 0, 0, 0, 0, 9, 0, 2, 5], [4, 0, 1, 1, 1, 1, 4, 0, 1, 2], [9, 0, 8, 0, 6, 6, 7, 17, 3, 1]], [[1, 2, 0, 0, 1, 4, 0, 0, 3, 0], [2, 2, 0, 0, 0, 1, 5, 0, 1, 4], [5, 0, 0, 0, 4, 1, 2, 0, 1, 3], [11, 0, 4, 1, 4, 8, 1, 23, 1, 5]], [[0, 4, 3, 0, 0, 3, 0, 0, 1, 0], [2, 0, 0, 0, 2, 0, 2, 0, 0, 0], [4, 0, 0, 1, 6, 2, 1, 2, 0, 2], [13, 1, 4, 2, 6, 6, 6, 25, 1, 1]], [[1, 0, 1, 0, 0, 8, 2, 0, 1, 0], [5, 0, 1, 0, 0, 0, 4, 0, 0, 1], [1, 0, 1, 2, 0, 0, 6, 0, 1, 0], [12, 0, 8, 0, 10, 6, 3, 23, 2, 1]], [[1, 1, 3, 0, 2, 4, 1, 1, 1, 0], [0, 2, 0, 0, 0, 0, 3, 0, 1, 4], [3, 0, 0, 2, 2, 0, 2, 3, 0, 0], [9, 1, 10, 0, 13, 2, 6, 19, 2, 2]], [[1, 1, 4, 0, 1, 2, 1, 0, 0, 0], [1, 1, 0, 0, 2, 0, 5, 0, 2, 2], [2, 0, 2, 2, 2, 0, 4, 7, 0, 1], [11, 0, 7, 0, 6, 2, 0, 25, 4, 2]], [[1, 3, 3, 0, 1, 3, 1, 0, 2, 2], [4, 1, 0, 0, 0, 0, 5, 1, 2, 1], [1, 1, 0, 1, 2, 0, 3, 3, 0, 0], [12, 0, 6, 0, 4, 11, 3, 15, 5, 3]], [[2, 6, 5, 0, 1, 2, 0, 0, 0, 1], [1, 0, 3, 0, 0, 0, 3, 2, 1, 3], [3, 0, 1, 1, 2, 0, 2, 2, 0, 0], [12, 1, 8, 0, 6, 6, 4, 20, 2, 0]], [[0, 2, 5, 0, 1, 9, 2, 0, 0, 0], [2, 1, 0, 0, 3, 0, 4, 0, 1, 3], [9, 0, 0, 0, 1, 0, 3, 2, 0, 0], [10, 0, 5, 1, 3, 3, 2, 26, 2, 0]], [[1, 6, 1, 0, 0, 0, 0, 0, 1, 1], [4, 0, 0, 0, 5, 0, 6, 2, 2, 1], [3, 0, 0, 0, 0, 0, 2, 1, 0, 1], [8, 0, 6, 3, 7, 5, 3, 29, 2, 0]], [[1, 2, 1, 0, 1, 4, 1, 1, 2, 0], [1, 0, 0, 0, 1, 1, 3, 1, 3, 2], [1, 0, 0, 0, 4, 1, 1, 1, 0, 0], [14, 3, 5, 0, 7, 5, 4, 23, 5, 1]]],