{"M": 50, "G": 3, "I": 2, "J": 100, "p": [[0.1092869023075165, 0.8907130976924835], [0.08451466836827685, 0.9154853316317232], [0.41466565027429875, 0.5853343497257011]], "r": [[[10, 49], [1, 22], [8, 10]], [[6, 61], [0, 10], [11, 12]], [[7, 68], [0, 14], [5, 6]], [[4, 57], [3, 16], [5, 15]], [[4, 64], [1, 13], [6, 12]], [[6, 60], [0, 15], [7, 12]], [[5, 67], [2, 7], [8, 11]], [[8, 66], [0, 11], [8, 7]], [[3, 68], [2, 11], [7, 9]], [[10, 53], [1, 16], [9, 11]], [[10, 58], [1, 14], [10, 7]], [[2, 58], [3, 15], [12, 10]], [[5, 67], [3, 14], [6, 5]], [[5, 65], [2, 15], [4, 9]], [[3, 57], [3, 18], [11, 8]], [[7, 64], [0, 18], [3, 8]], [[4, 53], [1, 31], [5, 6]], [[3, 16], [6, 63], [6, 6]], [[0, 17], [4, 61], [9, 9]], [[0, 18], [8, 55], [9, 10]], [[1, 10], [6, 67], [6, 10]], [[3, 22], [5, 62], [2, 6]], [[5, 13], [4, 60], [5, 13]], [[0, 14], [8, 64], [5, 9]], [[4, 18], [7, 56], [6, 9]], [[0, 13], [8, 59], [9, 11]], [[0, 13], [4, 61], [6, 16]], [[1, 11], [8, 60], [7, 13]], [[1, 17], [6, 64], [4, 8]], [[5, 13], [8, 60], [7, 7]], [[3, 13], [3, 61], [4, 16]], [[4, 6], [3, 73], [4, 10]], [[1, 19], [5, 58], [7, 10]], [[2, 16], [3, 30], [20, 29]], [[2, 12], [2, 19], [24, 41]], [[2, 10], [1, 19], [25, 43]], [[4, 11], [1, 18], [22, 44]], [[5, 13], [1, 17], [22, 42]], [[3, 16], [1, 8], [40, 32]], [[2, 15], [2, 21], [20, 40]], [[1, 14], [0, 12], [30, 43]], [[1, 15], [0, 13], [37, 34]], [[0, 20], [2, 11], [20, 47]], [[2, 19], [1, 11], [24, 43]], [[2, 12], [1, 18], [29, 38]], [[1, 15], [3, 13], [31, 37]], [[2, 16], [0, 15], [25, 42]], [[4, 11], [2, 17], [11, 55]], [[1, 10], [1, 14], [28, 46]], [[0, 11], [3, 27], [23, 36]]], "n": [[19, 81], [17, 83], [12, 88], [12, 88], [11, 89], [13, 87], [15, 85], [16, 84], [12, 88], [20, 80], [21, 79], [17, 83], [14, 86], [11, 89], [17, 83], [10, 90], [10, 90], [15, 85], [13, 87], [17, 83], [13, 87], [10, 90], [14, 86], [13, 87], [17, 83], [17, 83], [10, 90], [16, 84], [11, 89], [20, 80], [10, 90], [11, 89], [13, 87], [25, 75], [28, 72], [28, 72], [27, 73], [28, 72], [44, 56], [24, 76], [31, 69], [38, 62], [22, 78], [27, 73], [32, 68], [35, 65], [27, 73], [17, 83], [30, 70], [26, 74]], "lambda_": 0.5, "b": [[59, 23, 18], [67, 10, 23], [75, 14, 11], [61, 19, 20], [68, 14, 18], [66, 15, 19], [72, 9, 19], [74, 11, 15], [71, 13, 16], [63, 17, 20], [68, 15, 17], [60, 18, 22], [72, 17, 11], [70, 17, 13], [60, 21, 19], [71, 18, 11], [57, 32, 11], [19, 69, 12], [17, 65, 18], [18, 63, 19], [11, 73, 16], [25, 67, 8], [18, 64, 18], [14, 72, 14], [22, 63, 15], [13, 67, 20], [13, 65, 22], [12, 68, 20], [18, 70, 12], [18, 68, 14], [16, 64, 20], [10, 76, 14], [20, 63, 17], [18, 33, 49], [14, 21, 65], [12, 20, 68], [15, 19, 66], [18, 18, 64], [19, 9, 72], [17, 23, 60], [15, 12, 73], [16, 13, 71], [20, 13, 67], [21, 12, 67], [14, 19, 67], [16, 16, 68], [18, 15, 67], [15, 19, 66], [11, 15, 74], [11, 30, 59]]}