{"M": 50, "G": 4, "I": 3, "J": 100, "p": [[0.23647057945119962, 0.02339651959646144, 0.7401329009523389], [0.516247965232227, 0.218010359126032, 0.26574167564174095], [0.0036490791266723327, 0.1895586707975162, 0.8067922500758115], [0.571859638491515, 0.3935376285596176, 0.03460273294886753]], "r": [[[14, 1, 44], [6, 4, 4], [0, 1, 10], [12, 3, 1]], [[11, 4, 50], [8, 2, 7], [0, 2, 6], [5, 5, 0]], [[17, 1, 45], [11, 5, 0], [0, 4, 7], [8, 2, 0]], [[15, 0, 58], [7, 1, 2], [1, 2, 6], [4, 4, 0]], [[19, 2, 45], [8, 3, 2], [0, 2, 8], [6, 5, 0]], [[15, 1, 40], [10, 2, 4], [0, 3, 12], [9, 3, 1]], [[14, 2, 47], [10, 3, 2], [0, 2, 10], [8, 2, 0]], [[8, 0, 51], [5, 0, 5], [0, 2, 14], [8, 7, 0]], [[17, 0, 41], [8, 3, 3], [0, 0, 15], [7, 6, 0]], [[13, 2, 54], [4, 3, 4], [0, 5, 5], [7, 2, 1]], [[13, 4, 47], [6, 2, 4], [0, 1, 9], [9, 5, 0]], [[14, 1, 50], [4, 0, 5], [0, 4, 11], [4, 7, 0]], [[3, 1, 31], [17, 16, 8], [0, 1, 7], [6, 10, 0]], [[5, 0, 10], [35, 14, 14], [0, 1, 11], [6, 4, 0]], [[4, 0, 5], [30, 10, 15], [0, 5, 14], [8, 8, 1]], [[3, 0, 6], [34, 5, 22], [0, 6, 11], [8, 4, 1]], [[3, 0, 8], [31, 15, 20], [0, 4, 8], [5, 5, 1]], [[2, 0, 10], [27, 23, 15], [0, 2, 12], [6, 3, 0]], [[1, 0, 11], [30, 10, 20], [0, 5, 13], [6, 4, 0]], [[2, 0, 7], [32, 16, 20], [0, 0, 15], [4, 3, 1]], [[1, 0, 12], [29, 9, 25], [0, 4, 12], [3, 4, 1]], [[2, 0, 6], [33, 19, 21], [0, 1, 9], [4, 3, 2]], [[5, 1, 11], [31, 15, 11], [0, 1, 10], [11, 4, 0]], [[6, 0, 9], [33, 18, 16], [0, 0, 8], [5, 3, 2]], [[3, 0, 9], [29, 13, 15], [0, 4, 8], [13, 6, 0]], [[4, 0, 7], [8, 4, 1], [0, 13, 48], [4, 10, 1]], [[2, 0, 13], [5, 4, 3], [0, 17, 42], [11, 2, 1]], [[3, 0, 11], [5, 5, 4], [0, 14, 47], [3, 8, 0]], [[2, 1, 5], [7, 2, 2], [0, 8, 56], [7, 10, 0]], [[3, 0, 7], [5, 3, 3], [0, 11, 56], [7, 5, 0]], [[0, 2, 6], [6, 3, 3], [0, 13, 47], [12, 7, 1]], [[4, 0, 10], [4, 4, 2], [1, 7, 60], [6, 2, 0]], [[3, 0, 6], [6, 2, 5], [0, 11, 53], [8, 5, 1]], [[1, 1, 11], [6, 1, 2], [0, 18, 45], [6, 8, 1]], [[2, 0, 13], [7, 1, 3], [1, 13, 41], [10, 9, 0]], [[2, 0, 14], [7, 2, 1], [1, 12, 46], [7, 5, 3]], [[4, 0, 7], [6, 4, 5], [0, 10, 54], [4, 5, 1]], [[3, 0, 15], [5, 3, 2], [0, 10, 26], [23, 13, 0]], [[2, 0, 11], [4, 1, 4], [0, 2, 13], [33, 29, 1]], [[1, 0, 13], [7, 1, 3], [0, 5, 10], [27, 31, 2]], [[7, 0, 10], [7, 1, 5], [0, 3, 8], [29, 26, 4]], [[3, 0, 8], [5, 3, 0], [0, 1, 13], [39, 25, 3]], [[2, 0, 11], [0, 2, 6], [0, 3, 8], [36, 29, 3]], [[3, 0, 9], [6, 3, 5], [0, 0, 6], [45, 21, 2]], [[2, 0, 9], [9, 6, 6], [0, 2, 8], [34, 22, 2]], [[6, 0, 7], [10, 3, 6], [0, 2, 13], [37, 16, 0]], [[1, 0, 10], [6, 4, 3], [0, 4, 13], [38, 17, 4]], [[1, 1, 9], [2, 4, 0], [0, 7, 4], [39, 31, 2]], [[3, 0, 12], [8, 1, 3], [0, 3, 7], [42, 19, 2]], [[3, 0, 9], [7, 1, 4], [0, 1, 19], [32, 21, 3]]], "n": [[32, 9, 59], [24, 13, 63], [36, 12, 52], [27, 7, 66], [33, 12, 55], [34, 9, 57], [32, 9, 59], [21, 9, 70], [32, 9, 59], [24, 12, 64], [28, 12, 60], [22, 12, 66], [26, 28, 46], [46, 19, 35], [42, 23, 35], [45, 15, 40], [39, 24, 37], [35, 28, 37], [37, 19, 44], [38, 19, 43], [33, 17, 50], [39, 23, 38], [47, 21, 32], [44, 21, 35], [45, 23, 32], [16, 27, 57], [18, 23, 59], [11, 27, 62], [16, 21, 63], [15, 19, 66], [18, 25, 57], [15, 13, 72], [17, 18, 65], [13, 28, 59], [20, 23, 57], [17, 19, 64], [14, 19, 67], [31, 26, 43], [39, 32, 29], [35, 37, 28], [43, 30, 27], [47, 29, 24], [38, 34, 28], [54, 24, 22], [45, 30, 25], [53, 21, 26], [45, 25, 30], [42, 43, 15], [53, 23, 24], [42, 23, 35]], "lambda_": 0.5, "b": [[59, 14, 11, 16], [65, 17, 8, 10], [63, 16, 11, 10], [73, 10, 9, 8], [66, 13, 10, 11], [56, 16, 15, 13], [63, 15, 12, 10], [59, 10, 16, 15], [58, 14, 15, 13], [69, 11, 10, 10], [64, 12, 10, 14], [65, 9, 15, 11], [35, 41, 8, 16], [15, 63, 12, 10], [9, 55, 19, 17], [9, 61, 17, 13], [11, 66, 12, 11], [12, 65, 14, 9], [12, 60, 18, 10], [9, 68, 15, 8], [13, 63, 16, 8], [8, 73, 10, 9], [17, 57, 11, 15], [15, 67, 8, 10], [12, 57, 12, 19], [11, 13, 61, 15], [15, 12, 59, 14], [14, 14, 61, 11], [8, 11, 64, 17], [10, 11, 67, 12], [8, 12, 60, 20], [14, 10, 68, 8], [9, 13, 64, 14], [13, 9, 63, 15], [15, 11, 55, 19], [16, 10, 59, 15], [11, 15, 64, 10], [18, 10, 36, 36], [13, 9, 15, 63], [14, 11, 15, 60], [17, 13, 11, 59], [11, 8, 14, 67], [13, 8, 11, 68], [12, 14, 6, 68], [11, 21, 10, 58], [13, 19, 15, 53], [11, 13, 17, 59], [11, 6, 11, 72], [15, 12, 10, 63], [12, 12, 20, 56]]}