{"M": 50, "G": 4, "I": 2, "J": 100, "p": [[0.8115422428232664, 0.1884577571767336], [0.7415772925179525, 0.25842270748204754], [0.8309174845551371, 0.16908251544486275], [0.9983322686800568, 0.0016677313199432154]], "r": [[[63, 8], [7, 1], [12, 2], [7, 0]], [[43, 16], [14, 4], [10, 3], [10, 0]], [[44, 16], [15, 1], [9, 2], [13, 0]], [[54, 14], [8, 2], [10, 1], [11, 0]], [[43, 14], [13, 7], [9, 2], [12, 0]], [[53, 14], [11, 6], [6, 1], [9, 0]], [[52, 7], [13, 7], [11, 0], [10, 0]], [[59, 10], [8, 5], [7, 2], [8, 1]], [[50, 10], [4, 5], [13, 3], [15, 0]], [[45, 16], [7, 1], [17, 2], [12, 0]], [[58, 12], [8, 3], [9, 1], [9, 0]], [[49, 17], [7, 2], [12, 0], [13, 0]], [[24, 4], [35, 3], [13, 6], [15, 0]], [[9, 3], [43, 11], [16, 3], [15, 0]], [[11, 2], [48, 16], [8, 2], [13, 0]], [[15, 3], [41, 15], [10, 2], [14, 0]], [[14, 1], [48, 18], [8, 3], [8, 0]], [[9, 5], [41, 18], [9, 3], [15, 0]], [[6, 1], [50, 18], [13, 2], [10, 0]], [[8, 5], [52, 14], [9, 2], [10, 0]], [[7, 7], [50, 16], [7, 2], [11, 0]], [[8, 2], [46, 12], [14, 4], [14, 0]], [[12, 2], [44, 14], [10, 0], [18, 0]], [[11, 3], [49, 16], [10, 0], [11, 0]], [[7, 2], [43, 20], [14, 4], [10, 0]], [[5, 2], [8, 2], [60, 11], [12, 0]], [[10, 3], [13, 3], [51, 11], [9, 0]], [[9, 2], [12, 7], [48, 14], [8, 0]], [[7, 0], [10, 0], [55, 12], [16, 0]], [[14, 2], [6, 3], [56, 11], [8, 0]], [[22, 5], [11, 4], [44, 5], [9, 0]], [[8, 3], [12, 2], [52, 13], [10, 0]], [[10, 1], [9, 3], [51, 16], [10, 0]], [[9, 2], [7, 3], [56, 9], [14, 0]], [[10, 2], [9, 3], [47, 15], [14, 0]], [[12, 1], [11, 4], [49, 4], [19, 0]], [[8, 1], [9, 4], [53, 11], [14, 0]], [[6, 1], [10, 2], [30, 8], [43, 0]], [[7, 4], [5, 4], [12, 3], [65, 0]], [[10, 1], [11, 5], [10, 3], [60, 0]], [[10, 2], [9, 6], [11, 1], [61, 0]], [[15, 0], [11, 4], [9, 3], [58, 0]], [[10, 3], [6, 5], [9, 0], [67, 0]], [[12, 2], [7, 3], [10, 3], [63, 0]], [[10, 5], [10, 2], [6, 3], [64, 0]], [[11, 2], [8, 5], [10, 4], [60, 0]], [[8, 4], [8, 3], [8, 1], [68, 0]], [[12, 1], [9, 2], [10, 1], [65, 0]], [[8, 0], [3, 6], [8, 2], [73, 0]], [[6, 6], [5, 6], [8, 5], [64, 0]]], "n": [[89, 11], [77, 23], [81, 19], [83, 17], [77, 23], [79, 21], [86, 14], [82, 18], [82, 18], [81, 19], [84, 16], [81, 19], [87, 13], [83, 17], [80, 20], [80, 20], [78, 22], [74, 26], [79, 21], [79, 21], [75, 25], [82, 18], [84, 16], [81, 19], [74, 26], [85, 15], [83, 17], [77, 23], [88, 12], [84, 16], [86, 14], [82, 18], [80, 20], [86, 14], [80, 20], [91, 9], [84, 16], [89, 11], [89, 11], [91, 9], [91, 9], [93, 7], [92, 8], [92, 8], [90, 10], [89, 11], [92, 8], [96, 4], [92, 8], [83, 17]], "lambda_": 0.5, "b": [[71, 8, 14, 7], [59, 18, 13, 10], [60, 16, 11, 13], [68, 10, 11, 11], [57, 20, 11, 12], [67, 17, 7, 9], [59, 20, 11, 10], [69, 13, 9, 9], [60, 9, 16, 15], [61, 8, 19, 12], [70, 11, 10, 9], [66, 9, 12, 13], [28, 38, 19, 15], [12, 54, 19, 15], [13, 64, 10, 13], [18, 56, 12, 14], [15, 66, 11, 8], [14, 59, 12, 15], [7, 68, 15, 10], [13, 66, 11, 10], [14, 66, 9, 11], [10, 58, 18, 14], [14, 58, 10, 18], [14, 65, 10, 11], [9, 63, 18, 10], [7, 10, 71, 12], [13, 16, 62, 9], [11, 19, 62, 8], [7, 10, 67, 16], [16, 9, 67, 8], [27, 15, 49, 9], [11, 14, 65, 10], [11, 12, 67, 10], [11, 10, 65, 14], [12, 12, 62, 14], [13, 15, 53, 19], [9, 13, 64, 14], [7, 12, 38, 43], [11, 9, 15, 65], [11, 16, 13, 60], [12, 15, 12, 61], [15, 15, 12, 58], [13, 11, 9, 67], [14, 10, 13, 63], [15, 12, 9, 64], [13, 13, 14, 60], [12, 11, 9, 68], [13, 11, 11, 65], [8, 9, 10, 73], [12, 11, 13, 64]]}