{"M": 50, "G": 4, "I": 4, "J": 100, "p": [[0.022970939991479138, 0.4380676935460273, 0.16697318978046674, 0.3719881766820269], [0.712028237377669, 0.14427461235209513, 0.12974505029533678, 0.013952099974899297], [0.08289284454295551, 0.18375599268884832, 0.3015335000539094, 0.4318176627142868], [0.14571323244954967, 0.02072588601367399, 0.1032734448883001, 0.7302874366484762]], "r": [[[1, 26, 9, 31], [5, 2, 1, 0], [0, 2, 3, 6], [2, 0, 0, 12]], [[2, 35, 12, 21], [6, 1, 1, 0], [0, 0, 6, 3], [1, 0, 3, 9]], [[1, 28, 12, 21], [11, 0, 1, 0], [2, 3, 2, 4], [5, 0, 1, 9]], [[0, 30, 9, 26], [10, 5, 3, 0], [0, 0, 3, 3], [3, 0, 1, 7]], [[2, 26, 14, 23], [10, 0, 1, 0], [4, 3, 6, 3], [3, 0, 0, 5]], [[2, 32, 8, 22], [4, 3, 1, 0], [1, 3, 5, 4], [1, 0, 3, 11]], [[1, 18, 9, 22], [7, 0, 2, 0], [1, 5, 3, 10], [2, 2, 4, 14]], [[1, 22, 12, 27], [6, 5, 2, 1], [0, 1, 4, 4], [1, 0, 2, 12]], [[1, 26, 10, 18], [11, 3, 0, 0], [1, 2, 5, 8], [1, 1, 2, 11]], [[1, 29, 11, 25], [5, 1, 6, 1], [0, 4, 1, 3], [2, 0, 2, 9]], [[1, 34, 10, 21], [9, 1, 0, 0], [0, 2, 5, 7], [1, 0, 0, 9]], [[3, 26, 10, 21], [5, 0, 1, 1], [2, 3, 3, 11], [2, 0, 0, 12]], [[0, 15, 6, 14], [26, 6, 6, 0], [1, 2, 4, 7], [1, 0, 2, 10]], [[0, 1, 1, 4], [58, 5, 5, 0], [0, 1, 3, 6], [3, 1, 3, 9]], [[0, 2, 2, 5], [45, 9, 7, 3], [3, 2, 7, 6], [2, 0, 2, 5]], [[0, 9, 4, 4], [44, 8, 5, 0], [0, 3, 5, 5], [2, 1, 3, 7]], [[0, 3, 3, 3], [37, 7, 6, 1], [3, 7, 7, 8], [0, 0, 1, 14]], [[1, 6, 3, 8], [48, 6, 3, 0], [1, 2, 2, 8], [3, 1, 2, 6]], [[1, 3, 2, 8], [42, 8, 14, 0], [0, 4, 5, 3], [2, 0, 1, 7]], [[1, 9, 0, 1], [51, 9, 10, 0], [0, 0, 4, 7], [1, 0, 0, 7]], [[0, 12, 1, 3], [39, 7, 11, 2], [1, 2, 1, 9], [2, 1, 0, 9]], [[0, 6, 3, 7], [44, 6, 8, 0], [0, 1, 7, 6], [2, 0, 2, 8]], [[0, 11, 2, 7], [50, 4, 7, 1], [1, 2, 3, 5], [1, 0, 1, 5]], [[1, 6, 0, 3], [43, 11, 9, 0], [0, 3, 6, 7], [1, 0, 3, 7]], [[0, 3, 1, 7], [47, 9, 4, 0], [0, 2, 3, 4], [3, 0, 1, 16]], [[0, 3, 3, 7], [9, 3, 0, 0], [3, 12, 16, 29], [4, 0, 0, 11]], [[0, 3, 1, 3], [14, 0, 2, 1], [4, 9, 18, 30], [1, 0, 5, 9]], [[0, 3, 1, 4], [10, 2, 2, 0], [2, 14, 20, 25], [6, 2, 3, 6]], [[0, 8, 1, 4], [10, 2, 0, 1], [2, 10, 15, 31], [1, 0, 2, 13]], [[0, 9, 0, 3], [9, 2, 0, 0], [5, 11, 20, 30], [1, 1, 0, 9]], [[0, 3, 2, 5], [11, 2, 2, 1], [3, 11, 18, 30], [0, 2, 1, 9]], [[0, 5, 4, 4], [6, 1, 2, 0], [8, 10, 20, 27], [2, 0, 2, 9]], [[0, 8, 0, 6], [9, 1, 1, 0], [4, 11, 14, 38], [1, 0, 0, 7]], [[1, 6, 2, 8], [9, 2, 2, 0], [6, 12, 20, 21], [4, 0, 1, 6]], [[0, 8, 1, 2], [11, 2, 2, 1], [3, 14, 19, 24], [3, 0, 0, 10]], [[1, 4, 1, 4], [14, 4, 4, 0], [8, 7, 21, 20], [1, 1, 2, 8]], [[0, 6, 1, 5], [9, 2, 2, 1], [3, 14, 21, 25], [2, 0, 0, 9]], [[1, 3, 5, 6], [10, 0, 2, 0], [7, 9, 8, 16], [4, 2, 4, 23]], [[0, 6, 3, 5], [16, 0, 2, 2], [1, 1, 2, 5], [6, 1, 7, 43]], [[0, 7, 2, 2], [11, 1, 1, 0], [0, 1, 5, 2], [8, 1, 6, 53]], [[0, 6, 4, 5], [7, 2, 1, 0], [1, 1, 5, 4], [4, 3, 10, 47]], [[0, 3, 1, 4], [11, 1, 1, 0], [0, 2, 3, 5], [8, 5, 7, 49]], [[0, 8, 2, 5], [10, 1, 3, 0], [0, 1, 3, 5], [7, 1, 4, 50]], [[0, 7, 2, 3], [7, 2, 3, 1], [1, 9, 1, 6], [9, 0, 7, 42]], [[1, 9, 0, 3], [17, 2, 0, 0], [0, 2, 0, 4], [6, 1, 5, 50]], [[0, 7, 0, 5], [8, 5, 2, 0], [4, 0, 8, 5], [12, 1, 10, 33]], [[1, 4, 1, 6], [13, 0, 2, 0], [1, 2, 5, 7], [12, 3, 5, 38]], [[1, 4, 5, 2], [7, 1, 0, 0], [1, 3, 3, 7], [13, 2, 8, 43]], [[0, 9, 1, 6], [8, 3, 2, 0], [1, 5, 5, 3], [10, 4, 7, 36]], [[0, 8, 0, 5], [11, 0, 3, 0], [0, 3, 2, 7], [10, 1, 13, 37]]], "n": [[8, 30, 13, 49], [9, 36, 22, 33], [19, 31, 16, 34], [13, 35, 16, 36], [19, 29, 21, 31], [8, 38, 17, 37], [11, 25, 18, 46], [8, 28, 20, 44], [14, 32, 17, 37], [8, 34, 20, 38], [11, 37, 15, 37], [12, 29, 14, 45], [28, 23, 18, 31], [61, 8, 12, 19], [50, 13, 18, 19], [46, 21, 17, 16], [40, 17, 17, 26], [53, 15, 10, 22], [45, 15, 22, 18], [53, 18, 14, 15], [42, 22, 13, 23], [46, 13, 20, 21], [52, 17, 13, 18], [45, 20, 18, 17], [50, 14, 9, 27], [16, 18, 19, 47], [19, 12, 26, 43], [18, 21, 26, 35], [13, 20, 18, 49], [15, 23, 20, 42], [14, 18, 23, 45], [16, 16, 28, 40], [14, 20, 15, 51], [20, 20, 25, 35], [17, 24, 22, 37], [24, 16, 28, 32], [14, 22, 24, 40], [22, 14, 19, 45], [23, 8, 14, 55], [19, 10, 14, 57], [12, 12, 20, 56], [19, 11, 12, 58], [17, 11, 12, 60], [17, 18, 13, 52], [24, 14, 5, 57], [24, 13, 20, 43], [27, 9, 13, 51], [22, 10, 16, 52], [19, 21, 15, 45], [21, 12, 18, 49]], "lambda_": 0.5, "b": [[67, 8, 11, 14], [70, 8, 9, 13], [62, 12, 11, 15], [65, 18, 6, 11], [65, 11, 16, 8], [64, 8, 13, 15], [50, 9, 19, 22], [62, 14, 9, 15], [55, 14, 16, 15], [66, 13, 8, 13], [66, 10, 14, 10], [60, 7, 19, 14], [35, 38, 14, 13], [6, 68, 10, 16], [9, 64, 18, 9], [17, 57, 13, 13], [9, 51, 25, 15], [18, 57, 13, 12], [14, 64, 12, 10], [11, 70, 11, 8], [16, 59, 13, 12], [16, 58, 14, 12], [20, 62, 11, 7], [10, 63, 16, 11], [11, 60, 9, 20], [13, 12, 60, 15], [7, 17, 61, 15], [8, 14, 61, 17], [13, 13, 58, 16], [12, 11, 66, 11], [10, 16, 62, 12], [13, 9, 65, 13], [14, 11, 67, 8], [17, 13, 59, 11], [11, 16, 60, 13], [10, 22, 56, 12], [12, 14, 63, 11], [15, 12, 40, 33], [14, 20, 9, 57], [11, 13, 8, 68], [15, 10, 11, 64], [8, 13, 10, 69], [15, 14, 9, 62], [12, 13, 17, 58], [13, 19, 6, 62], [12, 15, 17, 56], [12, 15, 15, 58], [12, 8, 14, 66], [16, 13, 14, 57], [13, 14, 12, 61]]}