{"M": 50, "G": 2, "I": 10, "J": 100, "p": [[0.02671547493840882, 0.2177371939023237, 0.02464630662472503, 0.2669753384763067, 0.07133146114720498, 0.10069016905056917, 0.15453730446846922, 0.0777644459444631, 0.03747474642458963, 0.022127559022939464], [0.01143253034448929, 0.1821179371482772, 0.07905614521411183, 0.02340391124384544, 0.28785667046947466, 0.04349946291932172, 0.07262983570040099, 0.047677443735614625, 0.13457350322664272, 0.11775255999782144]], "r": [[[4, 16, 4, 18, 5, 10, 10, 4, 4, 4], [0, 2, 1, 0, 9, 1, 2, 1, 2, 3]], [[1, 17, 3, 17, 11, 6, 10, 2, 2, 3], [0, 9, 3, 0, 4, 0, 3, 0, 6, 3]], [[3, 18, 1, 23, 2, 6, 14, 9, 2, 2], [0, 6, 0, 3, 4, 0, 0, 1, 3, 3]], [[3, 11, 1, 24, 2, 8, 9, 9, 5, 1], [0, 5, 0, 0, 8, 2, 2, 1, 5, 4]], [[3, 15, 3, 20, 4, 6, 11, 4, 4, 1], [0, 3, 2, 2, 8, 1, 4, 0, 4, 5]], [[2, 12, 1, 22, 3, 9, 8, 9, 3, 1], [0, 7, 2, 0, 4, 1, 2, 0, 8, 6]], [[3, 24, 3, 23, 3, 6, 11, 6, 5, 1], [0, 4, 2, 1, 5, 2, 0, 0, 0, 1]], [[1, 12, 3, 30, 4, 11, 6, 10, 0, 1], [0, 6, 1, 1, 4, 2, 2, 0, 4, 2]], [[3, 15, 1, 20, 7, 11, 13, 5, 6, 1], [1, 3, 2, 0, 4, 1, 1, 1, 4, 1]], [[1, 21, 0, 20, 7, 9, 9, 3, 3, 1], [0, 4, 3, 2, 6, 3, 3, 0, 2, 3]], [[2, 21, 1, 16, 6, 10, 15, 2, 3, 1], [0, 0, 3, 0, 5, 1, 4, 3, 5, 2]], [[1, 18, 3, 19, 7, 5, 11, 9, 2, 3], [0, 4, 0, 0, 5, 0, 2, 2, 4, 5]], [[2, 14, 1, 18, 5, 7, 15, 10, 2, 1], [0, 6, 2, 2, 5, 0, 1, 1, 4, 4]], [[2, 16, 4, 18, 2, 9, 11, 7, 3, 3], [0, 4, 0, 1, 8, 0, 3, 4, 2, 3]], [[3, 13, 2, 21, 8, 8, 12, 3, 3, 0], [0, 3, 1, 0, 15, 0, 3, 0, 3, 2]], [[3, 8, 1, 24, 7, 9, 14, 4, 4, 2], [0, 4, 3, 0, 9, 1, 1, 1, 2, 3]], [[2, 14, 1, 28, 6, 8, 11, 5, 4, 1], [0, 5, 0, 0, 5, 1, 2, 0, 5, 2]], [[0, 12, 1, 19, 5, 9, 19, 6, 4, 1], [0, 3, 1, 1, 5, 2, 1, 1, 4, 6]], [[1, 17, 2, 31, 2, 7, 12, 5, 1, 4], [0, 4, 0, 0, 9, 0, 1, 0, 2, 2]], [[1, 15, 2, 22, 9, 5, 11, 5, 2, 3], [1, 1, 2, 1, 7, 2, 3, 1, 4, 3]], [[3, 17, 5, 16, 3, 6, 15, 4, 4, 2], [0, 7, 1, 1, 9, 0, 2, 0, 2, 3]], [[2, 20, 4, 20, 6, 6, 9, 6, 2, 0], [0, 2, 2, 0, 10, 3, 2, 1, 2, 3]], [[1, 16, 3, 16, 3, 14, 15, 5, 2, 0], [0, 4, 1, 0, 9, 0, 1, 2, 4, 4]], [[2, 19, 1, 17, 5, 12, 12, 8, 3, 0], [0, 4, 0, 1, 7, 0, 2, 1, 4, 2]], [[3, 20, 1, 17, 5, 9, 12, 5, 3, 1], [1, 8, 3, 0, 6, 2, 3, 0, 0, 1]], [[1, 6, 2, 6, 1, 2, 4, 1, 1, 0], [0, 10, 7, 1, 38, 2, 4, 3, 6, 5]], [[0, 1, 0, 5, 1, 3, 4, 1, 1, 0], [1, 10, 10, 0, 30, 5, 6, 5, 8, 9]], [[0, 7, 0, 7, 0, 2, 3, 3, 0, 0], [2, 19, 12, 0, 19, 1, 1, 6, 11, 7]], [[0, 3, 0, 7, 2, 3, 5, 0, 1, 1], [0, 12, 4, 3, 23, 4, 9, 4, 9, 10]], [[1, 6, 1, 6, 1, 3, 6, 3, 2, 0], [3, 11, 3, 1, 27, 4, 2, 6, 6, 8]], [[0, 7, 1, 7, 3, 3, 3, 1, 3, 0], [0, 7, 4, 0, 24, 7, 5, 2, 9, 14]], [[0, 7, 0, 5, 2, 1, 3, 0, 2, 0], [0, 13, 4, 3, 19, 6, 9, 4, 15, 7]], [[0, 5, 0, 6, 3, 3, 4, 2, 0, 0], [0, 16, 6, 3, 24, 4, 5, 6, 10, 3]], [[1, 4, 0, 4, 1, 3, 8, 0, 2, 1], [0, 12, 4, 2, 22, 5, 7, 2, 13, 9]], [[0, 6, 0, 5, 0, 2, 6, 1, 1, 0], [2, 9, 8, 1, 25, 2, 5, 5, 16, 6]], [[0, 4, 1, 11, 1, 0, 1, 4, 0, 0], [1, 19, 9, 1, 23, 1, 2, 3, 12, 7]], [[0, 5, 3, 10, 2, 2, 4, 2, 0, 2], [0, 20, 4, 3, 16, 0, 4, 6, 9, 8]], [[0, 6, 0, 4, 0, 2, 6, 3, 2, 1], [1, 13, 3, 1, 20, 3, 5, 9, 10, 11]], [[1, 8, 0, 3, 1, 3, 4, 2, 1, 1], [2, 14, 8, 2, 22, 4, 7, 1, 6, 10]], [[1, 3, 1, 5, 0, 4, 5, 2, 0, 1], [0, 10, 6, 1, 25, 3, 9, 5, 8, 11]], [[0, 6, 0, 6, 3, 4, 3, 1, 1, 0], [0, 15, 9, 2, 15, 4, 3, 4, 12, 12]], [[1, 8, 3, 4, 3, 2, 3, 1, 2, 0], [1, 12, 4, 1, 17, 5, 5, 6, 13, 9]], [[0, 5, 1, 9, 4, 1, 6, 1, 0, 0], [2, 16, 3, 0, 18, 3, 3, 7, 12, 9]], [[3, 2, 0, 6, 4, 1, 2, 6, 0, 0], [0, 17, 8, 1, 24, 2, 8, 5, 4, 7]], [[0, 7, 0, 7, 1, 4, 3, 2, 0, 1], [0, 11, 6, 0, 26, 11, 2, 1, 12, 6]], [[0, 4, 0, 6, 1, 0, 3, 2, 2, 0], [0, 17, 7, 1, 23, 2, 3, 4, 11, 14]], [[0, 10, 1, 4, 2, 3, 6, 1, 1, 1], [1, 11, 4, 1, 20, 4, 6, 3, 14, 7]], [[1, 4, 1, 6, 0, 5, 8, 0, 0, 0], [1, 12, 4, 1, 27, 5, 6, 5, 10, 4]], [[0, 6, 2, 3, 0, 3, 4, 2, 2, 0], [1, 16, 2, 6, 20, 2, 8, 4, 10, 9]], [[0, 5, 1, 6, 1, 0, 3, 1, 1, 1], [0, 13, 6, 0, 26, 2, 4, 7, 10, 13]]], "n": [[4, 18, 5, 18, 14, 11, 12, 5, 6, 7], [1, 26, 6, 17, 15, 6, 13, 2, 8, 6], [3, 24, 1, 26, 6, 6, 14, 10, 5, 5], [3, 16, 1, 24, 10, 10, 11, 10, 10, 5], [3, 18, 5, 22, 12, 7, 15, 4, 8, 6], [2, 19, 3, 22, 7, 10, 10, 9, 11, 7], [3, 28, 5, 24, 8, 8, 11, 6, 5, 2], [1, 18, 4, 31, 8, 13, 8, 10, 4, 3], [4, 18, 3, 20, 11, 12, 14, 6, 10, 2], [1, 25, 3, 22, 13, 12, 12, 3, 5, 4], [2, 21, 4, 16, 11, 11, 19, 5, 8, 3], [1, 22, 3, 19, 12, 5, 13, 11, 6, 8], [2, 20, 3, 20, 10, 7, 16, 11, 6, 5], [2, 20, 4, 19, 10, 9, 14, 11, 5, 6], [3, 16, 3, 21, 23, 8, 15, 3, 6, 2], [3, 12, 4, 24, 16, 10, 15, 5, 6, 5], [2, 19, 1, 28, 11, 9, 13, 5, 9, 3], [0, 15, 2, 20, 10, 11, 20, 7, 8, 7], [1, 21, 2, 31, 11, 7, 13, 5, 3, 6], [2, 16, 4, 23, 16, 7, 14, 6, 6, 6], [3, 24, 6, 17, 12, 6, 17, 4, 6, 5], [2, 22, 6, 20, 16, 9, 11, 7, 4, 3], [1, 20, 4, 16, 12, 14, 16, 7, 6, 4], [2, 23, 1, 18, 12, 12, 14, 9, 7, 2], [4, 28, 4, 17, 11, 11, 15, 5, 3, 2], [1, 16, 9, 7, 39, 4, 8, 4, 7, 5], [1, 11, 10, 5, 31, 8, 10, 6, 9, 9], [2, 26, 12, 7, 19, 3, 4, 9, 11, 7], [0, 15, 4, 10, 25, 7, 14, 4, 10, 11], [4, 17, 4, 7, 28, 7, 8, 9, 8, 8], [0, 14, 5, 7, 27, 10, 8, 3, 12, 14], [0, 20, 4, 8, 21, 7, 12, 4, 17, 7], [0, 21, 6, 9, 27, 7, 9, 8, 10, 3], [1, 16, 4, 6, 23, 8, 15, 2, 15, 10], [2, 15, 8, 6, 25, 4, 11, 6, 17, 6], [1, 23, 10, 12, 24, 1, 3, 7, 12, 7], [0, 25, 7, 13, 18, 2, 8, 8, 9, 10], [1, 19, 3, 5, 20, 5, 11, 12, 12, 12], [3, 22, 8, 5, 23, 7, 11, 3, 7, 11], [1, 13, 7, 6, 25, 7, 14, 7, 8, 12], [0, 21, 9, 8, 18, 8, 6, 5, 13, 12], [2, 20, 7, 5, 20, 7, 8, 7, 15, 9], [2, 21, 4, 9, 22, 4, 9, 8, 12, 9], [3, 19, 8, 7, 28, 3, 10, 11, 4, 7], [0, 18, 6, 7, 27, 15, 5, 3, 12, 7], [0, 21, 7, 7, 24, 2, 6, 6, 13, 14], [1, 21, 5, 5, 22, 7, 12, 4, 15, 8], [2, 16, 5, 7, 27, 10, 14, 5, 10, 4], [1, 22, 4, 9, 20, 5, 12, 6, 12, 9], [0, 18, 7, 6, 27, 2, 7, 8, 11, 14]], "lambda_": 0.5, "b": [[79, 21], [72, 28], [80, 20], [73, 27], [71, 29], [70, 30], [85, 15], [78, 22], [82, 18], [74, 26], [77, 23], [78, 22], [75, 25], [75, 25], [73, 27], [76, 24], [80, 20], [76, 24], [82, 18], [75, 25], [75, 25], [75, 25], [75, 25], [79, 21], [76, 24], [24, 76], [16, 84], [22, 78], [22, 78], [29, 71], [28, 72], [20, 80], [23, 77], [24, 76], [21, 79], [22, 78], [30, 70], [24, 76], [24, 76], [22, 78], [24, 76], [27, 73], [27, 73], [24, 76], [25, 75], [18, 82], [29, 71], [25, 75], [22, 78], [19, 81]]}