{"M": 50, "G": 2, "I": 2, "J": 100, "p": [[0.9859862131506245, 0.014013786849375551], [0.4209115244526765, 0.5790884755473235]], "r": [[[79, 0], [9, 12]], [[76, 0], [8, 16]], [[69, 2], [12, 17]], [[80, 0], [10, 10]], [[71, 0], [8, 21]], [[71, 2], [11, 16]], [[76, 1], [17, 6]], [[75, 2], [10, 13]], [[71, 1], [16, 12]], [[79, 0], [6, 15]], [[70, 4], [15, 11]], [[76, 0], [10, 14]], [[78, 1], [6, 15]], [[77, 1], [11, 11]], [[78, 0], [7, 15]], [[63, 1], [16, 20]], [[74, 1], [12, 13]], [[70, 0], [15, 15]], [[72, 2], [5, 21]], [[75, 1], [12, 12]], [[74, 2], [11, 13]], [[72, 0], [14, 14]], [[72, 2], [10, 16]], [[75, 0], [15, 10]], [[76, 0], [12, 12]], [[16, 0], [38, 46]], [[24, 0], [36, 40]], [[18, 0], [38, 44]], [[26, 0], [27, 47]], [[25, 1], [29, 45]], [[19, 1], [36, 44]], [[20, 2], [21, 57]], [[27, 0], [34, 39]], [[29, 0], [31, 40]], [[26, 2], [34, 38]], [[30, 0], [28, 42]], [[24, 0], [33, 43]], [[29, 0], [29, 42]], [[20, 0], [33, 47]], [[20, 0], [35, 45]], [[23, 1], [37, 39]], [[23, 0], [32, 45]], [[31, 0], [30, 39]], [[28, 0], [36, 36]], [[32, 0], [28, 40]], [[31, 0], [33, 36]], [[25, 0], [32, 43]], [[26, 0], [33, 41]], [[25, 0], [37, 38]], [[23, 3], [34, 40]]], "n": [[88, 12], [84, 16], [81, 19], [90, 10], [79, 21], [82, 18], [93, 7], [85, 15], [87, 13], [85, 15], [85, 15], [86, 14], [84, 16], [88, 12], [85, 15], [79, 21], [86, 14], [85, 15], [77, 23], [87, 13], [85, 15], [86, 14], [82, 18], [90, 10], [88, 12], [54, 46], [60, 40], [56, 44], [53, 47], [54, 46], [55, 45], [41, 59], [61, 39], [60, 40], [60, 40], [58, 42], [57, 43], [58, 42], [53, 47], [55, 45], [60, 40], [55, 45], [61, 39], [64, 36], [60, 40], [64, 36], [57, 43], [59, 41], [62, 38], [57, 43]], "lambda_": 0.5, "b": [[79, 21], [76, 24], [71, 29], [80, 20], [71, 29], [73, 27], [77, 23], [77, 23], [72, 28], [79, 21], [74, 26], [76, 24], [79, 21], [78, 22], [78, 22], [64, 36], [75, 25], [70, 30], [74, 26], [76, 24], [76, 24], [72, 28], [74, 26], [75, 25], [76, 24], [16, 84], [24, 76], [18, 82], [26, 74], [26, 74], [20, 80], [22, 78], [27, 73], [29, 71], [28, 72], [30, 70], [24, 76], [29, 71], [20, 80], [20, 80], [24, 76], [23, 77], [31, 69], [28, 72], [32, 68], [31, 69], [25, 75], [26, 74], [25, 75], [26, 74]]}