{"M": 50, "G": 4, "I": 4, "J": 100, "p": [[0.2589411240004297, 0.3984693794055998, 0.11122948719780965, 0.23136000939616086], [0.4590928673412436, 0.4656174904115947, 0.027573246650422822, 0.047716395596738945], [0.04144959685455851, 0.4559751007031316, 0.023793686172073253, 0.4787816162702367], [0.3084802860883599, 0.09613477201731768, 0.33216583689939705, 0.2632191049949252]], "r": [[[16, 26, 12, 14], [8, 2, 0, 1], [2, 5, 0, 7], [3, 0, 1, 3]], [[17, 29, 5, 14], [3, 4, 1, 0], [1, 4, 0, 4], [4, 0, 10, 4]], [[13, 28, 11, 11], [8, 4, 0, 2], [0, 8, 0, 9], [2, 0, 1, 3]], [[18, 29, 5, 11], [4, 6, 1, 2], [0, 4, 0, 7], [2, 3, 5, 3]], [[19, 29, 4, 14], [4, 3, 2, 0], [0, 8, 0, 8], [2, 3, 1, 3]], [[13, 26, 15, 13], [7, 6, 0, 1], [0, 3, 1, 5], [2, 0, 5, 3]], [[15, 28, 12, 14], [5, 5, 0, 0], [0, 5, 0, 5], [6, 0, 3, 2]], [[12, 22, 9, 9], [10, 5, 0, 0], [1, 9, 2, 6], [6, 1, 4, 4]], [[14, 23, 7, 13], [8, 6, 1, 1], [1, 7, 0, 3], [4, 2, 5, 5]], [[11, 26, 8, 12], [11, 8, 1, 0], [1, 4, 0, 9], [2, 1, 5, 1]], [[14, 30, 7, 12], [8, 4, 0, 1], [0, 5, 1, 8], [2, 1, 5, 2]], [[12, 25, 7, 12], [9, 5, 0, 0], [1, 8, 0, 6], [5, 2, 5, 3]], [[10, 19, 4, 14], [18, 16, 2, 1], [0, 2, 0, 1], [6, 2, 3, 2]], [[8, 9, 1, 3], [31, 20, 0, 5], [0, 3, 0, 6], [2, 0, 4, 8]], [[2, 7, 2, 3], [29, 29, 1, 4], [0, 6, 0, 6], [5, 1, 1, 4]], [[2, 5, 2, 2], [41, 24, 3, 2], [1, 3, 0, 4], [5, 1, 2, 3]], [[3, 6, 1, 1], [31, 27, 2, 2], [0, 5, 0, 8], [5, 0, 4, 5]], [[1, 4, 0, 4], [32, 37, 0, 1], [1, 6, 0, 6], [1, 1, 4, 2]], [[2, 6, 2, 3], [21, 40, 3, 4], [0, 6, 0, 5], [1, 1, 4, 2]], [[6, 3, 2, 4], [26, 28, 0, 1], [0, 7, 0, 8], [6, 2, 3, 4]], [[3, 5, 2, 7], [34, 25, 2, 2], [0, 6, 1, 4], [4, 0, 3, 2]], [[3, 3, 1, 5], [37, 24, 1, 2], [1, 5, 0, 4], [3, 2, 6, 3]], [[4, 6, 0, 0], [24, 32, 3, 3], [0, 8, 1, 9], [2, 0, 5, 3]], [[3, 4, 3, 2], [23, 34, 2, 1], [0, 9, 0, 6], [5, 2, 5, 1]], [[5, 5, 0, 5], [25, 19, 3, 7], [0, 5, 0, 8], [1, 4, 6, 7]], [[1, 6, 2, 3], [6, 5, 0, 2], [2, 34, 2, 23], [5, 0, 7, 2]], [[1, 5, 1, 0], [9, 5, 0, 1], [3, 28, 2, 30], [5, 1, 3, 6]], [[3, 6, 3, 2], [8, 5, 1, 0], [0, 26, 1, 38], [1, 1, 2, 3]], [[4, 4, 1, 7], [5, 8, 0, 0], [5, 31, 1, 24], [3, 1, 4, 2]], [[4, 2, 2, 2], [6, 8, 0, 0], [0, 27, 1, 32], [5, 4, 4, 3]], [[5, 5, 5, 5], [6, 4, 0, 1], [3, 27, 2, 25], [2, 1, 7, 2]], [[3, 7, 2, 4], [7, 7, 0, 0], [1, 27, 1, 28], [3, 3, 3, 4]], [[2, 3, 4, 6], [3, 5, 1, 0], [4, 28, 2, 33], [2, 1, 3, 3]], [[1, 6, 1, 4], [7, 3, 1, 0], [4, 26, 2, 32], [4, 2, 6, 1]], [[2, 9, 2, 1], [9, 8, 0, 0], [3, 26, 1, 30], [5, 1, 2, 1]], [[2, 4, 0, 4], [9, 7, 0, 1], [2, 24, 1, 26], [8, 1, 8, 3]], [[7, 7, 2, 2], [4, 5, 0, 2], [1, 32, 0, 28], [3, 2, 1, 4]], [[2, 4, 1, 1], [3, 4, 0, 3], [1, 20, 2, 19], [6, 7, 12, 15]], [[2, 6, 1, 1], [4, 8, 1, 0], [1, 6, 1, 12], [18, 9, 15, 15]], [[0, 6, 1, 5], [6, 4, 0, 1], [0, 3, 0, 7], [18, 10, 17, 22]], [[0, 4, 1, 3], [6, 4, 0, 0], [0, 8, 0, 11], [20, 6, 20, 17]], [[4, 4, 4, 4], [4, 4, 0, 1], [1, 5, 1, 5], [16, 9, 21, 17]], [[2, 5, 0, 0], [3, 6, 0, 0], [1, 5, 0, 5], [22, 5, 23, 23]], [[1, 1, 2, 3], [7, 1, 0, 0], [1, 9, 0, 8], [25, 5, 21, 16]], [[2, 7, 2, 3], [8, 7, 1, 0], [1, 3, 0, 4], [17, 5, 18, 22]], [[4, 4, 1, 1], [6, 7, 0, 0], [0, 7, 0, 6], [25, 2, 13, 24]], [[2, 3, 1, 2], [7, 2, 0, 1], [0, 7, 0, 6], [22, 6, 27, 14]], [[1, 5, 1, 3], [5, 4, 1, 0], [1, 10, 0, 7], [17, 11, 26, 8]], [[6, 5, 1, 1], [7, 4, 2, 0], [3, 6, 0, 6], [17, 6, 19, 17]], [[5, 4, 0, 3], [3, 13, 0, 2], [0, 8, 1, 4], [19, 6, 21, 11]]], "n": [[29, 33, 13, 25], [25, 37, 16, 22], [23, 40, 12, 25], [24, 42, 11, 23], [25, 43, 7, 25], [22, 35, 21, 22], [26, 38, 15, 21], [29, 37, 15, 19], [27, 38, 13, 22], [25, 39, 14, 22], [24, 40, 13, 23], [27, 40, 12, 21], [34, 39, 9, 18], [41, 32, 5, 22], [36, 43, 4, 17], [49, 33, 7, 11], [39, 38, 7, 16], [35, 48, 4, 13], [24, 53, 9, 14], [38, 40, 5, 17], [41, 36, 8, 15], [44, 34, 8, 14], [30, 46, 9, 15], [31, 49, 10, 10], [31, 33, 9, 27], [14, 45, 11, 30], [18, 39, 6, 37], [12, 38, 7, 43], [17, 44, 6, 33], [15, 41, 7, 37], [16, 37, 14, 33], [14, 44, 6, 36], [11, 37, 10, 42], [16, 37, 10, 37], [19, 44, 5, 32], [21, 36, 9, 34], [15, 46, 3, 36], [12, 35, 15, 38], [25, 29, 18, 28], [24, 23, 18, 35], [26, 22, 21, 31], [25, 22, 26, 27], [28, 21, 23, 28], [34, 16, 23, 27], [28, 22, 21, 29], [35, 20, 14, 31], [31, 18, 28, 23], [24, 30, 28, 18], [33, 21, 22, 24], [27, 31, 22, 20]], "lambda_": 0.5, "b": [[68, 11, 14, 7], [65, 8, 9, 18], [63, 14, 17, 6], [63, 13, 11, 13], [66, 9, 16, 9], [67, 14, 9, 10], [69, 10, 10, 11], [52, 15, 18, 15], [57, 16, 11, 16], [57, 20, 14, 9], [63, 13, 14, 10], [56, 14, 15, 15], [47, 37, 3, 13], [21, 56, 9, 14], [14, 63, 12, 11], [11, 70, 8, 11], [11, 62, 13, 14], [9, 70, 13, 8], [13, 68, 11, 8], [15, 55, 15, 15], [17, 63, 11, 9], [12, 64, 10, 14], [10, 62, 18, 10], [12, 60, 15, 13], [15, 54, 13, 18], [12, 13, 61, 14], [7, 15, 63, 15], [14, 14, 65, 7], [16, 13, 61, 10], [10, 14, 60, 16], [20, 11, 57, 12], [16, 14, 57, 13], [15, 9, 67, 9], [12, 11, 64, 13], [14, 17, 60, 9], [10, 17, 53, 20], [18, 11, 61, 10], [8, 10, 42, 40], [10, 13, 20, 57], [12, 11, 10, 67], [8, 10, 19, 63], [16, 9, 12, 63], [7, 9, 11, 73], [7, 8, 18, 67], [14, 16, 8, 62], [10, 13, 13, 64], [8, 10, 13, 69], [10, 10, 18, 62], [13, 13, 15, 59], [12, 18, 13, 57]]}