{"M": 50, "G": 2, "I": 4, "J": 100, "p": [[0.13733033971538156, 0.402486971039085, 0.4348163195023544, 0.025366369743179053], [0.21871205928257512, 0.12338807712654326, 0.5704957772744377, 0.08740408631644406]], "r": [[[11, 29, 34, 3], [5, 5, 11, 2]], [[6, 24, 40, 2], [7, 2, 15, 4]], [[15, 29, 37, 1], [3, 4, 10, 1]], [[6, 33, 33, 1], [6, 4, 12, 5]], [[9, 30, 32, 4], [10, 2, 13, 0]], [[19, 26, 27, 3], [3, 4, 15, 3]], [[13, 26, 29, 1], [10, 1, 16, 4]], [[6, 26, 35, 1], [5, 2, 24, 1]], [[15, 24, 28, 3], [10, 3, 16, 1]], [[10, 34, 30, 2], [5, 2, 13, 4]], [[11, 38, 27, 2], [2, 2, 16, 2]], [[10, 36, 28, 0], [6, 5, 15, 0]], [[10, 37, 33, 0], [7, 1, 11, 1]], [[10, 34, 28, 2], [7, 5, 13, 1]], [[11, 25, 37, 1], [8, 2, 12, 4]], [[11, 35, 31, 2], [6, 3, 11, 1]], [[13, 31, 32, 5], [6, 2, 10, 1]], [[10, 33, 23, 4], [2, 1, 25, 2]], [[11, 30, 34, 2], [8, 3, 9, 3]], [[9, 32, 33, 3], [5, 4, 12, 2]], [[11, 27, 35, 1], [6, 4, 15, 1]], [[11, 27, 41, 3], [4, 1, 12, 1]], [[15, 23, 29, 3], [7, 3, 18, 2]], [[7, 28, 37, 0], [10, 2, 14, 2]], [[9, 32, 27, 1], [8, 3, 16, 4]], [[5, 13, 17, 0], [13, 7, 36, 9]], [[3, 12, 15, 0], [14, 7, 44, 5]], [[4, 13, 12, 0], [17, 7, 44, 3]], [[5, 3, 9, 1], [13, 8, 57, 4]], [[5, 14, 13, 1], [13, 6, 39, 9]], [[6, 9, 8, 2], [17, 5, 45, 8]], [[2, 8, 12, 2], [15, 9, 46, 6]], [[4, 12, 10, 1], [20, 11, 36, 6]], [[3, 12, 10, 0], [19, 4, 41, 11]], [[3, 7, 13, 0], [17, 12, 44, 4]], [[5, 9, 9, 2], [9, 10, 52, 4]], [[4, 16, 9, 1], [14, 10, 42, 4]], [[3, 9, 12, 2], [17, 9, 40, 8]], [[2, 14, 7, 0], [18, 6, 47, 6]], [[5, 10, 16, 0], [10, 7, 51, 1]], [[3, 8, 9, 0], [20, 11, 43, 6]], [[3, 8, 13, 3], [16, 7, 44, 6]], [[2, 12, 11, 2], [7, 8, 53, 5]], [[0, 10, 7, 2], [17, 13, 41, 10]], [[4, 9, 8, 0], [21, 10, 42, 6]], [[4, 9, 13, 1], [15, 6, 45, 7]], [[3, 10, 11, 1], [14, 12, 43, 6]], [[4, 6, 16, 0], [17, 7, 37, 13]], [[2, 6, 8, 0], [15, 8, 53, 8]], [[3, 11, 8, 0], [19, 10, 44, 5]]], "n": [[16, 34, 45, 5], [13, 26, 55, 6], [18, 33, 47, 2], [12, 37, 45, 6], [19, 32, 45, 4], [22, 30, 42, 6], [23, 27, 45, 5], [11, 28, 59, 2], [25, 27, 44, 4], [15, 36, 43, 6], [13, 40, 43, 4], [16, 41, 43, 0], [17, 38, 44, 1], [17, 39, 41, 3], [19, 27, 49, 5], [17, 38, 42, 3], [19, 33, 42, 6], [12, 34, 48, 6], [19, 33, 43, 5], [14, 36, 45, 5], [17, 31, 50, 2], [15, 28, 53, 4], [22, 26, 47, 5], [17, 30, 51, 2], [17, 35, 43, 5], [18, 20, 53, 9], [17, 19, 59, 5], [21, 20, 56, 3], [18, 11, 66, 5], [18, 20, 52, 10], [23, 14, 53, 10], [17, 17, 58, 8], [24, 23, 46, 7], [22, 16, 51, 11], [20, 19, 57, 4], [14, 19, 61, 6], [18, 26, 51, 5], [20, 18, 52, 10], [20, 20, 54, 6], [15, 17, 67, 1], [23, 19, 52, 6], [19, 15, 57, 9], [9, 20, 64, 7], [17, 23, 48, 12], [25, 19, 50, 6], [19, 15, 58, 8], [17, 22, 54, 7], [21, 13, 53, 13], [17, 14, 61, 8], [22, 21, 52, 5]], "lambda_": 0.5, "b": [[77, 23], [72, 28], [82, 18], [73, 27], [75, 25], [75, 25], [69, 31], [68, 32], [70, 30], [76, 24], [78, 22], [74, 26], [80, 20], [74, 26], [74, 26], [79, 21], [81, 19], [70, 30], [77, 23], [77, 23], [74, 26], [82, 18], [70, 30], [72, 28], [69, 31], [35, 65], [30, 70], [29, 71], [18, 82], [33, 67], [25, 75], [24, 76], [27, 73], [25, 75], [23, 77], [25, 75], [30, 70], [26, 74], [23, 77], [31, 69], [20, 80], [27, 73], [27, 73], [19, 81], [21, 79], [27, 73], [25, 75], [26, 74], [16, 84], [22, 78]]}