{"M": 50, "G": 4, "I": 5, "J": 100, "p": [[0.15028701708190306, 0.2312679172167543, 0.06455655858851063, 0.1342791950039283, 0.41960931210890373], [0.6937171075086516, 0.041081001690991485, 0.07109200280437748, 0.01617486353697531, 0.17793502445900408], [0.009652815207887366, 0.1942360016589028, 0.3333210825579072, 0.10387615586913534, 0.3589139447061673], [0.34737059989782576, 0.00943501618277375, 0.3180927522690541, 0.11664290181363193, 0.2084587298367145]], "r": [[[10, 14, 4, 13, 22], [10, 0, 1, 0, 1], [0, 3, 4, 1, 5], [2, 0, 5, 2, 3]], [[11, 18, 3, 9, 27], [6, 0, 0, 0, 3], [0, 2, 5, 0, 4], [3, 0, 4, 2, 3]], [[11, 15, 6, 8, 27], [6, 1, 1, 0, 2], [0, 5, 5, 0, 3], [5, 0, 2, 2, 1]], [[7, 7, 4, 15, 19], [7, 0, 4, 0, 2], [0, 2, 8, 1, 9], [2, 0, 5, 2, 6]], [[10, 18, 5, 7, 27], [12, 0, 0, 0, 0], [0, 2, 4, 2, 4], [2, 0, 4, 3, 0]], [[9, 18, 4, 7, 33], [6, 1, 1, 0, 2], [1, 1, 0, 1, 6], [4, 0, 1, 1, 4]], [[9, 17, 5, 9, 27], [8, 1, 0, 1, 3], [0, 4, 5, 1, 6], [1, 0, 1, 0, 2]], [[8, 11, 1, 4, 31], [9, 0, 1, 2, 4], [0, 4, 5, 1, 4], [6, 0, 5, 0, 4]], [[5, 15, 5, 12, 24], [12, 0, 1, 0, 2], [0, 2, 2, 0, 7], [3, 1, 4, 2, 3]], [[6, 18, 3, 6, 22], [5, 1, 2, 0, 5], [0, 5, 2, 1, 5], [7, 0, 8, 1, 3]], [[7, 13, 4, 6, 29], [10, 0, 1, 0, 2], [0, 1, 4, 3, 6], [5, 0, 6, 1, 2]], [[7, 12, 6, 9, 23], [8, 0, 0, 0, 3], [0, 4, 6, 2, 2], [8, 1, 4, 3, 2]], [[7, 9, 4, 5, 20], [28, 0, 1, 0, 9], [0, 1, 1, 2, 1], [3, 0, 3, 1, 5]], [[2, 4, 2, 5, 5], [45, 1, 4, 1, 12], [0, 1, 1, 3, 4], [6, 0, 2, 0, 2]], [[5, 4, 1, 2, 7], [42, 2, 4, 3, 13], [0, 2, 3, 0, 4], [4, 0, 2, 1, 1]], [[2, 3, 0, 1, 5], [54, 3, 4, 1, 6], [0, 1, 2, 2, 3], [5, 0, 4, 1, 3]], [[1, 5, 2, 1, 5], [45, 0, 2, 1, 13], [0, 2, 4, 2, 6], [3, 0, 3, 2, 3]], [[1, 3, 2, 0, 5], [46, 3, 5, 1, 14], [0, 4, 5, 1, 4], [2, 0, 1, 0, 3]], [[1, 3, 1, 0, 4], [47, 4, 6, 1, 13], [0, 2, 5, 4, 3], [3, 0, 2, 0, 1]], [[0, 4, 0, 3, 8], [43, 4, 2, 1, 9], [0, 3, 4, 2, 3], [5, 0, 5, 2, 2]], [[2, 4, 0, 3, 10], [45, 0, 7, 1, 10], [0, 1, 1, 1, 8], [4, 0, 2, 1, 0]], [[1, 3, 0, 4, 6], [43, 2, 3, 2, 5], [0, 3, 7, 2, 5], [7, 0, 1, 3, 3]], [[1, 2, 0, 1, 6], [38, 6, 6, 1, 11], [0, 2, 6, 2, 3], [6, 0, 5, 0, 4]], [[1, 3, 0, 4, 3], [36, 2, 6, 0, 18], [0, 2, 1, 1, 7], [5, 0, 7, 0, 4]], [[2, 2, 3, 1, 9], [48, 2, 4, 0, 11], [0, 2, 3, 1, 3], [6, 0, 3, 0, 0]], [[1, 4, 1, 1, 4], [9, 0, 1, 0, 3], [1, 10, 29, 4, 19], [4, 1, 3, 2, 3]], [[1, 3, 0, 0, 2], [10, 0, 1, 0, 4], [0, 14, 23, 5, 20], [6, 0, 5, 1, 5]], [[4, 1, 2, 2, 7], [4, 0, 2, 0, 3], [0, 11, 26, 9, 22], [4, 0, 1, 1, 1]], [[4, 3, 0, 1, 8], [10, 1, 1, 0, 6], [2, 14, 17, 4, 16], [2, 0, 7, 1, 3]], [[1, 1, 1, 0, 8], [12, 0, 2, 0, 5], [0, 11, 13, 5, 24], [7, 1, 3, 6, 0]], [[0, 4, 0, 3, 7], [10, 1, 1, 0, 0], [1, 9, 16, 6, 23], [6, 0, 7, 1, 5]], [[3, 4, 2, 1, 8], [10, 0, 1, 0, 1], [1, 8, 20, 9, 24], [4, 0, 2, 0, 2]], [[2, 1, 1, 2, 7], [7, 0, 0, 0, 0], [0, 16, 23, 4, 30], [2, 0, 2, 1, 2]], [[1, 4, 2, 4, 5], [13, 0, 0, 0, 2], [0, 14, 26, 6, 14], [0, 0, 6, 0, 3]], [[0, 3, 2, 2, 6], [11, 0, 1, 0, 2], [0, 5, 24, 4, 26], [5, 0, 4, 2, 3]], [[3, 2, 1, 0, 5], [11, 1, 0, 0, 2], [0, 12, 24, 6, 19], [5, 0, 4, 2, 3]], [[3, 5, 0, 1, 10], [10, 2, 0, 0, 0], [0, 14, 13, 8, 19], [9, 0, 2, 2, 2]], [[0, 4, 1, 3, 1], [8, 0, 0, 0, 1], [0, 5, 18, 2, 15], [9, 0, 13, 6, 14]], [[0, 1, 1, 0, 3], [10, 1, 0, 0, 1], [0, 2, 5, 1, 5], [30, 0, 20, 5, 15]], [[4, 1, 1, 2, 3], [8, 0, 0, 0, 2], [0, 2, 6, 3, 3], [24, 0, 19, 8, 14]], [[1, 5, 0, 0, 6], [5, 5, 0, 0, 1], [0, 1, 6, 0, 7], [19, 1, 27, 7, 9]], [[5, 1, 0, 2, 6], [8, 0, 1, 0, 2], [0, 1, 4, 2, 9], [18, 1, 17, 7, 16]], [[1, 4, 0, 3, 1], [4, 0, 0, 0, 3], [0, 5, 5, 3, 2], [27, 0, 18, 6, 18]], [[1, 1, 0, 1, 4], [6, 0, 0, 0, 0], [0, 4, 2, 1, 9], [29, 0, 21, 9, 12]], [[2, 1, 0, 3, 9], [12, 0, 0, 0, 1], [0, 4, 5, 3, 3], [17, 1, 16, 10, 13]], [[0, 1, 0, 3, 3], [9, 0, 1, 0, 2], [0, 3, 7, 0, 2], [19, 0, 21, 4, 25]], [[1, 4, 0, 1, 4], [11, 0, 0, 0, 4], [0, 5, 4, 0, 8], [21, 0, 22, 7, 8]], [[2, 1, 0, 2, 6], [8, 1, 1, 0, 0], [0, 7, 7, 1, 7], [15, 0, 21, 13, 8]], [[3, 2, 0, 1, 6], [9, 0, 1, 1, 1], [0, 3, 2, 2, 5], [26, 3, 22, 5, 8]], [[1, 6, 0, 0, 4], [13, 0, 0, 0, 2], [0, 1, 4, 0, 10], [19, 1, 20, 6, 13]]], "n": [[22, 17, 14, 16, 31], [20, 20, 12, 11, 37], [22, 21, 14, 10, 33], [16, 9, 21, 18, 36], [24, 20, 13, 12, 31], [20, 20, 6, 9, 45], [18, 22, 11, 11, 38], [23, 15, 12, 7, 43], [20, 18, 12, 14, 36], [18, 24, 15, 8, 35], [22, 14, 15, 10, 39], [23, 17, 16, 14, 30], [38, 10, 9, 8, 35], [53, 6, 9, 9, 23], [51, 8, 10, 6, 25], [61, 7, 10, 5, 17], [49, 7, 11, 6, 27], [49, 10, 13, 2, 26], [51, 9, 14, 5, 21], [48, 11, 11, 8, 22], [51, 5, 10, 6, 28], [51, 8, 11, 11, 19], [45, 10, 17, 4, 24], [42, 7, 14, 5, 32], [56, 6, 13, 2, 23], [15, 15, 34, 7, 29], [17, 17, 29, 6, 31], [12, 12, 31, 12, 33], [18, 18, 25, 6, 33], [20, 13, 19, 11, 37], [17, 14, 24, 10, 35], [18, 12, 25, 10, 35], [11, 17, 26, 7, 39], [14, 18, 34, 10, 24], [16, 8, 31, 8, 37], [19, 15, 29, 8, 29], [22, 21, 15, 11, 31], [17, 9, 32, 11, 31], [40, 4, 26, 6, 24], [36, 3, 26, 13, 22], [25, 12, 33, 7, 23], [31, 3, 22, 11, 33], [32, 9, 23, 12, 24], [36, 5, 23, 11, 25], [31, 6, 21, 16, 26], [28, 4, 29, 7, 32], [33, 9, 26, 8, 24], [25, 9, 29, 16, 21], [38, 8, 25, 9, 20], [33, 8, 24, 6, 29]], "lambda_": 0.5, "b": [[63, 12, 13, 12], [68, 9, 11, 12], [67, 10, 13, 10], [52, 13, 20, 15], [67, 12, 12, 9], [71, 10, 9, 10], [67, 13, 16, 4], [55, 16, 14, 15], [61, 15, 11, 13], [55, 13, 13, 19], [59, 13, 14, 14], [57, 11, 14, 18], [45, 38, 5, 12], [18, 63, 9, 10], [19, 64, 9, 8], [11, 68, 8, 13], [14, 61, 14, 11], [11, 69, 14, 6], [9, 71, 14, 6], [15, 59, 12, 14], [19, 63, 11, 7], [14, 55, 17, 14], [10, 62, 13, 15], [11, 62, 11, 16], [17, 65, 9, 9], [11, 13, 63, 13], [6, 15, 62, 17], [16, 9, 68, 7], [16, 18, 53, 13], [11, 19, 53, 17], [14, 12, 55, 19], [18, 12, 62, 8], [13, 7, 73, 7], [16, 15, 60, 9], [13, 14, 59, 14], [11, 14, 61, 14], [19, 12, 54, 15], [9, 9, 40, 42], [5, 12, 13, 70], [11, 10, 14, 65], [12, 11, 14, 63], [14, 11, 16, 59], [9, 7, 15, 69], [7, 6, 16, 71], [15, 13, 15, 57], [7, 12, 12, 69], [10, 15, 17, 58], [11, 10, 22, 57], [12, 12, 12, 64], [11, 15, 15, 59]]}