{"M": 50, "G": 3, "I": 2, "J": 100, "p": [[0.37404082947384554, 0.6259591705261546], [0.7288158454509142, 0.2711841545490858], [0.9585196963066358, 0.04148030369336419]], "r": [[[20, 48], [13, 2], [16, 1]], [[24, 37], [12, 9], [18, 0]], [[29, 37], [12, 5], [17, 0]], [[21, 44], [15, 3], [17, 0]], [[29, 38], [13, 6], [14, 0]], [[29, 34], [16, 3], [18, 0]], [[20, 46], [18, 1], [15, 0]], [[23, 40], [9, 2], [25, 1]], [[17, 54], [9, 4], [15, 1]], [[19, 39], [17, 5], [19, 1]], [[27, 48], [11, 2], [12, 0]], [[25, 41], [12, 10], [12, 0]], [[24, 46], [9, 6], [15, 0]], [[25, 45], [16, 5], [9, 0]], [[22, 41], [14, 5], [17, 1]], [[24, 42], [13, 5], [16, 0]], [[20, 35], [25, 7], [12, 1]], [[6, 6], [55, 18], [14, 1]], [[5, 13], [39, 23], [19, 1]], [[6, 9], [47, 17], [20, 1]], [[8, 6], [52, 12], [20, 2]], [[7, 10], [49, 11], [22, 1]], [[6, 10], [45, 14], [24, 1]], [[5, 11], [47, 23], [14, 0]], [[6, 14], [51, 20], [8, 1]], [[10, 14], [49, 13], [14, 0]], [[7, 9], [50, 18], [15, 1]], [[7, 13], [38, 22], [20, 0]], [[8, 7], [60, 14], [11, 0]], [[6, 6], [50, 19], [19, 0]], [[13, 8], [52, 14], [13, 0]], [[4, 12], [52, 14], [18, 0]], [[9, 8], [52, 23], [8, 0]], [[5, 14], [27, 7], [43, 4]], [[8, 11], [10, 3], [63, 5]], [[4, 14], [14, 5], [61, 2]], [[5, 16], [13, 3], [62, 1]], [[5, 14], [15, 5], [56, 5]], [[5, 9], [12, 4], [64, 6]], [[1, 7], [9, 6], [73, 4]], [[5, 8], [14, 7], [63, 3]], [[4, 13], [8, 6], [67, 2]], [[6, 14], [17, 4], [57, 2]], [[3, 17], [9, 4], [64, 3]], [[5, 10], [13, 3], [67, 2]], [[9, 13], [8, 2], [64, 4]], [[5, 7], [8, 6], [73, 1]], [[9, 9], [9, 6], [64, 3]], [[5, 9], [18, 1], [65, 2]], [[5, 12], [11, 3], [67, 2]]], "n": [[49, 51], [54, 46], [58, 42], [53, 47], [56, 44], [63, 37], [53, 47], [57, 43], [41, 59], [55, 45], [50, 50], [49, 51], [48, 52], [50, 50], [53, 47], [53, 47], [57, 43], [75, 25], [63, 37], [73, 27], [80, 20], [78, 22], [75, 25], [66, 34], [65, 35], [73, 27], [72, 28], [65, 35], [79, 21], [75, 25], [78, 22], [74, 26], [69, 31], [75, 25], [81, 19], [79, 21], [80, 20], [76, 24], [81, 19], [83, 17], [82, 18], [79, 21], [80, 20], [76, 24], [85, 15], [81, 19], [86, 14], [82, 18], [88, 12], [83, 17]], "lambda_": 0.5, "b": [[68, 15, 17], [61, 21, 18], [66, 17, 17], [65, 18, 17], [67, 19, 14], [63, 19, 18], [66, 19, 15], [63, 11, 26], [71, 13, 16], [58, 22, 20], [75, 13, 12], [66, 22, 12], [70, 15, 15], [70, 21, 9], [63, 19, 18], [66, 18, 16], [55, 32, 13], [12, 73, 15], [18, 62, 20], [15, 64, 21], [14, 64, 22], [17, 60, 23], [16, 59, 25], [16, 70, 14], [20, 71, 9], [24, 62, 14], [16, 68, 16], [20, 60, 20], [15, 74, 11], [12, 69, 19], [21, 66, 13], [16, 66, 18], [17, 75, 8], [19, 34, 47], [19, 13, 68], [18, 19, 63], [21, 16, 63], [19, 20, 61], [14, 16, 70], [8, 15, 77], [13, 21, 66], [17, 14, 69], [20, 21, 59], [20, 13, 67], [15, 16, 69], [22, 10, 68], [12, 14, 74], [18, 15, 67], [14, 19, 67], [17, 14, 69]]}