{"M": 50, "G": 2, "I": 4, "J": 100, "p": [[0.24822494433396575, 0.5861123956889586, 5.261675175019628e-05, 0.16561004322532558], [0.17919426202962502, 0.10938868480049078, 0.2327178750757981, 0.478699178094086]], "r": [[[15, 45, 0, 14], [4, 2, 6, 14]], [[21, 36, 0, 16], [6, 4, 5, 12]], [[13, 48, 0, 11], [3, 5, 5, 15]], [[19, 49, 0, 12], [4, 1, 6, 9]], [[26, 39, 0, 13], [4, 4, 6, 8]], [[14, 44, 0, 12], [3, 4, 6, 17]], [[17, 44, 0, 14], [4, 3, 4, 14]], [[15, 44, 0, 17], [7, 1, 5, 11]], [[16, 44, 0, 15], [5, 0, 6, 14]], [[18, 44, 0, 11], [7, 4, 5, 11]], [[14, 48, 0, 15], [5, 4, 4, 10]], [[22, 43, 0, 11], [5, 6, 5, 8]], [[26, 41, 0, 6], [3, 6, 7, 11]], [[21, 49, 0, 10], [1, 4, 6, 9]], [[24, 42, 0, 17], [2, 3, 7, 5]], [[20, 38, 0, 14], [3, 2, 5, 18]], [[20, 40, 0, 22], [1, 4, 7, 6]], [[15, 44, 0, 18], [2, 0, 4, 17]], [[14, 46, 0, 15], [5, 1, 4, 15]], [[21, 40, 0, 14], [4, 3, 4, 14]], [[16, 44, 0, 11], [3, 2, 6, 18]], [[22, 42, 0, 10], [4, 3, 6, 13]], [[10, 55, 0, 10], [6, 2, 4, 13]], [[15, 52, 0, 11], [4, 1, 6, 11]], [[20, 47, 0, 9], [4, 3, 6, 11]], [[4, 19, 0, 3], [12, 11, 14, 37]], [[4, 13, 0, 3], [7, 8, 19, 46]], [[7, 11, 0, 6], [17, 10, 16, 33]], [[5, 11, 0, 2], [14, 7, 22, 39]], [[5, 18, 0, 7], [12, 12, 14, 32]], [[9, 17, 0, 3], [8, 12, 15, 36]], [[6, 15, 0, 5], [14, 9, 20, 31]], [[7, 17, 0, 2], [15, 9, 14, 36]], [[5, 11, 0, 4], [13, 7, 10, 50]], [[5, 17, 0, 6], [17, 10, 17, 28]], [[6, 18, 0, 2], [14, 10, 15, 35]], [[5, 14, 0, 3], [15, 13, 24, 26]], [[9, 12, 0, 4], [10, 9, 16, 40]], [[4, 14, 0, 5], [11, 11, 12, 43]], [[8, 15, 0, 6], [20, 3, 14, 34]], [[7, 15, 0, 2], [15, 9, 17, 35]], [[7, 11, 0, 1], [16, 8, 26, 31]], [[5, 11, 0, 5], [15, 11, 18, 35]], [[3, 15, 0, 5], [17, 8, 15, 37]], [[4, 13, 0, 3], [17, 12, 21, 30]], [[7, 19, 0, 6], [12, 9, 17, 30]], [[5, 8, 0, 3], [10, 11, 21, 42]], [[8, 15, 0, 2], [7, 8, 21, 39]], [[9, 15, 0, 8], [13, 10, 15, 30]], [[8, 17, 0, 3], [14, 1, 18, 39]]], "n": [[19, 47, 6, 28], [27, 40, 5, 28], [16, 53, 5, 26], [23, 50, 6, 21], [30, 43, 6, 21], [17, 48, 6, 29], [21, 47, 4, 28], [22, 45, 5, 28], [21, 44, 6, 29], [25, 48, 5, 22], [19, 52, 4, 25], [27, 49, 5, 19], [29, 47, 7, 17], [22, 53, 6, 19], [26, 45, 7, 22], [23, 40, 5, 32], [21, 44, 7, 28], [17, 44, 4, 35], [19, 47, 4, 30], [25, 43, 4, 28], [19, 46, 6, 29], [26, 45, 6, 23], [16, 57, 4, 23], [19, 53, 6, 22], [24, 50, 6, 20], [16, 30, 14, 40], [11, 21, 19, 49], [24, 21, 16, 39], [19, 18, 22, 41], [17, 30, 14, 39], [17, 29, 15, 39], [20, 24, 20, 36], [22, 26, 14, 38], [18, 18, 10, 54], [22, 27, 17, 34], [20, 28, 15, 37], [20, 27, 24, 29], [19, 21, 16, 44], [15, 25, 12, 48], [28, 18, 14, 40], [22, 24, 17, 37], [23, 19, 26, 32], [20, 22, 18, 40], [20, 23, 15, 42], [21, 25, 21, 33], [19, 28, 17, 36], [15, 19, 21, 45], [15, 23, 21, 41], [22, 25, 15, 38], [22, 18, 18, 42]], "lambda_": 0.5, "b": [[74, 26], [73, 27], [72, 28], [80, 20], [78, 22], [70, 30], [75, 25], [76, 24], [75, 25], [73, 27], [77, 23], [76, 24], [73, 27], [80, 20], [83, 17], [72, 28], [82, 18], [77, 23], [75, 25], [75, 25], [71, 29], [74, 26], [75, 25], [78, 22], [76, 24], [26, 74], [20, 80], [24, 76], [18, 82], [30, 70], [29, 71], [26, 74], [26, 74], [20, 80], [28, 72], [26, 74], [22, 78], [25, 75], [23, 77], [29, 71], [24, 76], [19, 81], [21, 79], [23, 77], [20, 80], [32, 68], [16, 84], [25, 75], [32, 68], [28, 72]]}