{"M": 50, "G": 4, "I": 5, "J": 100, "p": [[0.0742704298794536, 0.0073483541679689336, 0.2324601599456114, 0.48226262845984663, 0.20365842754711935], [0.10906573959976795, 0.002111522340237739, 0.1096872263605117, 0.46684651136059585, 0.3122890003388867], [0.22595248847629812, 0.019867410510385194, 0.38718604755446095, 0.33585447066553586, 0.0311395827933199], [0.5894036311747491, 0.012191405303151244, 0.0731217528737282, 0.22404050883429075, 0.1012427018140808]], "r": [[[5, 0, 12, 33, 14], [1, 0, 1, 5, 3], [4, 0, 5, 2, 0], [6, 0, 3, 3, 3]], [[3, 0, 15, 30, 17], [0, 0, 2, 6, 6], [6, 0, 5, 2, 0], [5, 0, 0, 2, 1]], [[5, 0, 12, 36, 14], [0, 0, 2, 5, 2], [5, 0, 3, 5, 0], [5, 0, 1, 3, 2]], [[3, 0, 16, 35, 17], [1, 0, 0, 3, 8], [0, 0, 8, 2, 0], [7, 0, 0, 0, 0]], [[5, 1, 16, 26, 14], [1, 0, 1, 7, 4], [3, 0, 4, 8, 0], [5, 0, 1, 3, 1]], [[5, 0, 16, 28, 12], [1, 0, 1, 6, 6], [4, 2, 4, 2, 0], [7, 0, 1, 4, 1]], [[4, 2, 13, 28, 13], [0, 0, 2, 6, 9], [0, 0, 2, 6, 0], [11, 0, 0, 2, 2]], [[4, 1, 14, 29, 15], [1, 0, 4, 2, 3], [2, 0, 2, 6, 1], [8, 1, 1, 1, 5]], [[3, 0, 12, 23, 14], [3, 0, 5, 8, 6], [1, 0, 4, 5, 0], [5, 0, 0, 5, 6]], [[1, 0, 16, 28, 16], [0, 0, 2, 11, 3], [2, 0, 5, 2, 2], [7, 0, 0, 5, 0]], [[8, 0, 7, 39, 9], [0, 0, 0, 7, 6], [3, 0, 2, 5, 0], [11, 0, 1, 1, 1]], [[6, 0, 12, 39, 10], [2, 0, 2, 3, 3], [6, 0, 6, 4, 0], [3, 0, 1, 3, 0]], [[2, 0, 8, 18, 5], [3, 0, 5, 19, 11], [8, 0, 6, 2, 1], [7, 0, 1, 1, 3]], [[2, 0, 1, 9, 3], [7, 0, 6, 29, 22], [4, 0, 1, 4, 0], [7, 0, 0, 2, 3]], [[0, 0, 6, 5, 3], [10, 0, 5, 23, 20], [2, 1, 8, 3, 0], [10, 0, 1, 2, 1]], [[0, 0, 2, 6, 1], [6, 0, 8, 35, 19], [1, 0, 4, 5, 0], [7, 0, 1, 4, 1]], [[0, 1, 5, 3, 5], [4, 0, 6, 29, 22], [3, 0, 3, 7, 0], [6, 0, 2, 4, 0]], [[1, 0, 1, 6, 0], [7, 0, 7, 38, 18], [3, 0, 2, 4, 0], [9, 0, 2, 2, 0]], [[1, 0, 3, 8, 1], [7, 0, 5, 33, 20], [0, 0, 4, 4, 0], [5, 1, 2, 3, 3]], [[0, 0, 0, 7, 0], [8, 0, 5, 31, 21], [3, 1, 7, 3, 1], [8, 0, 1, 2, 2]], [[0, 0, 1, 11, 2], [7, 0, 10, 23, 17], [4, 0, 6, 5, 1], [8, 0, 1, 3, 1]], [[0, 0, 2, 1, 5], [4, 0, 3, 43, 19], [4, 0, 5, 5, 1], [3, 0, 1, 0, 4]], [[0, 0, 4, 10, 4], [5, 0, 10, 26, 14], [3, 1, 9, 4, 0], [5, 0, 0, 4, 1]], [[0, 0, 3, 7, 3], [7, 0, 6, 33, 18], [2, 0, 4, 6, 1], [6, 0, 0, 2, 2]], [[1, 0, 4, 5, 3], [3, 1, 0, 31, 23], [1, 0, 8, 4, 0], [9, 0, 1, 5, 1]], [[2, 0, 3, 5, 1], [1, 0, 2, 10, 3], [14, 0, 24, 17, 1], [11, 0, 0, 2, 4]], [[0, 0, 4, 9, 1], [0, 0, 0, 5, 5], [14, 1, 16, 27, 0], [10, 0, 1, 5, 2]], [[0, 0, 3, 7, 5], [1, 0, 2, 7, 4], [14, 2, 25, 17, 1], [6, 0, 3, 2, 1]], [[1, 0, 1, 4, 2], [2, 0, 1, 6, 3], [10, 2, 30, 18, 2], [8, 0, 3, 6, 1]], [[0, 0, 3, 3, 3], [0, 0, 1, 3, 4], [15, 0, 30, 27, 4], [4, 0, 0, 1, 2]], [[1, 0, 3, 6, 0], [1, 0, 1, 2, 9], [17, 1, 29, 16, 0], [8, 0, 1, 4, 1]], [[2, 0, 4, 2, 4], [1, 0, 2, 5, 2], [17, 2, 29, 21, 1], [2, 0, 1, 5, 0]], [[1, 0, 1, 6, 3], [1, 0, 0, 6, 2], [15, 1, 19, 24, 2], [10, 0, 3, 3, 3]], [[1, 0, 2, 5, 6], [0, 0, 3, 5, 4], [18, 1, 25, 13, 1], [13, 0, 1, 1, 1]], [[0, 0, 3, 8, 4], [2, 0, 1, 3, 2], [14, 4, 19, 18, 2], [14, 0, 0, 4, 2]], [[1, 0, 3, 9, 0], [0, 0, 0, 5, 1], [18, 2, 26, 22, 3], [7, 0, 0, 2, 1]], [[2, 1, 2, 4, 2], [2, 0, 4, 6, 7], [13, 1, 27, 16, 1], [6, 0, 2, 3, 1]], [[1, 2, 5, 9, 1], [1, 0, 1, 2, 1], [11, 2, 11, 12, 1], [27, 1, 2, 7, 3]], [[0, 0, 4, 6, 3], [0, 0, 0, 6, 2], [3, 0, 5, 10, 0], [37, 1, 1, 12, 10]], [[2, 0, 4, 6, 2], [4, 0, 2, 4, 3], [0, 0, 5, 3, 1], [32, 4, 12, 13, 3]], [[2, 0, 2, 10, 3], [0, 0, 0, 8, 4], [4, 0, 6, 3, 0], [32, 2, 3, 15, 6]], [[0, 0, 4, 3, 6], [2, 0, 1, 3, 6], [4, 0, 7, 1, 0], [34, 0, 3, 20, 6]], [[1, 0, 2, 8, 2], [1, 0, 2, 3, 6], [0, 0, 2, 3, 1], [47, 1, 4, 10, 7]], [[2, 0, 1, 10, 1], [0, 0, 3, 10, 2], [4, 0, 5, 2, 0], [35, 0, 8, 11, 6]], [[3, 0, 3, 4, 2], [2, 0, 2, 9, 8], [4, 0, 4, 5, 0], [31, 1, 4, 14, 4]], [[1, 0, 2, 4, 3], [2, 0, 0, 10, 8], [7, 0, 6, 3, 1], [30, 1, 4, 14, 4]], [[0, 0, 2, 9, 1], [1, 0, 2, 5, 4], [5, 0, 4, 7, 0], [38, 2, 2, 11, 7]], [[0, 0, 5, 6, 0], [0, 0, 2, 3, 2], [4, 0, 8, 5, 0], [44, 1, 2, 14, 4]], [[0, 0, 3, 8, 2], [3, 0, 3, 3, 3], [1, 0, 2, 3, 0], [41, 3, 5, 15, 5]], [[2, 0, 4, 5, 3], [1, 0, 0, 5, 6], [6, 0, 1, 9, 1], [31, 2, 5, 13, 6]]], "n": [[16, 0, 21, 43, 20], [14, 0, 22, 40, 24], [15, 0, 18, 49, 18], [11, 0, 24, 40, 25], [14, 1, 22, 44, 19], [17, 2, 22, 40, 19], [15, 2, 17, 42, 24], [15, 2, 21, 38, 24], [12, 0, 21, 41, 26], [10, 0, 23, 46, 21], [22, 0, 10, 52, 16], [17, 0, 21, 49, 13], [20, 0, 20, 40, 20], [20, 0, 8, 44, 28], [22, 1, 20, 33, 24], [14, 0, 15, 50, 21], [13, 1, 16, 43, 27], [20, 0, 12, 50, 18], [13, 1, 14, 48, 24], [19, 1, 13, 43, 24], [19, 0, 18, 42, 21], [11, 0, 11, 49, 29], [13, 1, 23, 44, 19], [15, 0, 13, 48, 24], [14, 1, 13, 45, 27], [28, 0, 29, 34, 9], [24, 1, 21, 46, 8], [21, 2, 33, 33, 11], [21, 2, 35, 34, 8], [19, 0, 34, 34, 13], [27, 1, 34, 28, 10], [22, 2, 36, 33, 7], [27, 1, 23, 39, 10], [32, 1, 31, 24, 12], [30, 4, 23, 33, 10], [26, 2, 29, 38, 5], [23, 2, 35, 29, 11], [40, 5, 19, 30, 6], [40, 1, 10, 34, 15], [38, 4, 23, 26, 9], [38, 2, 11, 36, 13], [40, 0, 15, 27, 18], [49, 1, 10, 24, 16], [41, 0, 17, 33, 9], [40, 1, 13, 32, 14], [40, 1, 12, 31, 16], [44, 2, 10, 32, 12], [48, 1, 17, 28, 6], [45, 3, 13, 29, 10], [40, 2, 10, 32, 16]], "lambda_": 0.5, "b": [[64, 10, 11, 15], [65, 14, 13, 8], [67, 9, 13, 11], [71, 12, 10, 7], [62, 13, 15, 10], [61, 14, 12, 13], [60, 17, 8, 15], [63, 10, 11, 16], [52, 22, 10, 16], [61, 16, 11, 12], [63, 13, 10, 14], [67, 10, 16, 7], [33, 38, 17, 12], [15, 64, 9, 12], [14, 58, 14, 14], [9, 68, 10, 13], [14, 61, 13, 12], [8, 70, 9, 13], [13, 65, 8, 14], [7, 65, 15, 13], [14, 57, 16, 13], [8, 69, 15, 8], [18, 55, 17, 10], [13, 64, 13, 10], [13, 58, 13, 16], [11, 16, 56, 17], [14, 10, 58, 18], [15, 14, 59, 12], [8, 12, 62, 18], [9, 8, 76, 7], [10, 13, 63, 14], [12, 10, 70, 8], [11, 9, 61, 19], [14, 12, 58, 16], [15, 8, 57, 20], [13, 6, 71, 10], [11, 19, 58, 12], [18, 5, 37, 40], [13, 8, 18, 61], [14, 13, 9, 64], [17, 12, 13, 58], [13, 12, 12, 63], [13, 12, 6, 69], [14, 15, 11, 60], [12, 21, 13, 54], [10, 20, 17, 53], [12, 12, 16, 60], [11, 7, 17, 65], [13, 12, 6, 69], [14, 12, 17, 57]]}