{"M": 50, "G": 3, "I": 5, "J": 100, "p": [[0.0742704298794536, 0.0073483541679689336, 0.2324601599456114, 0.48226262845984663, 0.20365842754711935], [0.10906573959976795, 0.002111522340237739, 0.1096872263605117, 0.46684651136059585, 0.3122890003388867], [0.22595248847629812, 0.019867410510385194, 0.38718604755446095, 0.33585447066553586, 0.0311395827933199]], "r": [[[6, 1, 10, 36, 13], [0, 0, 3, 8, 5], [3, 0, 9, 6, 0]], [[6, 0, 10, 27, 26], [3, 0, 1, 9, 2], [3, 0, 8, 5, 0]], [[3, 0, 18, 36, 14], [1, 0, 1, 8, 4], [5, 0, 6, 4, 0]], [[2, 0, 18, 32, 20], [0, 0, 1, 14, 4], [2, 0, 3, 4, 0]], [[7, 0, 17, 34, 12], [0, 0, 1, 10, 5], [2, 0, 6, 6, 0]], [[3, 1, 19, 31, 12], [3, 1, 0, 9, 4], [5, 1, 4, 6, 1]], [[6, 1, 20, 32, 10], [1, 0, 3, 6, 5], [1, 0, 11, 3, 1]], [[6, 1, 13, 29, 17], [5, 0, 1, 6, 2], [5, 0, 8, 6, 1]], [[2, 0, 11, 34, 11], [0, 0, 0, 11, 11], [2, 0, 9, 8, 1]], [[3, 0, 18, 35, 13], [1, 0, 1, 6, 2], [6, 0, 10, 5, 0]], [[8, 0, 12, 35, 11], [1, 0, 2, 11, 4], [4, 0, 5, 5, 2]], [[2, 0, 13, 39, 18], [1, 0, 1, 7, 4], [2, 0, 6, 7, 0]], [[4, 0, 16, 35, 7], [1, 0, 0, 10, 10], [1, 2, 8, 5, 1]], [[7, 0, 17, 30, 17], [4, 0, 1, 6, 5], [3, 0, 5, 3, 2]], [[4, 0, 20, 25, 15], [2, 0, 2, 5, 5], [5, 0, 9, 8, 0]], [[4, 0, 18, 32, 14], [2, 0, 4, 5, 4], [3, 1, 5, 7, 1]], [[4, 0, 16, 21, 11], [2, 0, 6, 13, 13], [2, 0, 8, 4, 0]], [[4, 0, 4, 5, 1], [11, 0, 3, 33, 24], [2, 0, 8, 5, 0]], [[1, 0, 1, 12, 4], [7, 0, 5, 34, 20], [2, 1, 6, 7, 0]], [[1, 1, 3, 5, 2], [8, 0, 6, 35, 18], [6, 0, 6, 8, 1]], [[1, 0, 6, 7, 2], [6, 0, 12, 29, 18], [3, 1, 7, 7, 1]], [[1, 0, 2, 4, 2], [6, 0, 8, 37, 22], [5, 0, 4, 9, 0]], [[1, 0, 3, 13, 5], [7, 0, 2, 28, 23], [3, 0, 9, 5, 1]], [[2, 0, 5, 6, 5], [6, 0, 7, 32, 17], [3, 0, 8, 9, 0]], [[1, 0, 4, 9, 1], [8, 1, 5, 27, 25], [3, 2, 9, 5, 0]], [[1, 0, 4, 5, 2], [9, 0, 6, 30, 22], [6, 0, 4, 11, 0]], [[2, 0, 3, 9, 4], [11, 0, 7, 26, 18], [5, 1, 3, 9, 2]], [[1, 0, 5, 10, 5], [7, 0, 9, 28, 22], [2, 0, 4, 6, 1]], [[0, 0, 3, 6, 4], [6, 0, 7, 29, 28], [2, 1, 6, 6, 2]], [[0, 0, 5, 6, 0], [7, 0, 10, 35, 23], [3, 0, 9, 2, 0]], [[0, 0, 1, 8, 2], [8, 0, 6, 36, 18], [6, 0, 10, 5, 0]], [[0, 0, 3, 7, 2], [10, 0, 6, 31, 23], [6, 1, 9, 2, 0]], [[2, 0, 2, 10, 3], [12, 0, 4, 30, 20], [1, 1, 7, 8, 0]], [[1, 1, 2, 8, 3], [3, 0, 2, 18, 9], [15, 2, 16, 20, 0]], [[0, 0, 5, 7, 1], [2, 0, 0, 10, 4], [16, 1, 29, 20, 5]], [[3, 1, 6, 9, 3], [2, 0, 4, 5, 1], [19, 0, 25, 19, 3]], [[0, 0, 3, 10, 6], [1, 0, 1, 9, 4], [18, 1, 28, 17, 2]], [[0, 0, 5, 9, 7], [1, 0, 1, 7, 4], [18, 3, 19, 24, 2]], [[0, 0, 6, 4, 4], [3, 0, 1, 10, 2], [15, 3, 28, 23, 1]], [[2, 0, 2, 16, 3], [3, 0, 2, 7, 3], [8, 0, 28, 24, 2]], [[3, 1, 7, 5, 3], [4, 0, 0, 12, 5], [11, 3, 22, 21, 3]], [[0, 1, 4, 6, 6], [1, 0, 0, 7, 2], [25, 1, 27, 19, 1]], [[3, 0, 1, 9, 1], [1, 0, 3, 8, 4], [20, 0, 24, 21, 5]], [[1, 0, 5, 10, 3], [2, 0, 1, 9, 4], [22, 3, 23, 15, 2]], [[0, 0, 3, 14, 3], [2, 0, 4, 17, 8], [9, 2, 18, 16, 4]], [[0, 0, 2, 8, 4], [2, 0, 5, 11, 8], [17, 1, 16, 26, 0]], [[1, 0, 5, 7, 6], [1, 0, 3, 10, 6], [12, 1, 18, 29, 1]], [[0, 1, 1, 9, 2], [2, 1, 1, 6, 6], [19, 1, 25, 25, 1]], [[4, 0, 1, 9, 4], [1, 0, 0, 6, 6], [18, 1, 30, 20, 0]], [[1, 0, 1, 13, 3], [0, 0, 1, 8, 7], [20, 2, 24, 18, 2]]], "n": [[9, 1, 22, 50, 18], [12, 0, 19, 41, 28], [9, 0, 25, 48, 18], [4, 0, 22, 50, 24], [9, 0, 24, 50, 17], [11, 3, 23, 46, 17], [8, 1, 34, 41, 16], [16, 1, 22, 41, 20], [4, 0, 20, 53, 23], [10, 0, 29, 46, 15], [13, 0, 19, 51, 17], [5, 0, 20, 53, 22], [6, 2, 24, 50, 18], [14, 0, 23, 39, 24], [11, 0, 31, 38, 20], [9, 1, 27, 44, 19], [8, 0, 30, 38, 24], [17, 0, 15, 43, 25], [10, 1, 12, 53, 24], [15, 1, 15, 48, 21], [10, 1, 25, 43, 21], [12, 0, 14, 50, 24], [11, 0, 14, 46, 29], [11, 0, 20, 47, 22], [12, 3, 18, 41, 26], [16, 0, 14, 46, 24], [18, 1, 13, 44, 24], [10, 0, 18, 44, 28], [8, 1, 16, 41, 34], [10, 0, 24, 43, 23], [14, 0, 17, 49, 20], [16, 1, 18, 40, 25], [15, 1, 13, 48, 23], [19, 3, 20, 46, 12], [18, 1, 34, 37, 10], [24, 1, 35, 33, 7], [19, 1, 32, 36, 12], [19, 3, 25, 40, 13], [18, 3, 35, 37, 7], [13, 0, 32, 47, 8], [18, 4, 29, 38, 11], [26, 2, 31, 32, 9], [24, 0, 28, 38, 10], [25, 3, 29, 34, 9], [11, 2, 25, 47, 15], [19, 1, 23, 45, 12], [14, 1, 26, 46, 13], [21, 3, 27, 40, 9], [23, 1, 31, 35, 10], [21, 2, 26, 39, 12]], "lambda_": 0.5, "b": [[66, 16, 18], [69, 15, 16], [71, 14, 15], [72, 19, 9], [70, 16, 14], [66, 17, 17], [69, 15, 16], [66, 14, 20], [58, 22, 20], [69, 10, 21], [66, 18, 16], [72, 13, 15], [62, 21, 17], [71, 16, 13], [64, 14, 22], [68, 15, 17], [52, 34, 14], [14, 71, 15], [18, 66, 16], [12, 67, 21], [16, 65, 19], [9, 73, 18], [22, 60, 18], [18, 62, 20], [15, 66, 19], [12, 67, 21], [18, 62, 20], [21, 66, 13], [13, 70, 17], [11, 75, 14], [11, 68, 21], [12, 70, 18], [17, 66, 17], [15, 32, 53], [13, 16, 71], [22, 12, 66], [19, 15, 66], [21, 13, 66], [14, 16, 70], [23, 15, 62], [19, 21, 60], [17, 10, 73], [14, 16, 70], [19, 16, 65], [20, 31, 49], [14, 26, 60], [19, 20, 61], [13, 16, 71], [18, 13, 69], [18, 16, 66]]}