{"M": 50, "G": 2, "I": 2, "J": 100, "p": [[0.37404082947384554, 0.6259591705261546], [0.7288158454509142, 0.2711841545490858]], "r": [[[26, 50], [20, 4]], [[32, 41], [18, 9]], [[31, 43], [23, 3]], [[30, 47], [19, 4]], [[24, 54], [16, 6]], [[30, 47], [17, 6]], [[20, 49], [26, 5]], [[22, 48], [23, 7]], [[29, 51], [12, 8]], [[31, 38], [23, 8]], [[35, 43], [19, 3]], [[31, 46], [12, 11]], [[28, 52], [15, 5]], [[32, 51], [12, 5]], [[29, 48], [17, 6]], [[25, 45], [19, 11]], [[28, 53], [12, 7]], [[24, 48], [20, 8]], [[26, 51], [15, 8]], [[33, 38], [19, 10]], [[22, 52], [18, 8]], [[31, 44], [18, 7]], [[21, 49], [20, 10]], [[36, 40], [20, 4]], [[24, 54], [17, 5]], [[7, 20], [60, 13]], [[4, 16], [61, 19]], [[9, 18], [49, 24]], [[10, 15], [51, 24]], [[13, 13], [58, 16]], [[11, 17], [55, 17]], [[6, 14], [54, 26]], [[7, 19], [59, 15]], [[8, 17], [57, 18]], [[15, 19], [44, 22]], [[11, 19], [51, 19]], [[13, 18], [43, 26]], [[13, 13], [58, 16]], [[11, 15], [59, 15]], [[6, 10], [60, 24]], [[7, 12], [62, 19]], [[4, 23], [55, 18]], [[17, 13], [42, 28]], [[7, 14], [60, 19]], [[9, 16], [58, 17]], [[10, 14], [48, 28]], [[9, 12], [61, 18]], [[8, 14], [63, 15]], [[11, 12], [60, 17]], [[11, 10], [61, 18]]], "n": [[46, 54], [50, 50], [54, 46], [49, 51], [40, 60], [47, 53], [46, 54], [45, 55], [41, 59], [54, 46], [54, 46], [43, 57], [43, 57], [44, 56], [46, 54], [44, 56], [40, 60], [44, 56], [41, 59], [52, 48], [40, 60], [49, 51], [41, 59], [56, 44], [41, 59], [67, 33], [65, 35], [58, 42], [61, 39], [71, 29], [66, 34], [60, 40], [66, 34], [65, 35], [59, 41], [62, 38], [56, 44], [71, 29], [70, 30], [66, 34], [69, 31], [59, 41], [59, 41], [67, 33], [67, 33], [58, 42], [70, 30], [71, 29], [71, 29], [72, 28]], "lambda_": 0.5, "b": [[76, 24], [73, 27], [74, 26], [77, 23], [78, 22], [77, 23], [69, 31], [70, 30], [80, 20], [69, 31], [78, 22], [77, 23], [80, 20], [83, 17], [77, 23], [70, 30], [81, 19], [72, 28], [77, 23], [71, 29], [74, 26], [75, 25], [70, 30], [76, 24], [78, 22], [27, 73], [20, 80], [27, 73], [25, 75], [26, 74], [28, 72], [20, 80], [26, 74], [25, 75], [34, 66], [30, 70], [31, 69], [26, 74], [26, 74], [16, 84], [19, 81], [27, 73], [30, 70], [21, 79], [25, 75], [24, 76], [21, 79], [22, 78], [23, 77], [21, 79]]}