{"M": 50, "G": 2, "I": 5, "J": 100, "p": [[0.11895137105452967, 0.25770294108928515, 0.07244449256533461, 0.023960336247350313, 0.5269408590435002], [0.3120605441787004, 0.29648936342259824, 0.2504135622442427, 0.011641851525571994, 0.12939467862888676]], "r": [[[7, 20, 5, 2, 42], [8, 6, 7, 0, 3]], [[6, 22, 4, 0, 41], [8, 10, 7, 0, 2]], [[5, 15, 7, 0, 44], [11, 9, 7, 0, 2]], [[8, 21, 6, 1, 34], [9, 9, 9, 0, 3]], [[14, 14, 4, 0, 31], [18, 8, 3, 0, 8]], [[9, 16, 3, 2, 36], [12, 4, 10, 0, 8]], [[11, 20, 6, 3, 46], [3, 4, 5, 0, 2]], [[10, 15, 11, 0, 50], [4, 2, 5, 0, 3]], [[7, 19, 8, 2, 44], [6, 3, 9, 0, 2]], [[11, 19, 5, 2, 39], [9, 5, 5, 0, 5]], [[8, 26, 2, 3, 40], [6, 6, 8, 0, 1]], [[6, 18, 7, 2, 44], [8, 7, 5, 0, 3]], [[8, 31, 5, 2, 33], [7, 7, 4, 0, 3]], [[4, 21, 3, 1, 51], [15, 3, 1, 0, 1]], [[9, 20, 4, 3, 41], [10, 6, 2, 0, 5]], [[4, 20, 5, 0, 41], [7, 9, 9, 0, 5]], [[16, 19, 4, 1, 37], [9, 5, 7, 0, 2]], [[9, 17, 5, 4, 40], [11, 8, 4, 0, 2]], [[6, 16, 7, 2, 48], [6, 7, 6, 0, 2]], [[11, 9, 6, 3, 48], [9, 7, 3, 0, 4]], [[14, 19, 5, 1, 43], [5, 3, 6, 0, 4]], [[12, 18, 4, 3, 41], [7, 5, 7, 0, 3]], [[9, 21, 7, 3, 32], [10, 5, 8, 1, 4]], [[8, 17, 7, 0, 42], [11, 6, 7, 0, 2]], [[14, 15, 7, 1, 33], [6, 12, 9, 1, 2]], [[3, 2, 0, 1, 16], [27, 25, 18, 2, 6]], [[5, 1, 2, 0, 18], [19, 26, 22, 0, 7]], [[1, 15, 5, 1, 10], [19, 25, 16, 2, 6]], [[5, 8, 2, 0, 8], [20, 16, 24, 2, 15]], [[2, 5, 1, 0, 12], [33, 16, 17, 0, 14]], [[4, 4, 2, 1, 18], [18, 26, 19, 1, 7]], [[4, 5, 3, 1, 15], [26, 19, 16, 0, 11]], [[3, 3, 3, 0, 9], [22, 22, 24, 1, 13]], [[1, 8, 0, 0, 6], [22, 30, 22, 2, 9]], [[3, 6, 3, 1, 16], [28, 23, 13, 0, 7]], [[2, 6, 2, 2, 10], [23, 28, 12, 1, 14]], [[1, 8, 1, 0, 15], [17, 24, 21, 3, 10]], [[0, 7, 1, 0, 11], [28, 25, 19, 3, 6]], [[2, 4, 4, 0, 22], [25, 22, 16, 0, 5]], [[2, 5, 2, 2, 10], [25, 18, 22, 0, 14]], [[7, 6, 1, 0, 17], [17, 22, 19, 1, 10]], [[4, 6, 1, 0, 15], [17, 21, 29, 0, 7]], [[2, 5, 2, 0, 14], [26, 22, 20, 0, 9]], [[1, 5, 6, 0, 13], [20, 27, 18, 3, 7]], [[4, 8, 1, 1, 10], [29, 21, 13, 0, 13]], [[2, 8, 1, 0, 12], [23, 22, 23, 0, 9]], [[1, 6, 2, 0, 15], [23, 22, 22, 1, 8]], [[4, 2, 1, 0, 13], [19, 22, 27, 1, 11]], [[3, 8, 5, 0, 9], [12, 17, 25, 3, 18]], [[3, 5, 1, 1, 17], [29, 13, 21, 0, 10]]], "n": [[15, 26, 12, 2, 45], [14, 32, 11, 0, 43], [16, 24, 14, 0, 46], [17, 30, 15, 1, 37], [32, 22, 7, 0, 39], [21, 20, 13, 2, 44], [14, 24, 11, 3, 48], [14, 17, 16, 0, 53], [13, 22, 17, 2, 46], [20, 24, 10, 2, 44], [14, 32, 10, 3, 41], [14, 25, 12, 2, 47], [15, 38, 9, 2, 36], [19, 24, 4, 1, 52], [19, 26, 6, 3, 46], [11, 29, 14, 0, 46], [25, 24, 11, 1, 39], [20, 25, 9, 4, 42], [12, 23, 13, 2, 50], [20, 16, 9, 3, 52], [19, 22, 11, 1, 47], [19, 23, 11, 3, 44], [19, 26, 15, 4, 36], [19, 23, 14, 0, 44], [20, 27, 16, 2, 35], [30, 27, 18, 3, 22], [24, 27, 24, 0, 25], [20, 40, 21, 3, 16], [25, 24, 26, 2, 23], [35, 21, 18, 0, 26], [22, 30, 21, 2, 25], [30, 24, 19, 1, 26], [25, 25, 27, 1, 22], [23, 38, 22, 2, 15], [31, 29, 16, 1, 23], [25, 34, 14, 3, 24], [18, 32, 22, 3, 25], [28, 32, 20, 3, 17], [27, 26, 20, 0, 27], [27, 23, 24, 2, 24], [24, 28, 20, 1, 27], [21, 27, 30, 0, 22], [28, 27, 22, 0, 23], [21, 32, 24, 3, 20], [33, 29, 14, 1, 23], [25, 30, 24, 0, 21], [24, 28, 24, 1, 23], [23, 24, 28, 1, 24], [15, 25, 30, 3, 27], [32, 18, 22, 1, 27]], "lambda_": 0.5, "b": [[76, 24], [73, 27], [71, 29], [70, 30], [63, 37], [66, 34], [86, 14], [86, 14], [80, 20], [76, 24], [79, 21], [77, 23], [79, 21], [80, 20], [77, 23], [70, 30], [77, 23], [75, 25], [79, 21], [77, 23], [82, 18], [78, 22], [72, 28], [74, 26], [70, 30], [22, 78], [26, 74], [32, 68], [23, 77], [20, 80], [29, 71], [28, 72], [18, 82], [15, 85], [29, 71], [22, 78], [25, 75], [19, 81], [32, 68], [21, 79], [31, 69], [26, 74], [23, 77], [25, 75], [24, 76], [23, 77], [24, 76], [20, 80], [25, 75], [27, 73]]}