{"M": 50, "G": 4, "I": 2, "J": 100, "p": [[0.014743209941968996, 0.9852567900580309], [0.8265656098094235, 0.17343439019057644], [0.3833014274177446, 0.6166985725822555], [0.6553252693079367, 0.3446747306920634]], "r": [[[0, 59], [10, 2], [5, 6], [11, 7]], [[0, 57], [10, 1], [6, 8], [13, 5]], [[2, 64], [12, 2], [5, 5], [4, 6]], [[0, 64], [12, 3], [4, 8], [7, 2]], [[1, 60], [9, 2], [8, 10], [6, 4]], [[0, 65], [11, 1], [6, 5], [10, 2]], [[0, 68], [10, 1], [6, 7], [4, 4]], [[1, 70], [8, 0], [2, 7], [7, 5]], [[0, 59], [14, 3], [4, 7], [6, 7]], [[0, 63], [7, 2], [5, 8], [13, 2]], [[0, 62], [15, 0], [3, 5], [10, 5]], [[0, 62], [14, 4], [5, 8], [6, 1]], [[0, 35], [25, 10], [9, 8], [11, 2]], [[0, 10], [60, 11], [3, 4], [7, 5]], [[0, 9], [52, 13], [5, 9], [5, 7]], [[1, 6], [54, 15], [4, 8], [8, 4]], [[0, 11], [65, 8], [5, 2], [4, 5]], [[0, 12], [54, 7], [4, 6], [13, 4]], [[1, 9], [52, 9], [3, 9], [10, 7]], [[0, 15], [51, 13], [7, 1], [9, 4]], [[0, 12], [46, 18], [3, 9], [8, 4]], [[0, 11], [49, 10], [3, 10], [11, 6]], [[0, 11], [57, 13], [2, 3], [5, 9]], [[0, 11], [49, 8], [7, 14], [8, 3]], [[0, 8], [56, 8], [6, 13], [7, 2]], [[0, 10], [11, 2], [17, 40], [16, 4]], [[0, 13], [8, 1], [28, 43], [7, 0]], [[0, 11], [12, 1], [29, 38], [3, 6]], [[1, 11], [7, 2], [31, 34], [10, 4]], [[0, 14], [10, 1], [20, 43], [7, 5]], [[0, 17], [13, 3], [25, 29], [7, 6]], [[0, 14], [2, 3], [18, 46], [11, 6]], [[0, 8], [7, 1], [23, 46], [11, 4]], [[0, 13], [13, 0], [22, 40], [11, 1]], [[2, 8], [8, 1], [25, 44], [5, 7]], [[0, 18], [5, 2], [26, 34], [12, 3]], [[0, 11], [9, 4], [21, 35], [11, 9]], [[0, 13], [7, 2], [9, 32], [27, 10]], [[0, 11], [10, 2], [4, 7], [39, 27]], [[0, 11], [9, 1], [5, 8], [46, 20]], [[0, 12], [9, 2], [4, 6], [43, 24]], [[0, 17], [7, 1], [5, 5], [36, 29]], [[1, 15], [13, 2], [6, 9], [36, 18]], [[0, 13], [9, 3], [5, 7], [49, 14]], [[0, 16], [14, 1], [3, 5], [38, 23]], [[0, 14], [12, 4], [8, 8], [41, 13]], [[0, 16], [10, 1], [7, 9], [36, 21]], [[1, 16], [14, 3], [9, 5], [33, 19]], [[2, 13], [7, 1], [4, 7], [46, 20]], [[0, 11], [11, 3], [6, 10], [41, 18]]], "n": [[26, 74], [29, 71], [23, 77], [23, 77], [24, 76], [27, 73], [20, 80], [18, 82], [24, 76], [25, 75], [28, 72], [25, 75], [45, 55], [70, 30], [62, 38], [67, 33], [74, 26], [71, 29], [66, 34], [67, 33], [57, 43], [63, 37], [64, 36], [64, 36], [69, 31], [44, 56], [43, 57], [44, 56], [49, 51], [37, 63], [45, 55], [31, 69], [41, 59], [46, 54], [40, 60], [43, 57], [41, 59], [43, 57], [53, 47], [60, 40], [56, 44], [48, 52], [56, 44], [63, 37], [55, 45], [61, 39], [53, 47], [57, 43], [59, 41], [58, 42]], "lambda_": 0.5, "b": [[59, 12, 11, 18], [57, 11, 14, 18], [66, 14, 10, 10], [64, 15, 12, 9], [61, 11, 18, 10], [65, 12, 11, 12], [68, 11, 13, 8], [71, 8, 9, 12], [59, 17, 11, 13], [63, 9, 13, 15], [62, 15, 8, 15], [62, 18, 13, 7], [35, 35, 17, 13], [10, 71, 7, 12], [9, 65, 14, 12], [7, 69, 12, 12], [11, 73, 7, 9], [12, 61, 10, 17], [10, 61, 12, 17], [15, 64, 8, 13], [12, 64, 12, 12], [11, 59, 13, 17], [11, 70, 5, 14], [11, 57, 21, 11], [8, 64, 19, 9], [10, 13, 57, 20], [13, 9, 71, 7], [11, 13, 67, 9], [12, 9, 65, 14], [14, 11, 63, 12], [17, 16, 54, 13], [14, 5, 64, 17], [8, 8, 69, 15], [13, 13, 62, 12], [10, 9, 69, 12], [18, 7, 60, 15], [11, 13, 56, 20], [13, 9, 41, 37], [11, 12, 11, 66], [11, 10, 13, 66], [12, 11, 10, 67], [17, 8, 10, 65], [16, 15, 15, 54], [13, 12, 12, 63], [16, 15, 8, 61], [14, 16, 16, 54], [16, 11, 16, 57], [17, 17, 14, 52], [15, 8, 11, 66], [11, 14, 16, 59]]}