{"M": 50, "G": 2, "I": 2, "J": 100, "p": [[0.32718470976908715, 0.6728152902309128], [0.9960618458151494, 0.003938154184850614]], "r": [[[25, 47], [28, 0]], [[25, 47], [28, 0]], [[23, 57], [20, 0]], [[13, 60], [27, 0]], [[27, 43], [30, 0]], [[24, 55], [21, 0]], [[22, 54], [24, 0]], [[23, 51], [26, 0]], [[35, 47], [18, 0]], [[19, 53], [28, 0]], [[20, 53], [27, 0]], [[39, 41], [18, 2]], [[21, 53], [26, 0]], [[26, 50], [24, 0]], [[26, 45], [29, 0]], [[12, 55], [33, 0]], [[28, 47], [25, 0]], [[26, 49], [25, 0]], [[16, 55], [29, 0]], [[18, 59], [23, 0]], [[29, 46], [25, 0]], [[29, 43], [27, 1]], [[32, 44], [24, 0]], [[28, 49], [23, 0]], [[26, 50], [24, 0]], [[4, 16], [80, 0]], [[8, 17], [75, 0]], [[7, 14], [76, 3]], [[5, 19], [76, 0]], [[8, 11], [80, 1]], [[6, 26], [68, 0]], [[11, 10], [79, 0]], [[5, 28], [67, 0]], [[7, 14], [79, 0]], [[5, 17], [77, 1]], [[9, 10], [81, 0]], [[10, 18], [72, 0]], [[9, 15], [75, 1]], [[5, 18], [77, 0]], [[9, 24], [67, 0]], [[8, 15], [77, 0]], [[9, 16], [75, 0]], [[6, 19], [75, 0]], [[4, 15], [81, 0]], [[10, 22], [67, 1]], [[10, 19], [71, 0]], [[13, 16], [71, 0]], [[8, 27], [65, 0]], [[8, 17], [75, 0]], [[4, 26], [70, 0]]], "n": [[53, 47], [53, 47], [43, 57], [40, 60], [57, 43], [45, 55], [46, 54], [49, 51], [53, 47], [47, 53], [47, 53], [57, 43], [47, 53], [50, 50], [55, 45], [45, 55], [53, 47], [51, 49], [45, 55], [41, 59], [54, 46], [56, 44], [56, 44], [51, 49], [50, 50], [84, 16], [83, 17], [83, 17], [81, 19], [88, 12], [74, 26], [90, 10], [72, 28], [86, 14], [82, 18], [90, 10], [82, 18], [84, 16], [82, 18], [76, 24], [85, 15], [84, 16], [81, 19], [85, 15], [77, 23], [81, 19], [84, 16], [73, 27], [83, 17], [74, 26]], "lambda_": 0.5, "b": [[72, 28], [72, 28], [80, 20], [73, 27], [70, 30], [79, 21], [76, 24], [74, 26], [82, 18], [72, 28], [73, 27], [80, 20], [74, 26], [76, 24], [71, 29], [67, 33], [75, 25], [75, 25], [71, 29], [77, 23], [75, 25], [72, 28], [76, 24], [77, 23], [76, 24], [20, 80], [25, 75], [21, 79], [24, 76], [19, 81], [32, 68], [21, 79], [33, 67], [21, 79], [22, 78], [19, 81], [28, 72], [24, 76], [23, 77], [33, 67], [23, 77], [25, 75], [25, 75], [19, 81], [32, 68], [29, 71], [29, 71], [35, 65], [25, 75], [30, 70]]}