{"M": 50, "G": 2, "I": 5, "J": 100, "p": [[0.0742704298794536, 0.0073483541679689336, 0.2324601599456114, 0.48226262845984663, 0.20365842754711935], [0.10906573959976795, 0.002111522340237739, 0.1096872263605117, 0.46684651136059585, 0.3122890003388867]], "r": [[[8, 1, 12, 40, 12], [2, 0, 2, 12, 11]], [[7, 0, 15, 29, 18], [1, 1, 3, 17, 9]], [[8, 0, 21, 40, 9], [4, 0, 3, 13, 2]], [[2, 1, 24, 42, 17], [0, 0, 4, 5, 5]], [[3, 0, 18, 37, 21], [6, 0, 2, 6, 7]], [[4, 0, 22, 33, 15], [6, 0, 3, 12, 5]], [[8, 1, 14, 37, 14], [9, 0, 0, 9, 8]], [[3, 0, 13, 41, 22], [1, 0, 1, 12, 7]], [[3, 0, 16, 38, 12], [4, 0, 1, 17, 9]], [[2, 0, 19, 39, 19], [2, 0, 2, 9, 8]], [[7, 0, 13, 40, 13], [5, 0, 0, 8, 14]], [[7, 1, 15, 38, 15], [4, 0, 4, 9, 7]], [[2, 0, 20, 39, 15], [5, 0, 1, 11, 7]], [[8, 0, 17, 42, 15], [2, 0, 3, 9, 4]], [[4, 0, 21, 27, 18], [1, 0, 3, 21, 5]], [[5, 1, 21, 36, 10], [1, 0, 2, 14, 10]], [[4, 0, 15, 41, 13], [5, 0, 5, 10, 7]], [[4, 1, 16, 44, 16], [3, 0, 1, 9, 6]], [[7, 0, 15, 40, 14], [3, 0, 4, 11, 6]], [[4, 0, 15, 35, 19], [1, 0, 3, 14, 9]], [[4, 1, 20, 35, 16], [3, 0, 7, 10, 4]], [[5, 0, 14, 42, 14], [0, 0, 3, 8, 14]], [[7, 2, 18, 33, 15], [3, 0, 4, 10, 8]], [[5, 0, 14, 35, 19], [3, 0, 5, 11, 8]], [[6, 1, 15, 31, 16], [4, 0, 4, 17, 6]], [[0, 0, 8, 9, 8], [10, 0, 12, 38, 15]], [[2, 0, 6, 9, 3], [14, 0, 12, 35, 19]], [[4, 1, 4, 11, 10], [6, 1, 6, 35, 22]], [[0, 0, 5, 12, 6], [5, 2, 7, 40, 23]], [[3, 0, 4, 11, 4], [6, 0, 12, 37, 23]], [[1, 0, 3, 15, 3], [11, 0, 2, 42, 23]], [[2, 0, 6, 16, 3], [10, 0, 4, 37, 22]], [[1, 0, 6, 12, 5], [13, 2, 4, 32, 25]], [[1, 1, 2, 13, 6], [13, 0, 10, 28, 26]], [[2, 0, 5, 10, 5], [5, 0, 14, 36, 23]], [[2, 1, 6, 12, 2], [10, 0, 10, 37, 20]], [[2, 0, 6, 15, 6], [4, 0, 6, 36, 25]], [[2, 0, 5, 14, 6], [10, 0, 13, 33, 17]], [[2, 0, 7, 11, 4], [9, 0, 2, 31, 34]], [[0, 1, 7, 9, 5], [10, 0, 8, 35, 25]], [[2, 0, 8, 18, 4], [7, 0, 9, 32, 20]], [[0, 0, 2, 12, 7], [9, 1, 7, 38, 24]], [[0, 0, 5, 16, 2], [10, 0, 12, 29, 26]], [[2, 1, 2, 14, 8], [7, 0, 6, 29, 31]], [[3, 0, 5, 17, 5], [5, 0, 7, 40, 18]], [[0, 0, 8, 17, 2], [7, 0, 9, 27, 30]], [[1, 0, 3, 16, 6], [14, 0, 11, 32, 17]], [[1, 0, 4, 6, 5], [11, 0, 7, 38, 28]], [[1, 0, 6, 10, 9], [7, 0, 9, 40, 18]], [[1, 0, 8, 15, 6], [5, 0, 4, 38, 23]]], "n": [[10, 1, 14, 52, 23], [8, 1, 18, 46, 27], [12, 0, 24, 53, 11], [2, 1, 28, 47, 22], [9, 0, 20, 43, 28], [10, 0, 25, 45, 20], [17, 1, 14, 46, 22], [4, 0, 14, 53, 29], [7, 0, 17, 55, 21], [4, 0, 21, 48, 27], [12, 0, 13, 48, 27], [11, 1, 19, 47, 22], [7, 0, 21, 50, 22], [10, 0, 20, 51, 19], [5, 0, 24, 48, 23], [6, 1, 23, 50, 20], [9, 0, 20, 51, 20], [7, 1, 17, 53, 22], [10, 0, 19, 51, 20], [5, 0, 18, 49, 28], [7, 1, 27, 45, 20], [5, 0, 17, 50, 28], [10, 2, 22, 43, 23], [8, 0, 19, 46, 27], [10, 1, 19, 48, 22], [10, 0, 20, 47, 23], [16, 0, 18, 44, 22], [10, 2, 10, 46, 32], [5, 2, 12, 52, 29], [9, 0, 16, 48, 27], [12, 0, 5, 57, 26], [12, 0, 10, 53, 25], [14, 2, 10, 44, 30], [14, 1, 12, 41, 32], [7, 0, 19, 46, 28], [12, 1, 16, 49, 22], [6, 0, 12, 51, 31], [12, 0, 18, 47, 23], [11, 0, 9, 42, 38], [10, 1, 15, 44, 30], [9, 0, 17, 50, 24], [9, 1, 9, 50, 31], [10, 0, 17, 45, 28], [9, 1, 8, 43, 39], [8, 0, 12, 57, 23], [7, 0, 17, 44, 32], [15, 0, 14, 48, 23], [12, 0, 11, 44, 33], [8, 0, 15, 50, 27], [6, 0, 12, 53, 29]], "lambda_": 0.5, "b": [[73, 27], [69, 31], [78, 22], [86, 14], [79, 21], [74, 26], [74, 26], [79, 21], [69, 31], [79, 21], [73, 27], [76, 24], [76, 24], [82, 18], [70, 30], [73, 27], [73, 27], [81, 19], [76, 24], [73, 27], [76, 24], [75, 25], [75, 25], [73, 27], [69, 31], [25, 75], [20, 80], [30, 70], [23, 77], [22, 78], [22, 78], [27, 73], [24, 76], [23, 77], [22, 78], [23, 77], [29, 71], [27, 73], [24, 76], [22, 78], [32, 68], [21, 79], [23, 77], [27, 73], [30, 70], [27, 73], [26, 74], [16, 84], [26, 74], [30, 70]]}