{"M": 50, "G": 3, "I": 2, "J": 100, "p": [[0.32718470976908715, 0.6728152902309128], [0.9960618458151494, 0.003938154184850614], [0.10496787147010402, 0.895032128529896]], "r": [[[30, 37], [16, 0], [2, 15]], [[23, 46], [10, 0], [5, 16]], [[26, 46], [16, 0], [4, 8]], [[15, 51], [16, 0], [6, 12]], [[20, 40], [16, 0], [4, 20]], [[23, 49], [11, 0], [1, 16]], [[22, 42], [17, 0], [2, 17]], [[19, 48], [13, 0], [1, 19]], [[28, 45], [15, 0], [0, 12]], [[22, 40], [19, 0], [1, 18]], [[17, 47], [19, 0], [2, 15]], [[24, 47], [13, 0], [1, 15]], [[23, 45], [17, 0], [1, 14]], [[14, 50], [22, 0], [1, 13]], [[18, 45], [13, 0], [3, 21]], [[19, 43], [16, 0], [3, 19]], [[17, 37], [32, 0], [1, 13]], [[4, 14], [64, 1], [3, 14]], [[3, 7], [70, 1], [0, 19]], [[3, 14], [67, 0], [3, 13]], [[6, 11], [65, 0], [1, 17]], [[5, 11], [66, 0], [3, 15]], [[5, 15], [67, 0], [2, 11]], [[6, 6], [74, 0], [2, 12]], [[8, 9], [72, 0], [0, 11]], [[3, 12], [72, 1], [4, 8]], [[7, 11], [65, 0], [1, 16]], [[4, 12], [65, 2], [4, 13]], [[6, 10], [61, 0], [2, 21]], [[3, 7], [74, 0], [0, 16]], [[6, 19], [58, 0], [0, 17]], [[2, 15], [61, 0], [6, 16]], [[4, 19], [58, 0], [2, 17]], [[5, 5], [33, 1], [3, 53]], [[3, 11], [19, 0], [2, 65]], [[8, 9], [8, 0], [9, 66]], [[8, 7], [17, 0], [6, 62]], [[2, 14], [21, 0], [12, 51]], [[4, 10], [19, 1], [10, 56]], [[7, 12], [28, 0], [8, 45]], [[6, 11], [15, 0], [7, 61]], [[10, 7], [19, 0], [7, 57]], [[4, 14], [15, 0], [4, 63]], [[5, 7], [16, 0], [6, 66]], [[4, 15], [22, 0], [7, 52]], [[8, 14], [19, 0], [8, 51]], [[7, 12], [18, 0], [4, 59]], [[4, 14], [23, 0], [6, 53]], [[6, 11], [14, 0], [8, 61]], [[5, 14], [14, 0], [8, 59]]], "n": [[48, 52], [38, 62], [46, 54], [37, 63], [40, 60], [35, 65], [41, 59], [33, 67], [43, 57], [42, 58], [38, 62], [38, 62], [41, 59], [37, 63], [34, 66], [38, 62], [50, 50], [71, 29], [73, 27], [73, 27], [72, 28], [74, 26], [74, 26], [82, 18], [80, 20], [79, 21], [73, 27], [73, 27], [69, 31], [77, 23], [64, 36], [69, 31], [64, 36], [41, 59], [24, 76], [25, 75], [31, 69], [35, 65], [33, 67], [43, 57], [28, 72], [36, 64], [23, 77], [27, 73], [33, 67], [35, 65], [29, 71], [33, 67], [28, 72], [27, 73]], "lambda_": 0.5, "b": [[67, 16, 17], [69, 10, 21], [72, 16, 12], [66, 16, 18], [60, 16, 24], [72, 11, 17], [64, 17, 19], [67, 13, 20], [73, 15, 12], [62, 19, 19], [64, 19, 17], [71, 13, 16], [68, 17, 15], [64, 22, 14], [63, 13, 24], [62, 16, 22], [54, 32, 14], [18, 65, 17], [10, 71, 19], [17, 67, 16], [17, 65, 18], [16, 66, 18], [20, 67, 13], [12, 74, 14], [17, 72, 11], [15, 73, 12], [18, 65, 17], [16, 67, 17], [16, 61, 23], [10, 74, 16], [25, 58, 17], [17, 61, 22], [23, 58, 19], [10, 34, 56], [14, 19, 67], [17, 8, 75], [15, 17, 68], [16, 21, 63], [14, 20, 66], [19, 28, 53], [17, 15, 68], [17, 19, 64], [18, 15, 67], [12, 16, 72], [19, 22, 59], [22, 19, 59], [19, 18, 63], [18, 23, 59], [17, 14, 69], [19, 14, 67]]}