{"M": 50, "G": 3, "I": 3, "J": 100, "p": [[0.33688219083814136, 0.5184083371625832, 0.1447094719992755], [0.13709494665374614, 0.42840825980005576, 0.43449679354619813], [0.32007545057654463, 0.5539009248401536, 0.12602362458330174]], "r": [[[19, 44, 11], [1, 6, 7], [4, 8, 0]], [[27, 34, 9], [5, 6, 7], [3, 7, 2]], [[26, 37, 11], [5, 6, 3], [4, 7, 1]], [[22, 34, 6], [4, 11, 8], [4, 9, 2]], [[17, 45, 10], [2, 6, 6], [4, 3, 7]], [[25, 39, 6], [2, 8, 3], [5, 10, 2]], [[25, 33, 9], [5, 5, 10], [6, 6, 1]], [[14, 33, 7], [4, 13, 12], [6, 7, 4]], [[12, 35, 19], [1, 4, 6], [5, 13, 5]], [[24, 28, 10], [2, 8, 7], [6, 11, 4]], [[18, 42, 7], [1, 9, 6], [5, 11, 1]], [[17, 37, 7], [2, 8, 6], [4, 16, 3]], [[23, 39, 14], [2, 3, 6], [7, 6, 0]], [[18, 29, 14], [4, 5, 6], [9, 12, 3]], [[26, 38, 8], [1, 5, 8], [4, 7, 3]], [[21, 35, 11], [2, 7, 7], [1, 13, 3]], [[19, 29, 5], [3, 14, 16], [3, 8, 3]], [[4, 6, 1], [15, 35, 30], [2, 6, 1]], [[7, 6, 2], [7, 23, 39], [2, 13, 1]], [[10, 9, 3], [6, 29, 27], [2, 12, 2]], [[6, 10, 1], [8, 33, 26], [5, 7, 4]], [[6, 8, 2], [10, 28, 30], [4, 9, 3]], [[6, 8, 4], [5, 30, 29], [5, 13, 0]], [[6, 5, 4], [9, 29, 32], [7, 3, 5]], [[8, 10, 3], [11, 25, 24], [11, 5, 3]], [[6, 5, 2], [13, 31, 29], [5, 8, 1]], [[6, 9, 4], [10, 23, 32], [4, 12, 0]], [[5, 8, 2], [14, 26, 31], [5, 6, 3]], [[3, 13, 2], [12, 31, 24], [5, 8, 2]], [[8, 6, 4], [12, 27, 28], [6, 7, 2]], [[7, 16, 4], [6, 21, 28], [3, 11, 4]], [[3, 8, 4], [4, 29, 37], [6, 8, 1]], [[5, 16, 2], [9, 25, 27], [5, 10, 1]], [[5, 6, 1], [5, 17, 9], [21, 30, 6]], [[11, 9, 4], [0, 8, 6], [18, 39, 5]], [[9, 10, 1], [2, 14, 10], [20, 31, 3]], [[4, 8, 2], [3, 13, 8], [22, 31, 9]], [[6, 2, 3], [2, 9, 8], [25, 35, 10]], [[7, 9, 2], [3, 6, 3], [22, 40, 8]], [[2, 10, 2], [0, 7, 6], [24, 33, 16]], [[9, 3, 2], [1, 8, 8], [19, 40, 10]], [[5, 7, 4], [1, 4, 12], [21, 37, 9]], [[3, 2, 1], [0, 9, 9], [26, 34, 16]], [[6, 7, 0], [4, 5, 6], [30, 37, 5]], [[7, 9, 3], [0, 9, 9], [23, 32, 8]], [[4, 7, 2], [2, 5, 8], [22, 36, 14]], [[7, 3, 3], [0, 11, 4], [22, 45, 5]], [[4, 6, 4], [2, 6, 6], [17, 47, 8]], [[7, 9, 0], [5, 8, 5], [21, 37, 8]], [[4, 12, 4], [3, 10, 5], [24, 35, 3]]], "n": [[24, 58, 18], [35, 47, 18], [35, 50, 15], [30, 54, 16], [23, 54, 23], [32, 57, 11], [36, 44, 20], [24, 53, 23], [18, 52, 30], [32, 47, 21], [24, 62, 14], [23, 61, 16], [32, 48, 20], [31, 46, 23], [31, 50, 19], [24, 55, 21], [25, 51, 24], [21, 47, 32], [16, 42, 42], [18, 50, 32], [19, 50, 31], [20, 45, 35], [16, 51, 33], [22, 37, 41], [30, 40, 30], [24, 44, 32], [20, 44, 36], [24, 40, 36], [20, 52, 28], [26, 40, 34], [16, 48, 36], [13, 45, 42], [19, 51, 30], [31, 53, 16], [29, 56, 15], [31, 55, 14], [29, 52, 19], [33, 46, 21], [32, 55, 13], [26, 50, 24], [29, 51, 20], [27, 48, 25], [29, 45, 26], [40, 49, 11], [30, 50, 20], [28, 48, 24], [29, 59, 12], [23, 59, 18], [33, 54, 13], [31, 57, 12]], "lambda_": 0.5, "b": [[74, 14, 12], [70, 18, 12], [74, 14, 12], [62, 23, 15], [72, 14, 14], [70, 13, 17], [67, 20, 13], [54, 29, 17], [66, 11, 23], [62, 17, 21], [67, 16, 17], [61, 16, 23], [76, 11, 13], [61, 15, 24], [72, 14, 14], [67, 16, 17], [53, 33, 14], [11, 80, 9], [15, 69, 16], [22, 62, 16], [17, 67, 16], [16, 68, 16], [18, 64, 18], [15, 70, 15], [21, 60, 19], [13, 73, 14], [19, 65, 16], [15, 71, 14], [18, 67, 15], [18, 67, 15], [27, 55, 18], [15, 70, 15], [23, 61, 16], [12, 31, 57], [24, 14, 62], [20, 26, 54], [14, 24, 62], [11, 19, 70], [18, 12, 70], [14, 13, 73], [14, 17, 69], [16, 17, 67], [6, 18, 76], [13, 15, 72], [19, 18, 63], [13, 15, 72], [13, 15, 72], [14, 14, 72], [16, 18, 66], [20, 18, 62]]}