{"M": 50, "G": 3, "I": 10, "J": 100, "p": [[0.009979671571522972, 0.13928787470867682, 0.02757947892839535, 0.014455766703033052, 0.039154695612610146, 0.008426035089635008, 0.10839645532130762, 0.15977019010638813, 0.39476431468310097, 0.09818551727533002], [0.04431469118661911, 0.1450778429746958, 0.1436824498426366, 0.04858205604654739, 0.021994251157037275, 0.12615259812409607, 0.030059954829732515, 0.13859323982483718, 0.08915854488567555, 0.2123843711281225], [0.042098920851732474, 0.2635612512973946, 0.1355079862150774, 0.08448612662548598, 0.08615801063607104, 0.09291180159920641, 0.02820190122574336, 0.12510976961175574, 0.03049321518503639, 0.11147101675249657]], "r": [[[0, 13, 2, 1, 0, 2, 6, 11, 20, 13], [1, 1, 3, 2, 0, 5, 3, 1, 1, 3], [0, 2, 1, 4, 1, 0, 0, 4, 0, 0]], [[0, 16, 4, 1, 3, 1, 7, 13, 27, 1], [0, 1, 1, 2, 1, 1, 0, 4, 3, 0], [2, 4, 2, 0, 0, 2, 0, 3, 0, 1]], [[0, 12, 3, 1, 3, 1, 3, 10, 23, 4], [1, 2, 4, 0, 0, 3, 0, 5, 3, 7], [0, 1, 1, 1, 1, 4, 3, 2, 1, 1]], [[1, 9, 2, 1, 6, 1, 6, 12, 22, 1], [1, 4, 2, 2, 1, 0, 0, 2, 0, 4], [1, 9, 1, 2, 0, 3, 0, 5, 0, 2]], [[0, 10, 0, 1, 4, 1, 9, 7, 21, 6], [0, 1, 3, 0, 0, 2, 0, 5, 1, 5], [1, 3, 5, 3, 2, 2, 0, 3, 1, 4]], [[1, 6, 2, 3, 5, 1, 7, 9, 24, 4], [0, 2, 1, 1, 1, 4, 0, 3, 3, 3], [1, 6, 0, 2, 0, 4, 0, 5, 0, 2]], [[1, 11, 1, 2, 4, 0, 5, 11, 23, 9], [1, 1, 1, 1, 0, 2, 0, 1, 1, 5], [0, 6, 6, 2, 1, 2, 0, 2, 0, 1]], [[1, 6, 1, 4, 2, 0, 13, 11, 25, 4], [0, 0, 2, 0, 0, 4, 1, 3, 3, 3], [1, 4, 2, 2, 4, 1, 2, 1, 0, 0]], [[0, 5, 2, 0, 7, 0, 7, 14, 27, 6], [0, 2, 2, 1, 1, 3, 0, 3, 0, 3], [1, 4, 0, 0, 3, 2, 1, 3, 0, 3]], [[0, 8, 2, 1, 3, 0, 5, 8, 32, 9], [1, 2, 5, 1, 0, 1, 1, 0, 2, 2], [0, 4, 3, 3, 1, 1, 1, 4, 0, 0]], [[1, 7, 1, 1, 2, 0, 5, 14, 30, 7], [0, 3, 5, 0, 0, 4, 0, 2, 0, 4], [2, 2, 2, 1, 1, 2, 0, 1, 0, 3]], [[1, 10, 5, 0, 0, 1, 6, 6, 29, 7], [1, 6, 3, 2, 1, 3, 0, 2, 1, 5], [1, 3, 0, 1, 2, 1, 0, 2, 0, 1]], [[0, 12, 2, 0, 2, 0, 7, 9, 31, 9], [0, 4, 2, 0, 0, 3, 0, 2, 0, 2], [0, 5, 2, 1, 1, 2, 1, 3, 0, 0]], [[0, 10, 3, 1, 2, 0, 7, 15, 22, 8], [0, 4, 1, 1, 0, 5, 1, 3, 2, 2], [0, 9, 1, 1, 0, 0, 0, 2, 0, 0]], [[0, 5, 0, 0, 1, 1, 6, 23, 28, 8], [0, 3, 2, 1, 1, 3, 0, 1, 2, 1], [0, 3, 4, 3, 1, 1, 0, 1, 1, 0]], [[0, 9, 1, 0, 4, 0, 8, 14, 31, 4], [0, 4, 3, 1, 0, 1, 0, 0, 1, 4], [1, 7, 2, 1, 0, 1, 0, 2, 0, 1]], [[1, 6, 3, 1, 3, 0, 5, 7, 20, 7], [1, 2, 7, 2, 1, 6, 0, 4, 1, 4], [1, 6, 3, 1, 1, 3, 0, 4, 0, 0]], [[0, 2, 0, 1, 0, 1, 0, 4, 3, 0], [3, 11, 7, 3, 2, 3, 0, 14, 6, 13], [3, 6, 7, 3, 1, 4, 1, 2, 0, 0]], [[0, 4, 0, 0, 0, 0, 3, 2, 6, 3], [3, 5, 7, 2, 0, 15, 5, 9, 6, 16], [1, 4, 1, 1, 0, 1, 0, 0, 1, 5]], [[0, 0, 0, 1, 3, 0, 1, 3, 6, 1], [3, 14, 7, 7, 2, 15, 2, 8, 5, 9], [0, 3, 4, 1, 0, 0, 0, 4, 0, 1]], [[0, 0, 0, 0, 3, 0, 4, 0, 1, 2], [5, 14, 6, 1, 1, 15, 3, 8, 7, 15], [0, 3, 4, 1, 1, 1, 0, 3, 0, 2]], [[1, 2, 0, 0, 1, 0, 3, 1, 6, 1], [2, 10, 9, 0, 3, 7, 0, 10, 8, 12], [5, 5, 4, 1, 1, 1, 1, 2, 2, 2]], [[0, 6, 0, 1, 2, 0, 2, 3, 9, 1], [1, 7, 11, 2, 2, 9, 2, 12, 6, 10], [0, 6, 3, 0, 0, 2, 0, 0, 1, 2]], [[0, 1, 2, 0, 0, 0, 2, 3, 8, 0], [4, 8, 7, 4, 2, 11, 3, 14, 6, 11], [1, 2, 4, 0, 2, 3, 0, 1, 0, 1]], [[0, 4, 0, 0, 0, 0, 3, 3, 7, 1], [3, 4, 11, 3, 2, 6, 1, 13, 7, 12], [1, 3, 4, 1, 0, 2, 0, 6, 0, 3]], [[0, 3, 2, 0, 0, 0, 2, 2, 10, 1], [0, 7, 7, 5, 2, 10, 2, 8, 3, 19], [0, 5, 1, 3, 2, 3, 0, 1, 0, 2]], [[0, 2, 0, 1, 1, 0, 2, 1, 10, 1], [3, 11, 5, 3, 2, 7, 4, 11, 4, 12], [0, 5, 4, 0, 2, 4, 1, 2, 0, 2]], [[0, 2, 1, 0, 2, 1, 1, 6, 7, 0], [2, 14, 12, 2, 1, 9, 2, 8, 4, 11], [2, 4, 3, 0, 1, 1, 0, 0, 2, 2]], [[0, 3, 1, 1, 3, 0, 1, 3, 5, 1], [3, 12, 7, 3, 1, 5, 1, 10, 6, 14], [2, 7, 3, 3, 2, 1, 1, 0, 0, 1]], [[0, 2, 0, 3, 0, 0, 1, 5, 9, 1], [3, 3, 8, 3, 2, 10, 4, 12, 9, 14], [0, 2, 0, 1, 1, 0, 0, 2, 0, 5]], [[0, 1, 0, 0, 0, 0, 4, 4, 4, 1], [3, 9, 9, 2, 1, 17, 2, 9, 3, 12], [2, 5, 2, 3, 1, 1, 0, 4, 0, 1]], [[0, 4, 0, 0, 1, 0, 1, 2, 9, 1], [1, 12, 5, 2, 2, 9, 2, 14, 8, 18], [0, 3, 1, 2, 1, 1, 0, 1, 0, 0]], [[1, 2, 1, 1, 0, 0, 2, 3, 4, 0], [3, 6, 15, 5, 1, 9, 0, 8, 3, 13], [0, 6, 1, 2, 3, 3, 2, 3, 0, 3]], [[0, 3, 0, 0, 0, 0, 1, 3, 5, 1], [1, 7, 3, 1, 1, 5, 3, 4, 4, 6], [4, 11, 13, 4, 4, 2, 0, 7, 1, 6]], [[1, 2, 0, 0, 0, 1, 2, 0, 6, 2], [0, 3, 4, 0, 0, 3, 0, 6, 1, 3], [3, 14, 5, 3, 7, 10, 3, 7, 2, 12]], [[0, 2, 2, 0, 1, 0, 1, 4, 9, 2], [1, 0, 1, 0, 0, 3, 3, 3, 0, 2], [3, 15, 5, 8, 9, 5, 2, 14, 0, 5]], [[0, 1, 1, 0, 1, 0, 0, 0, 5, 3], [0, 0, 5, 0, 1, 1, 1, 2, 1, 2], [0, 29, 10, 5, 4, 3, 3, 11, 3, 8]], [[0, 6, 0, 0, 0, 0, 3, 2, 10, 1], [0, 2, 4, 2, 0, 2, 2, 3, 2, 7], [3, 10, 6, 3, 1, 5, 3, 10, 5, 8]], [[0, 2, 0, 0, 0, 0, 5, 2, 3, 2], [0, 3, 4, 1, 0, 2, 1, 3, 3, 1], [2, 19, 11, 1, 2, 10, 1, 11, 2, 9]], [[0, 0, 2, 0, 0, 0, 1, 1, 12, 2], [0, 2, 4, 0, 0, 5, 0, 3, 3, 4], [1, 20, 10, 5, 4, 3, 0, 9, 3, 6]], [[1, 2, 0, 1, 2, 0, 2, 2, 6, 1], [0, 2, 5, 1, 1, 1, 0, 2, 0, 6], [3, 16, 6, 3, 8, 7, 1, 10, 1, 10]], [[0, 1, 0, 0, 0, 0, 2, 4, 6, 1], [1, 2, 3, 2, 1, 2, 0, 1, 3, 1], [3, 22, 10, 6, 6, 5, 3, 5, 3, 7]], [[0, 2, 0, 1, 0, 0, 5, 5, 7, 1], [1, 3, 0, 0, 1, 2, 0, 0, 3, 1], [4, 17, 10, 4, 3, 11, 3, 6, 0, 10]], [[1, 2, 0, 0, 0, 0, 1, 6, 5, 2], [1, 3, 4, 2, 1, 1, 0, 4, 1, 1], [2, 21, 9, 5, 4, 3, 1, 10, 3, 7]], [[0, 2, 2, 0, 0, 1, 2, 2, 9, 1], [1, 2, 3, 0, 0, 1, 0, 3, 1, 1], [2, 17, 13, 6, 7, 5, 0, 7, 3, 9]], [[1, 1, 1, 0, 0, 0, 1, 1, 3, 1], [0, 5, 2, 0, 1, 4, 1, 0, 2, 8], [3, 20, 6, 5, 5, 7, 1, 11, 3, 7]], [[0, 1, 0, 0, 0, 0, 2, 2, 7, 1], [2, 2, 1, 0, 2, 4, 3, 5, 1, 3], [1, 20, 7, 7, 6, 4, 0, 11, 0, 8]], [[1, 2, 2, 0, 1, 0, 2, 1, 7, 2], [1, 4, 5, 1, 0, 1, 1, 3, 2, 1], [0, 26, 6, 6, 7, 4, 1, 9, 1, 3]], [[0, 1, 0, 0, 1, 0, 3, 2, 8, 3], [1, 2, 1, 1, 0, 2, 0, 3, 1, 2], [2, 22, 9, 1, 6, 8, 0, 14, 3, 4]], [[2, 3, 1, 0, 1, 0, 1, 4, 4, 1], [0, 1, 1, 0, 0, 2, 0, 2, 6, 5], [2, 16, 7, 4, 9, 6, 2, 10, 3, 7]]], "n": [[1, 16, 6, 7, 1, 7, 9, 16, 21, 16], [2, 21, 7, 3, 4, 4, 7, 20, 30, 2], [1, 15, 8, 2, 4, 8, 6, 17, 27, 12], [3, 22, 5, 5, 7, 4, 6, 19, 22, 7], [1, 14, 8, 4, 6, 5, 9, 15, 23, 15], [2, 14, 3, 6, 6, 9, 7, 17, 27, 9], [2, 18, 8, 5, 5, 4, 5, 14, 24, 15], [2, 10, 5, 6, 6, 5, 16, 15, 28, 7], [1, 11, 4, 1, 11, 5, 8, 20, 27, 12], [1, 14, 10, 5, 4, 2, 7, 12, 34, 11], [3, 12, 8, 2, 3, 6, 5, 17, 30, 14], [3, 19, 8, 3, 3, 5, 6, 10, 30, 13], [0, 21, 6, 1, 3, 5, 8, 14, 31, 11], [0, 23, 5, 3, 2, 5, 8, 20, 24, 10], [0, 11, 6, 4, 3, 5, 6, 25, 31, 9], [1, 20, 6, 2, 4, 2, 8, 16, 32, 9], [3, 14, 13, 4, 5, 9, 5, 15, 21, 11], [6, 19, 14, 7, 3, 8, 1, 20, 9, 13], [4, 13, 8, 3, 0, 16, 8, 11, 13, 24], [3, 17, 11, 9, 5, 15, 3, 15, 11, 11], [5, 17, 10, 2, 5, 16, 7, 11, 8, 19], [8, 17, 13, 1, 5, 8, 4, 13, 16, 15], [1, 19, 14, 3, 4, 11, 4, 15, 16, 13], [5, 11, 13, 4, 4, 14, 5, 18, 14, 12], [4, 11, 15, 4, 2, 8, 4, 22, 14, 16], [0, 15, 10, 8, 4, 13, 4, 11, 13, 22], [3, 18, 9, 4, 5, 11, 7, 14, 14, 15], [4, 20, 16, 2, 4, 11, 3, 14, 13, 13], [5, 22, 11, 7, 6, 6, 3, 13, 11, 16], [3, 7, 8, 7, 3, 10, 5, 19, 18, 20], [5, 15, 11, 5, 2, 18, 6, 17, 7, 14], [1, 19, 6, 4, 4, 10, 3, 17, 17, 19], [4, 14, 17, 8, 4, 12, 4, 14, 7, 16], [5, 21, 16, 5, 5, 7, 4, 14, 10, 13], [4, 19, 9, 3, 7, 14, 5, 13, 9, 17], [4, 17, 8, 8, 10, 8, 6, 21, 9, 9], [0, 30, 16, 5, 6, 4, 4, 13, 9, 13], [3, 18, 10, 5, 1, 7, 8, 15, 17, 16], [2, 24, 15, 2, 2, 12, 7, 16, 8, 12], [1, 22, 16, 5, 4, 8, 1, 13, 18, 12], [4, 20, 11, 5, 11, 8, 3, 14, 7, 17], [4, 25, 13, 8, 7, 7, 5, 10, 12, 9], [5, 22, 10, 5, 4, 13, 8, 11, 10, 12], [4, 26, 13, 7, 5, 4, 2, 20, 9, 10], [3, 21, 18, 6, 7, 7, 2, 12, 13, 11], [4, 26, 9, 5, 6, 11, 3, 12, 8, 16], [3, 23, 8, 7, 8, 8, 5, 18, 8, 12], [2, 32, 13, 7, 8, 5, 4, 13, 10, 6], [3, 25, 10, 2, 7, 10, 3, 19, 12, 9], [4, 20, 9, 4, 10, 8, 3, 16, 13, 13]], "lambda_": 0.5,