{"M": 50, "G": 3, "I": 2, "J": 100, "p": [[0.0668576111835421, 0.9331423888164578], [0.6561036700062735, 0.3438963299937265], [0.8229107673363786, 0.1770892326636214]], "r": [[[7, 59], [13, 6], [10, 5]], [[8, 68], [11, 4], [8, 1]], [[3, 65], [13, 6], [11, 2]], [[4, 54], [9, 6], [19, 8]], [[6, 52], [13, 4], [21, 4]], [[0, 62], [10, 3], [22, 3]], [[4, 64], [8, 8], [13, 3]], [[4, 57], [18, 4], [13, 4]], [[2, 60], [16, 5], [16, 1]], [[3, 65], [12, 4], [12, 4]], [[2, 59], [15, 6], [16, 2]], [[9, 58], [12, 4], [16, 1]], [[6, 64], [12, 9], [7, 2]], [[2, 67], [12, 3], [13, 3]], [[2, 71], [11, 4], [12, 0]], [[2, 66], [8, 3], [17, 4]], [[4, 47], [24, 3], [16, 6]], [[2, 18], [42, 23], [12, 3]], [[1, 16], [41, 27], [11, 4]], [[0, 10], [50, 25], [10, 5]], [[0, 15], [46, 24], [13, 2]], [[1, 14], [45, 21], [17, 2]], [[1, 17], [47, 19], [14, 2]], [[5, 15], [41, 27], [12, 0]], [[0, 15], [48, 15], [18, 4]], [[0, 22], [47, 17], [11, 3]], [[2, 15], [44, 21], [16, 2]], [[1, 21], [43, 18], [14, 3]], [[1, 21], [33, 21], [18, 6]], [[0, 20], [42, 23], [12, 3]], [[0, 16], [49, 23], [9, 3]], [[1, 13], [45, 28], [11, 2]], [[0, 14], [42, 21], [20, 3]], [[2, 13], [17, 16], [46, 6]], [[1, 17], [15, 4], [42, 21]], [[0, 16], [8, 5], [61, 10]], [[1, 16], [18, 3], [50, 12]], [[1, 15], [14, 7], [49, 14]], [[1, 17], [12, 7], [51, 12]], [[2, 14], [14, 3], [58, 9]], [[0, 19], [10, 11], [50, 10]], [[3, 17], [12, 2], [50, 16]], [[1, 19], [10, 5], [53, 12]], [[1, 15], [8, 7], [56, 13]], [[1, 13], [12, 8], [59, 7]], [[0, 13], [9, 3], [66, 9]], [[0, 16], [12, 5], [54, 13]], [[1, 17], [12, 5], [58, 7]], [[1, 19], [11, 3], [50, 16]], [[0, 13], [12, 10], [52, 13]]], "n": [[30, 70], [27, 73], [27, 73], [32, 68], [40, 60], [32, 68], [25, 75], [35, 65], [34, 66], [27, 73], [33, 67], [37, 63], [25, 75], [27, 73], [25, 75], [27, 73], [44, 56], [56, 44], [53, 47], [60, 40], [59, 41], [63, 37], [62, 38], [58, 42], [66, 34], [58, 42], [62, 38], [58, 42], [52, 48], [54, 46], [58, 42], [57, 43], [62, 38], [65, 35], [58, 42], [69, 31], [69, 31], [64, 36], [64, 36], [74, 26], [60, 40], [65, 35], [64, 36], [65, 35], [72, 28], [75, 25], [66, 34], [71, 29], [62, 38], [64, 36]], "lambda_": 0.5, "b": [[66, 19, 15], [76, 15, 9], [68, 19, 13], [58, 15, 27], [58, 17, 25], [62, 13, 25], [68, 16, 16], [61, 22, 17], [62, 21, 17], [68, 16, 16], [61, 21, 18], [67, 16, 17], [70, 21, 9], [69, 15, 16], [73, 15, 12], [68, 11, 21], [51, 27, 22], [20, 65, 15], [17, 68, 15], [10, 75, 15], [15, 70, 15], [15, 66, 19], [18, 66, 16], [20, 68, 12], [15, 63, 22], [22, 64, 14], [17, 65, 18], [22, 61, 17], [22, 54, 24], [20, 65, 15], [16, 72, 12], [14, 73, 13], [14, 63, 23], [15, 33, 52], [18, 19, 63], [16, 13, 71], [17, 21, 62], [16, 21, 63], [18, 19, 63], [16, 17, 67], [19, 21, 60], [20, 14, 66], [20, 15, 65], [16, 15, 69], [14, 20, 66], [13, 12, 75], [16, 17, 67], [18, 17, 65], [20, 14, 66], [13, 22, 65]]}