{"M": 50, "G": 4, "I": 4, "J": 100, "p": [[0.09326453929899305, 0.009227641030135639, 0.2919101149392348, 0.6055977047316363], [0.2883152320526974, 0.35143913888251793, 0.006803892732103463, 0.3534417363326812], [0.4608825498502226, 0.308299510147119, 0.21216300284705122, 0.018654937155607145], [0.4177357952097707, 0.36235405501922197, 0.03359655768287539, 0.18631359208813192]], "r": [[[6, 0, 21, 37], [3, 4, 0, 3], [1, 5, 6, 0], [4, 7, 0, 3]], [[5, 0, 18, 42], [3, 7, 0, 3], [6, 2, 3, 0], [2, 5, 0, 4]], [[10, 1, 22, 34], [2, 5, 0, 2], [5, 3, 2, 0], [6, 4, 0, 4]], [[3, 1, 20, 47], [1, 6, 1, 4], [4, 2, 2, 0], [3, 5, 1, 0]], [[3, 1, 22, 36], [7, 4, 0, 4], [4, 4, 2, 0], [5, 4, 2, 2]], [[4, 0, 21, 36], [4, 7, 0, 4], [6, 5, 1, 0], [6, 4, 0, 2]], [[5, 0, 20, 35], [6, 3, 0, 9], [2, 2, 1, 1], [8, 4, 1, 3]], [[4, 0, 15, 44], [0, 2, 0, 8], [8, 3, 1, 0], [4, 6, 0, 5]], [[5, 0, 15, 32], [7, 7, 0, 7], [6, 4, 1, 0], [5, 8, 1, 2]], [[2, 0, 20, 39], [3, 8, 0, 5], [5, 3, 2, 0], [5, 5, 0, 3]], [[5, 1, 17, 41], [3, 1, 0, 7], [4, 5, 3, 0], [5, 5, 0, 3]], [[8, 1, 20, 38], [2, 2, 0, 7], [7, 3, 5, 0], [7, 0, 0, 0]], [[3, 0, 8, 22], [6, 17, 0, 15], [6, 6, 3, 0], [7, 4, 1, 2]], [[2, 0, 5, 8], [21, 27, 0, 18], [3, 2, 3, 0], [6, 3, 0, 2]], [[3, 0, 1, 10], [23, 18, 0, 17], [5, 3, 1, 2], [6, 5, 0, 6]], [[1, 0, 2, 6], [17, 26, 0, 22], [11, 3, 2, 0], [3, 2, 1, 4]], [[1, 0, 6, 6], [24, 24, 0, 14], [7, 6, 1, 0], [6, 3, 0, 2]], [[1, 1, 3, 3], [14, 25, 1, 30], [6, 2, 1, 0], [5, 5, 0, 3]], [[1, 0, 5, 7], [17, 28, 0, 21], [7, 2, 0, 0], [10, 2, 0, 0]], [[0, 0, 1, 7], [15, 20, 0, 28], [7, 5, 1, 1], [5, 5, 1, 4]], [[2, 0, 5, 7], [19, 19, 0, 21], [4, 8, 2, 0], [7, 4, 1, 1]], [[1, 0, 0, 6], [12, 28, 0, 27], [8, 4, 4, 0], [2, 6, 1, 1]], [[0, 0, 7, 10], [17, 17, 0, 21], [7, 6, 1, 0], [6, 2, 1, 5]], [[2, 0, 4, 9], [15, 20, 3, 24], [6, 5, 2, 0], [4, 2, 0, 4]], [[0, 0, 2, 11], [19, 21, 0, 18], [8, 4, 0, 1], [4, 7, 0, 5]], [[1, 0, 1, 9], [3, 8, 0, 4], [34, 16, 9, 1], [8, 3, 0, 3]], [[1, 0, 3, 10], [1, 1, 0, 7], [33, 16, 14, 2], [4, 3, 1, 4]], [[1, 0, 3, 10], [2, 8, 1, 6], [28, 15, 15, 1], [3, 6, 0, 1]], [[0, 0, 0, 9], [4, 4, 0, 3], [32, 21, 14, 0], [7, 3, 1, 2]], [[1, 0, 2, 6], [1, 6, 0, 3], [34, 20, 17, 2], [3, 4, 1, 0]], [[3, 0, 2, 5], [1, 7, 0, 6], [27, 19, 15, 0], [7, 6, 0, 2]], [[4, 0, 4, 5], [4, 4, 0, 5], [39, 15, 10, 1], [6, 2, 0, 1]], [[0, 0, 5, 5], [3, 4, 0, 6], [24, 17, 19, 0], [7, 9, 0, 1]], [[1, 0, 7, 5], [4, 1, 0, 4], [37, 17, 12, 0], [6, 4, 0, 2]], [[0, 1, 4, 9], [2, 2, 0, 4], [26, 21, 10, 0], [7, 7, 0, 7]], [[1, 0, 4, 11], [5, 2, 1, 1], [27, 24, 17, 0], [3, 2, 1, 1]], [[0, 0, 4, 6], [6, 6, 0, 5], [32, 14, 13, 1], [6, 1, 1, 5]], [[2, 0, 4, 11], [0, 1, 0, 3], [17, 9, 14, 0], [13, 14, 2, 10]], [[1, 0, 2, 9], [4, 3, 0, 2], [3, 8, 3, 1], [26, 24, 4, 10]], [[0, 0, 3, 12], [2, 6, 0, 4], [4, 3, 2, 0], [21, 30, 3, 10]], [[2, 0, 4, 10], [3, 3, 0, 8], [7, 1, 5, 0], [20, 17, 2, 18]], [[1, 0, 5, 6], [2, 3, 0, 4], [6, 5, 1, 0], [31, 24, 2, 10]], [[1, 0, 3, 9], [4, 4, 0, 3], [5, 1, 3, 0], [35, 18, 0, 14]], [[1, 0, 5, 9], [3, 7, 0, 4], [6, 6, 0, 0], [22, 25, 3, 9]], [[1, 0, 3, 8], [4, 9, 0, 4], [6, 4, 4, 0], [15, 29, 2, 11]], [[0, 0, 3, 8], [5, 8, 0, 8], [5, 6, 2, 0], [22, 21, 1, 11]], [[3, 0, 4, 5], [4, 5, 0, 4], [7, 6, 4, 1], [25, 15, 5, 12]], [[2, 0, 4, 5], [0, 3, 0, 4], [7, 4, 2, 0], [27, 24, 5, 13]], [[2, 0, 3, 7], [4, 1, 0, 6], [1, 3, 3, 0], [32, 27, 1, 10]], [[2, 0, 6, 7], [5, 2, 0, 6], [11, 6, 2, 0], [26, 19, 1, 7]]], "n": [[14, 16, 27, 43], [16, 14, 21, 49], [23, 13, 24, 40], [11, 14, 24, 51], [19, 13, 26, 42], [20, 16, 22, 42], [21, 9, 22, 48], [16, 11, 16, 57], [23, 19, 17, 41], [15, 16, 22, 47], [17, 12, 20, 51], [24, 6, 25, 45], [22, 27, 12, 39], [32, 32, 8, 28], [37, 26, 2, 35], [32, 31, 5, 32], [38, 33, 7, 22], [26, 33, 5, 36], [35, 32, 5, 28], [27, 30, 3, 40], [32, 31, 8, 29], [23, 38, 5, 34], [30, 25, 9, 36], [27, 27, 9, 37], [31, 32, 2, 35], [46, 27, 10, 17], [39, 20, 18, 23], [34, 29, 19, 18], [43, 28, 15, 14], [39, 30, 20, 11], [38, 32, 17, 13], [53, 21, 14, 12], [34, 30, 24, 12], [48, 22, 19, 11], [35, 31, 14, 20], [36, 28, 23, 13], [44, 21, 18, 17], [32, 24, 20, 24], [34, 35, 9, 22], [27, 39, 8, 26], [32, 21, 11, 36], [40, 32, 8, 20], [45, 23, 6, 26], [32, 38, 8, 22], [26, 42, 9, 23], [32, 35, 6, 27], [39, 26, 13, 22], [36, 31, 11, 22], [39, 31, 7, 23], [44, 27, 9, 20]], "lambda_": 0.5, "b": [[64, 10, 12, 14], [65, 13, 11, 11], [67, 9, 10, 14], [71, 12, 8, 9], [62, 15, 10, 13], [61, 15, 12, 12], [60, 18, 6, 16], [63, 10, 12, 15], [52, 21, 11, 16], [61, 16, 10, 13], [64, 11, 12, 13], [67, 11, 15, 7], [33, 38, 15, 14], [15, 66, 8, 11], [14, 58, 11, 17], [9, 65, 16, 10], [13, 62, 14, 11], [8, 70, 9, 13], [13, 66, 9, 12], [8, 63, 14, 15], [14, 59, 14, 13], [7, 67, 16, 10], [17, 55, 14, 14], [15, 62, 13, 10], [13, 58, 13, 16], [11, 15, 60, 14], [14, 9, 65, 12], [14, 17, 59, 10], [9, 11, 67, 13], [9, 10, 73, 8], [10, 14, 61, 15], [13, 13, 65, 9], [10, 13, 60, 17], [13, 9, 66, 12], [14, 8, 57, 21], [16, 9, 68, 7], [10, 17, 60, 13], [17, 4, 40, 39], [12, 9, 15, 64], [15, 12, 9, 64], [16, 14, 13, 57], [12, 9, 12, 67], [13, 11, 9, 67], [15, 14, 12, 59], [12, 17, 14, 57], [11, 21, 13, 55], [12, 13, 18, 57], [11, 7, 13, 69], [12, 11, 7, 70], [15, 13, 19, 53]]}