{"M": 50, "G": 2, "I": 10, "J": 100, "p": [[0.09500060664178235, 0.017133841334523565, 0.10985441420096699, 0.213159663431239, 0.22726109271150324, 0.038166572341381357, 0.05933241211278907, 0.0943852305406974, 0.06482789691534085, 0.08087826976977602], [0.006888335521354323, 0.06846078087268449, 0.011645208371382151, 0.37572194421425487, 0.09011437757363162, 0.21997833859893373, 0.05718687176099196, 0.08248393862623987, 0.001826590536552423, 0.08569361392397443]], "r": [[[11, 3, 9, 17, 7, 4, 6, 7, 4, 8], [0, 1, 0, 9, 5, 2, 2, 2, 0, 3]], [[9, 0, 14, 15, 15, 5, 4, 6, 3, 6], [0, 3, 0, 7, 1, 4, 2, 3, 0, 3]], [[10, 0, 9, 15, 18, 3, 0, 8, 5, 7], [0, 1, 0, 11, 4, 3, 4, 0, 0, 2]], [[8, 1, 9, 16, 17, 3, 1, 6, 3, 8], [1, 2, 0, 7, 3, 9, 3, 2, 0, 1]], [[6, 1, 9, 14, 22, 2, 6, 5, 4, 6], [0, 0, 0, 8, 2, 7, 3, 1, 0, 4]], [[7, 3, 9, 18, 15, 3, 3, 6, 5, 5], [0, 2, 1, 6, 3, 8, 1, 2, 1, 2]], [[6, 2, 12, 22, 21, 2, 2, 7, 4, 2], [0, 1, 0, 9, 2, 4, 2, 1, 0, 1]], [[5, 0, 7, 22, 20, 2, 4, 7, 6, 7], [0, 0, 0, 9, 2, 7, 1, 1, 0, 0]], [[6, 0, 9, 14, 16, 2, 4, 10, 3, 9], [1, 0, 0, 12, 2, 5, 2, 1, 0, 4]], [[5, 2, 8, 12, 23, 0, 6, 6, 3, 5], [0, 1, 1, 15, 3, 8, 0, 2, 0, 0]], [[13, 1, 4, 16, 13, 0, 6, 4, 6, 10], [1, 0, 1, 10, 4, 3, 4, 1, 0, 3]], [[6, 1, 10, 13, 20, 1, 6, 7, 3, 4], [0, 3, 0, 5, 3, 6, 3, 6, 0, 3]], [[7, 1, 10, 20, 18, 1, 4, 5, 8, 8], [0, 2, 0, 10, 1, 1, 0, 1, 0, 3]], [[7, 4, 7, 14, 16, 6, 3, 5, 2, 9], [0, 0, 0, 13, 2, 3, 2, 4, 0, 3]], [[5, 1, 7, 15, 18, 1, 8, 8, 3, 3], [0, 2, 0, 9, 4, 10, 0, 1, 1, 4]], [[6, 4, 7, 15, 11, 4, 8, 8, 5, 3], [0, 0, 1, 10, 4, 10, 3, 1, 0, 0]], [[7, 0, 11, 12, 17, 3, 2, 8, 7, 6], [0, 3, 0, 5, 6, 7, 1, 1, 0, 4]], [[6, 1, 6, 16, 17, 2, 6, 9, 6, 6], [1, 2, 0, 9, 1, 5, 2, 2, 0, 3]], [[9, 2, 10, 19, 14, 2, 4, 5, 3, 10], [0, 0, 0, 10, 2, 7, 0, 1, 0, 2]], [[6, 0, 6, 20, 23, 2, 3, 8, 7, 5], [0, 1, 0, 11, 1, 3, 2, 2, 0, 0]], [[8, 1, 10, 15, 10, 2, 6, 10, 6, 4], [0, 0, 1, 11, 2, 7, 3, 3, 0, 1]], [[10, 2, 1, 21, 24, 0, 5, 4, 6, 4], [0, 3, 0, 10, 1, 4, 1, 3, 0, 1]], [[9, 0, 12, 11, 19, 6, 4, 5, 6, 2], [0, 3, 0, 9, 1, 4, 1, 5, 0, 3]], [[5, 1, 12, 13, 23, 3, 4, 11, 2, 5], [0, 1, 0, 9, 1, 7, 0, 2, 0, 1]], [[12, 1, 10, 13, 12, 5, 6, 5, 5, 4], [1, 3, 0, 11, 2, 4, 1, 4, 0, 1]], [[3, 1, 1, 5, 4, 2, 3, 3, 3, 0], [1, 5, 0, 29, 6, 15, 3, 6, 0, 10]], [[9, 1, 3, 3, 9, 2, 1, 3, 2, 1], [0, 6, 2, 19, 5, 17, 4, 6, 0, 7]], [[1, 0, 2, 2, 8, 1, 1, 3, 2, 2], [0, 6, 1, 25, 5, 18, 4, 12, 0, 7]], [[1, 0, 0, 10, 7, 2, 3, 4, 1, 2], [0, 4, 0, 21, 10, 18, 6, 7, 0, 4]], [[3, 1, 0, 4, 4, 0, 4, 3, 1, 2], [1, 4, 1, 32, 6, 15, 5, 7, 1, 6]], [[4, 0, 2, 2, 6, 1, 0, 3, 2, 5], [0, 5, 1, 27, 8, 19, 7, 3, 0, 5]], [[2, 1, 4, 4, 11, 1, 0, 0, 2, 1], [2, 6, 0, 21, 14, 17, 3, 6, 0, 5]], [[0, 0, 2, 10, 4, 2, 2, 1, 2, 1], [0, 5, 2, 28, 6, 15, 3, 7, 1, 9]], [[1, 0, 3, 8, 4, 0, 1, 3, 1, 0], [1, 5, 0, 37, 5, 14, 6, 4, 0, 7]], [[1, 0, 3, 6, 8, 1, 1, 2, 1, 4], [0, 5, 1, 20, 9, 20, 4, 6, 0, 8]], [[0, 1, 5, 6, 3, 0, 4, 1, 3, 3], [0, 6, 0, 30, 7, 14, 1, 7, 0, 9]], [[0, 1, 4, 6, 3, 3, 0, 2, 1, 3], [1, 2, 3, 34, 5, 18, 5, 5, 0, 4]], [[1, 1, 2, 4, 9, 1, 2, 4, 2, 3], [0, 7, 0, 32, 7, 13, 4, 4, 0, 4]], [[0, 1, 4, 3, 2, 1, 0, 4, 1, 2], [1, 5, 0, 21, 8, 25, 3, 11, 1, 7]], [[1, 0, 2, 6, 4, 0, 0, 1, 1, 3], [0, 4, 0, 33, 7, 18, 2, 8, 0, 10]], [[1, 0, 6, 6, 2, 1, 3, 1, 2, 3], [2, 2, 1, 32, 8, 16, 1, 7, 0, 6]], [[3, 1, 3, 4, 8, 3, 1, 3, 1, 0], [0, 1, 1, 39, 5, 17, 5, 2, 0, 3]], [[2, 0, 5, 5, 5, 3, 0, 2, 2, 4], [2, 7, 2, 26, 7, 15, 0, 9, 0, 4]], [[2, 0, 7, 3, 7, 0, 3, 2, 0, 3], [1, 10, 0, 24, 7, 11, 5, 11, 0, 4]], [[5, 1, 2, 7, 2, 4, 2, 3, 0, 2], [0, 5, 1, 26, 11, 21, 0, 1, 0, 7]], [[2, 0, 2, 6, 2, 0, 3, 1, 2, 0], [0, 3, 0, 29, 8, 18, 5, 8, 0, 11]], [[3, 0, 6, 4, 6, 2, 2, 2, 0, 2], [0, 5, 0, 33, 5, 9, 6, 8, 1, 6]], [[4, 0, 4, 5, 6, 1, 2, 0, 1, 3], [0, 2, 0, 33, 3, 16, 4, 7, 1, 8]], [[2, 2, 2, 5, 8, 2, 0, 2, 1, 1], [0, 3, 0, 31, 3, 20, 5, 6, 1, 6]], [[1, 0, 3, 7, 10, 0, 1, 1, 1, 5], [3, 6, 0, 20, 10, 17, 4, 5, 1, 5]]], "n": [[11, 4, 9, 26, 12, 6, 8, 9, 4, 11], [9, 3, 14, 22, 16, 9, 6, 9, 3, 9], [10, 1, 9, 26, 22, 6, 4, 8, 5, 9], [9, 3, 9, 23, 20, 12, 4, 8, 3, 9], [6, 1, 9, 22, 24, 9, 9, 6, 4, 10], [7, 5, 10, 24, 18, 11, 4, 8, 6, 7], [6, 3, 12, 31, 23, 6, 4, 8, 4, 3], [5, 0, 7, 31, 22, 9, 5, 8, 6, 7], [7, 0, 9, 26, 18, 7, 6, 11, 3, 13], [5, 3, 9, 27, 26, 8, 6, 8, 3, 5], [14, 1, 5, 26, 17, 3, 10, 5, 6, 13], [6, 4, 10, 18, 23, 7, 9, 13, 3, 7], [7, 3, 10, 30, 19, 2, 4, 6, 8, 11], [7, 4, 7, 27, 18, 9, 5, 9, 2, 12], [5, 3, 7, 24, 22, 11, 8, 9, 4, 7], [6, 4, 8, 25, 15, 14, 11, 9, 5, 3], [7, 3, 11, 17, 23, 10, 3, 9, 7, 10], [7, 3, 6, 25, 18, 7, 8, 11, 6, 9], [9, 2, 10, 29, 16, 9, 4, 6, 3, 12], [6, 1, 6, 31, 24, 5, 5, 10, 7, 5], [8, 1, 11, 26, 12, 9, 9, 13, 6, 5], [10, 5, 1, 31, 25, 4, 6, 7, 6, 5], [9, 3, 12, 20, 20, 10, 5, 10, 6, 5], [5, 2, 12, 22, 24, 10, 4, 13, 2, 6], [13, 4, 10, 24, 14, 9, 7, 9, 5, 5], [4, 6, 1, 34, 10, 17, 6, 9, 3, 10], [9, 7, 5, 22, 14, 19, 5, 9, 2, 8], [1, 6, 3, 27, 13, 19, 5, 15, 2, 9], [1, 4, 0, 31, 17, 20, 9, 11, 1, 6], [4, 5, 1, 36, 10, 15, 9, 10, 2, 8], [4, 5, 3, 29, 14, 20, 7, 6, 2, 10], [4, 7, 4, 25, 25, 18, 3, 6, 2, 6], [0, 5, 4, 38, 10, 17, 5, 8, 3, 10], [2, 5, 3, 45, 9, 14, 7, 7, 1, 7], [1, 5, 4, 26, 17, 21, 5, 8, 1, 12], [0, 7, 5, 36, 10, 14, 5, 8, 3, 12], [1, 3, 7, 40, 8, 21, 5, 7, 1, 7], [1, 8, 2, 36, 16, 14, 6, 8, 2, 7], [1, 6, 4, 24, 10, 26, 3, 15, 2, 9], [1, 4, 2, 39, 11, 18, 2, 9, 1, 13], [3, 2, 7, 38, 10, 17, 4, 8, 2, 9], [3, 2, 4, 43, 13, 20, 6, 5, 1, 3], [4, 7, 7, 31, 12, 18, 0, 11, 2, 8], [3, 10, 7, 27, 14, 11, 8, 13, 0, 7], [5, 6, 3, 33, 13, 25, 2, 4, 0, 9], [2, 3, 2, 35, 10, 18, 8, 9, 2, 11], [3, 5, 6, 37, 11, 11, 8, 10, 1, 8], [4, 2, 4, 38, 9, 17, 6, 7, 2, 11], [2, 5, 2, 36, 11, 22, 5, 8, 2, 7], [4, 6, 3, 27, 20, 17, 5, 6, 2, 10]], "lambda_": 0.5, "b": [[76, 24], [77, 23], [75, 25], [72, 28], [75, 25], [74, 26], [80, 20], [80, 20], [73, 27], [70, 30], [73, 27], [71, 29], [82, 18], [73, 27], [69, 31], [71, 29], [73, 27], [75, 25], [78, 22], [80, 20], [72, 28], [77, 23], [74, 26], [79, 21], [73, 27], [25, 75], [34, 66], [22, 78], [30, 70], [22, 78], [25, 75], [26, 74], [24, 76], [21, 79], [27, 73], [26, 74], [23, 77], [29, 71], [18, 82], [18, 82], [25, 75], [27, 73], [28, 72], [27, 73], [28, 72], [18, 82], [27, 73], [26, 74], [25, 75], [29, 71]]}