{"M": 50, "G": 3, "I": 2, "J": 100, "p": [[0.315810458607232, 0.6841895413927681], [0.7514612437733241, 0.2485387562266758], [0.5914735431054426, 0.40852645689455724]], "r": [[[19, 51], [12, 2], [12, 4]], [[24, 44], [12, 6], [7, 7]], [[18, 43], [10, 5], [14, 10]], [[22, 40], [10, 3], [12, 13]], [[25, 33], [19, 2], [8, 13]], [[17, 45], [11, 2], [13, 12]], [[17, 58], [9, 2], [6, 8]], [[20, 56], [9, 4], [6, 5]], [[17, 52], [4, 7], [10, 10]], [[25, 41], [9, 6], [12, 7]], [[26, 45], [9, 2], [10, 8]], [[23, 42], [14, 5], [13, 3]], [[22, 50], [12, 1], [8, 7]], [[13, 55], [11, 4], [9, 8]], [[19, 51], [10, 2], [10, 8]], [[21, 39], [19, 5], [7, 9]], [[23, 34], [23, 7], [9, 4]], [[5, 11], [59, 14], [5, 6]], [[11, 7], [47, 16], [12, 7]], [[5, 16], [41, 17], [10, 11]], [[5, 7], [59, 20], [7, 2]], [[3, 7], [60, 16], [8, 6]], [[8, 11], [53, 14], [10, 4]], [[5, 9], [41, 23], [13, 9]], [[4, 10], [48, 18], [14, 6]], [[4, 16], [52, 15], [8, 5]], [[3, 18], [57, 14], [5, 3]], [[2, 13], [49, 18], [11, 7]], [[4, 14], [44, 25], [7, 6]], [[3, 10], [48, 22], [15, 2]], [[6, 16], [37, 19], [13, 9]], [[1, 23], [47, 17], [8, 4]], [[5, 10], [49, 14], [8, 14]], [[3, 6], [32, 9], [28, 22]], [[8, 10], [13, 3], [39, 27]], [[3, 15], [10, 7], [38, 27]], [[2, 15], [11, 5], [38, 29]], [[2, 9], [24, 5], [34, 26]], [[6, 12], [15, 3], [40, 24]], [[3, 9], [14, 6], [39, 29]], [[7, 13], [16, 3], [35, 26]], [[8, 9], [17, 2], [40, 24]], [[7, 12], [14, 6], [37, 24]], [[7, 9], [16, 2], [46, 20]], [[4, 9], [13, 4], [38, 32]], [[9, 9], [10, 2], [42, 28]], [[3, 8], [9, 8], [42, 30]], [[3, 13], [11, 2], [38, 33]], [[5, 15], [13, 3], [32, 32]], [[6, 7], [15, 3], [36, 33]]], "n": [[43, 57], [43, 57], [42, 58], [44, 56], [52, 48], [41, 59], [32, 68], [35, 65], [31, 69], [46, 54], [45, 55], [50, 50], [42, 58], [33, 67], [39, 61], [47, 53], [55, 45], [69, 31], [70, 30], [56, 44], [71, 29], [71, 29], [71, 29], [59, 41], [66, 34], [64, 36], [65, 35], [62, 38], [55, 45], [66, 34], [56, 44], [56, 44], [62, 38], [63, 37], [60, 40], [51, 49], [51, 49], [60, 40], [61, 39], [56, 44], [58, 42], [65, 35], [58, 42], [69, 31], [55, 45], [61, 39], [54, 46], [52, 48], [50, 50], [57, 43]], "lambda_": 0.5, "b": [[70, 14, 16], [68, 18, 14], [61, 15, 24], [62, 13, 25], [58, 21, 21], [62, 13, 25], [75, 11, 14], [76, 13, 11], [69, 11, 20], [66, 15, 19], [71, 11, 18], [65, 19, 16], [72, 13, 15], [68, 15, 17], [70, 12, 18], [60, 24, 16], [57, 30, 13], [16, 73, 11], [18, 63, 19], [21, 58, 21], [12, 79, 9], [10, 76, 14], [19, 67, 14], [14, 64, 22], [14, 66, 20], [20, 67, 13], [21, 71, 8], [15, 67, 18], [18, 69, 13], [13, 70, 17], [22, 56, 22], [24, 64, 12], [15, 63, 22], [9, 41, 50], [18, 16, 66], [18, 17, 65], [17, 16, 67], [11, 29, 60], [18, 18, 64], [12, 20, 68], [20, 19, 61], [17, 19, 64], [19, 20, 61], [16, 18, 66], [13, 17, 70], [18, 12, 70], [11, 17, 72], [16, 13, 71], [20, 16, 64], [13, 18, 69]]}