{"M": 50, "G": 2, "I": 4, "J": 100, "p": [[0.16948671322645967, 0.34852867125185555, 0.48008648579103436, 0.0018981297306503366], [0.07998728129993206, 0.6820295165991593, 0.15530687378570474, 0.08267632831520381]], "r": [[[14, 31, 28, 1], [3, 18, 2, 3]], [[9, 38, 28, 0], [5, 16, 1, 3]], [[10, 31, 29, 0], [5, 16, 5, 4]], [[11, 25, 35, 0], [3, 21, 3, 2]], [[10, 26, 32, 0], [1, 24, 6, 1]], [[14, 31, 35, 0], [1, 16, 0, 3]], [[11, 29, 39, 0], [1, 16, 3, 1]], [[12, 28, 31, 0], [0, 21, 4, 4]], [[13, 32, 34, 1], [1, 14, 3, 2]], [[10, 25, 28, 3], [4, 20, 8, 2]], [[11, 24, 38, 0], [2, 16, 7, 2]], [[14, 29, 32, 0], [3, 15, 5, 2]], [[8, 25, 41, 0], [2, 18, 3, 3]], [[12, 22, 34, 0], [3, 23, 4, 2]], [[8, 23, 39, 0], [0, 21, 5, 4]], [[13, 25, 35, 0], [4, 18, 4, 1]], [[15, 23, 36, 0], [4, 13, 7, 2]], [[9, 27, 43, 1], [2, 15, 2, 1]], [[10, 26, 36, 0], [0, 18, 7, 3]], [[11, 24, 40, 0], [3, 17, 3, 2]], [[13, 25, 35, 0], [2, 16, 5, 4]], [[10, 31, 32, 0], [4, 17, 4, 2]], [[13, 30, 36, 0], [3, 13, 4, 1]], [[18, 25, 37, 0], [0, 12, 4, 4]], [[9, 28, 39, 0], [4, 15, 2, 3]], [[4, 6, 16, 0], [4, 53, 11, 6]], [[5, 8, 17, 0], [6, 50, 10, 4]], [[3, 10, 9, 0], [5, 48, 21, 4]], [[6, 6, 9, 0], [4, 62, 7, 6]], [[3, 5, 10, 0], [9, 52, 14, 7]], [[6, 9, 13, 1], [5, 51, 11, 4]], [[4, 7, 14, 1], [6, 54, 11, 3]], [[7, 8, 12, 1], [7, 49, 6, 10]], [[3, 8, 13, 0], [6, 55, 12, 3]], [[2, 6, 15, 0], [3, 48, 16, 10]], [[5, 8, 7, 0], [10, 54, 11, 5]], [[1, 6, 17, 0], [4, 55, 12, 5]], [[5, 6, 12, 0], [7, 49, 16, 5]], [[6, 8, 11, 0], [10, 47, 11, 7]], [[5, 18, 10, 0], [8, 45, 7, 7]], [[3, 8, 13, 1], [7, 52, 14, 2]], [[5, 8, 12, 0], [7, 48, 10, 10]], [[8, 5, 14, 0], [4, 51, 12, 6]], [[4, 9, 5, 0], [6, 56, 13, 7]], [[4, 14, 14, 0], [7, 43, 11, 7]], [[8, 14, 11, 0], [3, 39, 14, 11]], [[3, 7, 17, 0], [6, 46, 16, 5]], [[5, 11, 19, 0], [4, 48, 9, 4]], [[2, 11, 14, 0], [9, 51, 8, 5]], [[6, 10, 16, 0], [1, 45, 13, 9]]], "n": [[17, 49, 30, 4], [14, 54, 29, 3], [15, 47, 34, 4], [14, 46, 38, 2], [11, 50, 38, 1], [15, 47, 35, 3], [12, 45, 42, 1], [12, 49, 35, 4], [14, 46, 37, 3], [14, 45, 36, 5], [13, 40, 45, 2], [17, 44, 37, 2], [10, 43, 44, 3], [15, 45, 38, 2], [8, 44, 44, 4], [17, 43, 39, 1], [19, 36, 43, 2], [11, 42, 45, 2], [10, 44, 43, 3], [14, 41, 43, 2], [15, 41, 40, 4], [14, 48, 36, 2], [16, 43, 40, 1], [18, 37, 41, 4], [13, 43, 41, 3], [8, 59, 27, 6], [11, 58, 27, 4], [8, 58, 30, 4], [10, 68, 16, 6], [12, 57, 24, 7], [11, 60, 24, 5], [10, 61, 25, 4], [14, 57, 18, 11], [9, 63, 25, 3], [5, 54, 31, 10], [15, 62, 18, 5], [5, 61, 29, 5], [12, 55, 28, 5], [16, 55, 22, 7], [13, 63, 17, 7], [10, 60, 27, 3], [12, 56, 22, 10], [12, 56, 26, 6], [10, 65, 18, 7], [11, 57, 25, 7], [11, 53, 25, 11], [9, 53, 33, 5], [9, 59, 28, 4], [11, 62, 22, 5], [7, 55, 29, 9]], "lambda_": 0.5, "b": [[74, 26], [75, 25], [70, 30], [71, 29], [68, 32], [80, 20], [79, 21], [71, 29], [80, 20], [66, 34], [73, 27], [75, 25], [74, 26], [68, 32], [70, 30], [73, 27], [74, 26], [80, 20], [72, 28], [75, 25], [73, 27], [73, 27], [79, 21], [80, 20], [76, 24], [26, 74], [30, 70], [22, 78], [21, 79], [18, 82], [29, 71], [26, 74], [28, 72], [24, 76], [23, 77], [20, 80], [24, 76], [23, 77], [25, 75], [33, 67], [25, 75], [25, 75], [27, 73], [18, 82], [32, 68], [33, 67], [27, 73], [35, 65], [27, 73], [32, 68]]}