{"M": 50, "G": 3, "I": 5, "J": 100, "p": [[0.4946888218813566, 0.0893507781441119, 0.38130078011302954, 0.009432771772718024, 0.025226848088783976], [0.25222266453346903, 0.2105492199535523, 0.1514103440281258, 0.11399772270882993, 0.2718200487760228], [0.12700654364811612, 0.2933042438225032, 0.16079716740511793, 0.19051619819117563, 0.22837584693308713]], "r": [[[27, 3, 34, 0, 2], [4, 3, 2, 2, 3], [1, 1, 4, 3, 11]], [[32, 6, 18, 1, 2], [3, 2, 2, 6, 5], [1, 10, 2, 4, 6]], [[25, 2, 40, 0, 1], [6, 5, 2, 0, 7], [0, 8, 0, 2, 2]], [[29, 8, 30, 0, 3], [1, 1, 4, 3, 3], [3, 4, 3, 2, 6]], [[42, 7, 18, 0, 1], [2, 2, 2, 1, 1], [4, 7, 1, 5, 7]], [[31, 4, 28, 0, 1], [3, 2, 5, 0, 6], [3, 7, 3, 4, 3]], [[42, 7, 25, 2, 1], [1, 1, 5, 3, 6], [1, 0, 1, 2, 3]], [[28, 5, 32, 0, 3], [5, 4, 2, 1, 7], [3, 4, 2, 1, 3]], [[36, 8, 18, 1, 1], [4, 4, 1, 2, 6], [3, 6, 1, 2, 7]], [[42, 6, 29, 2, 3], [0, 2, 1, 0, 4], [1, 3, 3, 3, 1]], [[25, 5, 28, 2, 3], [6, 1, 3, 1, 6], [4, 7, 0, 6, 3]], [[38, 5, 22, 0, 1], [2, 4, 1, 2, 9], [1, 8, 2, 4, 1]], [[27, 9, 28, 0, 1], [2, 2, 0, 1, 10], [4, 4, 2, 5, 5]], [[33, 9, 22, 0, 1], [6, 1, 3, 3, 4], [3, 3, 0, 4, 8]], [[33, 5, 31, 1, 1], [2, 4, 2, 1, 4], [1, 5, 3, 3, 4]], [[30, 5, 23, 0, 4], [4, 3, 4, 2, 7], [4, 4, 4, 3, 3]], [[16, 8, 22, 0, 1], [12, 11, 7, 4, 7], [1, 1, 2, 3, 5]], [[9, 0, 10, 0, 0], [16, 14, 9, 4, 25], [0, 7, 1, 2, 3]], [[6, 4, 1, 0, 0], [13, 9, 11, 12, 20], [5, 6, 1, 9, 3]], [[6, 0, 4, 0, 0], [14, 11, 12, 13, 24], [4, 2, 4, 3, 3]], [[6, 2, 3, 0, 5], [20, 16, 11, 5, 19], [1, 5, 1, 3, 3]], [[7, 3, 7, 0, 1], [14, 18, 10, 9, 15], [2, 6, 3, 0, 5]], [[12, 0, 4, 0, 0], [19, 16, 10, 9, 13], [3, 4, 0, 3, 7]], [[9, 2, 2, 0, 1], [12, 12, 9, 4, 24], [4, 10, 2, 4, 5]], [[9, 0, 5, 0, 1], [16, 9, 14, 5, 26], [2, 3, 2, 4, 4]], [[9, 2, 3, 0, 0], [16, 12, 10, 7, 21], [3, 8, 4, 2, 3]], [[7, 1, 4, 0, 0], [19, 15, 11, 11, 21], [0, 2, 3, 4, 2]], [[9, 2, 8, 0, 0], [10, 13, 8, 7, 21], [2, 7, 3, 6, 4]], [[8, 1, 5, 0, 0], [14, 17, 10, 6, 25], [2, 3, 2, 2, 5]], [[9, 2, 9, 0, 0], [17, 12, 9, 5, 23], [1, 6, 1, 1, 5]], [[7, 0, 6, 1, 1], [16, 11, 16, 12, 18], [1, 2, 2, 3, 4]], [[10, 0, 8, 0, 0], [19, 16, 14, 5, 12], [4, 4, 2, 2, 4]], [[9, 0, 6, 0, 0], [9, 15, 12, 9, 18], [4, 10, 3, 3, 2]], [[5, 0, 6, 0, 0], [12, 5, 6, 6, 11], [5, 15, 6, 10, 13]], [[7, 2, 4, 0, 2], [6, 2, 4, 4, 2], [9, 14, 7, 16, 21]], [[8, 1, 8, 0, 0], [3, 6, 0, 1, 3], [7, 25, 11, 13, 14]], [[10, 1, 6, 0, 0], [5, 2, 3, 7, 3], [11, 17, 8, 11, 16]], [[6, 0, 12, 1, 0], [5, 2, 4, 1, 7], [13, 15, 10, 12, 12]], [[15, 0, 10, 0, 0], [4, 2, 1, 1, 5], [6, 17, 13, 14, 12]], [[11, 1, 5, 0, 1], [6, 3, 2, 0, 2], [13, 25, 7, 10, 14]], [[8, 2, 10, 0, 0], [3, 5, 5, 3, 1], [5, 24, 11, 8, 15]], [[13, 1, 9, 0, 1], [6, 4, 0, 1, 3], [12, 15, 13, 8, 14]], [[16, 0, 6, 0, 1], [9, 1, 2, 2, 4], [11, 20, 9, 9, 10]], [[7, 2, 12, 1, 1], [5, 2, 1, 4, 1], [8, 19, 8, 8, 21]], [[7, 2, 4, 0, 1], [6, 2, 4, 4, 4], [7, 25, 11, 7, 16]], [[6, 0, 11, 0, 0], [6, 4, 2, 1, 6], [9, 11, 13, 17, 14]], [[10, 0, 6, 0, 0], [1, 2, 2, 4, 3], [11, 18, 9, 11, 23]], [[10, 2, 5, 1, 0], [3, 2, 1, 2, 5], [9, 15, 7, 21, 17]], [[4, 1, 6, 0, 0], [3, 8, 4, 2, 5], [6, 17, 7, 18, 19]], [[7, 1, 1, 0, 0], [5, 5, 0, 0, 1], [8, 17, 18, 11, 26]]], "n": [[32, 7, 40, 5, 16], [36, 18, 22, 11, 13], [31, 15, 42, 2, 10], [33, 13, 37, 5, 12], [48, 16, 21, 6, 9], [37, 13, 36, 4, 10], [44, 8, 31, 7, 10], [36, 13, 36, 2, 13], [43, 18, 20, 5, 14], [43, 11, 33, 5, 8], [35, 13, 31, 9, 12], [41, 17, 25, 6, 11], [33, 15, 30, 6, 16], [42, 13, 25, 7, 13], [36, 14, 36, 5, 9], [38, 12, 31, 5, 14], [29, 20, 31, 7, 13], [25, 21, 20, 6, 28], [24, 19, 13, 21, 23], [24, 13, 20, 16, 27], [27, 23, 15, 8, 27], [23, 27, 20, 9, 21], [34, 20, 14, 12, 20], [25, 24, 13, 8, 30], [27, 12, 21, 9, 31], [28, 22, 17, 9, 24], [26, 18, 18, 15, 23], [21, 22, 19, 13, 25], [24, 21, 17, 8, 30], [27, 20, 19, 6, 28], [24, 13, 24, 16, 23], [33, 20, 24, 7, 16], [22, 25, 21, 12, 20], [22, 20, 18, 16, 24], [22, 18, 15, 20, 25], [18, 32, 19, 14, 17], [26, 20, 17, 18, 19], [24, 17, 26, 14, 19], [25, 19, 24, 15, 17], [30, 29, 14, 10, 17], [16, 31, 26, 11, 16], [31, 20, 22, 9, 18], [36, 21, 17, 11, 15], [20, 23, 21, 13, 23], [20, 29, 19, 11, 21], [21, 15, 26, 18, 20], [22, 20, 17, 15, 26], [22, 19, 13, 24, 22], [13, 26, 17, 20, 24], [20, 23, 19, 11, 27]], "lambda_": 0.5, "b": [[66, 14, 20], [59, 18, 23], [68, 20, 12], [70, 12, 18], [68, 8, 24], [64, 16, 20], [77, 16, 7], [68, 19, 13], [64, 17, 19], [82, 7, 11], [63, 17, 20], [66, 18, 16], [65, 15, 20], [65, 17, 18], [71, 13, 16], [62, 20, 18], [47, 41, 12], [19, 68, 13], [11, 65, 24], [10, 74, 16], [16, 71, 13], [18, 66, 16], [16, 67, 17], [14, 61, 25], [15, 70, 15], [14, 66, 20], [12, 77, 11], [19, 59, 22], [14, 72, 14], [20, 66, 14], [15, 73, 12], [18, 66, 16], [15, 63, 22], [11, 40, 49], [15, 18, 67], [17, 13, 70], [17, 20, 63], [19, 19, 62], [25, 13, 62], [18, 13, 69], [20, 17, 63], [24, 14, 62], [23, 18, 59], [23, 13, 64], [14, 20, 66], [17, 19, 64], [16, 12, 72], [18, 13, 69], [11, 22, 67], [9, 11, 80]]}