{"M": 50, "G": 4, "I": 3, "J": 100, "p": [[0.007491295386115966, 0.5006270462506499, 0.49188165836323405], [0.2643149851472051, 0.28198911632292084, 0.4536958985298739], [0.5924477648098716, 0.31160369262214915, 0.09594854256797923], [0.15614525105695157, 0.06721026989193485, 0.7766444790511136]], "r": [[[0, 31, 29], [3, 4, 8], [10, 3, 0], [2, 0, 10]], [[0, 22, 36], [2, 5, 9], [8, 6, 0], [2, 0, 10]], [[1, 35, 29], [2, 5, 8], [5, 5, 1], [1, 1, 7]], [[0, 25, 38], [1, 5, 8], [11, 1, 1], [2, 1, 7]], [[0, 33, 30], [2, 2, 6], [7, 6, 2], [2, 1, 9]], [[1, 38, 25], [5, 6, 3], [11, 2, 0], [1, 1, 7]], [[0, 39, 29], [4, 3, 4], [8, 3, 0], [0, 1, 9]], [[0, 35, 36], [2, 1, 4], [4, 3, 2], [5, 3, 5]], [[0, 34, 25], [3, 3, 11], [6, 7, 2], [2, 0, 7]], [[0, 23, 40], [4, 1, 3], [7, 5, 2], [3, 2, 10]], [[0, 34, 28], [2, 6, 6], [8, 2, 2], [4, 1, 7]], [[0, 29, 33], [6, 3, 5], [8, 1, 2], [0, 2, 11]], [[0, 16, 19], [9, 6, 17], [9, 10, 1], [1, 2, 10]], [[0, 2, 8], [22, 21, 23], [5, 4, 1], [2, 1, 11]], [[0, 5, 4], [12, 21, 31], [10, 2, 1], [0, 0, 14]], [[0, 2, 5], [19, 14, 31], [4, 7, 1], [1, 0, 16]], [[0, 9, 2], [29, 13, 23], [11, 3, 2], [0, 1, 7]], [[0, 4, 8], [16, 16, 26], [6, 5, 2], [4, 1, 12]], [[0, 8, 2], [19, 20, 23], [6, 4, 2], [3, 4, 9]], [[0, 6, 9], [11, 20, 32], [9, 2, 1], [1, 0, 9]], [[0, 4, 8], [23, 18, 29], [4, 5, 0], [2, 0, 7]], [[0, 4, 7], [16, 16, 26], [8, 7, 0], [4, 3, 9]], [[0, 6, 6], [16, 25, 27], [6, 2, 0], [4, 1, 7]], [[0, 8, 3], [16, 18, 25], [14, 4, 2], [3, 0, 7]], [[0, 3, 5], [17, 22, 26], [10, 6, 2], [3, 1, 5]], [[0, 7, 5], [4, 7, 6], [34, 17, 4], [1, 2, 13]], [[0, 4, 8], [4, 3, 3], [41, 22, 6], [1, 0, 8]], [[0, 7, 3], [2, 6, 7], [41, 15, 6], [3, 0, 10]], [[0, 7, 6], [2, 4, 5], [30, 26, 6], [2, 0, 12]], [[0, 10, 5], [3, 2, 8], [40, 17, 2], [1, 3, 9]], [[0, 6, 9], [5, 4, 6], [36, 20, 2], [2, 0, 10]], [[0, 5, 10], [4, 4, 4], [30, 24, 6], [2, 0, 11]], [[0, 2, 6], [2, 1, 3], [45, 20, 7], [3, 1, 10]], [[0, 7, 6], [6, 1, 7], [31, 23, 2], [2, 1, 14]], [[1, 6, 3], [2, 4, 5], [41, 13, 7], [5, 1, 12]], [[0, 9, 10], [4, 2, 3], [36, 14, 7], [2, 1, 12]], [[0, 6, 4], [2, 5, 7], [35, 19, 4], [1, 3, 14]], [[0, 5, 8], [1, 2, 4], [31, 10, 4], [8, 1, 26]], [[0, 3, 6], [1, 2, 7], [7, 1, 1], [13, 4, 55]], [[0, 9, 6], [4, 1, 9], [11, 3, 1], [10, 1, 45]], [[0, 5, 7], [4, 6, 4], [6, 6, 0], [4, 8, 50]], [[0, 10, 5], [2, 1, 2], [7, 4, 0], [5, 2, 62]], [[0, 5, 9], [5, 4, 2], [7, 5, 1], [8, 4, 50]], [[0, 8, 6], [6, 6, 3], [7, 4, 3], [11, 6, 40]], [[0, 8, 8], [5, 2, 10], [5, 2, 1], [9, 3, 47]], [[0, 4, 10], [1, 5, 6], [9, 1, 3], [12, 4, 45]], [[1, 5, 8], [2, 4, 4], [7, 2, 1], [6, 6, 54]], [[0, 8, 9], [5, 5, 5], [11, 5, 2], [8, 5, 37]], [[0, 7, 7], [4, 5, 2], [4, 2, 2], [15, 0, 52]], [[0, 8, 4], [4, 3, 6], [10, 3, 3], [9, 4, 46]]], "n": [[15, 38, 47], [12, 33, 55], [9, 46, 45], [14, 32, 54], [11, 42, 47], [18, 47, 35], [12, 46, 42], [11, 42, 47], [11, 44, 45], [14, 31, 55], [14, 43, 43], [14, 35, 51], [19, 34, 47], [29, 28, 43], [22, 28, 50], [24, 23, 53], [40, 26, 34], [26, 26, 48], [28, 36, 36], [21, 28, 51], [29, 27, 44], [28, 30, 42], [26, 34, 40], [33, 30, 37], [30, 32, 38], [39, 33, 28], [46, 29, 25], [46, 28, 26], [34, 37, 29], [44, 32, 24], [43, 30, 27], [36, 33, 31], [50, 24, 26], [39, 32, 29], [49, 24, 27], [42, 26, 32], [38, 33, 29], [40, 18, 42], [21, 10, 69], [25, 14, 61], [14, 25, 61], [14, 17, 69], [20, 18, 62], [24, 24, 52], [19, 15, 66], [22, 14, 64], [16, 17, 67], [24, 23, 53], [23, 14, 63], [23, 18, 59]], "lambda_": 0.5, "b": [[60, 15, 13, 12], [58, 16, 14, 12], [65, 15, 11, 9], [63, 14, 13, 10], [63, 10, 15, 12], [64, 14, 13, 9], [68, 11, 11, 10], [71, 7, 9, 13], [59, 17, 15, 9], [63, 8, 14, 15], [62, 14, 12, 12], [62, 14, 11, 13], [35, 32, 20, 13], [10, 66, 10, 14], [9, 64, 13, 14], [7, 64, 12, 17], [11, 65, 16, 8], [12, 58, 13, 17], [10, 62, 12, 16], [15, 63, 12, 10], [12, 70, 9, 9], [11, 58, 15, 16], [12, 68, 8, 12], [11, 59, 20, 10], [8, 65, 18, 9], [12, 17, 55, 16], [12, 10, 69, 9], [10, 15, 62, 13], [13, 11, 62, 14], [15, 13, 59, 13], [15, 15, 58, 12], [15, 12, 60, 13], [8, 6, 72, 14], [13, 14, 56, 17], [10, 11, 61, 18], [19, 9, 57, 15], [10, 14, 58, 18], [13, 7, 45, 35], [9, 10, 9, 72], [15, 14, 15, 56], [12, 14, 12, 62], [15, 5, 11, 69], [14, 11, 13, 62], [14, 15, 14, 57], [16, 17, 8, 59], [14, 12, 13, 61], [14, 10, 10, 66], [17, 15, 18, 50], [14, 11, 8, 67], [12, 13, 16, 59]]}