{"M": 50, "G": 2, "I": 2, "J": 100, "p": [[0.3938804181844698, 0.6061195818155302], [0.3246727885812459, 0.6753272114187541]], "r": [[[33, 47], [6, 14]], [[22, 57], [8, 13]], [[29, 39], [9, 23]], [[20, 54], [9, 17]], [[30, 46], [4, 20]], [[35, 41], [8, 16]], [[30, 47], [8, 15]], [[24, 45], [10, 21]], [[31, 53], [1, 15]], [[40, 40], [13, 7]], [[36, 38], [11, 15]], [[31, 45], [5, 19]], [[33, 52], [7, 8]], [[35, 37], [9, 19]], [[31, 42], [12, 15]], [[32, 46], [4, 18]], [[36, 41], [6, 17]], [[34, 47], [6, 13]], [[27, 50], [4, 19]], [[34, 45], [4, 17]], [[32, 44], [8, 16]], [[34, 40], [8, 18]], [[26, 44], [12, 18]], [[26, 51], [11, 12]], [[33, 37], [4, 26]], [[6, 12], [27, 55]], [[7, 19], [27, 47]], [[10, 14], [24, 52]], [[13, 19], [20, 48]], [[16, 13], [22, 49]], [[13, 21], [22, 44]], [[7, 16], [23, 54]], [[8, 19], [25, 48]], [[6, 15], [34, 45]], [[11, 15], [26, 48]], [[7, 20], [23, 50]], [[12, 13], [24, 51]], [[3, 19], [21, 57]], [[8, 14], [26, 52]], [[5, 11], [33, 51]], [[8, 13], [27, 52]], [[12, 12], [15, 61]], [[5, 8], [27, 60]], [[12, 8], [31, 49]], [[9, 20], [28, 43]], [[13, 9], [23, 55]], [[9, 11], [22, 58]], [[5, 18], [19, 58]], [[14, 9], [27, 50]], [[11, 22], [32, 35]]], "n": [[39, 61], [30, 70], [38, 62], [29, 71], [34, 66], [43, 57], [38, 62], [34, 66], [32, 68], [53, 47], [47, 53], [36, 64], [40, 60], [44, 56], [43, 57], [36, 64], [42, 58], [40, 60], [31, 69], [38, 62], [40, 60], [42, 58], [38, 62], [37, 63], [37, 63], [33, 67], [34, 66], [34, 66], [33, 67], [38, 62], [35, 65], [30, 70], [33, 67], [40, 60], [37, 63], [30, 70], [36, 64], [24, 76], [34, 66], [38, 62], [35, 65], [27, 73], [32, 68], [43, 57], [37, 63], [36, 64], [31, 69], [24, 76], [41, 59], [43, 57]], "lambda_": 0.5, "b": [[80, 20], [79, 21], [68, 32], [74, 26], [76, 24], [76, 24], [77, 23], [69, 31], [84, 16], [80, 20], [74, 26], [76, 24], [85, 15], [72, 28], [73, 27], [78, 22], [77, 23], [81, 19], [77, 23], [79, 21], [76, 24], [74, 26], [70, 30], [77, 23], [70, 30], [18, 82], [26, 74], [24, 76], [32, 68], [29, 71], [34, 66], [23, 77], [27, 73], [21, 79], [26, 74], [27, 73], [25, 75], [22, 78], [22, 78], [16, 84], [21, 79], [24, 76], [13, 87], [20, 80], [29, 71], [22, 78], [20, 80], [23, 77], [23, 77], [33, 67]]}