{"M": 50, "G": 3, "I": 10, "J": 100, "p": [[0.2757785884142302, 0.04981117498589042, 0.21256714574811184, 0.005258571387201605, 0.014063435938590099, 0.11161384679915949, 0.09317246894939503, 0.06700226949636703, 0.05044639577260519, 0.12028610250844927], [0.03782928117770207, 0.08736155155057113, 0.04789392013689732, 0.05674582287861275, 0.0680224331729206, 0.3036717905815733, 0.11247047241485471, 0.034979328912844596, 0.13711825271796652, 0.11390714645605694], [0.005413509600190102, 0.12255642412443131, 0.15659858686385889, 0.12886126867449413, 0.11934533866161898, 0.07524458775695847, 0.012885711406898518, 0.30556443953072565, 0.04989463352974824, 0.023635499851075638]], "r": [[[18, 5, 10, 0, 1, 10, 7, 6, 2, 7], [0, 1, 0, 2, 1, 7, 1, 0, 4, 1], [0, 1, 6, 4, 2, 1, 1, 2, 0, 0]], [[17, 7, 9, 0, 1, 6, 5, 6, 0, 12], [0, 0, 1, 2, 0, 3, 2, 1, 2, 2], [0, 3, 2, 6, 2, 2, 1, 5, 1, 2]], [[10, 3, 14, 0, 2, 16, 4, 1, 6, 8], [0, 2, 1, 2, 1, 5, 0, 0, 3, 2], [0, 3, 1, 2, 4, 1, 2, 6, 1, 0]], [[23, 3, 14, 0, 0, 6, 5, 8, 3, 10], [1, 0, 1, 0, 1, 5, 2, 0, 1, 4], [0, 1, 1, 2, 0, 0, 0, 6, 2, 1]], [[20, 2, 16, 0, 3, 8, 8, 3, 1, 4], [2, 1, 1, 0, 0, 9, 2, 1, 2, 0], [0, 0, 5, 5, 1, 0, 0, 4, 1, 1]], [[26, 3, 12, 1, 0, 8, 4, 8, 3, 9], [1, 0, 2, 1, 2, 5, 0, 2, 1, 2], [0, 0, 1, 1, 1, 1, 0, 5, 1, 0]], [[19, 2, 13, 0, 1, 6, 8, 5, 2, 12], [0, 0, 1, 2, 0, 3, 1, 2, 2, 1], [0, 2, 3, 5, 2, 1, 0, 6, 1, 0]], [[17, 3, 13, 0, 0, 9, 7, 3, 3, 13], [0, 0, 2, 1, 0, 4, 1, 0, 4, 2], [0, 3, 5, 3, 2, 0, 0, 5, 0, 0]], [[16, 3, 13, 0, 1, 4, 6, 3, 6, 9], [0, 2, 2, 2, 0, 7, 3, 2, 4, 1], [0, 2, 1, 2, 3, 1, 0, 6, 1, 0]], [[19, 7, 11, 0, 0, 8, 7, 1, 6, 9], [0, 1, 0, 0, 1, 5, 0, 1, 4, 1], [0, 1, 3, 6, 0, 0, 0, 6, 2, 1]], [[15, 6, 11, 0, 0, 7, 9, 4, 3, 10], [1, 1, 2, 3, 1, 3, 2, 0, 2, 1], [0, 0, 5, 1, 0, 2, 0, 8, 1, 2]], [[23, 8, 12, 0, 0, 7, 5, 4, 2, 5], [0, 0, 2, 3, 0, 6, 0, 0, 2, 3], [0, 3, 4, 2, 2, 1, 0, 4, 1, 1]], [[18, 4, 10, 0, 2, 5, 4, 4, 3, 11], [1, 2, 0, 2, 1, 8, 4, 0, 2, 3], [0, 3, 2, 2, 3, 2, 0, 2, 2, 0]], [[19, 5, 11, 0, 3, 10, 2, 4, 3, 13], [0, 1, 0, 1, 0, 5, 4, 0, 4, 2], [0, 1, 4, 1, 2, 2, 0, 3, 0, 0]], [[17, 3, 7, 0, 0, 5, 12, 6, 2, 16], [0, 1, 2, 1, 0, 4, 2, 0, 2, 3], [0, 0, 2, 3, 0, 1, 0, 9, 0, 2]], [[17, 6, 12, 1, 1, 7, 5, 5, 5, 5], [0, 2, 0, 2, 3, 6, 0, 1, 0, 6], [0, 3, 3, 1, 3, 0, 0, 5, 0, 1]], [[11, 5, 9, 0, 1, 6, 6, 1, 5, 4], [2, 2, 0, 6, 3, 13, 3, 1, 5, 4], [0, 0, 3, 3, 0, 1, 0, 6, 0, 0]], [[2, 1, 5, 0, 0, 2, 3, 0, 0, 3], [2, 7, 1, 2, 4, 25, 7, 5, 11, 11], [1, 0, 1, 1, 2, 1, 0, 2, 1, 0]], [[1, 1, 5, 0, 0, 6, 3, 2, 0, 1], [2, 5, 3, 0, 4, 20, 11, 2, 9, 10], [0, 0, 2, 3, 1, 0, 0, 7, 1, 1]], [[5, 0, 2, 0, 0, 1, 1, 2, 1, 2], [2, 6, 3, 5, 5, 22, 10, 3, 16, 5], [0, 1, 2, 2, 1, 0, 0, 2, 1, 0]], [[5, 1, 4, 0, 1, 3, 0, 2, 3, 2], [2, 6, 4, 3, 6, 20, 4, 1, 13, 5], [0, 1, 1, 2, 4, 1, 0, 6, 0, 0]], [[4, 0, 5, 0, 0, 0, 2, 1, 0, 3], [1, 9, 1, 3, 4, 23, 6, 5, 7, 8], [0, 3, 2, 3, 3, 1, 1, 3, 0, 2]], [[3, 1, 3, 0, 0, 3, 4, 0, 1, 0], [4, 3, 1, 9, 2, 26, 10, 2, 6, 8], [0, 1, 3, 1, 1, 1, 0, 7, 0, 0]], [[4, 1, 1, 0, 1, 4, 2, 1, 1, 0], [0, 5, 1, 4, 4, 19, 8, 1, 13, 6], [0, 4, 2, 3, 1, 1, 0, 12, 0, 1]], [[4, 1, 5, 0, 0, 2, 1, 1, 2, 1], [1, 7, 7, 5, 1, 17, 6, 1, 11, 7], [0, 4, 3, 2, 3, 1, 0, 5, 1, 1]], [[5, 1, 1, 0, 0, 3, 1, 0, 3, 4], [3, 3, 2, 4, 6, 10, 12, 5, 13, 6], [0, 2, 2, 3, 3, 0, 0, 6, 2, 0]], [[6, 0, 2, 0, 0, 1, 1, 3, 1, 1], [2, 8, 2, 4, 6, 18, 10, 4, 15, 6], [0, 4, 1, 0, 1, 1, 0, 3, 0, 0]], [[7, 1, 4, 0, 0, 0, 1, 0, 0, 2], [1, 5, 1, 5, 4, 16, 5, 3, 15, 9], [0, 3, 3, 5, 2, 2, 1, 3, 1, 1]], [[5, 0, 4, 0, 0, 0, 1, 0, 4, 3], [1, 5, 4, 2, 2, 22, 8, 2, 14, 7], [0, 0, 2, 1, 3, 2, 0, 7, 0, 1]], [[6, 2, 5, 0, 0, 4, 1, 0, 1, 2], [4, 5, 3, 5, 2, 17, 5, 3, 8, 6], [0, 1, 2, 2, 3, 3, 0, 6, 3, 1]], [[1, 1, 4, 0, 0, 1, 1, 0, 1, 1], [1, 8, 2, 6, 2, 21, 6, 2, 10, 14], [0, 1, 3, 0, 4, 0, 0, 8, 1, 1]], [[10, 1, 6, 0, 0, 0, 4, 1, 0, 0], [2, 7, 4, 2, 5, 19, 6, 1, 7, 6], [0, 3, 4, 1, 3, 3, 0, 5, 0, 0]], [[7, 1, 3, 0, 0, 3, 1, 0, 1, 2], [4, 3, 9, 4, 4, 16, 11, 1, 10, 6], [1, 3, 2, 2, 2, 0, 0, 4, 0, 0]], [[2, 1, 2, 0, 1, 1, 2, 1, 0, 0], [0, 6, 2, 3, 1, 11, 4, 2, 3, 2], [0, 7, 9, 9, 5, 4, 1, 16, 4, 1]], [[4, 0, 2, 1, 1, 0, 0, 1, 2, 2], [1, 1, 0, 1, 0, 7, 2, 0, 2, 2], [0, 11, 7, 11, 7, 4, 1, 27, 2, 1]], [[3, 3, 5, 0, 0, 0, 2, 1, 0, 1], [0, 3, 3, 0, 0, 8, 1, 0, 2, 2], [0, 6, 12, 12, 8, 5, 1, 17, 3, 2]], [[2, 1, 4, 0, 0, 5, 2, 2, 0, 1], [0, 1, 1, 1, 0, 3, 1, 0, 3, 3], [1, 12, 7, 13, 5, 3, 2, 20, 5, 2]], [[5, 1, 4, 0, 0, 6, 1, 0, 0, 4], [1, 0, 1, 2, 0, 3, 1, 0, 2, 1], [0, 10, 10, 10, 7, 6, 0, 17, 6, 2]], [[7, 3, 4, 0, 0, 2, 3, 1, 1, 1], [3, 2, 0, 0, 0, 4, 2, 1, 3, 5], [2, 9, 4, 7, 6, 3, 3, 19, 4, 1]], [[6, 0, 3, 0, 0, 3, 2, 0, 1, 3], [0, 5, 0, 0, 0, 7, 1, 1, 1, 0], [1, 12, 10, 11, 5, 6, 1, 18, 3, 0]], [[4, 4, 3, 0, 0, 0, 3, 2, 0, 2], [0, 1, 1, 2, 0, 5, 3, 2, 2, 2], [0, 12, 9, 6, 6, 2, 2, 21, 4, 2]], [[3, 3, 5, 0, 0, 5, 0, 2, 3, 2], [0, 3, 0, 0, 1, 1, 4, 1, 2, 2], [0, 8, 11, 7, 10, 7, 0, 15, 4, 1]], [[7, 0, 3, 0, 0, 2, 1, 1, 0, 3], [0, 1, 0, 0, 1, 7, 2, 1, 4, 1], [0, 11, 8, 10, 4, 3, 1, 20, 8, 1]], [[8, 0, 5, 0, 1, 3, 3, 1, 3, 3], [2, 0, 0, 0, 0, 2, 1, 2, 1, 0], [2, 10, 9, 6, 7, 0, 1, 25, 4, 1]], [[3, 1, 3, 0, 0, 3, 3, 0, 1, 1], [1, 3, 1, 2, 7, 6, 0, 0, 3, 1], [1, 6, 9, 10, 10, 2, 0, 19, 3, 1]], [[6, 1, 2, 0, 0, 2, 1, 0, 2, 5], [0, 2, 0, 0, 2, 6, 2, 0, 0, 2], [0, 13, 8, 6, 5, 6, 1, 20, 7, 1]], [[5, 2, 3, 0, 0, 0, 0, 0, 0, 2], [0, 1, 1, 1, 0, 5, 4, 0, 3, 2], [0, 4, 21, 6, 8, 6, 2, 20, 2, 2]], [[3, 1, 5, 0, 0, 1, 5, 1, 1, 1], [1, 1, 0, 0, 1, 6, 2, 0, 3, 1], [0, 7, 7, 5, 5, 1, 2, 35, 4, 1]], [[5, 0, 5, 0, 0, 0, 1, 1, 0, 0], [1, 1, 0, 0, 0, 7, 4, 0, 4, 3], [1, 10, 8, 10, 6, 4, 2, 22, 5, 0]], [[5, 1, 1, 0, 0, 1, 1, 1, 0, 2], [1, 3, 1, 0, 2, 7, 1, 0, 2, 1], [3, 6, 8, 8, 11, 6, 2, 20, 4, 2]]], "n": [[18, 7, 16, 6, 4, 18, 9, 8, 6, 8], [17, 10, 12, 8, 3, 11, 8, 12, 3, 16], [10, 8, 16, 4, 7, 22, 6, 7, 10, 10], [24, 4, 16, 2, 1, 11, 7, 14, 6, 15], [22, 3, 22, 5, 4, 17, 10, 8, 4, 5], [27, 3, 15, 3, 3, 14, 4, 15, 5, 11], [19, 4, 17, 7, 3, 10, 9, 13, 5, 13], [17, 6, 20, 4, 2, 13, 8, 8, 7, 15], [16, 7, 16, 4, 4, 12, 9, 11, 11, 10], [19, 9, 14, 6, 1, 13, 7, 8, 12, 11], [16, 7, 18, 4, 1, 12, 11, 12, 6, 13], [23, 11, 18, 5, 2, 14, 5, 8, 5, 9], [19, 9, 12, 4, 6, 15, 8, 6, 7, 14], [19, 7, 15, 2, 5, 17, 6, 7, 7, 15], [17, 4, 11, 4, 0, 10, 14, 15, 4, 21], [17, 11, 15, 4, 7, 13, 5, 11, 5, 12], [13, 7, 12, 9, 4, 20, 9, 8, 10, 8], [5, 8, 7, 3, 6, 28, 10, 7, 12, 14], [3, 6, 10, 3, 5, 26, 14, 11, 10, 12], [7, 7, 7, 7, 6, 23, 11, 7, 18, 7], [7, 8, 9, 5, 11, 24, 4, 9, 16, 7], [5, 12, 8, 6, 7, 24, 9, 9, 7, 13], [7, 5, 7, 10, 3, 30, 14, 9, 7, 8], [4, 10, 4, 7, 6, 24, 10, 14, 14, 7], [5, 12, 15, 7, 4, 20, 7, 7, 14, 9], [8, 6, 5, 7, 9, 13, 13, 11, 18, 10], [8, 12, 5, 4, 7, 20, 11, 10, 16, 7], [8, 9, 8, 10, 6, 18, 7, 6, 16, 12], [6, 5, 10, 3, 5, 24, 9, 9, 18, 11], [10, 8, 10, 7, 5, 24, 6, 9, 12, 9], [2, 10, 9, 6, 6, 22, 7, 10, 12, 16], [12, 11, 14, 3, 8, 22, 10, 7, 7, 6], [12, 7, 14, 6, 6, 19, 12, 5, 11, 8], [2, 14, 13, 12, 7, 16, 7, 19, 7, 3], [5, 12, 9, 13, 8, 11, 3, 28, 6, 5], [3, 12, 20, 12, 8, 13, 4, 18, 5, 5], [3, 14, 12, 14, 5, 11, 5, 22, 8, 6], [6, 11, 15, 12, 7, 15, 2, 17, 8, 7], [12, 14, 8, 7, 6, 9, 8, 21, 8, 7], [7, 17, 13, 11, 5, 16, 4, 19, 5, 3], [4, 17, 13, 8, 6, 7, 8, 25, 6, 6], [3, 14, 16, 7, 11, 13, 4, 18, 9, 5], [7, 12, 11, 10, 5, 12, 4, 22, 12, 5], [12, 10, 14, 6, 8, 5, 5, 28, 8, 4], [5, 10, 13, 12, 17, 11, 3, 19, 7, 3], [6, 16, 10, 6, 7, 14, 4, 20, 9, 8], [5, 7, 25, 7, 8, 11, 6, 20, 5, 6], [4, 9, 12, 5, 6, 8, 9, 36, 8, 3], [7, 11, 13, 10, 6, 11, 7, 23, 9, 3], [9, 10, 10, 8, 13, 14, 4, 21, 6, 5]], "lambda_": 0.5,