{"M": 50, "G": 2, "I": 5, "J": 100, "p": [[0.32269308943329617, 0.004586425360487131, 0.21962067734703034, 0.30215329316282796, 0.1509465146963585], [0.11667254894123515, 0.10113720407829543, 0.6549254129345403, 0.08488643857803523, 0.0423783954678938]], "r": [[[21, 1, 23, 17, 8], [2, 3, 25, 0, 0]], [[25, 0, 15, 30, 8], [4, 1, 15, 1, 1]], [[25, 1, 13, 23, 11], [4, 5, 13, 3, 2]], [[27, 1, 9, 30, 18], [0, 4, 10, 0, 1]], [[25, 0, 12, 22, 14], [2, 5, 19, 1, 0]], [[32, 0, 8, 22, 9], [4, 2, 18, 2, 3]], [[31, 0, 13, 15, 14], [2, 2, 19, 3, 1]], [[22, 0, 22, 31, 11], [3, 0, 10, 1, 0]], [[27, 0, 16, 22, 9], [3, 3, 17, 2, 1]], [[31, 2, 7, 23, 9], [2, 4, 18, 3, 1]], [[28, 0, 18, 24, 11], [2, 1, 16, 0, 0]], [[29, 0, 10, 24, 9], [3, 5, 18, 1, 1]], [[25, 1, 14, 13, 17], [4, 4, 18, 2, 2]], [[18, 0, 20, 27, 9], [5, 2, 16, 2, 1]], [[34, 0, 10, 22, 9], [4, 0, 18, 1, 2]], [[19, 0, 11, 33, 10], [3, 2, 19, 3, 0]], [[28, 0, 11, 25, 14], [3, 4, 14, 0, 1]], [[22, 0, 15, 17, 13], [6, 5, 13, 6, 3]], [[25, 0, 16, 30, 9], [4, 2, 11, 2, 1]], [[24, 0, 17, 18, 12], [1, 3, 20, 5, 0]], [[27, 1, 9, 27, 10], [2, 4, 15, 2, 3]], [[29, 0, 23, 15, 6], [5, 4, 15, 1, 2]], [[26, 0, 15, 25, 8], [6, 1, 18, 1, 0]], [[27, 2, 15, 20, 8], [5, 1, 19, 1, 2]], [[27, 0, 15, 25, 8], [2, 4, 16, 3, 0]], [[7, 0, 7, 6, 2], [11, 11, 43, 12, 1]], [[11, 0, 3, 6, 0], [10, 5, 52, 6, 7]], [[6, 0, 5, 4, 5], [12, 6, 50, 7, 5]], [[9, 0, 3, 9, 4], [11, 8, 47, 6, 3]], [[8, 0, 8, 4, 8], [12, 8, 41, 8, 3]], [[7, 0, 4, 6, 2], [13, 11, 51, 6, 0]], [[5, 0, 9, 4, 2], [14, 7, 49, 7, 3]], [[9, 0, 4, 8, 4], [11, 8, 48, 5, 3]], [[12, 0, 11, 9, 2], [7, 9, 43, 6, 1]], [[5, 0, 4, 6, 5], [7, 9, 52, 7, 5]], [[7, 0, 6, 13, 6], [10, 7, 39, 6, 6]], [[10, 0, 3, 9, 1], [9, 9, 53, 3, 3]], [[13, 0, 5, 11, 2], [7, 5, 46, 9, 2]], [[7, 0, 4, 6, 2], [9, 10, 50, 11, 1]], [[4, 0, 8, 8, 6], [9, 12, 45, 6, 2]], [[10, 0, 4, 3, 3], [10, 6, 53, 5, 6]], [[8, 0, 6, 8, 4], [12, 8, 48, 5, 1]], [[13, 0, 7, 11, 3], [7, 5, 46, 4, 4]], [[11, 0, 8, 9, 4], [10, 5, 46, 3, 4]], [[8, 0, 9, 9, 11], [6, 5, 46, 4, 2]], [[7, 0, 3, 10, 6], [12, 7, 50, 5, 0]], [[7, 0, 3, 7, 3], [11, 9, 52, 4, 4]], [[9, 0, 5, 8, 7], [8, 9, 46, 3, 5]], [[11, 0, 5, 9, 2], [8, 6, 51, 4, 4]], [[6, 1, 8, 6, 2], [8, 7, 53, 4, 5]]], "n": [[23, 4, 48, 17, 8], [29, 1, 30, 31, 9], [29, 6, 26, 26, 13], [27, 5, 19, 30, 19], [27, 5, 31, 23, 14], [36, 2, 26, 24, 12], [33, 2, 32, 18, 15], [25, 0, 32, 32, 11], [30, 3, 33, 24, 10], [33, 6, 25, 26, 10], [30, 1, 34, 24, 11], [32, 5, 28, 25, 10], [29, 5, 32, 15, 19], [23, 2, 36, 29, 10], [38, 0, 28, 23, 11], [22, 2, 30, 36, 10], [31, 4, 25, 25, 15], [28, 5, 28, 23, 16], [29, 2, 27, 32, 10], [25, 3, 37, 23, 12], [29, 5, 24, 29, 13], [34, 4, 38, 16, 8], [32, 1, 33, 26, 8], [32, 3, 34, 21, 10], [29, 4, 31, 28, 8], [18, 11, 50, 18, 3], [21, 5, 55, 12, 7], [18, 6, 55, 11, 10], [20, 8, 50, 15, 7], [20, 8, 49, 12, 11], [20, 11, 55, 12, 2], [19, 7, 58, 11, 5], [20, 8, 52, 13, 7], [19, 9, 54, 15, 3], [12, 9, 56, 13, 10], [17, 7, 45, 19, 12], [19, 9, 56, 12, 4], [20, 5, 51, 20, 4], [16, 10, 54, 17, 3], [13, 12, 53, 14, 8], [20, 6, 57, 8, 9], [20, 8, 54, 13, 5], [20, 5, 53, 15, 7], [21, 5, 54, 12, 8], [14, 5, 55, 13, 13], [19, 7, 53, 15, 6], [18, 9, 55, 11, 7], [17, 9, 51, 11, 12], [19, 6, 56, 13, 6], [14, 8, 61, 10, 7]], "lambda_": 0.5, "b": [[70, 30], [78, 22], [73, 27], [85, 15], [73, 27], [71, 29], [73, 27], [86, 14], [74, 26], [72, 28], [81, 19], [72, 28], [70, 30], [74, 26], [75, 25], [73, 27], [78, 22], [67, 33], [80, 20], [71, 29], [74, 26], [73, 27], [74, 26], [72, 28], [75, 25], [22, 78], [20, 80], [20, 80], [25, 75], [28, 72], [19, 81], [20, 80], [25, 75], [34, 66], [20, 80], [32, 68], [23, 77], [31, 69], [19, 81], [26, 74], [20, 80], [26, 74], [34, 66], [32, 68], [37, 63], [26, 74], [20, 80], [29, 71], [27, 73], [23, 77]]}