{"M": 50, "G": 3, "I": 4, "J": 100, "p": [[0.06481187143495153, 0.5215288532386252, 0.11829638888251422, 0.2953628864439089], [0.0030156831164753002, 0.515584843486113, 0.4744174795404822, 0.00698199385692937], [0.6900161323240948, 0.03237600658197416, 0.07323502792270094, 0.2043728331712302]], "r": [[[6, 29, 11, 27], [0, 8, 4, 0], [7, 2, 0, 6]], [[4, 34, 11, 7], [0, 14, 10, 0], [16, 0, 2, 2]], [[2, 42, 2, 15], [0, 9, 12, 1], [11, 0, 0, 6]], [[3, 34, 6, 24], [0, 13, 6, 0], [6, 0, 3, 5]], [[1, 44, 9, 17], [0, 12, 7, 0], [8, 0, 0, 2]], [[3, 29, 9, 19], [0, 16, 9, 0], [13, 0, 0, 2]], [[5, 34, 12, 20], [0, 8, 3, 0], [11, 1, 2, 4]], [[2, 43, 5, 23], [0, 10, 4, 0], [11, 0, 2, 0]], [[7, 24, 5, 31], [0, 8, 10, 0], [11, 0, 0, 4]], [[3, 37, 13, 21], [0, 8, 3, 0], [9, 1, 3, 2]], [[5, 31, 9, 18], [0, 14, 9, 0], [12, 0, 0, 2]], [[2, 33, 9, 21], [0, 8, 6, 0], [15, 1, 1, 4]], [[4, 34, 7, 16], [0, 13, 6, 0], [12, 0, 2, 6]], [[7, 29, 13, 26], [0, 11, 3, 0], [6, 2, 0, 3]], [[3, 34, 3, 20], [0, 8, 10, 0], [9, 0, 4, 9]], [[6, 40, 7, 17], [0, 8, 7, 0], [10, 0, 1, 4]], [[6, 31, 4, 12], [0, 13, 13, 1], [12, 0, 4, 4]], [[1, 11, 3, 2], [1, 33, 28, 1], [17, 0, 2, 1]], [[1, 8, 1, 10], [0, 33, 26, 1], [16, 0, 0, 4]], [[1, 7, 2, 3], [0, 40, 29, 0], [15, 0, 1, 2]], [[0, 9, 3, 1], [0, 46, 28, 1], [10, 0, 1, 1]], [[1, 10, 2, 6], [0, 41, 26, 0], [8, 0, 0, 6]], [[2, 8, 2, 7], [1, 28, 38, 2], [7, 1, 1, 3]], [[2, 13, 1, 4], [0, 32, 29, 0], [9, 1, 2, 7]], [[2, 11, 3, 6], [0, 27, 33, 2], [12, 0, 2, 2]], [[0, 10, 0, 7], [0, 30, 35, 0], [15, 0, 1, 2]], [[0, 12, 2, 4], [0, 32, 30, 0], [18, 0, 1, 1]], [[1, 4, 2, 2], [0, 36, 35, 0], [14, 2, 2, 2]], [[2, 8, 2, 4], [0, 38, 37, 0], [6, 0, 1, 2]], [[2, 9, 2, 9], [0, 34, 33, 0], [7, 0, 0, 4]], [[1, 7, 5, 7], [0, 35, 27, 1], [10, 0, 0, 7]], [[0, 11, 1, 5], [0, 45, 27, 0], [7, 1, 1, 2]], [[0, 10, 0, 2], [1, 32, 35, 1], [13, 1, 2, 3]], [[0, 6, 2, 3], [0, 20, 20, 1], [33, 2, 4, 9]], [[1, 5, 1, 6], [0, 9, 6, 0], [52, 4, 6, 10]], [[0, 6, 1, 6], [0, 15, 4, 0], [51, 2, 3, 12]], [[2, 7, 4, 5], [0, 5, 3, 1], [57, 0, 1, 15]], [[0, 7, 4, 4], [0, 8, 8, 0], [48, 3, 4, 14]], [[0, 9, 2, 8], [0, 8, 5, 0], [52, 1, 6, 9]], [[1, 13, 1, 7], [0, 7, 6, 0], [41, 1, 8, 15]], [[1, 9, 2, 6], [0, 7, 4, 0], [50, 3, 4, 14]], [[1, 1, 1, 9], [0, 6, 7, 0], [50, 2, 3, 20]], [[0, 6, 4, 3], [0, 9, 15, 0], [39, 1, 9, 14]], [[1, 10, 4, 1], [0, 15, 9, 0], [39, 4, 4, 13]], [[1, 10, 5, 3], [0, 8, 6, 0], [41, 1, 10, 15]], [[0, 11, 0, 7], [0, 10, 7, 0], [35, 3, 10, 17]], [[2, 7, 2, 7], [1, 5, 8, 0], [49, 1, 4, 14]], [[0, 10, 3, 2], [0, 11, 4, 1], [46, 5, 5, 13]], [[1, 8, 0, 8], [0, 12, 8, 0], [48, 1, 5, 9]], [[0, 10, 3, 4], [0, 9, 4, 0], [46, 5, 4, 15]]], "n": [[13, 39, 15, 33], [20, 48, 23, 9], [13, 51, 14, 22], [9, 47, 15, 29], [9, 56, 16, 19], [16, 45, 18, 21], [16, 43, 17, 24], [13, 53, 11, 23], [18, 32, 15, 35], [12, 46, 19, 23], [17, 45, 18, 20], [17, 42, 16, 25], [16, 47, 15, 22], [13, 42, 16, 29], [12, 42, 17, 29], [16, 48, 15, 21], [18, 44, 21, 17], [19, 44, 33, 4], [17, 41, 27, 15], [16, 47, 32, 5], [10, 55, 32, 3], [9, 51, 28, 12], [10, 37, 41, 12], [11, 46, 32, 11], [14, 38, 38, 10], [15, 40, 36, 9], [18, 44, 33, 5], [15, 42, 39, 4], [8, 46, 40, 6], [9, 43, 35, 13], [11, 42, 32, 15], [7, 57, 29, 7], [14, 43, 37, 6], [33, 28, 26, 13], [53, 18, 13, 16], [51, 23, 8, 18], [59, 12, 8, 21], [48, 18, 16, 18], [52, 18, 13, 17], [42, 21, 15, 22], [51, 19, 10, 20], [51, 9, 11, 29], [39, 16, 28, 17], [40, 29, 17, 14], [42, 19, 21, 18], [35, 24, 17, 24], [52, 13, 14, 21], [46, 26, 12, 16], [49, 21, 13, 17], [46, 24, 11, 19]], "lambda_": 0.5, "b": [[73, 12, 15], [56, 24, 20], [61, 22, 17], [67, 19, 14], [71, 19, 10], [60, 25, 15], [71, 11, 18], [73, 14, 13], [67, 18, 15], [74, 11, 15], [63, 23, 14], [65, 14, 21], [61, 19, 20], [75, 14, 11], [60, 18, 22], [70, 15, 15], [53, 27, 20], [17, 63, 20], [20, 60, 20], [13, 69, 18], [13, 75, 12], [19, 67, 14], [19, 69, 12], [20, 61, 19], [22, 62, 16], [17, 65, 18], [18, 62, 20], [9, 71, 20], [16, 75, 9], [22, 67, 11], [20, 63, 17], [17, 72, 11], [12, 69, 19], [11, 41, 48], [13, 15, 72], [13, 19, 68], [18, 9, 73], [15, 16, 69], [19, 13, 68], [22, 13, 65], [18, 11, 71], [12, 13, 75], [13, 24, 63], [16, 24, 60], [19, 14, 67], [18, 17, 65], [18, 14, 68], [15, 16, 69], [17, 20, 63], [17, 13, 70]]}