{"M": 50, "G": 3, "I": 10, "J": 100, "p": [[0.015582156525603087, 0.1253866621015372, 0.028440975506022707, 0.0710115388820721, 0.0013664386086365743, 0.2336170641797074, 0.2149636867065295, 0.003163616866523588, 0.2927326537484272, 0.013735206874940618], [0.03368547224040415, 0.09400413427504466, 0.2912537774121661, 0.19328498797955979, 0.0002282245769971257, 0.07431880442283115, 0.08103090532955448, 0.06703298209526573, 0.14748154604349473, 0.017679165624682143], [0.20048479434601485, 0.002915070470011006, 0.02013701171867049, 0.017134292221539584, 0.05141589885777045, 0.15429323352817573, 0.08832820057182307, 0.23478377805692366, 0.047395008217637064, 0.18311271201143423]], "r": [[[1, 11, 1, 4, 0, 18, 18, 1, 17, 0], [1, 1, 8, 2, 0, 1, 2, 1, 2, 0], [1, 1, 0, 0, 0, 3, 1, 4, 0, 1]], [[2, 5, 2, 5, 1, 18, 9, 0, 18, 2], [1, 1, 7, 4, 0, 2, 0, 2, 2, 0], [1, 0, 1, 0, 2, 2, 1, 4, 0, 8]], [[0, 9, 5, 4, 0, 15, 12, 0, 18, 2], [0, 0, 3, 4, 0, 2, 0, 1, 3, 0], [7, 0, 0, 0, 0, 3, 3, 6, 0, 3]], [[2, 7, 0, 3, 0, 19, 13, 0, 27, 1], [0, 2, 4, 6, 0, 0, 1, 1, 2, 0], [2, 0, 0, 0, 0, 3, 0, 4, 0, 3]], [[1, 7, 4, 6, 0, 17, 13, 1, 16, 0], [0, 2, 8, 4, 0, 3, 2, 0, 2, 1], [1, 0, 0, 0, 1, 1, 2, 5, 0, 3]], [[0, 9, 0, 6, 1, 8, 21, 0, 18, 0], [0, 4, 10, 3, 0, 2, 0, 1, 1, 0], [1, 0, 1, 1, 0, 7, 1, 1, 1, 3]], [[0, 4, 0, 5, 0, 15, 12, 0, 24, 0], [0, 3, 4, 4, 0, 2, 3, 1, 2, 1], [6, 0, 2, 0, 1, 2, 4, 3, 0, 2]], [[1, 6, 2, 7, 0, 21, 14, 0, 23, 2], [0, 0, 2, 5, 0, 0, 1, 2, 1, 0], [3, 0, 0, 0, 1, 3, 1, 2, 2, 1]], [[2, 9, 2, 3, 0, 13, 16, 0, 24, 0], [0, 1, 9, 1, 0, 5, 0, 2, 4, 0], [1, 0, 0, 0, 2, 0, 0, 4, 0, 2]], [[1, 2, 6, 4, 0, 12, 19, 1, 23, 0], [3, 2, 9, 1, 0, 1, 1, 0, 1, 0], [0, 0, 0, 1, 0, 0, 1, 5, 3, 4]], [[1, 10, 1, 4, 0, 14, 18, 0, 16, 0], [0, 2, 8, 1, 0, 3, 1, 1, 2, 0], [3, 0, 0, 0, 0, 2, 3, 5, 2, 3]], [[0, 4, 2, 2, 0, 14, 18, 0, 27, 2], [0, 2, 5, 1, 0, 1, 0, 0, 1, 0], [4, 0, 0, 0, 0, 4, 3, 6, 2, 2]], [[2, 5, 4, 5, 0, 17, 11, 0, 19, 2], [1, 3, 8, 4, 0, 1, 0, 0, 2, 0], [3, 0, 1, 0, 0, 7, 0, 2, 0, 3]], [[0, 10, 0, 5, 0, 16, 16, 1, 18, 1], [1, 3, 4, 3, 0, 2, 1, 1, 2, 1], [6, 0, 0, 0, 0, 4, 0, 1, 2, 2]], [[2, 10, 5, 2, 0, 12, 16, 0, 17, 0], [0, 0, 7, 0, 0, 0, 1, 1, 6, 0], [7, 0, 2, 0, 3, 1, 1, 4, 0, 3]], [[0, 10, 3, 7, 0, 18, 15, 1, 15, 0], [0, 0, 8, 1, 0, 0, 0, 3, 2, 0], [5, 0, 2, 0, 1, 3, 0, 4, 0, 2]], [[2, 9, 2, 3, 0, 9, 14, 0, 12, 2], [1, 2, 15, 8, 0, 2, 0, 0, 4, 0], [0, 1, 0, 0, 0, 4, 1, 5, 0, 4]], [[0, 1, 1, 1, 0, 4, 2, 0, 5, 0], [6, 9, 15, 11, 0, 0, 4, 4, 11, 2], [6, 0, 0, 0, 0, 2, 2, 10, 0, 4]], [[0, 2, 0, 3, 0, 4, 3, 0, 5, 0], [3, 5, 20, 13, 0, 4, 3, 3, 14, 2], [3, 0, 0, 0, 0, 3, 3, 5, 0, 2]], [[0, 3, 0, 1, 0, 4, 5, 0, 7, 0], [2, 7, 19, 15, 0, 4, 5, 6, 7, 2], [2, 0, 0, 0, 3, 3, 1, 2, 0, 2]], [[0, 1, 0, 1, 0, 3, 3, 0, 6, 0], [1, 6, 26, 12, 0, 9, 6, 6, 5, 2], [2, 0, 0, 1, 1, 1, 0, 3, 0, 5]], [[0, 2, 0, 1, 0, 7, 3, 0, 5, 0], [4, 3, 26, 13, 0, 4, 6, 2, 5, 2], [3, 0, 0, 0, 0, 3, 0, 6, 0, 5]], [[0, 6, 0, 1, 0, 2, 2, 0, 4, 0], [4, 4, 21, 15, 0, 7, 5, 2, 13, 0], [3, 0, 0, 0, 1, 3, 0, 4, 0, 3]], [[0, 1, 1, 3, 0, 5, 5, 0, 7, 1], [2, 8, 13, 18, 0, 8, 4, 1, 6, 1], [3, 0, 0, 0, 2, 4, 1, 2, 2, 2]], [[2, 2, 0, 1, 0, 5, 1, 1, 6, 0], [3, 3, 18, 10, 0, 6, 5, 6, 9, 1], [2, 0, 0, 0, 0, 7, 4, 4, 1, 3]], [[1, 1, 0, 0, 0, 5, 5, 0, 8, 0], [2, 11, 24, 9, 0, 2, 4, 4, 8, 0], [4, 0, 0, 1, 1, 3, 1, 5, 0, 1]], [[0, 1, 2, 1, 0, 6, 4, 0, 5, 1], [3, 6, 16, 9, 0, 3, 9, 6, 11, 1], [3, 0, 0, 0, 1, 2, 3, 4, 0, 3]], [[0, 3, 0, 1, 0, 2, 2, 0, 4, 0], [1, 3, 29, 10, 0, 6, 4, 5, 12, 1], [3, 0, 1, 0, 1, 3, 0, 4, 3, 2]], [[0, 2, 0, 2, 0, 2, 3, 0, 5, 1], [2, 9, 26, 9, 0, 4, 5, 7, 6, 3], [4, 0, 0, 0, 0, 4, 0, 4, 0, 2]], [[0, 1, 1, 1, 0, 6, 3, 0, 2, 0], [0, 7, 16, 19, 0, 9, 6, 4, 5, 1], [1, 0, 0, 0, 0, 5, 2, 2, 1, 8]], [[1, 4, 0, 3, 0, 5, 4, 0, 5, 0], [2, 2, 19, 14, 0, 8, 4, 3, 9, 0], [3, 0, 0, 0, 3, 2, 0, 5, 0, 4]], [[0, 1, 0, 3, 0, 6, 2, 0, 4, 0], [1, 7, 25, 19, 0, 2, 8, 3, 8, 2], [0, 0, 0, 0, 1, 3, 2, 3, 0, 0]], [[0, 2, 1, 1, 0, 8, 3, 0, 2, 0], [1, 3, 27, 13, 0, 4, 6, 3, 13, 1], [3, 0, 0, 0, 0, 4, 1, 2, 0, 2]], [[0, 1, 0, 1, 0, 4, 2, 0, 3, 1], [1, 5, 13, 4, 0, 4, 1, 1, 6, 0], [11, 0, 3, 0, 3, 5, 3, 13, 4, 11]], [[0, 1, 0, 1, 0, 5, 3, 0, 3, 1], [0, 4, 6, 2, 0, 1, 3, 2, 1, 0], [14, 1, 1, 2, 3, 9, 4, 19, 2, 12]], [[0, 2, 0, 0, 0, 0, 4, 0, 4, 0], [0, 3, 6, 2, 0, 4, 2, 0, 2, 0], [21, 0, 0, 1, 1, 13, 8, 17, 1, 9]], [[0, 1, 0, 0, 1, 4, 6, 0, 3, 0], [0, 0, 5, 2, 0, 0, 0, 2, 5, 0], [13, 0, 1, 4, 5, 8, 6, 17, 4, 13]], [[0, 3, 0, 1, 0, 4, 4, 0, 5, 0], [1, 2, 4, 0, 0, 2, 1, 2, 2, 0], [15, 1, 2, 0, 4, 9, 8, 14, 5, 11]], [[0, 0, 0, 1, 0, 6, 1, 0, 6, 0], [0, 0, 9, 2, 0, 0, 1, 1, 1, 0], [15, 0, 2, 0, 1, 9, 10, 18, 3, 14]], [[0, 1, 0, 0, 0, 4, 6, 0, 10, 0], [1, 1, 7, 4, 0, 1, 1, 1, 2, 0], [10, 0, 2, 1, 5, 8, 5, 14, 2, 14]], [[1, 0, 1, 2, 0, 8, 7, 0, 2, 2], [1, 1, 3, 3, 0, 1, 1, 0, 1, 1], [15, 0, 1, 1, 2, 12, 7, 12, 2, 13]], [[0, 2, 0, 1, 0, 5, 4, 0, 2, 0], [0, 0, 7, 5, 0, 1, 0, 0, 3, 0], [9, 0, 0, 1, 9, 8, 4, 21, 5, 13]], [[1, 1, 1, 0, 0, 5, 2, 0, 3, 0], [0, 3, 9, 3, 0, 1, 1, 3, 1, 0], [8, 0, 2, 0, 1, 11, 6, 19, 8, 11]], [[0, 1, 3, 2, 0, 4, 2, 0, 4, 0], [0, 3, 4, 5, 0, 3, 3, 0, 6, 1], [10, 0, 1, 2, 5, 12, 5, 7, 3, 14]], [[1, 3, 0, 1, 0, 5, 3, 0, 4, 0], [0, 2, 3, 3, 0, 2, 0, 0, 1, 0], [15, 0, 3, 3, 6, 7, 1, 13, 10, 14]], [[0, 2, 2, 3, 0, 9, 2, 0, 1, 0], [0, 0, 3, 1, 0, 0, 4, 1, 5, 0], [25, 0, 0, 1, 1, 10, 4, 13, 2, 11]], [[0, 1, 0, 1, 0, 5, 4, 0, 4, 0], [0, 1, 7, 2, 0, 1, 0, 0, 2, 0], [11, 0, 0, 0, 5, 15, 8, 14, 7, 12]], [[0, 2, 1, 0, 0, 3, 7, 0, 6, 0], [3, 1, 4, 1, 0, 0, 2, 2, 1, 0], [19, 0, 2, 1, 2, 5, 7, 20, 1, 10]], [[1, 0, 0, 0, 0, 2, 3, 0, 7, 1], [0, 3, 6, 2, 0, 2, 1, 0, 1, 0], [16, 0, 2, 1, 3, 8, 10, 14, 5, 12]], [[1, 1, 1, 1, 0, 3, 3, 1, 7, 0], [1, 1, 3, 5, 0, 0, 1, 0, 5, 0], [10, 0, 2, 1, 4, 14, 4, 13, 3, 15]]], "n": [[3, 13, 9, 6, 0, 22, 21, 6, 19, 1], [4, 6, 10, 9, 3, 22, 10, 6, 20, 10], [7, 9, 8, 8, 0, 20, 15, 7, 21, 5], [4, 9, 4, 9, 0, 22, 14, 5, 29, 4], [2, 9, 12, 10, 1, 21, 17, 6, 18, 4], [1, 13, 11, 10, 1, 17, 22, 2, 20, 3], [6, 7, 6, 9, 1, 19, 19, 4, 26, 3], [4, 6, 4, 12, 1, 24, 16, 4, 26, 3], [3, 10, 11, 4, 2, 18, 16, 6, 28, 2], [4, 4, 15, 6, 0, 13, 21, 6, 27, 4], [4, 12, 9, 5, 0, 19, 22, 6, 20, 3], [4, 6, 7, 3, 0, 19, 21, 6, 30, 4], [6, 8, 13, 9, 0, 25, 11, 2, 21, 5], [7, 13, 4, 8, 0, 22, 17, 3, 22, 4], [9, 10, 14, 2, 3, 13, 18, 5, 23, 3], [5, 10, 13, 8, 1, 21, 15, 8, 17, 2], [3, 12, 17, 11, 0, 15, 15, 5, 16, 6], [12, 10, 16, 12, 0, 6, 8, 14, 16, 6], [6, 7, 20, 16, 0, 11, 9, 8, 19, 4], [4, 10, 19, 16, 3, 11, 11, 8, 14, 4], [3, 7, 26, 14, 1, 13, 9, 9, 11, 7], [7, 5, 26, 14, 0, 14, 9, 8, 10, 7], [7, 10, 21, 16, 1, 12, 7, 6, 17, 3], [5, 9, 14, 21, 2, 17, 10, 3, 15, 4], [7, 5, 18, 11, 0, 18, 10, 11, 16, 4], [7, 12, 24, 10, 1, 10, 10, 9, 16, 1], [6, 7, 18, 10, 1, 11, 16, 10, 16, 5], [4, 6, 30, 11, 1, 11, 6, 9, 19, 3], [6, 11, 26, 11, 0, 10, 8, 11, 11, 6], [1, 8, 17, 20, 0, 20, 11, 6, 8, 9], [6, 6, 19, 17, 3, 15, 8, 8, 14, 4], [1, 8, 25, 22, 1, 11, 12, 6, 12, 2], [4, 5, 28, 14, 0, 16, 10, 5, 15, 3], [12, 6, 16, 5, 3, 13, 6, 14, 13, 12], [14, 6, 7, 5, 3, 15, 10, 21, 6, 13], [21, 5, 6, 3, 1, 17, 14, 17, 7, 9], [13, 1, 6, 6, 6, 12, 12, 19, 12, 13], [16, 6, 6, 1, 4, 15, 13, 16, 12, 11], [15, 0, 11, 3, 1, 15, 12, 19, 10, 14], [11, 2, 9, 5, 5, 13, 12, 15, 14, 14], [17, 1, 5, 6, 2, 21, 15, 12, 5, 16], [9, 2, 7, 7, 9, 14, 8, 21, 10, 13], [9, 4, 12, 3, 1, 17, 9, 22, 12, 11], [10, 4, 8, 9, 5, 19, 10, 7, 13, 15], [16, 5, 6, 7, 6, 14, 4, 13, 15, 14], [25, 2, 5, 5, 1, 19, 10, 14, 8, 11], [11, 2, 7, 3, 5, 21, 12, 14, 13, 12], [22, 3, 7, 2, 2, 8, 16, 22, 8, 10], [17, 3, 8, 3, 3, 12, 14, 14, 13, 13], [12, 2, 6, 7, 4, 17, 8, 14, 15, 15]], "lambda_": 0.5,