{"M": 50, "G": 3, "I": 2, "J": 100, "p": [[0.9055273000019451, 0.09447269999805481], [0.11077641301954382, 0.8892235869804561], [0.2990612615270369, 0.7009387384729632]], "r": [[[61, 9], [1, 14], [5, 10]], [[61, 7], [4, 15], [1, 12]], [[67, 9], [2, 11], [5, 6]], [[56, 11], [0, 18], [6, 9]], [[48, 11], [2, 17], [6, 16]], [[59, 3], [3, 20], [4, 11]], [[65, 3], [3, 12], [5, 12]], [[68, 5], [3, 12], [3, 9]], [[60, 6], [1, 15], [3, 15]], [[66, 6], [1, 12], [5, 10]], [[60, 5], [2, 13], [8, 12]], [[62, 12], [3, 14], [4, 5]], [[66, 6], [1, 12], [6, 9]], [[57, 8], [6, 14], [4, 11]], [[62, 6], [1, 15], [4, 12]], [[59, 9], [2, 16], [6, 8]], [[43, 7], [4, 26], [4, 16]], [[18, 2], [8, 50], [7, 15]], [[10, 2], [5, 71], [2, 10]], [[14, 2], [7, 52], [6, 19]], [[10, 2], [3, 68], [5, 12]], [[17, 1], [9, 59], [2, 12]], [[17, 0], [6, 61], [8, 8]], [[11, 0], [10, 58], [10, 11]], [[15, 1], [4, 60], [8, 12]], [[15, 0], [9, 54], [9, 13]], [[19, 1], [6, 53], [8, 13]], [[8, 2], [7, 69], [3, 11]], [[15, 2], [6, 60], [3, 14]], [[14, 1], [6, 62], [11, 6]], [[15, 1], [10, 59], [3, 12]], [[3, 2], [8, 65], [3, 19]], [[17, 2], [6, 60], [5, 10]], [[15, 1], [5, 35], [15, 29]], [[12, 1], [1, 21], [24, 41]], [[17, 1], [2, 19], [20, 41]], [[13, 1], [3, 13], [21, 49]], [[15, 2], [2, 13], [22, 46]], [[14, 3], [0, 11], [23, 49]], [[14, 2], [1, 13], [31, 39]], [[19, 0], [0, 14], [24, 43]], [[19, 0], [3, 13], [14, 51]], [[20, 0], [2, 11], [20, 47]], [[9, 2], [1, 14], [28, 46]], [[17, 1], [3, 15], [12, 52]], [[12, 0], [3, 12], [20, 53]], [[21, 3], [2, 12], [15, 47]], [[12, 2], [3, 14], [19, 50]], [[19, 1], [0, 20], [15, 45]], [[15, 3], [1, 19], [19, 43]]], "n": [[67, 33], [66, 34], [74, 26], [62, 38], [56, 44], [66, 34], [73, 27], [74, 26], [64, 36], [72, 28], [70, 30], [69, 31], [73, 27], [67, 33], [67, 33], [67, 33], [51, 49], [33, 67], [17, 83], [27, 73], [18, 82], [28, 72], [31, 69], [31, 69], [27, 73], [33, 67], [33, 67], [18, 82], [24, 76], [31, 69], [28, 72], [14, 86], [28, 72], [35, 65], [37, 63], [39, 61], [37, 63], [39, 61], [37, 63], [46, 54], [43, 57], [36, 64], [42, 58], [38, 62], [32, 68], [35, 65], [38, 62], [34, 66], [34, 66], [35, 65]], "lambda_": 0.5, "b": [[70, 15, 15], [68, 19, 13], [76, 13, 11], [67, 18, 15], [59, 19, 22], [62, 23, 15], [68, 15, 17], [73, 15, 12], [66, 16, 18], [72, 13, 15], [65, 15, 20], [74, 17, 9], [72, 13, 15], [65, 20, 15], [68, 16, 16], [68, 18, 14], [50, 30, 20], [20, 58, 22], [12, 76, 12], [16, 59, 25], [12, 71, 17], [18, 68, 14], [17, 67, 16], [11, 68, 21], [16, 64, 20], [15, 63, 22], [20, 59, 21], [10, 76, 14], [17, 66, 17], [15, 68, 17], [16, 69, 15], [5, 73, 22], [19, 66, 15], [16, 40, 44], [13, 22, 65], [18, 21, 61], [14, 16, 70], [17, 15, 68], [17, 11, 72], [16, 14, 70], [19, 14, 67], [19, 16, 65], [20, 13, 67], [11, 15, 74], [18, 18, 64], [12, 15, 73], [24, 14, 62], [14, 17, 69], [20, 20, 60], [18, 20, 62]]}