{"M": 50, "G": 2, "I": 10, "J": 100, "p": [[0.11991661550111644, 0.005500336308888783, 0.16704342406662817, 0.11966709003802448, 0.11419385771146613, 0.08396111096879105, 0.047944554745746416, 0.2022021665049108, 0.07458129303841314, 0.0649895511160146], [0.10911846334865041, 0.08467984511938151, 0.01625022029009691, 0.0810237270119616, 0.022921616895543978, 0.1729887710175188, 0.21630711039323489, 0.0766399545108728, 0.21073926823980998, 0.009331023172928875]], "r": [[[8, 0, 12, 11, 7, 11, 4, 14, 4, 5], [0, 2, 0, 1, 0, 5, 7, 2, 7, 0]], [[14, 0, 13, 7, 9, 5, 3, 17, 5, 3], [1, 3, 0, 2, 1, 6, 4, 3, 4, 0]], [[3, 0, 12, 13, 11, 4, 4, 15, 4, 10], [4, 1, 0, 4, 0, 5, 5, 2, 3, 0]], [[9, 0, 18, 11, 6, 4, 1, 17, 4, 4], [5, 1, 1, 2, 0, 6, 4, 0, 7, 0]], [[8, 1, 6, 4, 13, 11, 5, 14, 6, 6], [1, 4, 0, 6, 1, 3, 4, 2, 5, 0]], [[7, 1, 14, 11, 8, 6, 4, 15, 6, 7], [2, 2, 1, 5, 1, 3, 1, 2, 4, 0]], [[15, 0, 13, 6, 10, 6, 6, 13, 4, 4], [4, 1, 0, 0, 0, 6, 3, 3, 6, 0]], [[3, 0, 9, 8, 15, 6, 3, 16, 5, 7], [2, 0, 1, 6, 0, 5, 5, 1, 8, 0]], [[10, 1, 18, 7, 7, 5, 5, 14, 7, 2], [4, 3, 0, 1, 0, 3, 5, 2, 6, 0]], [[7, 0, 17, 9, 8, 7, 5, 7, 7, 5], [4, 2, 1, 1, 0, 5, 1, 3, 9, 2]], [[11, 1, 12, 9, 9, 5, 5, 13, 3, 6], [4, 2, 0, 1, 1, 3, 9, 2, 4, 0]], [[11, 0, 16, 7, 8, 9, 3, 10, 5, 5], [4, 2, 0, 1, 1, 3, 4, 1, 10, 0]], [[11, 1, 15, 12, 5, 9, 1, 13, 3, 4], [1, 4, 0, 1, 0, 6, 8, 3, 2, 1]], [[14, 1, 14, 10, 7, 8, 2, 9, 3, 4], [2, 1, 0, 1, 1, 6, 8, 3, 6, 0]], [[6, 0, 16, 8, 6, 5, 1, 10, 6, 4], [1, 5, 0, 4, 0, 9, 9, 1, 9, 0]], [[9, 0, 15, 9, 12, 7, 4, 19, 3, 2], [4, 1, 0, 3, 0, 3, 2, 3, 4, 0]], [[9, 2, 14, 11, 5, 5, 1, 17, 7, 4], [4, 0, 1, 0, 1, 5, 5, 1, 6, 2]], [[8, 0, 11, 5, 8, 4, 4, 18, 7, 12], [1, 3, 0, 2, 0, 5, 3, 2, 6, 1]], [[10, 1, 10, 15, 9, 3, 2, 12, 9, 4], [4, 3, 0, 4, 0, 4, 8, 0, 2, 0]], [[12, 0, 17, 8, 9, 6, 3, 8, 9, 4], [2, 3, 1, 2, 1, 2, 8, 1, 4, 0]], [[12, 1, 10, 12, 9, 8, 3, 11, 6, 8], [3, 3, 0, 1, 0, 1, 7, 0, 5, 0]], [[7, 1, 7, 7, 6, 5, 4, 21, 9, 1], [1, 4, 0, 2, 1, 12, 8, 0, 4, 0]], [[9, 0, 12, 7, 10, 7, 4, 15, 7, 5], [3, 4, 0, 1, 0, 2, 6, 2, 6, 0]], [[9, 2, 8, 10, 11, 4, 6, 18, 11, 2], [1, 1, 1, 2, 0, 2, 7, 0, 5, 0]], [[9, 0, 12, 11, 10, 9, 5, 12, 5, 8], [3, 0, 1, 0, 0, 1, 4, 2, 8, 0]], [[3, 0, 3, 3, 4, 3, 1, 3, 2, 4], [8, 1, 1, 3, 2, 10, 16, 7, 26, 0]], [[0, 0, 7, 5, 3, 2, 1, 5, 1, 1], [10, 7, 1, 11, 0, 13, 12, 4, 17, 0]], [[2, 0, 1, 5, 4, 2, 0, 4, 4, 4], [10, 8, 0, 4, 0, 18, 14, 4, 14, 2]], [[6, 0, 8, 2, 2, 3, 3, 5, 1, 1], [3, 9, 0, 9, 0, 14, 18, 4, 11, 1]], [[2, 0, 2, 4, 3, 3, 0, 3, 2, 2], [10, 3, 0, 11, 1, 15, 17, 5, 16, 1]], [[2, 0, 6, 5, 2, 1, 2, 0, 1, 1], [7, 7, 1, 7, 3, 14, 21, 4, 14, 2]], [[0, 0, 8, 4, 3, 1, 2, 3, 0, 3], [9, 3, 3, 10, 4, 10, 19, 7, 10, 1]], [[4, 0, 4, 3, 3, 3, 2, 4, 1, 0], [9, 8, 1, 9, 0, 11, 18, 4, 15, 1]], [[3, 0, 5, 2, 2, 2, 0, 8, 2, 3], [10, 7, 1, 5, 2, 9, 19, 5, 14, 1]], [[5, 0, 5, 3, 3, 1, 1, 4, 1, 3], [7, 6, 0, 6, 1, 23, 12, 3, 15, 1]], [[3, 0, 2, 4, 5, 4, 0, 7, 3, 0], [6, 6, 1, 7, 1, 18, 18, 3, 12, 0]], [[4, 0, 5, 1, 2, 2, 0, 5, 4, 1], [4, 6, 0, 6, 4, 16, 17, 4, 17, 2]], [[2, 0, 3, 2, 3, 4, 1, 4, 3, 1], [4, 2, 1, 7, 2, 21, 23, 4, 13, 0]], [[6, 0, 5, 3, 3, 2, 1, 7, 1, 3], [5, 6, 1, 9, 2, 10, 18, 4, 14, 0]], [[3, 0, 6, 4, 1, 0, 2, 2, 0, 0], [9, 4, 3, 8, 3, 11, 14, 13, 16, 1]], [[4, 0, 3, 1, 2, 3, 1, 5, 0, 3], [7, 5, 0, 4, 2, 14, 19, 11, 16, 0]], [[9, 0, 3, 2, 2, 1, 1, 4, 2, 3], [12, 5, 1, 7, 2, 14, 8, 9, 14, 1]], [[1, 0, 4, 5, 3, 2, 0, 5, 3, 1], [9, 6, 2, 3, 2, 16, 14, 6, 18, 0]], [[4, 1, 5, 4, 1, 1, 0, 6, 3, 0], [11, 4, 2, 8, 1, 18, 14, 1, 16, 0]], [[1, 0, 8, 3, 5, 2, 1, 3, 2, 4], [6, 6, 1, 9, 4, 7, 17, 5, 15, 1]], [[4, 0, 4, 2, 5, 4, 1, 3, 3, 3], [9, 8, 0, 6, 2, 13, 17, 5, 10, 1]], [[4, 0, 5, 1, 4, 0, 0, 4, 4, 2], [9, 7, 2, 4, 2, 17, 11, 7, 17, 0]], [[3, 0, 6, 2, 2, 0, 1, 3, 0, 3], [13, 11, 0, 2, 2, 16, 20, 7, 9, 0]], [[5, 0, 6, 3, 1, 0, 0, 5, 3, 1], [10, 10, 0, 5, 1, 12, 20, 4, 14, 0]], [[1, 0, 6, 0, 5, 4, 4, 3, 2, 2], [8, 5, 2, 8, 1, 13, 14, 3, 18, 1]]], "n": [[8, 2, 12, 12, 7, 16, 11, 16, 11, 5], [15, 3, 13, 9, 10, 11, 7, 20, 9, 3], [7, 1, 12, 17, 11, 9, 9, 17, 7, 10], [14, 1, 19, 13, 6, 10, 5, 17, 11, 4], [9, 5, 6, 10, 14, 14, 9, 16, 11, 6], [9, 3, 15, 16, 9, 9, 5, 17, 10, 7], [19, 1, 13, 6, 10, 12, 9, 16, 10, 4], [5, 0, 10, 14, 15, 11, 8, 17, 13, 7], [14, 4, 18, 8, 7, 8, 10, 16, 13, 2], [11, 2, 18, 10, 8, 12, 6, 10, 16, 7], [15, 3, 12, 10, 10, 8, 14, 15, 7, 6], [15, 2, 16, 8, 9, 12, 7, 11, 15, 5], [12, 5, 15, 13, 5, 15, 9, 16, 5, 5], [16, 2, 14, 11, 8, 14, 10, 12, 9, 4], [7, 5, 16, 12, 6, 14, 10, 11, 15, 4], [13, 1, 15, 12, 12, 10, 6, 22, 7, 2], [13, 2, 15, 11, 6, 10, 6, 18, 13, 6], [9, 3, 11, 7, 8, 9, 7, 20, 13, 13], [14, 4, 10, 19, 9, 7, 10, 12, 11, 4], [14, 3, 18, 10, 10, 8, 11, 9, 13, 4], [15, 4, 10, 13, 9, 9, 10, 11, 11, 8], [8, 5, 7, 9, 7, 17, 12, 21, 13, 1], [12, 4, 12, 8, 10, 9, 10, 17, 13, 5], [10, 3, 9, 12, 11, 6, 13, 18, 16, 2], [12, 0, 13, 11, 10, 10, 9, 14, 13, 8], [11, 1, 4, 6, 6, 13, 17, 10, 28, 4], [10, 7, 8, 16, 3, 15, 13, 9, 18, 1], [12, 8, 1, 9, 4, 20, 14, 8, 18, 6], [9, 9, 8, 11, 2, 17, 21, 9, 12, 2], [12, 3, 2, 15, 4, 18, 17, 8, 18, 3], [9, 7, 7, 12, 5, 15, 23, 4, 15, 3], [9, 3, 11, 14, 7, 11, 21, 10, 10, 4], [13, 8, 5, 12, 3, 14, 20, 8, 16, 1], [13, 7, 6, 7, 4, 11, 19, 13, 16, 4], [12, 6, 5, 9, 4, 24, 13, 7, 16, 4], [9, 6, 3, 11, 6, 22, 18, 10, 15, 0], [8, 6, 5, 7, 6, 18, 17, 9, 21, 3], [6, 2, 4, 9, 5, 25, 24, 8, 16, 1], [11, 6, 6, 12, 5, 12, 19, 11, 15, 3], [12, 4, 9, 12, 4, 11, 16, 15, 16, 1], [11, 5, 3, 5, 4, 17, 20, 16, 16, 3], [21, 5, 4, 9, 4, 15, 9, 13, 16, 4], [10, 6, 6, 8, 5, 18, 14, 11, 21, 1], [15, 5, 7, 12, 2, 19, 14, 7, 19, 0], [7, 6, 9, 12, 9, 9, 18, 8, 17, 5], [13, 8, 4, 8, 7, 17, 18, 8, 13, 4], [13, 7, 7, 5, 6, 17, 11, 11, 21, 2], [16, 11, 6, 4, 4, 16, 21, 10, 9, 3], [15, 10, 6, 8, 2, 12, 20, 9, 17, 1], [9, 5, 8, 8, 6, 17, 18, 6, 20, 3]], "lambda_": 0.5, "b": [[76, 24], [76, 24], [76, 24], [74, 26], [74, 26], [79, 21], [77, 23], [72, 28], [76, 24], [72, 28], [74, 26], [74, 26], [74, 26], [72, 28], [62, 38], [80, 20], [75, 25], [77, 23], [75, 25], [76, 24], [80, 20], [68, 32], [76, 24], [81, 19], [81, 19], [26, 74], [25, 75], [26, 74], [31, 69], [21, 79], [20, 80], [24, 76], [24, 76], [27, 73], [26, 74], [28, 72], [24, 76], [23, 77], [31, 69], [18, 82], [22, 78], [27, 73], [24, 76], [25, 75], [29, 71], [29, 71], [24, 76], [20, 80], [24, 76], [27, 73]]}