{"M": 50, "G": 4, "I": 3, "J": 100, "p": [[0.5124501492524153, 0.09255883207878725, 0.3949910186687975], [0.040161431888498515, 0.10740706609794944, 0.8524315020135521], [0.4423699895794689, 0.3181175039485857, 0.23951250647194552], [0.3380298559864338, 0.20002946033186392, 0.4619406836817024]], "r": [[[26, 5, 27], [1, 2, 15], [6, 4, 2], [3, 2, 7]], [[35, 4, 23], [0, 0, 11], [9, 4, 5], [1, 0, 8]], [[34, 6, 26], [0, 1, 9], [4, 7, 2], [5, 3, 3]], [[31, 5, 30], [0, 0, 10], [7, 4, 2], [4, 4, 3]], [[35, 11, 22], [0, 1, 14], [2, 3, 1], [5, 1, 5]], [[33, 1, 31], [0, 1, 6], [9, 7, 0], [5, 1, 6]], [[42, 5, 19], [1, 1, 11], [4, 3, 1], [6, 2, 5]], [[28, 6, 26], [0, 0, 10], [9, 3, 3], [8, 2, 5]], [[37, 6, 16], [1, 0, 12], [3, 2, 4], [11, 2, 6]], [[39, 5, 25], [0, 0, 6], [2, 3, 2], [5, 4, 9]], [[29, 4, 21], [1, 2, 16], [6, 1, 5], [4, 4, 7]], [[38, 6, 24], [0, 2, 14], [6, 2, 3], [3, 0, 2]], [[24, 2, 19], [2, 3, 28], [1, 2, 1], [3, 5, 10]], [[1, 0, 5], [2, 8, 56], [11, 0, 2], [3, 4, 8]], [[7, 1, 5], [7, 11, 47], [5, 3, 3], [1, 4, 6]], [[3, 2, 7], [2, 6, 50], [4, 6, 2], [5, 3, 10]], [[8, 3, 5], [3, 8, 46], [6, 1, 3], [4, 4, 9]], [[7, 1, 4], [4, 5, 55], [5, 2, 2], [4, 4, 7]], [[3, 0, 6], [3, 5, 54], [6, 3, 3], [7, 1, 9]], [[3, 0, 5], [0, 8, 61], [3, 4, 6], [4, 0, 6]], [[7, 1, 9], [3, 6, 51], [3, 5, 4], [7, 2, 2]], [[6, 1, 6], [1, 10, 49], [6, 5, 5], [5, 2, 4]], [[3, 1, 4], [1, 8, 58], [4, 5, 0], [4, 1, 11]], [[3, 2, 4], [2, 6, 48], [9, 7, 3], [3, 4, 9]], [[7, 0, 9], [2, 6, 55], [9, 2, 2], [3, 4, 1]], [[6, 0, 2], [1, 2, 22], [25, 17, 10], [5, 2, 8]], [[3, 1, 6], [0, 2, 7], [27, 25, 22], [3, 0, 4]], [[5, 2, 8], [0, 2, 13], [23, 16, 22], [4, 2, 3]], [[1, 2, 5], [0, 1, 14], [28, 24, 18], [3, 2, 2]], [[5, 3, 7], [0, 5, 10], [27, 17, 15], [5, 3, 3]], [[6, 0, 4], [0, 3, 11], [28, 24, 15], [5, 2, 2]], [[7, 0, 5], [1, 2, 18], [21, 17, 16], [7, 2, 4]], [[7, 0, 7], [1, 1, 6], [23, 24, 15], [11, 3, 2]], [[2, 1, 5], [1, 2, 7], [28, 19, 21], [3, 2, 9]], [[8, 1, 4], [0, 0, 10], [20, 26, 16], [3, 7, 5]], [[8, 0, 5], [1, 2, 11], [22, 25, 13], [4, 2, 7]], [[10, 0, 2], [1, 1, 11], [29, 22, 11], [4, 2, 7]], [[7, 0, 6], [0, 2, 13], [19, 12, 7], [13, 3, 18]], [[5, 3, 7], [0, 1, 14], [5, 3, 7], [14, 15, 26]], [[9, 0, 6], [0, 1, 10], [4, 2, 4], [29, 15, 20]], [[9, 2, 4], [0, 1, 13], [5, 4, 8], [19, 9, 26]], [[8, 1, 10], [0, 1, 6], [8, 6, 1], [18, 9, 32]], [[10, 1, 6], [0, 2, 12], [4, 5, 4], [19, 16, 21]], [[6, 0, 6], [0, 1, 11], [2, 8, 5], [28, 6, 27]], [[2, 0, 6], [0, 1, 14], [10, 3, 1], [25, 12, 26]], [[7, 1, 4], [0, 0, 8], [11, 7, 4], [17, 14, 27]], [[5, 1, 6], [0, 0, 12], [6, 2, 2], [19, 10, 37]], [[9, 0, 4], [0, 1, 9], [2, 3, 6], [15, 10, 41]], [[6, 1, 2], [0, 0, 13], [5, 2, 2], [22, 11, 36]], [[3, 1, 5], [0, 0, 7], [8, 7, 2], [17, 9, 41]]], "n": [[36, 13, 51], [45, 8, 47], [43, 17, 40], [42, 13, 45], [42, 16, 42], [47, 10, 43], [53, 11, 36], [45, 11, 44], [52, 10, 38], [46, 12, 42], [40, 11, 49], [47, 10, 43], [30, 12, 58], [17, 12, 71], [20, 19, 61], [14, 17, 69], [21, 16, 63], [20, 12, 68], [19, 9, 72], [10, 12, 78], [20, 14, 66], [18, 18, 64], [12, 15, 73], [17, 19, 64], [21, 12, 67], [37, 21, 42], [33, 28, 39], [32, 22, 46], [32, 29, 39], [37, 28, 35], [39, 29, 32], [36, 21, 43], [42, 28, 30], [34, 24, 42], [31, 34, 35], [35, 29, 36], [44, 25, 31], [39, 17, 44], [24, 22, 54], [42, 18, 40], [33, 16, 51], [34, 17, 49], [33, 24, 43], [36, 15, 49], [37, 16, 47], [35, 22, 43], [30, 13, 57], [26, 14, 60], [33, 14, 53], [28, 17, 55]], "lambda_": 0.5, "b": [[58, 18, 12, 12], [62, 11, 18, 9], [66, 10, 13, 11], [66, 10, 13, 11], [68, 15, 6, 11], [65, 7, 16, 12], [66, 13, 8, 13], [60, 10, 15, 15], [59, 13, 9, 19], [69, 6, 7, 18], [54, 19, 12, 15], [68, 16, 11, 5], [45, 33, 4, 18], [6, 66, 13, 15], [13, 65, 11, 11], [12, 58, 12, 18], [16, 57, 10, 17], [12, 64, 9, 15], [9, 62, 12, 17], [8, 69, 13, 10], [17, 60, 12, 11], [13, 60, 16, 11], [8, 67, 9, 16], [9, 56, 19, 16], [16, 63, 13, 8], [8, 25, 52, 15], [10, 9, 74, 7], [15, 15, 61, 9], [8, 15, 70, 7], [15, 15, 59, 11], [10, 14, 67, 9], [12, 21, 54, 13], [14, 8, 62, 16], [8, 10, 68, 14], [13, 10, 62, 15], [13, 14, 60, 13], [12, 13, 62, 13], [13, 15, 38, 34], [15, 15, 15, 55], [15, 11, 10, 64], [15, 14, 17, 54], [19, 7, 15, 59], [17, 14, 13, 56], [12, 12, 15, 61], [8, 15, 14, 63], [12, 8, 22, 58], [12, 12, 10, 66], [13, 10, 11, 66], [9, 13, 9, 69], [9, 7, 17, 67]]}