{"M": 50, "G": 2, "I": 5, "J": 100, "p": [[0.17583738578154742, 0.11781376416577459, 0.35282805535055234, 0.03358113809648584, 0.31993965660563983], [0.1919856498243737, 0.15185075922920055, 0.6110713721045119, 0.04111719099206785, 0.003975027849845818]], "r": [[[12, 8, 27, 5, 21], [1, 3, 22, 1, 0]], [[13, 6, 32, 4, 29], [1, 4, 11, 0, 0]], [[13, 8, 25, 4, 25], [4, 6, 14, 1, 0]], [[17, 6, 28, 1, 21], [7, 3, 15, 2, 0]], [[11, 7, 32, 4, 20], [2, 6, 17, 1, 0]], [[17, 5, 21, 6, 23], [8, 3, 17, 0, 0]], [[10, 9, 33, 2, 22], [6, 2, 14, 2, 0]], [[14, 7, 36, 0, 17], [5, 0, 19, 1, 1]], [[15, 10, 23, 2, 22], [5, 3, 20, 0, 0]], [[17, 8, 26, 4, 19], [7, 7, 12, 0, 0]], [[14, 12, 24, 5, 22], [5, 3, 14, 1, 0]], [[10, 12, 28, 3, 20], [4, 6, 17, 0, 0]], [[11, 12, 25, 0, 22], [9, 5, 14, 2, 0]], [[14, 14, 30, 1, 17], [3, 4, 16, 1, 0]], [[16, 5, 28, 4, 25], [7, 2, 13, 0, 0]], [[11, 5, 39, 2, 22], [6, 4, 11, 0, 0]], [[22, 9, 25, 2, 20], [5, 2, 15, 0, 0]], [[12, 9, 27, 5, 18], [5, 6, 17, 1, 0]], [[14, 9, 31, 4, 15], [5, 2, 20, 0, 0]], [[12, 9, 22, 9, 21], [3, 8, 15, 0, 1]], [[13, 7, 20, 2, 30], [3, 4, 19, 2, 0]], [[10, 9, 32, 3, 26], [3, 5, 10, 1, 1]], [[16, 7, 26, 0, 23], [6, 1, 20, 1, 0]], [[15, 14, 26, 3, 18], [1, 1, 22, 0, 0]], [[9, 12, 28, 4, 25], [4, 5, 12, 1, 0]], [[4, 4, 8, 0, 8], [10, 12, 53, 1, 0]], [[2, 0, 7, 0, 12], [18, 19, 41, 1, 0]], [[4, 3, 8, 1, 8], [21, 11, 44, 0, 0]], [[3, 3, 12, 2, 7], [14, 12, 46, 1, 0]], [[4, 5, 8, 0, 9], [13, 10, 47, 4, 0]], [[2, 4, 8, 1, 11], [10, 17, 41, 5, 1]], [[3, 2, 12, 2, 6], [12, 8, 51, 4, 0]], [[5, 3, 10, 0, 6], [14, 9, 51, 1, 1]], [[5, 0, 11, 1, 5], [18, 14, 45, 0, 1]], [[5, 3, 7, 2, 8], [12, 12, 47, 4, 0]], [[3, 2, 8, 0, 8], [14, 6, 57, 2, 0]], [[3, 4, 7, 3, 8], [9, 15, 51, 0, 0]], [[6, 6, 11, 0, 6], [12, 13, 41, 3, 2]], [[2, 4, 6, 0, 4], [17, 10, 53, 4, 0]], [[8, 2, 10, 0, 10], [14, 11, 43, 2, 0]], [[4, 2, 7, 2, 8], [18, 19, 37, 3, 0]], [[2, 3, 11, 1, 8], [12, 11, 48, 4, 0]], [[4, 5, 5, 2, 9], [25, 13, 34, 3, 0]], [[3, 2, 10, 2, 9], [14, 12, 47, 1, 0]], [[8, 5, 6, 0, 9], [15, 10, 46, 0, 1]], [[6, 1, 8, 1, 5], [18, 10, 48, 3, 0]], [[6, 5, 8, 1, 12], [7, 11, 47, 2, 1]], [[3, 9, 8, 1, 12], [13, 9, 42, 3, 0]], [[5, 3, 7, 2, 9], [22, 13, 37, 2, 0]], [[2, 3, 8, 1, 11], [19, 9, 42, 5, 0]]], "n": [[13, 11, 49, 6, 21], [14, 10, 43, 4, 29], [17, 14, 39, 5, 25], [24, 9, 43, 3, 21], [13, 13, 49, 5, 20], [25, 8, 38, 6, 23], [16, 11, 47, 4, 22], [19, 7, 55, 1, 18], [20, 13, 43, 2, 22], [24, 15, 38, 4, 19], [19, 15, 38, 6, 22], [14, 18, 45, 3, 20], [20, 17, 39, 2, 22], [17, 18, 46, 2, 17], [23, 7, 41, 4, 25], [17, 9, 50, 2, 22], [27, 11, 40, 2, 20], [17, 15, 44, 6, 18], [19, 11, 51, 4, 15], [15, 17, 37, 9, 22], [16, 11, 39, 4, 30], [13, 14, 42, 4, 27], [22, 8, 46, 1, 23], [16, 15, 48, 3, 18], [13, 17, 40, 5, 25], [14, 16, 61, 1, 8], [20, 19, 48, 1, 12], [25, 14, 52, 1, 8], [17, 15, 58, 3, 7], [17, 15, 55, 4, 9], [12, 21, 49, 6, 12], [15, 10, 63, 6, 6], [19, 12, 61, 1, 7], [23, 14, 56, 1, 6], [17, 15, 54, 6, 8], [17, 8, 65, 2, 8], [12, 19, 58, 3, 8], [18, 19, 52, 3, 8], [19, 14, 59, 4, 4], [22, 13, 53, 2, 10], [22, 21, 44, 5, 8], [14, 14, 59, 5, 8], [29, 18, 39, 5, 9], [17, 14, 57, 3, 9], [23, 15, 52, 0, 10], [24, 11, 56, 4, 5], [13, 16, 55, 3, 13], [16, 18, 50, 4, 12], [27, 16, 44, 4, 9], [21, 12, 50, 6, 11]], "lambda_": 0.5, "b": [[73, 27], [84, 16], [75, 25], [73, 27], [74, 26], [72, 28], [76, 24], [74, 26], [72, 28], [74, 26], [77, 23], [73, 27], [70, 30], [76, 24], [78, 22], [79, 21], [78, 22], [71, 29], [73, 27], [73, 27], [72, 28], [80, 20], [72, 28], [76, 24], [78, 22], [24, 76], [21, 79], [24, 76], [27, 73], [26, 74], [26, 74], [25, 75], [24, 76], [22, 78], [25, 75], [21, 79], [25, 75], [29, 71], [16, 84], [30, 70], [23, 77], [25, 75], [25, 75], [26, 74], [28, 72], [21, 79], [32, 68], [33, 67], [26, 74], [25, 75]]}