{"M": 50, "G": 3, "I": 2, "J": 100, "p": [[0.956143597579845, 0.04385640242015506], [0.582620503431051, 0.41737949656894896], [0.5762856135882685, 0.42371438641173154]], "r": [[[58, 4], [14, 6], [11, 7]], [[64, 2], [7, 10], [10, 7]], [[67, 3], [12, 5], [8, 5]], [[63, 1], [9, 8], [11, 8]], [[68, 6], [5, 6], [8, 7]], [[62, 3], [12, 7], [11, 5]], [[65, 3], [9, 7], [13, 3]], [[60, 2], [12, 7], [11, 8]], [[67, 1], [8, 5], [14, 5]], [[63, 5], [8, 5], [12, 7]], [[63, 1], [11, 3], [17, 5]], [[60, 2], [8, 7], [12, 11]], [[57, 6], [11, 9], [8, 9]], [[56, 6], [10, 11], [11, 6]], [[68, 0], [10, 9], [10, 3]], [[64, 1], [14, 5], [10, 6]], [[45, 3], [18, 17], [8, 9]], [[15, 1], [45, 27], [7, 5]], [[22, 1], [46, 18], [9, 4]], [[14, 0], [45, 20], [11, 10]], [[17, 1], [36, 27], [12, 7]], [[15, 4], [37, 30], [7, 7]], [[15, 1], [36, 35], [8, 5]], [[26, 0], [39, 24], [6, 5]], [[16, 1], [32, 31], [12, 8]], [[17, 2], [31, 31], [11, 8]], [[14, 0], [40, 32], [9, 5]], [[18, 2], [44, 21], [10, 5]], [[22, 1], [43, 25], [4, 5]], [[17, 0], [37, 28], [13, 5]], [[12, 0], [42, 34], [8, 4]], [[16, 1], [38, 26], [8, 11]], [[22, 0], [33, 25], [11, 9]], [[12, 0], [22, 13], [27, 26]], [[12, 1], [12, 6], [41, 28]], [[19, 1], [13, 6], [38, 23]], [[15, 0], [10, 3], [47, 25]], [[19, 0], [10, 4], [38, 29]], [[17, 2], [10, 9], [32, 30]], [[16, 2], [8, 10], [34, 30]], [[12, 1], [5, 9], [37, 36]], [[11, 1], [6, 13], [43, 26]], [[16, 3], [12, 5], [41, 23]], [[19, 2], [6, 7], [42, 24]], [[16, 1], [9, 7], [41, 26]], [[16, 0], [12, 4], [42, 26]], [[15, 0], [11, 7], [38, 29]], [[8, 0], [16, 4], [43, 29]], [[17, 0], [10, 7], [42, 24]], [[20, 2], [12, 6], [32, 28]]], "n": [[83, 17], [81, 19], [87, 13], [83, 17], [81, 19], [85, 15], [87, 13], [83, 17], [89, 11], [83, 17], [91, 9], [80, 20], [76, 24], [77, 23], [88, 12], [88, 12], [71, 29], [67, 33], [77, 23], [70, 30], [65, 35], [59, 41], [59, 41], [71, 29], [60, 40], [59, 41], [63, 37], [72, 28], [69, 31], [67, 33], [62, 38], [62, 38], [66, 34], [61, 39], [65, 35], [70, 30], [72, 28], [67, 33], [59, 41], [58, 42], [54, 46], [60, 40], [69, 31], [67, 33], [66, 34], [70, 30], [64, 36], [67, 33], [69, 31], [64, 36]], "lambda_": 0.5, "b": [[62, 20, 18], [66, 17, 17], [70, 17, 13], [64, 17, 19], [74, 11, 15], [65, 19, 16], [68, 16, 16], [62, 19, 19], [68, 13, 19], [68, 13, 19], [64, 14, 22], [62, 15, 23], [63, 20, 17], [62, 21, 17], [68, 19, 13], [65, 19, 16], [48, 35, 17], [16, 72, 12], [23, 64, 13], [14, 65, 21], [18, 63, 19], [19, 67, 14], [16, 71, 13], [26, 63, 11], [17, 63, 20], [19, 62, 19], [14, 72, 14], [20, 65, 15], [23, 68, 9], [17, 65, 18], [12, 76, 12], [17, 64, 19], [22, 58, 20], [12, 35, 53], [13, 18, 69], [20, 19, 61], [15, 13, 72], [19, 14, 67], [19, 19, 62], [18, 18, 64], [13, 14, 73], [12, 19, 69], [19, 17, 64], [21, 13, 66], [17, 16, 67], [16, 16, 68], [15, 18, 67], [8, 20, 72], [17, 17, 66], [22, 18, 60]]}