{"M": 50, "G": 4, "I": 5, "J": 100, "p": [[0.17583738578154742, 0.11781376416577459, 0.35282805535055234, 0.03358113809648584, 0.31993965660563983], [0.1919856498243737, 0.15185075922920055, 0.6110713721045119, 0.04111719099206785, 0.003975027849845818], [0.23155809514120673, 0.4309450870170965, 0.30554024270356456, 0.004821490958546575, 0.027135084179585732], [0.07386644988879532, 0.24274418629645989, 0.4133587578967442, 0.046280476115563726, 0.22375012980243691]], "r": [[[10, 9, 23, 6, 18], [2, 2, 7, 0, 0], [4, 8, 1, 0, 0], [1, 1, 5, 0, 3]], [[11, 4, 33, 4, 21], [3, 2, 5, 1, 0], [3, 6, 1, 0, 0], [1, 0, 5, 0, 0]], [[13, 10, 18, 3, 24], [0, 2, 9, 0, 0], [2, 4, 4, 0, 1], [3, 2, 3, 0, 2]], [[13, 5, 24, 1, 16], [2, 3, 9, 0, 0], [1, 3, 7, 0, 0], [1, 4, 4, 3, 4]], [[17, 4, 25, 1, 18], [5, 0, 8, 0, 0], [5, 5, 3, 0, 0], [2, 3, 1, 0, 3]], [[10, 5, 17, 2, 22], [2, 1, 9, 1, 0], [0, 13, 5, 0, 0], [1, 3, 7, 0, 2]], [[8, 12, 20, 2, 24], [1, 4, 3, 0, 0], [5, 4, 2, 1, 0], [1, 3, 6, 1, 3]], [[10, 5, 28, 1, 23], [0, 2, 10, 0, 0], [2, 2, 6, 0, 0], [0, 1, 6, 0, 4]], [[9, 5, 24, 0, 17], [2, 2, 10, 1, 0], [2, 9, 3, 0, 0], [0, 3, 8, 0, 5]], [[10, 14, 23, 2, 15], [3, 0, 9, 0, 0], [4, 6, 3, 0, 0], [1, 4, 4, 0, 2]], [[8, 11, 18, 4, 13], [4, 3, 7, 0, 0], [4, 6, 5, 0, 1], [1, 3, 8, 1, 3]], [[7, 6, 29, 5, 16], [4, 1, 4, 2, 0], [1, 8, 5, 0, 0], [1, 4, 5, 0, 2]], [[9, 3, 14, 2, 11], [3, 3, 27, 3, 0], [3, 7, 5, 0, 0], [0, 5, 3, 1, 1]], [[2, 1, 5, 0, 5], [17, 11, 36, 1, 0], [4, 7, 3, 0, 0], [0, 0, 5, 0, 3]], [[0, 1, 2, 0, 1], [16, 10, 43, 1, 1], [4, 5, 2, 0, 0], [1, 2, 7, 1, 3]], [[1, 1, 7, 0, 6], [17, 10, 28, 4, 0], [9, 2, 5, 0, 0], [0, 2, 2, 1, 5]], [[2, 3, 5, 1, 4], [20, 2, 40, 5, 0], [0, 5, 3, 0, 0], [0, 3, 6, 0, 1]], [[3, 1, 2, 0, 7], [10, 13, 38, 2, 0], [2, 7, 1, 0, 0], [0, 4, 7, 0, 3]], [[2, 1, 4, 0, 1], [19, 12, 35, 4, 0], [0, 4, 4, 0, 0], [1, 8, 3, 0, 2]], [[5, 3, 5, 3, 1], [9, 10, 35, 4, 0], [3, 7, 6, 0, 0], [0, 2, 4, 1, 2]], [[0, 2, 5, 1, 3], [15, 9, 34, 1, 0], [1, 3, 7, 0, 1], [1, 5, 6, 1, 5]], [[2, 0, 6, 0, 2], [14, 10, 38, 1, 0], [4, 7, 4, 0, 0], [1, 5, 4, 0, 2]], [[2, 0, 6, 0, 3], [12, 7, 43, 1, 0], [3, 8, 3, 0, 0], [0, 1, 7, 0, 4]], [[2, 3, 3, 0, 2], [9, 14, 46, 2, 0], [4, 4, 3, 0, 0], [4, 2, 2, 0, 0]], [[0, 1, 5, 1, 4], [12, 10, 42, 2, 0], [3, 6, 1, 0, 1], [0, 4, 4, 0, 4]], [[2, 3, 5, 0, 4], [2, 2, 4, 0, 0], [15, 30, 21, 0, 1], [1, 4, 4, 0, 2]], [[0, 1, 2, 0, 4], [2, 3, 5, 1, 0], [18, 25, 17, 0, 2], [2, 7, 6, 2, 3]], [[5, 0, 3, 0, 2], [2, 0, 6, 1, 0], [15, 29, 21, 0, 1], [3, 2, 5, 2, 3]], [[0, 0, 6, 1, 9], [3, 0, 11, 0, 0], [14, 22, 23, 0, 0], [0, 2, 7, 0, 2]], [[3, 1, 4, 1, 4], [2, 0, 11, 0, 0], [13, 34, 12, 0, 2], [1, 3, 3, 1, 5]], [[1, 1, 8, 0, 4], [2, 3, 3, 0, 0], [14, 27, 22, 0, 2], [0, 2, 9, 0, 2]], [[2, 1, 2, 0, 4], [5, 2, 10, 2, 0], [15, 25, 17, 0, 0], [1, 5, 5, 0, 4]], [[0, 1, 10, 1, 6], [0, 0, 2, 0, 0], [16, 36, 15, 1, 1], [1, 4, 3, 1, 2]], [[1, 0, 6, 0, 4], [2, 1, 12, 1, 0], [16, 20, 20, 0, 1], [0, 4, 7, 0, 5]], [[1, 2, 7, 0, 1], [0, 2, 10, 0, 0], [12, 30, 18, 0, 4], [0, 2, 7, 1, 3]], [[4, 2, 5, 0, 1], [2, 3, 8, 0, 0], [11, 33, 18, 0, 1], [2, 2, 4, 0, 4]], [[1, 2, 5, 0, 2], [2, 2, 6, 1, 0], [14, 32, 20, 0, 0], [0, 2, 6, 1, 4]], [[3, 5, 6, 0, 7], [3, 2, 8, 0, 0], [8, 15, 9, 0, 0], [3, 7, 14, 1, 9]], [[2, 1, 1, 0, 0], [3, 2, 7, 0, 0], [4, 7, 6, 0, 0], [2, 13, 36, 4, 12]], [[5, 1, 5, 1, 5], [3, 1, 8, 0, 0], [1, 4, 2, 0, 0], [4, 17, 27, 4, 12]], [[0, 2, 5, 0, 3], [2, 0, 9, 0, 0], [2, 7, 2, 0, 1], [2, 20, 26, 1, 18]], [[6, 0, 1, 2, 3], [2, 3, 9, 0, 0], [5, 4, 8, 1, 0], [6, 13, 25, 1, 11]], [[2, 0, 5, 0, 3], [2, 2, 6, 0, 0], [3, 9, 4, 0, 0], [5, 14, 28, 5, 12]], [[4, 2, 8, 2, 3], [0, 1, 7, 1, 0], [6, 0, 1, 0, 1], [3, 20, 26, 3, 12]], [[3, 1, 7, 0, 0], [3, 5, 7, 1, 0], [1, 4, 3, 0, 0], [3, 16, 30, 3, 13]], [[2, 1, 6, 0, 4], [1, 1, 5, 1, 0], [4, 5, 5, 0, 1], [3, 17, 29, 2, 13]], [[3, 4, 3, 0, 6], [3, 3, 9, 2, 0], [4, 6, 4, 0, 1], [3, 19, 19, 2, 9]], [[1, 4, 7, 0, 2], [4, 0, 13, 1, 0], [0, 4, 2, 0, 1], [3, 15, 32, 0, 11]], [[2, 0, 4, 0, 4], [2, 1, 7, 0, 0], [2, 7, 3, 0, 0], [10, 20, 26, 1, 11]], [[1, 3, 5, 0, 8], [3, 2, 3, 0, 0], [0, 5, 6, 0, 0], [6, 22, 21, 3, 12]]], "n": [[17, 20, 36, 6, 21], [18, 12, 44, 5, 21], [18, 18, 34, 3, 27], [17, 15, 44, 4, 20], [29, 12, 37, 1, 21], [13, 22, 38, 3, 24], [15, 23, 31, 4, 27], [12, 10, 50, 1, 27], [13, 19, 45, 1, 22], [18, 24, 39, 2, 17], [17, 23, 38, 5, 17], [13, 19, 43, 7, 18], [15, 18, 49, 6, 12], [23, 19, 49, 1, 8], [21, 18, 54, 2, 5], [27, 15, 42, 5, 11], [22, 13, 54, 6, 5], [15, 25, 48, 2, 10], [22, 25, 46, 4, 3], [17, 22, 50, 8, 3], [17, 19, 52, 3, 9], [21, 22, 52, 1, 4], [17, 16, 59, 1, 7], [19, 23, 54, 2, 2], [15, 21, 52, 3, 9], [20, 39, 34, 0, 7], [22, 36, 30, 3, 9], [25, 31, 35, 3, 6], [17, 24, 47, 1, 11], [19, 38, 30, 2, 11], [17, 33, 42, 0, 8], [23, 33, 34, 2, 8], [17, 41, 30, 3, 9], [19, 25, 45, 1, 10], [13, 36, 42, 1, 8], [19, 40, 35, 0, 6], [17, 38, 37, 2, 6], [17, 29, 37, 1, 16], [11, 23, 50, 4, 12], [13, 23, 42, 5, 17], [6, 29, 42, 1, 22], [19, 20, 43, 4, 14], [12, 25, 43, 5, 15], [13, 23, 42, 6, 16], [10, 26, 47, 4, 13], [10, 24, 45, 3, 18], [13, 32, 35, 4, 16], [8, 23, 54, 1, 14], [16, 28, 40, 1, 15], [10, 32, 35, 3, 20]], "lambda_": 0.5, "b": [[66, 11, 13, 10], [73, 11, 10, 6], [68, 11, 11, 10], [59, 14, 11, 16], [65, 13, 13, 9], [56, 13, 18, 13], [66, 8, 12, 14], [67, 12, 10, 11], [55, 15, 14, 16], [64, 12, 13, 11], [54, 14, 16, 16], [63, 11, 14, 12], [39, 36, 15, 10], [13, 65, 14, 8], [4, 71, 11, 14], [15, 59, 16, 10], [15, 67, 8, 10], [13, 63, 10, 14], [8, 70, 8, 14], [17, 58, 16, 9], [11, 59, 12, 18], [10, 63, 15, 12], [11, 63, 14, 12], [10, 71, 11, 8], [11, 66, 11, 12], [14, 8, 67, 11], [7, 11, 62, 20], [10, 9, 66, 15], [16, 14, 59, 11], [13, 13, 61, 13], [14, 8, 65, 13], [9, 19, 57, 15], [18, 2, 69, 11], [11, 16, 57, 16], [11, 12, 64, 13], [12, 13, 63, 12], [10, 11, 66, 13], [21, 13, 32, 34], [4, 12, 17, 67], [17, 12, 7, 64], [10, 11, 12, 67], [12, 14, 18, 56], [10, 10, 16, 64], [19, 9, 8, 64], [11, 16, 8, 65], [13, 8, 15, 64], [16, 17, 15, 52], [14, 18, 7, 61], [10, 10, 12, 68], [17, 8, 11, 64]]}