{"M": 50, "G": 4, "I": 5, "J": 100, "p": [[0.22783917374835463, 0.010450529100728561, 0.31737916851966397, 0.2273650803535196, 0.21696604827773336], [0.17725330515516027, 0.10121746478598845, 0.42687622768416966, 0.1574512359503933, 0.1372017664242883], [0.34751781116712555, 0.26968629801752636, 0.0517533038213183, 0.25804238256025486, 0.07300020443377483], [0.25216796778434986, 0.31531367108009073, 0.1117190524356903, 0.3071973555960585, 0.013601953103810769]], "r": [[[15, 0, 20, 20, 11], [3, 1, 2, 3, 1], [1, 2, 1, 1, 3], [2, 6, 0, 8, 0]], [[19, 1, 18, 13, 12], [3, 0, 6, 4, 0], [6, 4, 2, 4, 0], [3, 2, 0, 3, 0]], [[9, 1, 22, 15, 17], [4, 0, 8, 0, 0], [6, 5, 2, 1, 1], [3, 2, 1, 3, 0]], [[16, 0, 24, 11, 12], [2, 2, 3, 2, 2], [3, 4, 1, 2, 3], [6, 3, 1, 3, 0]], [[12, 0, 17, 23, 13], [3, 0, 5, 0, 1], [4, 1, 2, 3, 2], [6, 5, 1, 2, 0]], [[14, 2, 24, 11, 15], [0, 1, 8, 2, 2], [5, 1, 0, 1, 1], [3, 5, 1, 4, 0]], [[20, 2, 19, 12, 9], [1, 1, 6, 3, 4], [2, 4, 0, 5, 0], [3, 4, 1, 4, 0]], [[5, 0, 24, 13, 15], [3, 1, 6, 4, 1], [4, 2, 2, 4, 2], [4, 7, 0, 3, 0]], [[21, 0, 21, 12, 13], [1, 1, 7, 0, 0], [3, 2, 0, 4, 1], [5, 5, 1, 3, 0]], [[17, 0, 22, 9, 14], [3, 1, 3, 1, 2], [4, 2, 0, 8, 3], [4, 3, 1, 3, 0]], [[17, 1, 19, 16, 13], [0, 3, 4, 0, 1], [5, 5, 2, 3, 0], [3, 1, 2, 5, 0]], [[19, 1, 16, 10, 11], [1, 2, 11, 0, 3], [6, 3, 1, 2, 2], [3, 1, 1, 7, 0]], [[13, 0, 11, 7, 5], [10, 4, 13, 8, 3], [5, 5, 0, 2, 1], [3, 4, 3, 2, 1]], [[3, 0, 3, 2, 1], [17, 9, 25, 6, 6], [2, 4, 0, 4, 0], [2, 6, 4, 6, 0]], [[0, 0, 3, 2, 2], [11, 10, 19, 8, 7], [7, 6, 0, 3, 0], [4, 6, 2, 10, 0]], [[0, 0, 5, 2, 2], [13, 10, 31, 13, 4], [8, 1, 1, 6, 0], [0, 2, 0, 2, 0]], [[4, 1, 4, 2, 1], [13, 5, 21, 15, 9], [3, 3, 0, 5, 4], [3, 4, 1, 2, 0]], [[2, 0, 1, 1, 3], [8, 8, 23, 15, 16], [7, 3, 0, 5, 0], [0, 3, 1, 3, 1]], [[3, 0, 6, 2, 4], [13, 3, 27, 8, 9], [7, 4, 1, 2, 0], [2, 4, 4, 1, 0]], [[5, 0, 5, 2, 2], [10, 10, 28, 4, 10], [6, 3, 0, 1, 0], [3, 3, 4, 4, 0]], [[3, 0, 4, 3, 4], [15, 5, 29, 5, 12], [3, 3, 1, 5, 0], [4, 3, 0, 1, 0]], [[1, 0, 4, 4, 2], [10, 3, 20, 14, 10], [2, 10, 0, 1, 1], [5, 8, 2, 3, 0]], [[3, 0, 4, 3, 3], [12, 6, 26, 9, 10], [3, 2, 1, 5, 0], [5, 3, 1, 4, 0]], [[3, 0, 8, 2, 8], [10, 6, 29, 10, 5], [3, 1, 1, 3, 1], [2, 2, 2, 4, 0]], [[5, 0, 4, 4, 1], [8, 7, 32, 7, 13], [2, 1, 0, 4, 3], [2, 3, 0, 4, 0]], [[2, 0, 2, 4, 4], [3, 1, 7, 0, 3], [15, 18, 3, 17, 8], [1, 3, 1, 8, 0]], [[0, 0, 10, 2, 2], [1, 3, 3, 3, 1], [23, 14, 5, 16, 4], [5, 5, 2, 1, 0]], [[1, 0, 3, 2, 4], [1, 1, 9, 0, 5], [20, 15, 3, 14, 7], [3, 7, 1, 4, 0]], [[6, 1, 5, 4, 5], [5, 1, 2, 1, 1], [15, 22, 1, 13, 4], [5, 7, 0, 2, 0]], [[4, 0, 2, 4, 2], [0, 0, 6, 1, 2], [25, 18, 0, 19, 5], [1, 8, 1, 2, 0]], [[5, 0, 7, 2, 2], [0, 1, 3, 0, 0], [25, 20, 6, 14, 7], [0, 4, 1, 3, 0]], [[3, 0, 7, 2, 1], [1, 1, 6, 1, 2], [24, 18, 4, 12, 3], [4, 3, 2, 5, 1]], [[3, 0, 4, 2, 1], [2, 0, 9, 2, 1], [24, 14, 3, 15, 5], [3, 5, 2, 5, 0]], [[4, 0, 5, 1, 9], [1, 2, 2, 2, 1], [25, 13, 4, 14, 3], [2, 4, 1, 6, 1]], [[2, 0, 3, 0, 3], [6, 0, 7, 4, 1], [19, 25, 2, 13, 4], [2, 6, 0, 3, 0]], [[3, 0, 6, 2, 2], [2, 0, 7, 4, 2], [17, 21, 1, 15, 2], [4, 8, 3, 0, 1]], [[3, 0, 3, 3, 4], [5, 0, 3, 2, 1], [20, 20, 5, 17, 5], [0, 6, 0, 3, 0]], [[0, 0, 4, 2, 3], [3, 1, 6, 2, 2], [7, 17, 4, 10, 2], [7, 17, 4, 9, 0]], [[4, 0, 7, 2, 3], [3, 2, 6, 1, 3], [4, 2, 0, 4, 0], [11, 27, 3, 18, 0]], [[5, 0, 4, 2, 0], [0, 4, 2, 1, 0], [4, 1, 0, 6, 0], [17, 19, 9, 25, 1]], [[5, 1, 1, 1, 1], [1, 0, 8, 2, 2], [2, 4, 0, 1, 2], [14, 23, 4, 28, 0]], [[2, 0, 2, 2, 3], [8, 2, 2, 5, 1], [5, 1, 0, 1, 0], [18, 20, 4, 23, 1]], [[2, 0, 5, 2, 1], [1, 2, 5, 3, 3], [4, 5, 1, 5, 0], [15, 24, 2, 20, 0]], [[5, 0, 5, 2, 3], [2, 1, 4, 2, 1], [4, 9, 0, 3, 0], [20, 17, 7, 14, 1]], [[4, 0, 8, 3, 3], [2, 0, 4, 1, 4], [2, 1, 0, 2, 2], [18, 21, 3, 21, 1]], [[3, 0, 3, 1, 4], [3, 1, 10, 1, 3], [8, 2, 1, 5, 0], [17, 17, 5, 15, 1]], [[4, 0, 3, 0, 5], [3, 1, 3, 3, 2], [3, 6, 0, 2, 1], [17, 18, 5, 22, 2]], [[0, 0, 3, 1, 3], [4, 4, 3, 2, 0], [5, 5, 2, 7, 1], [21, 19, 9, 11, 0]], [[2, 0, 3, 1, 4], [5, 3, 3, 2, 1], [3, 6, 2, 3, 1], [21, 16, 8, 15, 1]], [[1, 0, 7, 4, 2], [4, 1, 4, 2, 2], [3, 5, 0, 3, 0], [17, 15, 9, 20, 1]]], "n": [[21, 9, 23, 32, 15], [31, 7, 26, 24, 12], [22, 8, 33, 19, 18], [27, 9, 29, 18, 17], [25, 6, 25, 28, 16], [22, 9, 33, 18, 18], [26, 11, 26, 24, 13], [16, 10, 32, 24, 18], [30, 8, 29, 19, 14], [28, 6, 26, 21, 19], [25, 10, 27, 24, 14], [29, 7, 29, 19, 16], [31, 13, 27, 19, 10], [24, 19, 32, 18, 7], [22, 22, 24, 23, 9], [21, 13, 37, 23, 6], [23, 13, 26, 24, 14], [17, 14, 25, 24, 20], [25, 11, 38, 13, 13], [24, 16, 37, 11, 12], [25, 11, 34, 14, 16], [18, 21, 26, 22, 13], [23, 11, 32, 21, 13], [18, 9, 40, 19, 14], [17, 11, 36, 19, 17], [21, 22, 13, 29, 15], [29, 22, 20, 22, 7], [25, 23, 16, 20, 16], [31, 31, 8, 20, 10], [30, 26, 9, 26, 9], [30, 25, 17, 19, 9], [32, 22, 19, 20, 7], [32, 19, 18, 24, 7], [32, 19, 12, 23, 14], [29, 31, 12, 20, 8], [26, 29, 17, 21, 7], [28, 26, 11, 25, 10], [17, 35, 18, 23, 7], [22, 31, 16, 25, 6], [26, 24, 15, 34, 1], [22, 28, 13, 32, 5], [33, 23, 8, 31, 5], [22, 31, 13, 30, 4], [31, 27, 16, 21, 5], [26, 22, 15, 27, 10], [31, 20, 19, 22, 8], [27, 25, 11, 27, 10], [30, 28, 17, 21, 4], [31, 25, 16, 21, 7], [25, 21, 20, 29, 5]], "lambda_": 0.5, "b": [[66, 10, 8, 16], [63, 13, 16, 8], [64, 12, 15, 9], [63, 11, 13, 13], [65, 9, 12, 14], [66, 13, 8, 13], [62, 15, 11, 12], [57, 15, 14, 14], [67, 9, 10, 14], [62, 10, 17, 11], [66, 8, 15, 11], [57, 17, 14, 12], [36, 38, 13, 13], [9, 63, 10, 18], [7, 55, 16, 22], [9, 71, 16, 4], [12, 63, 15, 10], [7, 70, 15, 8], [15, 60, 14, 11], [14, 62, 10, 14], [14, 66, 12, 8], [11, 57, 14, 18], [13, 63, 11, 13], [21, 60, 9, 10], [14, 67, 10, 9], [12, 14, 61, 13], [14, 11, 62, 13], [10, 16, 59, 15], [21, 10, 55, 14], [12, 9, 67, 12], [16, 4, 72, 8], [13, 11, 61, 15], [10, 14, 61, 15], [19, 8, 59, 14], [8, 18, 63, 11], [13, 15, 56, 16], [13, 11, 67, 9], [9, 14, 40, 37], [16, 15, 10, 59], [11, 7, 11, 71], [9, 13, 9, 69], [9, 18, 7, 66], [10, 14, 15, 61], [15, 10, 16, 59], [18, 11, 7, 64], [11, 18, 16, 55], [12, 12, 12, 64], [7, 13, 20, 60], [10, 14, 15, 61], [14, 13, 11, 62]]}