{"M": 50, "G": 3, "I": 5, "J": 100, "p": [[0.2408528232864513, 0.40306838613139045, 0.23701786113606288, 0.08819167240450015, 0.03086925704159523], [0.004623520813649814, 0.2270334868330248, 0.20759874477234228, 0.2982621268842903, 0.26248212069669274], [0.15472836613195357, 0.1496567811754796, 0.27316305159423143, 0.23789096581818792, 0.18456083528014738]], "r": [[[13, 26, 16, 3, 6], [0, 3, 3, 5, 6], [3, 2, 8, 2, 4]], [[26, 27, 13, 5, 1], [1, 6, 2, 1, 6], [2, 2, 3, 4, 1]], [[14, 33, 19, 6, 2], [0, 3, 2, 3, 2], [3, 5, 3, 4, 1]], [[12, 28, 20, 7, 2], [0, 1, 3, 3, 6], [1, 3, 4, 3, 7]], [[15, 23, 22, 5, 0], [0, 3, 1, 8, 5], [4, 3, 3, 2, 6]], [[9, 31, 13, 7, 1], [0, 3, 6, 5, 5], [2, 3, 6, 4, 5]], [[15, 35, 11, 5, 1], [0, 4, 8, 5, 4], [2, 0, 3, 5, 2]], [[16, 24, 15, 2, 4], [0, 3, 5, 5, 9], [5, 2, 2, 3, 5]], [[12, 32, 14, 10, 3], [0, 5, 3, 3, 4], [3, 2, 5, 3, 1]], [[14, 19, 15, 8, 0], [0, 4, 5, 4, 9], [6, 3, 5, 3, 5]], [[16, 26, 20, 6, 0], [0, 4, 4, 3, 2], [2, 4, 4, 7, 2]], [[15, 29, 20, 3, 0], [0, 7, 3, 6, 2], [0, 3, 4, 2, 6]], [[16, 29, 12, 5, 3], [0, 4, 3, 8, 5], [4, 3, 3, 1, 4]], [[21, 30, 15, 4, 2], [0, 5, 3, 5, 2], [3, 2, 1, 6, 1]], [[14, 25, 14, 3, 4], [0, 4, 8, 8, 6], [4, 0, 5, 1, 4]], [[14, 29, 18, 3, 2], [0, 7, 2, 4, 6], [5, 0, 6, 2, 2]], [[9, 27, 15, 2, 2], [0, 12, 4, 7, 10], [3, 1, 3, 4, 1]], [[4, 6, 3, 3, 0], [0, 12, 19, 21, 13], [6, 2, 3, 2, 6]], [[2, 9, 5, 1, 2], [0, 18, 12, 14, 15], [4, 3, 8, 3, 4]], [[3, 5, 4, 2, 0], [0, 19, 10, 26, 15], [5, 4, 1, 3, 3]], [[3, 8, 5, 2, 1], [0, 16, 11, 25, 15], [2, 3, 3, 4, 2]], [[8, 3, 3, 3, 1], [0, 22, 14, 21, 11], [2, 3, 8, 1, 0]], [[3, 7, 2, 0, 2], [0, 16, 8, 23, 12], [7, 4, 8, 4, 4]], [[5, 5, 5, 0, 1], [0, 22, 16, 19, 12], [3, 4, 4, 3, 1]], [[6, 7, 3, 2, 0], [0, 14, 14, 26, 17], [2, 3, 1, 3, 2]], [[5, 3, 4, 2, 2], [0, 17, 18, 19, 11], [4, 3, 5, 5, 2]], [[1, 9, 3, 4, 1], [1, 22, 13, 20, 15], [1, 2, 1, 4, 3]], [[5, 9, 2, 4, 1], [0, 12, 12, 19, 20], [2, 5, 4, 2, 3]], [[3, 5, 2, 1, 2], [0, 13, 13, 22, 20], [5, 2, 8, 3, 1]], [[2, 8, 2, 2, 0], [0, 12, 14, 24, 17], [1, 3, 4, 7, 4]], [[5, 9, 3, 3, 0], [0, 11, 19, 20, 15], [3, 1, 5, 3, 3]], [[5, 5, 5, 1, 0], [0, 13, 12, 18, 24], [2, 4, 3, 6, 2]], [[3, 7, 4, 0, 0], [0, 27, 7, 17, 19], [2, 2, 5, 2, 5]], [[4, 7, 10, 1, 0], [0, 2, 9, 8, 10], [7, 5, 12, 16, 9]], [[5, 10, 7, 1, 0], [0, 7, 3, 8, 4], [11, 9, 12, 10, 13]], [[3, 8, 5, 2, 1], [0, 3, 6, 5, 4], [11, 12, 14, 17, 9]], [[6, 7, 2, 3, 1], [1, 2, 5, 5, 4], [12, 6, 19, 13, 14]], [[3, 7, 6, 2, 1], [1, 1, 3, 10, 4], [11, 11, 17, 11, 12]], [[3, 7, 5, 1, 0], [0, 2, 2, 3, 8], [10, 8, 27, 20, 4]], [[2, 7, 0, 0, 1], [0, 5, 2, 4, 6], [11, 11, 19, 15, 17]], [[2, 4, 3, 2, 0], [0, 4, 3, 4, 5], [8, 11, 23, 14, 17]], [[6, 5, 2, 1, 1], [0, 3, 3, 3, 5], [10, 12, 18, 14, 17]], [[4, 9, 6, 0, 1], [0, 2, 3, 6, 2], [6, 10, 20, 16, 15]], [[3, 11, 4, 0, 1], [0, 1, 4, 2, 2], [11, 13, 14, 26, 8]], [[8, 5, 2, 2, 0], [0, 3, 1, 5, 4], [11, 17, 26, 8, 8]], [[7, 10, 2, 0, 0], [0, 1, 2, 3, 4], [7, 16, 19, 16, 13]], [[2, 6, 4, 1, 0], [0, 5, 8, 6, 2], [12, 11, 18, 10, 15]], [[2, 6, 7, 1, 1], [0, 3, 3, 7, 5], [8, 10, 21, 19, 7]], [[2, 10, 3, 0, 0], [0, 3, 3, 8, 4], [9, 11, 24, 17, 6]], [[5, 5, 4, 1, 0], [0, 5, 3, 6, 4], [11, 11, 19, 16, 10]]], "n": [[16, 31, 27, 10, 16], [29, 35, 18, 10, 8], [17, 41, 24, 13, 5], [13, 32, 27, 13, 15], [19, 29, 26, 15, 11], [11, 37, 25, 16, 11], [17, 39, 22, 15, 7], [21, 29, 22, 10, 18], [15, 39, 22, 16, 8], [20, 26, 25, 15, 14], [18, 34, 28, 16, 4], [15, 39, 27, 11, 8], [20, 36, 18, 14, 12], [24, 37, 19, 15, 5], [18, 29, 27, 12, 14], [19, 36, 26, 9, 10], [12, 40, 22, 13, 13], [10, 20, 25, 26, 19], [6, 30, 25, 18, 21], [8, 28, 15, 31, 18], [5, 27, 19, 31, 18], [10, 28, 25, 25, 12], [10, 27, 18, 27, 18], [8, 31, 25, 22, 14], [8, 24, 18, 31, 19], [9, 23, 27, 26, 15], [3, 33, 17, 28, 19], [7, 26, 18, 25, 24], [8, 20, 23, 26, 23], [3, 23, 20, 33, 21], [8, 21, 27, 26, 18], [7, 22, 20, 25, 26], [5, 36, 16, 19, 24], [11, 14, 31, 25, 19], [16, 26, 22, 19, 17], [14, 23, 25, 24, 14], [19, 15, 26, 21, 19], [15, 19, 26, 23, 17], [13, 17, 34, 24, 12], [13, 23, 21, 19, 24], [10, 19, 29, 20, 22], [16, 20, 23, 18, 23], [10, 21, 29, 22, 18], [14, 25, 22, 28, 11], [19, 25, 29, 15, 12], [14, 27, 23, 19, 17], [14, 22, 30, 17, 17], [10, 19, 31, 27, 13], [11, 24, 30, 25, 10], [16, 21, 26, 23, 14]], "lambda_": 0.5, "b": [[64, 17, 19], [72, 16, 12], [74, 10, 16], [69, 13, 18], [65, 17, 18], [61, 19, 20], [67, 21, 12], [61, 22, 17], [71, 15, 14], [56, 22, 22], [68, 13, 19], [67, 18, 15], [65, 20, 15], [72, 15, 13], [60, 26, 14], [66, 19, 15], [55, 33, 12], [16, 65, 19], [19, 59, 22], [14, 70, 16], [19, 67, 14], [18, 68, 14], [14, 59, 27], [16, 69, 15], [18, 71, 11], [16, 65, 19], [18, 71, 11], [21, 63, 16], [13, 68, 19], [14, 67, 19], [20, 65, 15], [16, 67, 17], [14, 70, 16], [22, 29, 49], [23, 22, 55], [19, 18, 63], [19, 17, 64], [19, 19, 62], [16, 15, 69], [10, 17, 73], [11, 16, 73], [15, 14, 71], [20, 13, 67], [19, 9, 72], [17, 13, 70], [19, 10, 71], [13, 21, 66], [17, 18, 65], [15, 18, 67], [15, 18, 67]]}