{"M": 50, "G": 3, "I": 10, "J": 100, "p": [[0.00808261828816172, 0.15413970663026186, 0.05875164698758138, 0.13088878561109682, 0.38859135211187357, 0.07873826310006307, 0.07080871498828735, 0.0076143966059739766, 0.03182816707434811, 0.07055634860235216], [0.11844066583086636, 0.16961555343026474, 0.049953613728310794, 0.007105277171464392, 0.03540434652102236, 0.25035815833408864, 0.02500173849863604, 0.06267770316701331, 0.278816438584351, 0.002626504733982544], [0.08064193726605662, 0.2634851064604952, 0.023002633148146594, 0.06987639249998431, 0.2107570616409781, 0.012558716070879135, 0.06512631348954924, 0.12196815242292552, 0.09716402832297448, 0.05541965867801098]], "r": [[[2, 11, 1, 8, 25, 9, 7, 0, 2, 3], [3, 1, 1, 0, 0, 4, 1, 0, 9, 0], [2, 4, 0, 1, 2, 0, 1, 2, 0, 1]], [[0, 15, 3, 6, 31, 4, 6, 1, 6, 4], [1, 1, 1, 0, 0, 3, 0, 2, 2, 0], [1, 5, 1, 2, 1, 0, 2, 0, 1, 1]], [[1, 10, 3, 9, 23, 6, 8, 2, 0, 4], [2, 4, 0, 0, 1, 4, 1, 0, 8, 0], [2, 3, 2, 0, 3, 0, 1, 1, 1, 1]], [[0, 10, 3, 12, 35, 6, 3, 1, 3, 5], [2, 2, 1, 0, 0, 4, 0, 0, 4, 0], [0, 5, 0, 0, 2, 0, 0, 1, 1, 0]], [[0, 9, 2, 9, 29, 1, 4, 1, 3, 6], [1, 2, 2, 0, 4, 4, 0, 1, 4, 0], [1, 3, 0, 1, 2, 2, 2, 2, 2, 3]], [[0, 13, 5, 9, 21, 6, 3, 1, 2, 3], [3, 7, 1, 0, 0, 6, 0, 1, 4, 0], [1, 4, 0, 2, 3, 0, 1, 2, 1, 1]], [[1, 10, 1, 6, 22, 3, 3, 0, 4, 3], [2, 5, 1, 1, 1, 12, 0, 1, 6, 0], [1, 5, 0, 3, 3, 0, 2, 1, 3, 0]], [[1, 8, 6, 5, 27, 7, 6, 1, 2, 4], [0, 2, 2, 0, 2, 5, 0, 0, 6, 0], [2, 4, 1, 0, 2, 0, 0, 1, 3, 3]], [[1, 8, 2, 12, 23, 6, 5, 0, 1, 5], [1, 6, 2, 0, 0, 3, 0, 0, 4, 0], [1, 8, 0, 2, 3, 1, 1, 3, 2, 0]], [[0, 12, 3, 11, 26, 6, 5, 1, 0, 5], [1, 3, 0, 0, 2, 4, 0, 2, 3, 0], [0, 5, 1, 1, 2, 0, 0, 4, 2, 1]], [[0, 20, 2, 7, 29, 4, 6, 2, 0, 6], [2, 2, 0, 0, 0, 1, 0, 4, 3, 0], [0, 3, 0, 0, 5, 0, 0, 2, 0, 2]], [[0, 7, 4, 10, 21, 10, 4, 0, 2, 3], [3, 5, 0, 0, 0, 12, 0, 1, 6, 0], [0, 5, 0, 1, 0, 0, 1, 4, 0, 1]], [[0, 13, 8, 7, 28, 1, 6, 0, 1, 2], [0, 4, 0, 0, 1, 4, 0, 5, 2, 0], [1, 4, 1, 1, 4, 1, 0, 4, 1, 1]], [[0, 15, 1, 6, 29, 8, 7, 1, 1, 2], [1, 2, 2, 0, 1, 2, 0, 0, 4, 0], [2, 4, 1, 2, 2, 1, 1, 2, 2, 1]], [[0, 8, 2, 9, 32, 2, 4, 0, 1, 5], [2, 4, 3, 0, 2, 4, 0, 0, 7, 0], [1, 5, 0, 2, 1, 1, 0, 3, 2, 0]], [[0, 10, 2, 10, 21, 7, 2, 1, 1, 8], [1, 5, 1, 0, 0, 3, 0, 0, 7, 0], [0, 9, 0, 3, 0, 1, 4, 1, 2, 1]], [[1, 6, 6, 7, 13, 1, 3, 0, 0, 3], [6, 5, 5, 0, 1, 7, 2, 0, 6, 0], [4, 6, 0, 2, 7, 0, 1, 4, 3, 1]], [[0, 4, 0, 2, 4, 1, 2, 0, 0, 2], [7, 9, 4, 2, 5, 15, 0, 8, 16, 0], [2, 5, 0, 3, 5, 1, 0, 1, 2, 0]], [[0, 2, 0, 4, 9, 1, 1, 0, 1, 0], [9, 15, 1, 0, 2, 17, 2, 5, 17, 0], [0, 5, 1, 0, 4, 0, 1, 2, 0, 1]], [[0, 1, 0, 3, 3, 0, 1, 0, 1, 3], [14, 5, 7, 0, 1, 16, 1, 5, 20, 0], [3, 4, 1, 3, 4, 0, 0, 2, 2, 0]], [[0, 5, 3, 2, 4, 0, 2, 0, 0, 2], [6, 14, 5, 0, 0, 16, 0, 6, 20, 0], [1, 3, 0, 2, 4, 0, 3, 0, 2, 0]], [[0, 4, 1, 4, 7, 1, 0, 0, 0, 3], [6, 10, 5, 1, 1, 16, 5, 4, 9, 0], [1, 12, 0, 1, 4, 0, 1, 2, 2, 0]], [[1, 2, 1, 4, 9, 1, 2, 0, 1, 0], [11, 9, 2, 0, 1, 16, 1, 3, 16, 0], [2, 6, 0, 1, 4, 0, 1, 6, 0, 0]], [[0, 2, 1, 1, 9, 1, 0, 0, 1, 2], [12, 12, 2, 1, 0, 14, 3, 2, 19, 0], [2, 5, 1, 0, 3, 0, 0, 3, 0, 4]], [[0, 3, 0, 1, 5, 1, 1, 0, 2, 0], [8, 12, 4, 0, 2, 18, 2, 8, 20, 0], [0, 3, 1, 0, 3, 0, 0, 3, 2, 1]], [[0, 2, 2, 4, 5, 2, 1, 0, 1, 1], [6, 12, 2, 0, 0, 17, 3, 5, 12, 1], [1, 9, 0, 0, 8, 0, 1, 1, 1, 3]], [[0, 3, 1, 1, 5, 1, 1, 0, 0, 1], [11, 9, 2, 3, 3, 19, 0, 3, 18, 0], [2, 5, 0, 1, 3, 1, 3, 2, 2, 0]], [[0, 2, 2, 2, 4, 1, 0, 0, 0, 0], [5, 12, 8, 0, 3, 20, 0, 3, 18, 0], [1, 6, 1, 3, 0, 0, 1, 6, 1, 1]], [[0, 6, 1, 3, 7, 0, 3, 0, 0, 0], [5, 9, 2, 0, 3, 18, 2, 6, 13, 0], [4, 5, 0, 0, 4, 1, 3, 3, 1, 1]], [[0, 3, 2, 1, 5, 3, 0, 0, 0, 2], [9, 9, 6, 1, 4, 14, 1, 0, 18, 1], [5, 5, 0, 1, 5, 0, 1, 2, 2, 0]], [[1, 1, 2, 1, 4, 0, 2, 0, 1, 1], [5, 10, 3, 0, 3, 18, 2, 7, 24, 0], [0, 4, 1, 1, 3, 0, 1, 4, 1, 0]], [[0, 4, 0, 1, 4, 1, 1, 1, 0, 1], [5, 11, 5, 2, 2, 18, 2, 3, 26, 0], [0, 1, 0, 1, 1, 0, 4, 3, 2, 1]], [[0, 2, 0, 4, 7, 3, 3, 0, 0, 0], [9, 6, 0, 0, 2, 15, 1, 10, 23, 0], [1, 6, 0, 1, 4, 0, 1, 2, 0, 0]], [[0, 3, 0, 6, 8, 4, 0, 0, 0, 1], [5, 6, 0, 1, 2, 5, 1, 1, 11, 0], [3, 14, 1, 2, 14, 1, 0, 7, 2, 2]], [[0, 4, 1, 3, 8, 3, 0, 0, 1, 0], [1, 9, 1, 0, 0, 6, 0, 0, 6, 0], [3, 14, 0, 4, 13, 1, 3, 7, 8, 4]], [[1, 3, 1, 5, 4, 1, 0, 0, 0, 1], [2, 3, 2, 0, 1, 5, 0, 0, 5, 0], [6, 14, 0, 7, 16, 0, 0, 13, 4, 6]], [[0, 4, 0, 3, 3, 2, 0, 0, 1, 2], [2, 5, 0, 0, 0, 5, 1, 1, 3, 0], [3, 18, 2, 2, 22, 0, 6, 4, 6, 5]], [[0, 5, 1, 3, 7, 1, 1, 0, 0, 1], [3, 2, 2, 0, 0, 6, 1, 2, 1, 0], [7, 14, 1, 3, 21, 1, 2, 8, 3, 4]], [[0, 1, 0, 3, 8, 1, 3, 0, 0, 2], [3, 4, 0, 0, 1, 4, 0, 1, 5, 0], [13, 12, 1, 2, 10, 1, 2, 10, 9, 4]], [[0, 1, 1, 1, 10, 0, 2, 0, 1, 0], [2, 1, 0, 0, 0, 4, 0, 3, 4, 0], [8, 15, 1, 5, 10, 0, 10, 12, 6, 3]], [[0, 2, 0, 2, 4, 2, 4, 0, 0, 0], [4, 1, 2, 0, 0, 4, 0, 1, 3, 0], [5, 17, 1, 7, 17, 0, 3, 8, 6, 7]], [[0, 1, 0, 4, 12, 0, 1, 0, 1, 0], [3, 2, 0, 0, 2, 3, 0, 1, 7, 0], [1, 20, 1, 6, 10, 0, 1, 11, 9, 4]], [[0, 1, 1, 1, 5, 3, 0, 1, 0, 4], [4, 1, 1, 0, 0, 7, 0, 2, 1, 0], [7, 13, 2, 6, 8, 1, 6, 9, 9, 7]], [[3, 3, 0, 3, 4, 2, 3, 0, 1, 1], [0, 6, 0, 0, 1, 4, 0, 1, 4, 0], [6, 18, 1, 4, 15, 0, 4, 7, 7, 2]], [[1, 4, 1, 4, 3, 1, 2, 0, 0, 3], [3, 1, 0, 0, 0, 2, 0, 1, 2, 0], [5, 24, 2, 2, 13, 1, 2, 12, 9, 2]], [[0, 3, 1, 1, 6, 2, 3, 2, 0, 1], [3, 2, 1, 0, 0, 4, 3, 0, 7, 0], [6, 17, 3, 5, 6, 1, 7, 6, 7, 3]], [[0, 2, 0, 1, 6, 0, 0, 1, 1, 6], [1, 5, 0, 0, 0, 8, 0, 1, 2, 0], [5, 20, 1, 5, 15, 0, 0, 8, 10, 2]], [[2, 3, 1, 1, 6, 2, 0, 0, 0, 2], [1, 3, 0, 0, 0, 2, 1, 3, 4, 0], [6, 24, 1, 4, 18, 0, 2, 7, 3, 4]], [[1, 3, 2, 3, 8, 1, 1, 0, 1, 1], [2, 3, 1, 1, 0, 1, 0, 0, 5, 0], [3, 24, 1, 6, 14, 1, 2, 8, 5, 2]], [[0, 3, 2, 1, 6, 0, 3, 0, 1, 2], [0, 2, 1, 1, 0, 8, 0, 1, 7, 0], [7, 15, 2, 2, 12, 1, 4, 9, 7, 3]]], "n": [[7, 16, 2, 9, 27, 13, 9, 2, 11, 4], [2, 21, 5, 8, 32, 7, 8, 3, 9, 5], [5, 17, 5, 9, 27, 10, 10, 3, 9, 5], [2, 17, 4, 12, 37, 10, 3, 2, 8, 5], [2, 14, 4, 10, 35, 7, 6, 4, 9, 9], [4, 24, 6, 11, 24, 12, 4, 4, 7, 4], [4, 20, 2, 10, 26, 15, 5, 2, 13, 3], [3, 14, 9, 5, 31, 12, 6, 2, 11, 7], [3, 22, 4, 14, 26, 10, 6, 3, 7, 5], [1, 20, 4, 12, 30, 10, 5, 7, 5, 6], [2, 25, 2, 7, 34, 5, 6, 8, 3, 8], [3, 17, 4, 11, 21, 22, 5, 5, 8, 4], [1, 21, 9, 8, 33, 6, 6, 9, 4, 3], [3, 21, 4, 8, 32, 11, 8, 3, 7, 3], [3, 17, 5, 11, 35, 7, 4, 3, 10, 5], [1, 24, 3, 13, 21, 11, 6, 2, 10, 9], [11, 17, 11, 9, 21, 8, 6, 4, 9, 4], [9, 18, 4, 7, 14, 17, 2, 9, 18, 2], [9, 22, 2, 4, 15, 18, 4, 7, 18, 1], [17, 10, 8, 6, 8, 16, 2, 7, 23, 3], [7, 22, 8, 4, 8, 16, 5, 6, 22, 2], [7, 26, 6, 6, 12, 17, 6, 6, 11, 3], [14, 17, 3, 5, 14, 17, 4, 9, 17, 0], [14, 19, 4, 2, 12, 15, 3, 5, 20, 6], [8, 18, 5, 1, 10, 19, 3, 11, 24, 1], [7, 23, 4, 4, 13, 19, 5, 6, 14, 5], [13, 17, 3, 5, 11, 21, 4, 5, 20, 1], [6, 20, 11, 5, 7, 21, 1, 9, 19, 1], [9, 20, 3, 3, 14, 19, 8, 9, 14, 1], [14, 17, 8, 3, 14, 17, 2, 2, 20, 3], [6, 15, 6, 2, 10, 18, 5, 11, 26, 1], [5, 16, 5, 4, 7, 19, 7, 7, 28, 2], [10, 14, 0, 5, 13, 18, 5, 12, 23, 0], [8, 23, 1, 9, 24, 10, 1, 8, 13, 3], [4, 27, 2, 7, 21, 10, 3, 7, 15, 4], [9, 20, 3, 12, 21, 6, 0, 13, 9, 7], [5, 27, 2, 5, 25, 7, 7, 5, 10, 7], [10, 21, 4, 6, 28, 8, 4, 10, 4, 5], [16, 17, 1, 5, 19, 6, 5, 11, 14, 6], [10, 17, 2, 6, 20, 4, 12, 15, 11, 3], [9, 20, 3, 9, 21, 6, 7, 9, 9, 7], [4, 23, 1, 10, 24, 3, 2, 12, 17, 4], [11, 15, 4, 7, 13, 11, 6, 12, 10, 11], [9, 27, 1, 7, 20, 6, 7, 8, 12, 3], [9, 29, 3, 6, 16, 4, 4, 13, 11, 5], [9, 22, 5, 6, 12, 7, 13, 8, 14, 4], [6, 27, 1, 6, 21, 8, 0, 10, 13, 8], [9, 30, 2, 5, 24, 4, 3, 10, 7, 6], [6, 30, 4, 10, 22, 3, 3, 8, 11, 3], [7, 20, 5, 4, 18, 9, 7, 10, 15, 5]], "lambda_": 0.5,