{"M": 50, "G": 4, "I": 5, "J": 100, "p": [[0.11895137105452967, 0.25770294108928515, 0.07244449256533461, 0.023960336247350313, 0.5269408590435002], [0.3120605441787004, 0.29648936342259824, 0.2504135622442427, 0.011641851525571994, 0.12939467862888676], [0.40907562554357096, 0.008696137034157786, 0.28022506423708105, 0.294623242274094, 0.007379930911096316], [0.28085392113218904, 0.2132555858800642, 0.24187524063311674, 0.17560350139525388, 0.08841175095937608]], "r": [[[6, 13, 5, 0, 33], [6, 5, 3, 0, 4], [3, 0, 1, 5, 0], [4, 4, 3, 4, 1]], [[6, 22, 1, 1, 40], [2, 3, 0, 0, 1], [6, 0, 3, 2, 0], [4, 2, 4, 2, 1]], [[4, 14, 3, 0, 32], [3, 5, 4, 0, 1], [6, 0, 4, 5, 0], [6, 5, 5, 0, 3]], [[11, 13, 6, 1, 30], [6, 2, 3, 1, 3], [7, 0, 4, 2, 0], [4, 1, 1, 3, 2]], [[10, 12, 8, 0, 35], [3, 1, 6, 0, 2], [4, 0, 5, 5, 0], [2, 1, 2, 4, 0]], [[5, 18, 2, 3, 23], [6, 6, 6, 0, 2], [6, 0, 7, 3, 0], [1, 3, 3, 5, 1]], [[5, 19, 3, 2, 41], [2, 1, 5, 0, 2], [3, 0, 3, 5, 0], [4, 1, 3, 1, 0]], [[6, 15, 7, 1, 37], [1, 2, 4, 0, 2], [6, 0, 3, 1, 0], [2, 2, 4, 4, 3]], [[5, 16, 4, 2, 43], [2, 3, 3, 0, 0], [6, 0, 1, 1, 0], [4, 4, 4, 2, 0]], [[9, 16, 3, 2, 40], [6, 4, 1, 0, 1], [6, 0, 2, 3, 0], [2, 0, 2, 3, 0]], [[7, 19, 5, 3, 30], [2, 3, 7, 0, 0], [6, 0, 3, 4, 0], [0, 3, 5, 1, 2]], [[7, 13, 5, 1, 45], [2, 4, 4, 0, 0], [6, 0, 2, 3, 0], [0, 1, 5, 2, 0]], [[7, 9, 2, 2, 18], [11, 12, 10, 0, 3], [9, 0, 3, 3, 0], [1, 1, 6, 3, 0]], [[0, 2, 2, 0, 6], [14, 20, 17, 0, 12], [8, 1, 4, 1, 0], [3, 4, 4, 0, 2]], [[0, 9, 0, 0, 6], [21, 21, 14, 2, 3], [5, 0, 1, 3, 1], [6, 1, 3, 1, 3]], [[3, 3, 2, 2, 11], [19, 13, 10, 2, 3], [8, 0, 7, 3, 1], [5, 5, 0, 1, 2]], [[1, 0, 1, 0, 6], [30, 15, 13, 1, 8], [5, 0, 2, 7, 1], [1, 3, 1, 3, 2]], [[1, 6, 0, 1, 3], [13, 17, 19, 2, 11], [5, 0, 5, 3, 0], [5, 1, 4, 0, 4]], [[3, 1, 3, 0, 9], [16, 18, 16, 0, 10], [8, 1, 4, 1, 0], [0, 5, 2, 2, 1]], [[1, 4, 0, 0, 5], [17, 24, 23, 3, 0], [6, 0, 2, 4, 0], [3, 3, 2, 1, 2]], [[2, 4, 2, 0, 1], [23, 22, 23, 0, 4], [2, 0, 2, 1, 1], [3, 2, 5, 3, 0]], [[1, 2, 2, 0, 5], [20, 25, 18, 0, 11], [4, 0, 3, 1, 0], [1, 1, 5, 1, 0]], [[0, 3, 1, 0, 8], [16, 20, 11, 3, 9], [2, 0, 5, 7, 0], [5, 4, 3, 2, 1]], [[1, 0, 3, 0, 4], [21, 11, 22, 0, 11], [7, 0, 4, 7, 0], [3, 1, 3, 2, 0]], [[2, 1, 1, 0, 3], [20, 19, 17, 0, 5], [4, 0, 3, 2, 0], [9, 5, 2, 4, 3]], [[1, 3, 0, 0, 8], [7, 2, 6, 0, 0], [28, 0, 23, 19, 0], [2, 0, 0, 1, 0]], [[2, 3, 3, 0, 6], [1, 5, 3, 0, 1], [24, 1, 22, 17, 1], [3, 2, 4, 2, 0]], [[1, 5, 0, 1, 8], [4, 5, 3, 0, 1], [29, 1, 17, 13, 1], [2, 4, 3, 1, 1]], [[4, 3, 1, 0, 6], [1, 2, 7, 0, 1], [19, 0, 14, 26, 2], [6, 3, 3, 1, 1]], [[2, 4, 2, 0, 3], [5, 5, 2, 0, 0], [30, 0, 18, 19, 0], [2, 2, 3, 2, 1]], [[5, 0, 0, 1, 8], [3, 5, 5, 0, 0], [25, 0, 21, 16, 0], [1, 3, 3, 3, 1]], [[2, 1, 3, 0, 9], [5, 3, 4, 0, 0], [25, 0, 10, 23, 0], [4, 2, 3, 4, 2]], [[3, 5, 2, 0, 2], [6, 4, 3, 1, 1], [26, 1, 16, 22, 0], [2, 1, 2, 3, 0]], [[0, 3, 0, 0, 3], [4, 2, 2, 0, 2], [26, 2, 22, 21, 0], [1, 5, 3, 4, 0]], [[0, 3, 1, 0, 8], [3, 5, 6, 0, 3], [18, 0, 19, 17, 0], [2, 3, 8, 4, 0]], [[0, 1, 3, 0, 8], [4, 3, 2, 1, 2], [26, 0, 19, 19, 0], [3, 2, 4, 2, 1]], [[2, 7, 1, 0, 8], [1, 2, 1, 2, 1], [19, 1, 13, 26, 0], [6, 2, 3, 2, 3]], [[1, 2, 1, 0, 5], [3, 3, 5, 0, 3], [15, 0, 10, 13, 1], [11, 11, 10, 3, 3]], [[2, 3, 0, 1, 5], [4, 5, 5, 0, 1], [5, 0, 5, 4, 0], [23, 14, 8, 10, 5]], [[2, 1, 1, 1, 8], [3, 2, 6, 1, 0], [3, 0, 6, 3, 0], [21, 15, 12, 7, 8]], [[2, 1, 1, 0, 9], [3, 3, 3, 0, 1], [10, 0, 2, 4, 0], [19, 15, 13, 12, 2]], [[4, 6, 1, 0, 4], [3, 3, 5, 0, 1], [4, 0, 6, 2, 0], [11, 19, 16, 10, 5]], [[1, 3, 2, 0, 8], [7, 4, 4, 0, 2], [5, 1, 1, 4, 0], [15, 9, 17, 9, 8]], [[2, 4, 2, 0, 6], [3, 3, 1, 0, 3], [5, 1, 4, 6, 0], [13, 11, 15, 11, 10]], [[0, 3, 0, 0, 6], [4, 5, 5, 1, 0], [4, 0, 2, 4, 0], [23, 10, 9, 18, 6]], [[3, 4, 2, 0, 3], [6, 0, 5, 0, 2], [5, 0, 5, 1, 0], [14, 15, 16, 8, 11]], [[0, 2, 0, 0, 8], [5, 5, 2, 0, 3], [2, 0, 2, 3, 0], [24, 13, 15, 10, 6]], [[3, 2, 2, 0, 7], [0, 3, 5, 0, 0], [8, 0, 1, 3, 0], [18, 13, 22, 9, 4]], [[2, 1, 0, 0, 4], [3, 4, 3, 1, 0], [10, 0, 2, 1, 0], [18, 9, 21, 13, 8]], [[1, 3, 2, 0, 7], [4, 4, 4, 0, 0], [6, 0, 0, 4, 1], [20, 16, 13, 13, 2]]], "n": [[19, 22, 12, 9, 38], [18, 27, 8, 5, 42], [19, 24, 16, 5, 36], [28, 16, 14, 7, 35], [19, 14, 21, 9, 37], [18, 27, 18, 11, 26], [14, 21, 14, 8, 43], [15, 19, 18, 6, 42], [17, 23, 12, 5, 43], [23, 20, 8, 8, 41], [15, 25, 20, 8, 32], [15, 18, 16, 6, 45], [28, 22, 21, 8, 21], [25, 27, 27, 1, 20], [32, 31, 18, 6, 13], [35, 21, 19, 8, 17], [37, 18, 17, 11, 17], [24, 24, 28, 6, 18], [27, 25, 25, 3, 20], [27, 31, 27, 8, 7], [30, 28, 32, 4, 6], [26, 28, 28, 2, 16], [23, 27, 20, 12, 18], [32, 12, 32, 9, 15], [35, 25, 23, 6, 11], [38, 5, 29, 20, 8], [30, 11, 32, 19, 8], [36, 15, 23, 15, 11], [30, 8, 25, 27, 10], [39, 11, 25, 21, 4], [34, 8, 29, 20, 9], [36, 6, 20, 27, 11], [37, 11, 23, 26, 3], [31, 12, 27, 25, 5], [23, 11, 34, 21, 11], [33, 6, 28, 22, 11], [28, 12, 18, 30, 12], [30, 16, 26, 16, 12], [34, 22, 18, 15, 11], [29, 18, 25, 12, 16], [34, 19, 19, 16, 12], [22, 28, 28, 12, 10], [28, 17, 24, 13, 18], [23, 19, 22, 17, 19], [31, 18, 16, 23, 12], [28, 19, 28, 9, 16], [31, 20, 19, 13, 17], [29, 18, 30, 12, 11], [33, 14, 26, 15, 12], [31, 23, 19, 17, 10]], "lambda_": 0.5, "b": [[57, 18, 9, 16], [70, 6, 11, 13], [53, 13, 15, 19], [61, 15, 13, 11], [65, 12, 14, 9], [51, 20, 16, 13], [70, 10, 11, 9], [66, 9, 10, 15], [70, 8, 8, 14], [70, 12, 11, 7], [64, 12, 13, 11], [71, 10, 11, 8], [38, 36, 15, 11], [10, 63, 14, 13], [15, 61, 10, 14], [21, 47, 19, 13], [8, 67, 15, 10], [11, 62, 13, 14], [16, 60, 14, 10], [10, 67, 12, 11], [9, 72, 6, 13], [10, 74, 8, 8], [12, 59, 14, 15], [8, 65, 18, 9], [7, 61, 9, 23], [12, 15, 70, 3], [14, 10, 65, 11], [15, 13, 61, 11], [14, 11, 61, 14], [11, 12, 67, 10], [14, 13, 62, 11], [15, 12, 58, 15], [12, 15, 65, 8], [6, 10, 71, 13], [12, 17, 54, 17], [12, 12, 64, 12], [18, 7, 59, 16], [9, 14, 39, 38], [11, 15, 14, 60], [13, 12, 12, 63], [13, 10, 16, 61], [15, 12, 12, 61], [14, 17, 11, 58], [14, 10, 16, 60], [9, 15, 10, 66], [12, 13, 11, 64], [10, 15, 7, 68], [14, 8, 12, 66], [7, 11, 13, 69], [13, 12, 11, 64]]}