{"M": 50, "G": 2, "I": 5, "J": 100, "p": [[0.1434167077505913, 0.025865930778568604, 0.16584060853400148, 0.3217943362172919, 0.3430824167195466], [0.11305586418501984, 0.17575267345451986, 0.2795850701403244, 0.19203123202957184, 0.23957516019056416]], "r": [[[14, 1, 16, 21, 21], [2, 3, 8, 8, 6]], [[14, 1, 12, 18, 29], [4, 2, 7, 7, 6]], [[15, 2, 21, 24, 16], [2, 6, 5, 5, 4]], [[14, 2, 11, 27, 21], [2, 5, 7, 3, 8]], [[11, 0, 20, 20, 29], [3, 2, 6, 3, 6]], [[12, 1, 14, 27, 24], [2, 6, 3, 8, 3]], [[9, 1, 21, 24, 22], [5, 5, 5, 5, 3]], [[9, 4, 12, 29, 29], [1, 2, 3, 7, 4]], [[8, 1, 14, 28, 26], [2, 5, 3, 4, 9]], [[10, 3, 20, 25, 17], [1, 1, 9, 5, 9]], [[12, 1, 12, 21, 32], [3, 7, 8, 1, 3]], [[9, 1, 15, 26, 25], [2, 3, 7, 5, 7]], [[14, 1, 15, 26, 26], [0, 4, 4, 4, 6]], [[15, 1, 11, 13, 30], [4, 5, 10, 3, 8]], [[6, 1, 11, 31, 16], [1, 8, 12, 7, 7]], [[10, 4, 15, 15, 26], [4, 6, 13, 3, 4]], [[11, 3, 10, 23, 25], [3, 6, 5, 9, 5]], [[9, 3, 11, 18, 34], [2, 7, 6, 7, 3]], [[8, 0, 13, 24, 28], [3, 6, 6, 8, 4]], [[12, 0, 17, 26, 20], [0, 5, 7, 8, 5]], [[12, 1, 15, 21, 22], [7, 3, 4, 8, 7]], [[12, 2, 7, 30, 20], [3, 4, 8, 6, 8]], [[10, 1, 15, 15, 33], [6, 1, 6, 7, 6]], [[4, 3, 10, 25, 30], [3, 5, 8, 3, 9]], [[18, 1, 8, 21, 22], [3, 7, 5, 8, 7]], [[1, 1, 7, 15, 7], [2, 7, 24, 15, 21]], [[4, 2, 6, 13, 10], [5, 13, 20, 13, 14]], [[4, 0, 5, 5, 9], [9, 10, 24, 12, 22]], [[6, 3, 4, 6, 10], [9, 7, 20, 17, 18]], [[3, 1, 1, 7, 5], [7, 14, 25, 12, 25]], [[8, 2, 3, 3, 8], [9, 16, 12, 22, 17]], [[1, 0, 3, 7, 11], [8, 9, 32, 14, 15]], [[3, 0, 4, 11, 8], [10, 14, 22, 13, 15]], [[5, 1, 1, 10, 9], [11, 12, 26, 12, 13]], [[2, 3, 3, 4, 14], [6, 10, 25, 17, 16]], [[2, 0, 9, 9, 11], [5, 10, 24, 9, 21]], [[2, 2, 5, 11, 8], [7, 15, 15, 14, 21]], [[0, 2, 3, 12, 7], [6, 17, 24, 15, 14]], [[2, 0, 2, 5, 7], [11, 12, 25, 19, 17]], [[5, 1, 5, 6, 5], [8, 16, 18, 20, 16]], [[4, 2, 2, 6, 10], [8, 13, 24, 14, 17]], [[4, 0, 7, 3, 16], [3, 29, 19, 11, 8]], [[7, 0, 6, 8, 7], [8, 11, 21, 12, 20]], [[6, 2, 2, 13, 4], [9, 13, 18, 8, 25]], [[3, 0, 3, 9, 10], [4, 13, 20, 18, 20]], [[2, 0, 3, 7, 10], [9, 18, 16, 12, 23]], [[5, 0, 4, 9, 6], [6, 10, 26, 12, 22]], [[3, 1, 6, 5, 8], [8, 13, 24, 14, 18]], [[0, 1, 4, 9, 11], [5, 11, 18, 22, 19]], [[4, 1, 4, 10, 11], [10, 16, 19, 10, 15]]], "n": [[16, 4, 24, 29, 27], [18, 3, 19, 25, 35], [17, 8, 26, 29, 20], [16, 7, 18, 30, 29], [14, 2, 26, 23, 35], [14, 7, 17, 35, 27], [14, 6, 26, 29, 25], [10, 6, 15, 36, 33], [10, 6, 17, 32, 35], [11, 4, 29, 30, 26], [15, 8, 20, 22, 35], [11, 4, 22, 31, 32], [14, 5, 19, 30, 32], [19, 6, 21, 16, 38], [7, 9, 23, 38, 23], [14, 10, 28, 18, 30], [14, 9, 15, 32, 30], [11, 10, 17, 25, 37], [11, 6, 19, 32, 32], [12, 5, 24, 34, 25], [19, 4, 19, 29, 29], [15, 6, 15, 36, 28], [16, 2, 21, 22, 39], [7, 8, 18, 28, 39], [21, 8, 13, 29, 29], [3, 8, 31, 30, 28], [9, 15, 26, 26, 24], [13, 10, 29, 17, 31], [15, 10, 24, 23, 28], [10, 15, 26, 19, 30], [17, 18, 15, 25, 25], [9, 9, 35, 21, 26], [13, 14, 26, 24, 23], [16, 13, 27, 22, 22], [8, 13, 28, 21, 30], [7, 10, 33, 18, 32], [9, 17, 20, 25, 29], [6, 19, 27, 27, 21], [13, 12, 27, 24, 24], [13, 17, 23, 26, 21], [12, 15, 26, 20, 27], [7, 29, 26, 14, 24], [15, 11, 27, 20, 27], [15, 15, 20, 21, 29], [7, 13, 23, 27, 30], [11, 18, 19, 19, 33], [11, 10, 30, 21, 28], [11, 14, 30, 19, 26], [5, 12, 22, 31, 30], [14, 17, 23, 20, 26]], "lambda_": 0.5, "b": [[73, 27], [74, 26], [78, 22], [75, 25], [80, 20], [78, 22], [77, 23], [83, 17], [77, 23], [75, 25], [78, 22], [76, 24], [82, 18], [70, 30], [65, 35], [70, 30], [72, 28], [75, 25], [73, 27], [75, 25], [71, 29], [71, 29], [74, 26], [72, 28], [70, 30], [31, 69], [35, 65], [23, 77], [29, 71], [17, 83], [24, 76], [22, 78], [26, 74], [26, 74], [26, 74], [31, 69], [28, 72], [24, 76], [16, 84], [22, 78], [24, 76], [30, 70], [28, 72], [27, 73], [25, 75], [22, 78], [24, 76], [23, 77], [25, 75], [30, 70]]}