{"M": 50, "G": 4, "I": 2, "J": 100, "p": [[0.315810458607232, 0.6841895413927681], [0.7514612437733241, 0.2485387562266758], [0.5914735431054426, 0.40852645689455724], [0.5421242957533781, 0.4578757042466219]], "r": [[[20, 45], [6, 2], [10, 4], [7, 6]], [[26, 40], [10, 4], [5, 8], [2, 5]], [[14, 41], [12, 3], [7, 8], [7, 8]], [[16, 37], [11, 3], [7, 5], [9, 12]], [[22, 32], [19, 0], [10, 6], [6, 5]], [[13, 40], [7, 5], [7, 5], [17, 6]], [[13, 60], [8, 2], [4, 5], [1, 7]], [[20, 49], [8, 3], [4, 4], [5, 7]], [[17, 51], [8, 2], [9, 4], [4, 5]], [[20, 41], [12, 0], [7, 8], [7, 5]], [[23, 47], [5, 4], [6, 5], [7, 3]], [[24, 41], [12, 1], [9, 3], [6, 4]], [[12, 30], [28, 9], [9, 2], [5, 5]], [[5, 8], [49, 16], [4, 5], [8, 5]], [[5, 17], [46, 9], [7, 2], [9, 5]], [[4, 9], [45, 12], [10, 5], [5, 10]], [[8, 6], [45, 17], [9, 6], [5, 4]], [[6, 8], [50, 13], [7, 4], [9, 3]], [[6, 9], [45, 12], [9, 7], [5, 7]], [[3, 10], [50, 14], [4, 6], [9, 4]], [[2, 4], [59, 16], [6, 4], [4, 5]], [[4, 7], [47, 17], [10, 3], [5, 7]], [[3, 8], [47, 13], [10, 5], [7, 7]], [[3, 7], [36, 24], [8, 7], [10, 5]], [[2, 6], [38, 21], [13, 4], [11, 5]], [[2, 10], [7, 5], [42, 20], [7, 7]], [[7, 12], [10, 2], [32, 26], [8, 3]], [[1, 11], [17, 1], [36, 22], [8, 4]], [[2, 11], [7, 8], [31, 27], [9, 5]], [[1, 8], [10, 1], [40, 26], [4, 10]], [[4, 13], [9, 1], [38, 22], [3, 10]], [[4, 10], [11, 5], [38, 20], [3, 9]], [[6, 5], [6, 1], [41, 26], [8, 7]], [[2, 2], [15, 3], [36, 30], [8, 4]], [[7, 8], [12, 3], [34, 21], [8, 7]], [[1, 12], [7, 4], [44, 22], [7, 3]], [[6, 10], [7, 3], [31, 30], [7, 6]], [[1, 4], [10, 1], [31, 16], [22, 15]], [[4, 13], [9, 3], [6, 6], [39, 20]], [[3, 9], [9, 3], [10, 6], [29, 31]], [[2, 9], [10, 6], [13, 6], [32, 22]], [[7, 11], [11, 3], [6, 7], [30, 25]], [[4, 6], [8, 8], [9, 2], [27, 36]], [[7, 6], [8, 3], [7, 4], [36, 29]], [[3, 8], [12, 3], [4, 4], [32, 34]], [[0, 10], [13, 4], [9, 5], [33, 26]], [[3, 8], [9, 2], [6, 3], [35, 34]], [[3, 11], [7, 2], [6, 8], [33, 30]], [[3, 7], [8, 3], [8, 5], [32, 34]], [[7, 4], [10, 5], [5, 7], [26, 36]]], "n": [[43, 57], [43, 57], [40, 60], [43, 57], [57, 43], [44, 56], [26, 74], [37, 63], [38, 62], [46, 54], [41, 59], [51, 49], [54, 46], [66, 34], [67, 33], [64, 36], [67, 33], [72, 28], [65, 35], [66, 34], [71, 29], [66, 34], [67, 33], [57, 43], [64, 36], [58, 42], [57, 43], [62, 38], [49, 51], [55, 45], [54, 46], [56, 44], [61, 39], [61, 39], [61, 39], [59, 41], [51, 49], [64, 36], [58, 42], [51, 49], [57, 43], [54, 46], [48, 52], [58, 42], [51, 49], [55, 45], [53, 47], [49, 51], [51, 49], [48, 52]], "lambda_": 0.5, "b": [[65, 8, 14, 13], [66, 14, 13, 7], [55, 15, 15, 15], [53, 14, 12, 21], [54, 19, 16, 11], [53, 12, 12, 23], [73, 10, 9, 8], [69, 11, 8, 12], [68, 10, 13, 9], [61, 12, 15, 12], [70, 9, 11, 10], [65, 13, 12, 10], [42, 37, 11, 10], [13, 65, 9, 13], [22, 55, 9, 14], [13, 57, 15, 15], [14, 62, 15, 9], [14, 63, 11, 12], [15, 57, 16, 12], [13, 64, 10, 13], [6, 75, 10, 9], [11, 64, 13, 12], [11, 60, 15, 14], [10, 60, 15, 15], [8, 59, 17, 16], [12, 12, 62, 14], [19, 12, 58, 11], [12, 18, 58, 12], [13, 15, 58, 14], [9, 11, 66, 14], [17, 10, 60, 13], [14, 16, 58, 12], [11, 7, 67, 15], [4, 18, 66, 12], [15, 15, 55, 15], [13, 11, 66, 10], [16, 10, 61, 13], [5, 11, 47, 37], [17, 12, 12, 59], [12, 12, 16, 60], [11, 16, 19, 54], [18, 14, 13, 55], [10, 16, 11, 63], [13, 11, 11, 65], [11, 15, 8, 66], [10, 17, 14, 59], [11, 11, 9, 69], [14, 9, 14, 63], [10, 11, 13, 66], [11, 15, 12, 62]]}