{"M": 50, "G": 3, "I": 2, "J": 100, "p": [[0.2544015113621387, 0.7455984886378614], [0.9448776098362869, 0.05512239016371314], [0.6393217540872794, 0.3606782459127207]], "r": [[[21, 50], [15, 2], [8, 4]], [[11, 53], [19, 0], [7, 10]], [[17, 54], [17, 1], [9, 2]], [[17, 49], [16, 0], [11, 7]], [[18, 47], [15, 2], [9, 9]], [[17, 50], [17, 0], [8, 8]], [[22, 40], [18, 0], [10, 10]], [[16, 48], [15, 0], [14, 7]], [[16, 42], [24, 0], [11, 7]], [[19, 45], [18, 1], [9, 8]], [[15, 56], [12, 0], [13, 4]], [[14, 52], [11, 2], [15, 6]], [[16, 55], [21, 0], [6, 2]], [[18, 53], [12, 0], [7, 10]], [[13, 52], [21, 0], [11, 3]], [[11, 57], [18, 2], [7, 5]], [[13, 40], [33, 2], [5, 7]], [[5, 14], [54, 6], [12, 9]], [[4, 11], [70, 4], [8, 3]], [[7, 9], [62, 4], [13, 5]], [[2, 11], [71, 2], [7, 7]], [[6, 15], [60, 4], [7, 8]], [[5, 10], [56, 4], [12, 13]], [[3, 9], [66, 4], [13, 5]], [[7, 11], [58, 5], [13, 6]], [[5, 16], [59, 5], [7, 8]], [[6, 14], [64, 2], [5, 9]], [[4, 12], [61, 8], [10, 5]], [[5, 7], [69, 2], [11, 6]], [[8, 13], [61, 2], [10, 6]], [[3, 12], [64, 5], [8, 8]], [[4, 11], [63, 4], [10, 8]], [[6, 14], [61, 3], [9, 7]], [[6, 16], [31, 1], [30, 16]], [[3, 7], [22, 1], [46, 21]], [[4, 16], [12, 0], [37, 31]], [[9, 14], [10, 3], [39, 25]], [[5, 10], [14, 0], [50, 21]], [[3, 12], [17, 1], [38, 29]], [[6, 17], [15, 1], [42, 19]], [[2, 9], [18, 0], [44, 27]], [[2, 16], [13, 1], [43, 25]], [[4, 12], [11, 0], [47, 26]], [[6, 10], [13, 1], [45, 25]], [[6, 9], [14, 3], [45, 23]], [[6, 16], [12, 2], [43, 21]], [[3, 10], [23, 0], [43, 21]], [[2, 16], [19, 1], [36, 26]], [[3, 7], [14, 0], [49, 27]], [[5, 10], [15, 2], [45, 23]]], "n": [[44, 56], [37, 63], [43, 57], [44, 56], [42, 58], [42, 58], [50, 50], [45, 55], [51, 49], [46, 54], [40, 60], [40, 60], [43, 57], [37, 63], [45, 55], [36, 64], [51, 49], [71, 29], [82, 18], [82, 18], [80, 20], [73, 27], [73, 27], [82, 18], [78, 22], [71, 29], [75, 25], [75, 25], [85, 15], [79, 21], [75, 25], [77, 23], [76, 24], [67, 33], [71, 29], [53, 47], [58, 42], [69, 31], [58, 42], [63, 37], [64, 36], [58, 42], [62, 38], [64, 36], [65, 35], [61, 39], [69, 31], [57, 43], [66, 34], [65, 35]], "lambda_": 0.5, "b": [[71, 17, 12], [64, 19, 17], [71, 18, 11], [66, 16, 18], [65, 17, 18], [67, 17, 16], [62, 18, 20], [64, 15, 21], [58, 24, 18], [64, 19, 17], [71, 12, 17], [66, 13, 21], [71, 21, 8], [71, 12, 17], [65, 21, 14], [68, 20, 12], [53, 35, 12], [19, 60, 21], [15, 74, 11], [16, 66, 18], [13, 73, 14], [21, 64, 15], [15, 60, 25], [12, 70, 18], [18, 63, 19], [21, 64, 15], [20, 66, 14], [16, 69, 15], [12, 71, 17], [21, 63, 16], [15, 69, 16], [15, 67, 18], [20, 64, 16], [22, 32, 46], [10, 23, 67], [20, 12, 68], [23, 13, 64], [15, 14, 71], [15, 18, 67], [23, 16, 61], [11, 18, 71], [18, 14, 68], [16, 11, 73], [16, 14, 70], [15, 17, 68], [22, 14, 64], [13, 23, 64], [18, 20, 62], [10, 14, 76], [15, 17, 68]]}