{"M": 50, "G": 4, "I": 5, "J": 100, "p": [[0.01091575856363568, 0.20816915542206624, 0.07934542630470441, 0.17676826140742496, 0.5248013983021687], [0.30336933090138923, 0.2728177082174765, 0.029337380742531057, 0.12263021012911926, 0.27184537000948394], [0.3112604723649372, 0.4457473867677789, 0.13127742314124657, 0.018672572575976328, 0.09304214515006101], [0.40414208490409764, 0.04035919895840688, 0.1011778397934792, 0.45008102609801093, 0.004239850246005173]], "r": [[[1, 8, 2, 17, 34], [5, 2, 1, 2, 6], [1, 4, 2, 0, 2], [5, 1, 1, 6, 0]], [[2, 14, 6, 9, 39], [1, 4, 0, 4, 3], [3, 5, 0, 0, 2], [2, 1, 0, 5, 0]], [[1, 11, 7, 14, 28], [0, 5, 0, 3, 3], [4, 4, 2, 1, 0], [8, 0, 1, 8, 0]], [[0, 8, 4, 19, 34], [9, 4, 0, 1, 1], [2, 5, 2, 0, 2], [7, 0, 0, 2, 0]], [[0, 14, 4, 11, 33], [5, 3, 0, 2, 3], [6, 9, 2, 0, 0], [3, 0, 1, 4, 0]], [[1, 15, 8, 11, 31], [4, 2, 1, 0, 7], [0, 7, 1, 0, 1], [4, 0, 1, 6, 0]], [[1, 11, 4, 12, 26], [5, 5, 1, 3, 1], [4, 9, 1, 0, 2], [1, 2, 3, 9, 0]], [[1, 14, 3, 8, 35], [3, 3, 1, 3, 2], [5, 10, 1, 0, 3], [3, 1, 0, 4, 0]], [[0, 11, 10, 5, 31], [7, 4, 0, 2, 1], [5, 4, 3, 0, 1], [8, 0, 2, 6, 0]], [[0, 15, 8, 7, 36], [2, 0, 0, 2, 1], [5, 4, 2, 0, 2], [9, 0, 2, 5, 0]], [[1, 14, 4, 12, 33], [4, 3, 0, 1, 5], [4, 7, 1, 0, 1], [4, 0, 1, 5, 0]], [[0, 9, 8, 11, 30], [3, 3, 0, 0, 3], [6, 6, 2, 0, 2], [6, 1, 2, 8, 0]], [[0, 14, 2, 7, 15], [19, 5, 2, 6, 10], [2, 9, 0, 0, 1], [4, 0, 1, 3, 0]], [[0, 1, 0, 0, 4], [21, 21, 2, 8, 12], [4, 2, 3, 1, 1], [10, 0, 1, 9, 0]], [[0, 1, 0, 4, 4], [16, 13, 1, 8, 23], [5, 10, 0, 1, 1], [9, 0, 0, 4, 0]], [[0, 5, 1, 1, 8], [14, 20, 1, 6, 16], [4, 6, 3, 2, 1], [8, 0, 1, 3, 0]], [[0, 4, 0, 0, 6], [16, 14, 3, 5, 17], [4, 9, 3, 0, 1], [7, 0, 0, 11, 0]], [[0, 5, 2, 5, 8], [21, 18, 2, 7, 12], [1, 8, 4, 0, 1], [3, 0, 0, 3, 0]], [[0, 5, 2, 1, 5], [19, 12, 1, 13, 19], [5, 4, 1, 0, 0], [5, 0, 2, 6, 0]], [[0, 1, 0, 1, 9], [19, 24, 2, 7, 16], [0, 4, 1, 0, 1], [5, 0, 3, 6, 1]], [[1, 0, 0, 5, 12], [26, 12, 1, 6, 13], [3, 6, 3, 0, 0], [6, 0, 2, 4, 0]], [[1, 5, 1, 3, 9], [17, 14, 1, 10, 13], [5, 5, 0, 0, 1], [9, 1, 1, 4, 0]], [[1, 2, 4, 3, 8], [23, 19, 1, 9, 10], [1, 8, 1, 0, 2], [2, 0, 0, 6, 0]], [[0, 2, 1, 1, 7], [20, 18, 1, 4, 16], [3, 12, 1, 0, 1], [6, 0, 2, 5, 0]], [[0, 4, 1, 2, 4], [22, 20, 1, 5, 15], [1, 8, 1, 1, 0], [5, 1, 2, 7, 0]], [[0, 2, 1, 2, 6], [4, 2, 0, 3, 3], [20, 27, 6, 1, 7], [7, 1, 1, 7, 0]], [[0, 1, 2, 2, 3], [4, 1, 1, 0, 4], [14, 32, 14, 1, 9], [5, 1, 2, 4, 0]], [[0, 3, 1, 1, 2], [7, 3, 0, 0, 7], [22, 28, 6, 4, 3], [5, 0, 1, 7, 0]], [[1, 1, 1, 5, 6], [3, 2, 0, 3, 5], [18, 29, 6, 2, 2], [8, 0, 2, 6, 0]], [[0, 6, 0, 2, 4], [4, 3, 1, 2, 6], [20, 27, 5, 3, 8], [6, 0, 0, 3, 0]], [[0, 2, 1, 2, 4], [7, 4, 0, 0, 2], [20, 27, 10, 0, 7], [9, 1, 0, 4, 0]], [[0, 1, 3, 1, 10], [2, 2, 1, 2, 2], [18, 30, 8, 2, 3], [7, 0, 1, 7, 0]], [[0, 4, 1, 3, 6], [3, 5, 1, 1, 3], [17, 33, 9, 2, 5], [5, 2, 0, 0, 0]], [[1, 4, 0, 3, 9], [4, 4, 1, 1, 2], [20, 26, 9, 0, 5], [3, 1, 0, 7, 0]], [[0, 3, 0, 2, 6], [2, 6, 0, 4, 3], [18, 29, 5, 3, 5], [5, 0, 3, 6, 0]], [[1, 1, 2, 1, 4], [7, 4, 1, 4, 5], [17, 28, 9, 0, 5], [6, 1, 0, 4, 0]], [[0, 1, 0, 2, 10], [2, 4, 0, 2, 2], [15, 30, 10, 0, 6], [4, 0, 4, 8, 0]], [[1, 0, 4, 3, 7], [3, 4, 0, 1, 2], [13, 14, 6, 1, 5], [15, 3, 6, 12, 0]], [[0, 4, 1, 2, 7], [11, 5, 0, 3, 4], [4, 4, 0, 0, 1], [20, 1, 6, 27, 0]], [[0, 3, 1, 1, 5], [4, 5, 0, 1, 4], [3, 5, 1, 0, 0], [22, 5, 7, 33, 0]], [[1, 4, 2, 2, 5], [3, 1, 0, 2, 1], [5, 5, 1, 0, 0], [28, 4, 6, 29, 1]], [[0, 3, 0, 1, 5], [5, 2, 0, 2, 5], [2, 4, 4, 0, 3], [24, 4, 7, 28, 1]], [[0, 5, 2, 2, 6], [3, 5, 1, 2, 1], [6, 6, 0, 0, 0], [25, 1, 8, 27, 0]], [[0, 6, 0, 1, 6], [2, 4, 2, 1, 1], [3, 6, 2, 0, 2], [22, 3, 3, 36, 0]], [[1, 5, 1, 1, 4], [7, 6, 0, 2, 4], [2, 1, 2, 1, 1], [28, 3, 6, 25, 0]], [[0, 1, 1, 3, 6], [2, 6, 1, 1, 3], [3, 10, 1, 1, 0], [27, 3, 4, 26, 1]], [[0, 2, 2, 0, 7], [6, 3, 0, 0, 4], [8, 7, 2, 0, 1], [25, 1, 7, 25, 0]], [[0, 1, 0, 2, 10], [4, 3, 0, 2, 2], [2, 5, 1, 0, 1], [28, 7, 8, 24, 0]], [[0, 1, 1, 4, 11], [4, 6, 1, 0, 2], [3, 5, 3, 0, 3], [21, 4, 5, 26, 0]], [[1, 1, 1, 3, 8], [5, 3, 0, 3, 2], [4, 6, 1, 0, 2], [27, 3, 5, 25, 0]]], "n": [[12, 15, 6, 25, 42], [8, 24, 6, 18, 44], [13, 20, 10, 26, 31], [18, 17, 6, 22, 37], [14, 26, 7, 17, 36], [9, 24, 11, 17, 39], [11, 27, 9, 24, 29], [12, 28, 5, 15, 40], [20, 19, 15, 13, 33], [16, 19, 12, 14, 39], [13, 24, 6, 18, 39], [15, 19, 12, 19, 35], [25, 28, 5, 16, 26], [35, 24, 6, 18, 17], [30, 24, 1, 17, 28], [26, 31, 6, 12, 25], [27, 27, 6, 16, 24], [25, 31, 8, 15, 21], [29, 21, 6, 20, 24], [24, 29, 6, 14, 27], [36, 18, 6, 15, 25], [32, 25, 3, 17, 23], [27, 29, 6, 18, 20], [29, 32, 5, 10, 24], [28, 33, 5, 15, 19], [31, 32, 8, 13, 16], [23, 35, 19, 7, 16], [34, 34, 8, 12, 12], [30, 32, 9, 16, 13], [30, 36, 6, 10, 18], [36, 34, 11, 6, 13], [27, 33, 13, 12, 15], [25, 44, 11, 6, 14], [28, 35, 10, 11, 16], [25, 38, 8, 15, 14], [31, 34, 12, 9, 14], [21, 35, 14, 12, 18], [32, 21, 16, 17, 14], [35, 14, 7, 32, 12], [29, 18, 9, 35, 9], [37, 14, 9, 33, 7], [31, 13, 11, 31, 14], [34, 17, 11, 31, 7], [27, 19, 7, 38, 9], [38, 15, 9, 29, 9], [32, 20, 7, 31, 10], [39, 13, 11, 25, 12], [34, 16, 9, 28, 13], [28, 16, 10, 30, 16], [37, 13, 7, 31, 12]], "lambda_": 0.5, "b": [[62, 16, 9, 13], [70, 12, 10, 8], [61, 11, 11, 17], [65, 15, 11, 9], [62, 13, 17, 8], [66, 14, 9, 11], [54, 15, 16, 15], [61, 12, 19, 8], [57, 14, 13, 16], [66, 5, 13, 16], [64, 13, 13, 10], [58, 9, 16, 17], [38, 42, 12, 8], [5, 64, 11, 20], [9, 61, 17, 13], [15, 57, 16, 12], [10, 55, 17, 18], [20, 60, 14, 6], [13, 64, 10, 13], [11, 68, 6, 15], [18, 58, 12, 12], [19, 55, 11, 15], [18, 62, 12, 8], [11, 59, 17, 13], [11, 63, 11, 15], [11, 12, 61, 16], [8, 10, 70, 12], [7, 17, 63, 13], [14, 13, 57, 16], [12, 16, 63, 9], [9, 13, 64, 14], [15, 9, 61, 15], [14, 13, 66, 7], [17, 12, 60, 11], [11, 15, 60, 14], [9, 21, 59, 11], [13, 10, 61, 16], [15, 10, 39, 36], [14, 23, 9, 54], [10, 14, 9, 67], [14, 7, 11, 68], [9, 14, 13, 64], [15, 12, 12, 61], [13, 10, 13, 64], [12, 19, 7, 62], [11, 13, 15, 61], [11, 13, 18, 58], [13, 11, 9, 67], [17, 13, 14, 56], [14, 13, 13, 60]]}