{"M": 50, "G": 4, "I": 3, "J": 100, "p": [[0.5900401829630562, 0.00838622005696103, 0.401573596979983], [0.5938663526651926, 0.29667740897975897, 0.10945623835504842], [0.12026555402602122, 0.7787932081978188, 0.1009412377761599], [0.021434925155496692, 0.2679889544085295, 0.7105761204359738]], "r": [[[36, 2, 24], [7, 7, 0], [4, 12, 1], [0, 1, 6]], [[39, 1, 20], [6, 3, 0], [2, 15, 2], [1, 2, 9]], [[33, 0, 25], [8, 1, 3], [5, 13, 2], [0, 4, 6]], [[39, 0, 29], [3, 6, 1], [3, 9, 1], [1, 1, 7]], [[33, 1, 25], [7, 7, 0], [3, 9, 0], [0, 5, 10]], [[36, 0, 23], [7, 3, 1], [3, 7, 1], [0, 6, 13]], [[33, 0, 30], [7, 3, 5], [0, 10, 0], [0, 3, 9]], [[43, 0, 25], [10, 5, 0], [0, 8, 1], [0, 3, 5]], [[29, 1, 23], [10, 4, 2], [0, 8, 5], [0, 7, 11]], [[34, 0, 22], [11, 2, 3], [2, 14, 1], [0, 2, 9]], [[42, 0, 24], [11, 4, 1], [1, 4, 3], [0, 5, 5]], [[38, 1, 27], [8, 2, 2], [0, 9, 3], [0, 1, 9]], [[19, 1, 15], [17, 10, 4], [3, 11, 2], [1, 3, 14]], [[6, 0, 7], [31, 16, 7], [2, 13, 2], [1, 4, 11]], [[5, 0, 2], [35, 26, 5], [1, 9, 3], [0, 4, 10]], [[8, 0, 7], [39, 19, 2], [2, 9, 3], [0, 2, 9]], [[7, 0, 5], [36, 20, 5], [2, 10, 1], [1, 3, 10]], [[8, 0, 7], [33, 17, 7], [2, 8, 4], [0, 3, 11]], [[10, 0, 10], [34, 17, 8], [1, 7, 1], [0, 3, 9]], [[7, 0, 3], [39, 19, 7], [4, 8, 2], [0, 4, 7]], [[9, 0, 8], [34, 17, 8], [0, 8, 1], [1, 5, 9]], [[12, 0, 2], [40, 15, 5], [1, 8, 1], [0, 4, 12]], [[1, 0, 3], [52, 14, 5], [2, 13, 1], [0, 2, 7]], [[13, 0, 2], [38, 10, 7], [0, 7, 1], [0, 7, 15]], [[9, 1, 4], [34, 25, 3], [3, 6, 0], [0, 4, 11]], [[6, 0, 4], [10, 2, 1], [9, 49, 9], [1, 6, 3]], [[5, 0, 6], [11, 1, 2], [17, 40, 6], [2, 2, 8]], [[6, 0, 6], [5, 6, 1], [10, 46, 12], [0, 2, 6]], [[7, 0, 3], [5, 3, 2], [6, 50, 6], [0, 8, 10]], [[9, 0, 3], [10, 6, 1], [11, 40, 6], [0, 3, 11]], [[4, 0, 8], [5, 2, 0], [8, 56, 6], [0, 2, 9]], [[6, 0, 4], [10, 2, 1], [15, 50, 6], [0, 2, 4]], [[8, 0, 3], [7, 3, 2], [5, 53, 9], [0, 4, 6]], [[10, 0, 6], [9, 2, 6], [5, 43, 5], [1, 5, 8]], [[6, 0, 3], [8, 2, 2], [8, 55, 5], [0, 1, 10]], [[10, 0, 9], [9, 4, 4], [6, 38, 9], [0, 7, 4]], [[10, 1, 4], [8, 6, 0], [9, 46, 8], [0, 2, 6]], [[10, 0, 5], [10, 4, 1], [6, 24, 6], [0, 7, 27]], [[5, 0, 2], [5, 4, 1], [0, 11, 2], [0, 19, 51]], [[8, 0, 4], [7, 2, 1], [2, 11, 1], [2, 18, 44]], [[10, 0, 3], [3, 5, 0], [1, 13, 1], [3, 20, 41]], [[6, 0, 6], [6, 9, 2], [3, 6, 3], [1, 19, 39]], [[9, 0, 10], [11, 1, 2], [1, 8, 3], [1, 14, 40]], [[10, 0, 12], [3, 3, 1], [3, 11, 0], [0, 10, 47]], [[10, 0, 5], [11, 7, 1], [1, 6, 0], [1, 14, 44]], [[6, 0, 5], [9, 6, 2], [1, 5, 0], [4, 18, 44]], [[3, 0, 5], [5, 8, 0], [0, 6, 0], [3, 22, 48]], [[8, 0, 6], [13, 4, 0], [1, 9, 1], [0, 22, 36]], [[10, 1, 3], [11, 5, 1], [1, 10, 1], [1, 13, 43]], [[10, 1, 3], [4, 3, 1], [4, 2, 1], [0, 16, 55]]], "n": [[47, 22, 31], [48, 21, 31], [46, 18, 36], [46, 16, 38], [43, 22, 35], [46, 16, 38], [40, 16, 44], [53, 16, 31], [39, 20, 41], [47, 18, 35], [54, 13, 33], [46, 13, 41], [40, 25, 35], [40, 33, 27], [41, 39, 20], [49, 30, 21], [46, 33, 21], [43, 28, 29], [45, 27, 28], [50, 31, 19], [44, 30, 26], [53, 27, 20], [55, 29, 16], [51, 24, 25], [46, 36, 18], [26, 57, 17], [35, 43, 22], [21, 54, 25], [18, 61, 21], [30, 49, 21], [17, 60, 23], [31, 54, 15], [20, 60, 20], [25, 50, 25], [22, 58, 20], [25, 49, 26], [27, 55, 18], [26, 35, 39], [10, 34, 56], [19, 31, 50], [17, 38, 45], [16, 34, 50], [22, 23, 55], [16, 24, 60], [23, 27, 50], [20, 29, 51], [11, 36, 53], [22, 35, 43], [23, 29, 48], [18, 22, 60]], "lambda_": 0.5, "b": [[62, 14, 17, 7], [60, 9, 19, 12], [58, 12, 20, 10], [68, 10, 13, 9], [59, 14, 12, 15], [59, 11, 11, 19], [63, 15, 10, 12], [68, 15, 9, 8], [53, 16, 13, 18], [56, 16, 17, 11], [66, 16, 8, 10], [66, 12, 12, 10], [35, 31, 16, 18], [13, 54, 17, 16], [7, 66, 13, 14], [15, 60, 14, 11], [12, 61, 13, 14], [15, 57, 14, 14], [20, 59, 9, 12], [10, 65, 14, 11], [17, 59, 9, 15], [14, 60, 10, 16], [4, 71, 16, 9], [15, 55, 8, 22], [14, 62, 9, 15], [10, 13, 67, 10], [11, 14, 63, 12], [12, 12, 68, 8], [10, 10, 62, 18], [12, 17, 57, 14], [12, 7, 70, 11], [10, 13, 71, 6], [11, 12, 67, 10], [16, 17, 53, 14], [9, 12, 68, 11], [19, 17, 53, 11], [15, 14, 63, 8], [15, 15, 36, 34], [7, 10, 13, 70], [12, 10, 14, 64], [13, 8, 15, 64], [12, 17, 12, 59], [19, 14, 12, 55], [22, 7, 14, 57], [15, 19, 7, 59], [11, 17, 6, 66], [8, 13, 6, 73], [14, 17, 11, 58], [14, 17, 12, 57], [14, 8, 7, 71]]}