{"M": 50, "G": 2, "I": 4, "J": 100, "p": [[0.21831765719287097, 0.039374696974012705, 0.25245268623476663, 0.48985495959834957], [0.5422012093016421, 0.09105809283714718, 0.14155571116247334, 0.2251849866987375]], "r": [[[17, 5, 15, 35], [18, 3, 4, 3]], [[23, 5, 16, 33], [14, 4, 4, 1]], [[14, 3, 21, 24], [16, 4, 7, 11]], [[24, 1, 21, 29], [14, 3, 5, 3]], [[27, 4, 14, 42], [7, 2, 3, 1]], [[18, 5, 17, 36], [16, 1, 3, 4]], [[14, 6, 22, 35], [13, 3, 2, 5]], [[12, 5, 20, 36], [14, 3, 4, 6]], [[18, 2, 20, 40], [11, 2, 1, 6]], [[17, 5, 19, 37], [9, 2, 3, 8]], [[19, 6, 12, 37], [17, 1, 4, 4]], [[21, 2, 13, 34], [17, 5, 1, 7]], [[16, 6, 21, 36], [9, 0, 4, 8]], [[21, 5, 11, 39], [13, 2, 2, 7]], [[18, 2, 19, 28], [17, 2, 5, 9]], [[17, 3, 19, 43], [10, 3, 1, 4]], [[14, 4, 18, 41], [11, 3, 3, 6]], [[14, 1, 14, 49], [12, 2, 3, 5]], [[15, 5, 20, 31], [11, 2, 6, 10]], [[16, 3, 27, 31], [13, 3, 1, 6]], [[13, 6, 16, 37], [19, 3, 2, 4]], [[13, 2, 22, 33], [14, 4, 7, 5]], [[15, 1, 16, 42], [14, 0, 5, 7]], [[16, 3, 14, 43], [9, 2, 5, 8]], [[20, 1, 18, 32], [16, 2, 7, 4]], [[6, 0, 4, 14], [41, 7, 13, 15]], [[6, 1, 9, 16], [44, 3, 3, 18]], [[3, 0, 10, 11], [37, 7, 12, 20]], [[5, 2, 6, 12], [35, 5, 16, 19]], [[4, 0, 4, 6], [41, 7, 16, 22]], [[1, 2, 5, 14], [45, 8, 8, 17]], [[5, 2, 5, 15], [38, 6, 9, 20]], [[8, 2, 7, 13], [36, 5, 14, 15]], [[15, 1, 6, 7], [43, 6, 7, 15]], [[9, 2, 3, 12], [46, 6, 4, 18]], [[5, 2, 9, 19], [31, 5, 6, 23]], [[5, 1, 8, 13], [36, 7, 12, 18]], [[9, 3, 6, 7], [53, 4, 8, 10]], [[2, 2, 4, 11], [39, 4, 15, 23]], [[3, 0, 3, 8], [50, 7, 10, 19]], [[4, 0, 5, 15], [43, 7, 16, 10]], [[9, 1, 5, 15], [47, 3, 9, 11]], [[7, 3, 6, 9], [39, 6, 14, 16]], [[5, 2, 8, 19], [36, 7, 10, 13]], [[4, 2, 6, 10], [42, 9, 7, 20]], [[3, 3, 9, 8], [41, 7, 12, 17]], [[4, 1, 5, 14], [42, 12, 4, 18]], [[3, 0, 6, 11], [37, 12, 10, 21]], [[2, 1, 6, 16], [38, 7, 14, 16]], [[7, 2, 11, 11], [28, 10, 11, 20]]], "n": [[35, 8, 19, 38], [37, 9, 20, 34], [30, 7, 28, 35], [38, 4, 26, 32], [34, 6, 17, 43], [34, 6, 20, 40], [27, 9, 24, 40], [26, 8, 24, 42], [29, 4, 21, 46], [26, 7, 22, 45], [36, 7, 16, 41], [38, 7, 14, 41], [25, 6, 25, 44], [34, 7, 13, 46], [35, 4, 24, 37], [27, 6, 20, 47], [25, 7, 21, 47], [26, 3, 17, 54], [26, 7, 26, 41], [29, 6, 28, 37], [32, 9, 18, 41], [27, 6, 29, 38], [29, 1, 21, 49], [25, 5, 19, 51], [36, 3, 25, 36], [47, 7, 17, 29], [50, 4, 12, 34], [40, 7, 22, 31], [40, 7, 22, 31], [45, 7, 20, 28], [46, 10, 13, 31], [43, 8, 14, 35], [44, 7, 21, 28], [58, 7, 13, 22], [55, 8, 7, 30], [36, 7, 15, 42], [41, 8, 20, 31], [62, 7, 14, 17], [41, 6, 19, 34], [53, 7, 13, 27], [47, 7, 21, 25], [56, 4, 14, 26], [46, 9, 20, 25], [41, 9, 18, 32], [46, 11, 13, 30], [44, 10, 21, 25], [46, 13, 9, 32], [40, 12, 16, 32], [40, 8, 20, 32], [35, 12, 22, 31]], "lambda_": 0.5, "b": [[72, 28], [77, 23], [62, 38], [75, 25], [87, 13], [76, 24], [77, 23], [73, 27], [80, 20], [78, 22], [74, 26], [70, 30], [79, 21], [76, 24], [67, 33], [82, 18], [77, 23], [78, 22], [71, 29], [77, 23], [72, 28], [70, 30], [74, 26], [76, 24], [71, 29], [24, 76], [32, 68], [24, 76], [25, 75], [14, 86], [22, 78], [27, 73], [30, 70], [29, 71], [26, 74], [35, 65], [27, 73], [25, 75], [19, 81], [14, 86], [24, 76], [30, 70], [25, 75], [34, 66], [22, 78], [23, 77], [24, 76], [20, 80], [25, 75], [31, 69]]}