{"M": 50, "G": 2, "I": 10, "J": 100, "p": [[0.03722007240600084, 0.10908437447685727, 0.11784646370736214, 0.006874941986419378, 0.0659039693392477, 0.03718022718294757, 0.17190609579094332, 0.02633725933365949, 0.010740806916152435, 0.41690578886040985], [0.14673895330909076, 0.014366663143133332, 0.2268965385650288, 0.03052185574293443, 0.050964679802890864, 0.06146641749906182, 0.21102591149970712, 0.11042169790901495, 0.04284264910101868, 0.10475463342811923]], "r": [[[0, 9, 10, 2, 3, 3, 10, 1, 2, 36], [6, 0, 5, 1, 1, 3, 3, 2, 1, 2]], [[1, 11, 8, 0, 0, 3, 6, 2, 2, 44], [2, 0, 5, 0, 2, 1, 9, 2, 0, 2]], [[1, 11, 7, 0, 7, 1, 11, 2, 2, 31], [3, 1, 10, 1, 2, 0, 4, 2, 2, 2]], [[2, 12, 6, 1, 5, 5, 9, 2, 0, 32], [4, 1, 3, 1, 2, 0, 5, 6, 3, 1]], [[2, 8, 8, 0, 8, 2, 13, 1, 0, 28], [6, 0, 6, 0, 1, 4, 2, 4, 1, 6]], [[5, 5, 9, 0, 4, 2, 20, 2, 1, 27], [6, 1, 2, 0, 1, 3, 7, 3, 0, 2]], [[4, 11, 6, 0, 1, 5, 11, 1, 0, 35], [6, 0, 1, 1, 5, 2, 8, 2, 0, 1]], [[2, 9, 8, 0, 3, 2, 19, 1, 1, 29], [0, 0, 8, 1, 2, 1, 4, 7, 0, 3]], [[3, 9, 6, 0, 7, 2, 15, 1, 0, 34], [3, 0, 4, 1, 1, 1, 3, 2, 4, 4]], [[2, 9, 7, 0, 4, 3, 16, 3, 2, 22], [3, 0, 7, 1, 2, 1, 11, 3, 1, 3]], [[0, 5, 11, 0, 8, 5, 15, 0, 1, 36], [2, 0, 3, 0, 0, 1, 9, 2, 1, 1]], [[1, 12, 10, 0, 6, 2, 15, 4, 0, 22], [3, 0, 8, 0, 1, 2, 6, 3, 2, 3]], [[0, 7, 13, 0, 1, 1, 17, 0, 4, 37], [1, 0, 4, 0, 3, 2, 8, 1, 0, 1]], [[2, 11, 9, 1, 7, 0, 10, 4, 0, 37], [5, 0, 5, 1, 0, 0, 5, 2, 0, 1]], [[1, 6, 5, 2, 6, 1, 10, 0, 1, 32], [11, 0, 8, 2, 2, 2, 5, 3, 2, 1]], [[2, 11, 5, 0, 2, 4, 13, 1, 0, 33], [7, 1, 5, 1, 2, 2, 4, 2, 3, 2]], [[2, 11, 6, 0, 5, 2, 14, 2, 0, 31], [4, 0, 7, 1, 3, 1, 2, 7, 1, 1]], [[3, 8, 6, 0, 1, 9, 14, 4, 0, 30], [1, 0, 4, 0, 1, 1, 6, 5, 2, 5]], [[5, 10, 5, 0, 3, 1, 13, 2, 0, 35], [3, 0, 7, 1, 2, 0, 7, 2, 1, 3]], [[2, 5, 8, 0, 8, 3, 16, 2, 0, 32], [3, 1, 4, 0, 1, 3, 6, 2, 1, 3]], [[6, 8, 11, 0, 6, 5, 12, 2, 0, 31], [6, 1, 4, 0, 2, 0, 2, 1, 0, 3]], [[3, 9, 7, 0, 2, 2, 8, 4, 0, 40], [6, 0, 7, 0, 2, 1, 3, 2, 1, 3]], [[2, 13, 9, 2, 3, 7, 14, 3, 0, 21], [4, 0, 6, 2, 1, 1, 6, 4, 1, 1]], [[2, 8, 9, 1, 4, 3, 12, 4, 2, 30], [5, 0, 3, 0, 3, 1, 8, 5, 0, 0]], [[2, 8, 10, 0, 8, 1, 16, 2, 0, 25], [3, 0, 4, 2, 1, 3, 7, 6, 1, 1]], [[2, 7, 2, 0, 4, 1, 4, 1, 2, 9], [7, 2, 13, 7, 3, 6, 9, 6, 4, 11]], [[1, 4, 0, 0, 1, 2, 4, 0, 0, 14], [14, 1, 12, 3, 6, 5, 20, 9, 0, 4]], [[0, 7, 4, 0, 1, 0, 5, 1, 0, 11], [7, 3, 16, 3, 2, 6, 14, 9, 6, 5]], [[2, 3, 3, 0, 1, 1, 0, 1, 1, 8], [10, 2, 17, 4, 3, 5, 20, 8, 6, 5]], [[0, 3, 5, 0, 0, 2, 2, 1, 0, 12], [14, 0, 21, 1, 4, 3, 13, 9, 1, 9]], [[3, 6, 2, 0, 1, 0, 9, 1, 0, 11], [8, 1, 13, 2, 4, 7, 14, 7, 1, 10]], [[0, 5, 0, 0, 5, 1, 4, 0, 0, 8], [13, 0, 20, 0, 7, 4, 14, 7, 6, 6]], [[0, 3, 2, 1, 1, 0, 2, 2, 0, 15], [15, 0, 14, 4, 4, 2, 17, 5, 3, 10]], [[0, 5, 5, 0, 3, 2, 5, 1, 1, 9], [14, 2, 14, 3, 4, 2, 12, 8, 3, 7]], [[1, 1, 1, 1, 2, 4, 2, 0, 0, 11], [12, 2, 18, 4, 1, 3, 15, 9, 4, 9]], [[0, 2, 3, 0, 4, 0, 4, 1, 0, 7], [10, 1, 22, 1, 4, 2, 18, 12, 2, 7]], [[1, 2, 2, 0, 1, 3, 10, 1, 0, 8], [8, 1, 19, 2, 7, 2, 17, 10, 2, 4]], [[0, 2, 0, 1, 2, 1, 5, 2, 0, 12], [14, 2, 17, 2, 4, 6, 11, 6, 4, 9]], [[2, 3, 3, 1, 3, 0, 6, 2, 0, 8], [4, 0, 18, 2, 3, 5, 17, 7, 9, 7]], [[2, 5, 4, 1, 2, 0, 7, 0, 2, 9], [8, 0, 11, 2, 2, 5, 23, 10, 3, 4]], [[0, 1, 2, 1, 1, 0, 4, 1, 2, 12], [9, 1, 15, 1, 6, 3, 19, 6, 9, 7]], [[0, 2, 5, 0, 4, 3, 3, 2, 0, 8], [11, 1, 18, 2, 6, 4, 11, 9, 5, 6]], [[2, 3, 3, 0, 3, 1, 3, 1, 0, 9], [9, 1, 10, 2, 6, 7, 22, 7, 3, 8]], [[0, 1, 4, 0, 1, 1, 5, 2, 0, 7], [6, 1, 17, 1, 2, 9, 15, 11, 3, 14]], [[0, 4, 1, 0, 1, 1, 3, 0, 0, 13], [14, 1, 23, 2, 2, 5, 12, 10, 1, 7]], [[0, 1, 7, 0, 2, 0, 8, 3, 1, 7], [7, 2, 16, 3, 3, 5, 13, 7, 3, 12]], [[1, 4, 3, 0, 3, 2, 4, 2, 0, 5], [11, 0, 19, 3, 3, 3, 22, 8, 2, 5]], [[0, 5, 6, 0, 2, 2, 4, 0, 0, 7], [14, 0, 14, 1, 5, 1, 15, 13, 1, 10]], [[0, 1, 3, 0, 1, 1, 8, 0, 1, 6], [13, 0, 12, 0, 9, 7, 21, 5, 3, 9]], [[1, 3, 0, 0, 0, 0, 3, 0, 2, 9], [11, 2, 22, 2, 3, 5, 13, 11, 6, 7]]], "n": [[6, 9, 15, 3, 4, 6, 13, 3, 3, 38], [3, 11, 13, 0, 2, 4, 15, 4, 2, 46], [4, 12, 17, 1, 9, 1, 15, 4, 4, 33], [6, 13, 9, 2, 7, 5, 14, 8, 3, 33], [8, 8, 14, 0, 9, 6, 15, 5, 1, 34], [11, 6, 11, 0, 5, 5, 27, 5, 1, 29], [10, 11, 7, 1, 6, 7, 19, 3, 0, 36], [2, 9, 16, 1, 5, 3, 23, 8, 1, 32], [6, 9, 10, 1, 8, 3, 18, 3, 4, 38], [5, 9, 14, 1, 6, 4, 27, 6, 3, 25], [2, 5, 14, 0, 8, 6, 24, 2, 2, 37], [4, 12, 18, 0, 7, 4, 21, 7, 2, 25], [1, 7, 17, 0, 4, 3, 25, 1, 4, 38], [7, 11, 14, 2, 7, 0, 15, 6, 0, 38], [12, 6, 13, 4, 8, 3, 15, 3, 3, 33], [9, 12, 10, 1, 4, 6, 17, 3, 3, 35], [6, 11, 13, 1, 8, 3, 16, 9, 1, 32], [4, 8, 10, 0, 2, 10, 20, 9, 2, 35], [8, 10, 12, 1, 5, 1, 20, 4, 1, 38], [5, 6, 12, 0, 9, 6, 22, 4, 1, 35], [12, 9, 15, 0, 8, 5, 14, 3, 0, 34], [9, 9, 14, 0, 4, 3, 11, 6, 1, 43], [6, 13, 15, 4, 4, 8, 20, 7, 1, 22], [7, 8, 12, 1, 7, 4, 20, 9, 2, 30], [5, 8, 14, 2, 9, 4, 23, 8, 1, 26], [9, 9, 15, 7, 7, 7, 13, 7, 6, 20], [15, 5, 12, 3, 7, 7, 24, 9, 0, 18], [7, 10, 20, 3, 3, 6, 19, 10, 6, 16], [12, 5, 20, 4, 4, 6, 20, 9, 7, 13], [14, 3, 26, 1, 4, 5, 15, 10, 1, 21], [11, 7, 15, 2, 5, 7, 23, 8, 1, 21], [13, 5, 20, 0, 12, 5, 18, 7, 6, 14], [15, 3, 16, 5, 5, 2, 19, 7, 3, 25], [14, 7, 19, 3, 7, 4, 17, 9, 4, 16], [13, 3, 19, 5, 3, 7, 17, 9, 4, 20], [10, 3, 25, 1, 8, 2, 22, 13, 2, 14], [9, 3, 21, 2, 8, 5, 27, 11, 2, 12], [14, 4, 17, 3, 6, 7, 16, 8, 4, 21], [6, 3, 21, 3, 6, 5, 23, 9, 9, 15], [10, 5, 15, 3, 4, 5, 30, 10, 5, 13], [9, 2, 17, 2, 7, 3, 23, 7, 11, 19], [11, 3, 23, 2, 10, 7, 14, 11, 5, 14], [11, 4, 13, 2, 9, 8, 25, 8, 3, 17], [6, 2, 21, 1, 3, 10, 20, 13, 3, 21], [14, 5, 24, 2, 3, 6, 15, 10, 1, 20], [7, 3, 23, 3, 5, 5, 21, 10, 4, 19], [12, 4, 22, 3, 6, 5, 26, 10, 2, 10], [14, 5, 20, 1, 7, 3, 19, 13, 1, 17], [13, 1, 15, 0, 10, 8, 29, 5, 4, 15], [12, 5, 22, 2, 3, 5, 16, 11, 8, 16]], "lambda_": 0.5, "b": [[76, 24], [77, 23], [73, 27], [74, 26], [70, 30], [75, 25], [74, 26], [74, 26], [77, 23], [68, 32], [81, 19], [72, 28], [80, 20], [81, 19], [64, 36], [71, 29], [73, 27], [75, 25], [74, 26], [76, 24], [81, 19], [75, 25], [74, 26], [75, 25], [72, 28], [32, 68], [26, 74], [29, 71], [20, 80], [25, 75], [33, 67], [23, 77], [26, 74], [31, 69], [23, 77], [21, 79], [28, 72], [25, 75], [28, 72], [32, 68], [24, 76], [27, 73], [25, 75], [21, 79], [23, 77], [29, 71], [24, 76], [26, 74], [21, 79], [18, 82]]}