{"M": 50, "G": 2, "I": 2, "J": 100, "p": [[0.2800888100039253, 0.7199111899960747], [0.5676362502758424, 0.4323637497241576]], "r": [[[20, 52], [17, 11]], [[19, 52], [22, 7]], [[22, 56], [12, 10]], [[33, 45], [10, 12]], [[20, 52], [18, 10]], [[25, 46], [17, 12]], [[21, 51], [19, 9]], [[18, 50], [18, 14]], [[19, 58], [10, 13]], [[19, 55], [12, 14]], [[22, 54], [15, 9]], [[23, 54], [16, 7]], [[13, 63], [10, 14]], [[22, 50], [17, 11]], [[18, 62], [9, 11]], [[25, 54], [11, 10]], [[21, 64], [8, 7]], [[27, 51], [12, 10]], [[28, 49], [10, 13]], [[23, 54], [15, 8]], [[16, 54], [16, 14]], [[14, 62], [11, 13]], [[25, 55], [10, 10]], [[24, 39], [21, 16]], [[19, 45], [19, 17]], [[5, 14], [48, 33]], [[6, 24], [36, 34]], [[10, 19], [35, 36]], [[6, 21], [35, 38]], [[5, 22], [39, 34]], [[5, 21], [41, 33]], [[7, 19], [37, 37]], [[4, 14], [50, 32]], [[8, 19], [40, 33]], [[7, 12], [43, 38]], [[8, 19], [40, 33]], [[8, 16], [42, 34]], [[8, 19], [37, 36]], [[8, 17], [38, 37]], [[5, 26], [37, 32]], [[4, 14], [49, 33]], [[5, 18], [41, 36]], [[13, 22], [33, 32]], [[12, 20], [42, 26]], [[4, 19], [37, 40]], [[7, 17], [46, 30]], [[7, 15], [53, 25]], [[5, 15], [46, 34]], [[11, 21], [39, 29]], [[8, 20], [33, 39]]], "n": [[37, 63], [41, 59], [34, 66], [43, 57], [38, 62], [42, 58], [40, 60], [36, 64], [29, 71], [31, 69], [37, 63], [39, 61], [23, 77], [39, 61], [27, 73], [36, 64], [29, 71], [39, 61], [38, 62], [38, 62], [32, 68], [25, 75], [35, 65], [45, 55], [38, 62], [53, 47], [42, 58], [45, 55], [41, 59], [44, 56], [46, 54], [44, 56], [54, 46], [48, 52], [50, 50], [48, 52], [50, 50], [45, 55], [46, 54], [42, 58], [53, 47], [46, 54], [46, 54], [54, 46], [41, 59], [53, 47], [60, 40], [51, 49], [50, 50], [41, 59]], "lambda_": 0.5, "b": [[72, 28], [71, 29], [78, 22], [78, 22], [72, 28], [71, 29], [72, 28], [68, 32], [77, 23], [74, 26], [76, 24], [77, 23], [76, 24], [72, 28], [80, 20], [79, 21], [85, 15], [78, 22], [77, 23], [77, 23], [70, 30], [76, 24], [80, 20], [63, 37], [64, 36], [19, 81], [30, 70], [29, 71], [27, 73], [27, 73], [26, 74], [26, 74], [18, 82], [27, 73], [19, 81], [27, 73], [24, 76], [27, 73], [25, 75], [31, 69], [18, 82], [23, 77], [35, 65], [32, 68], [23, 77], [24, 76], [22, 78], [20, 80], [32, 68], [28, 72]]}