{"M": 50, "G": 4, "I": 3, "J": 100, "p": [[0.09927750520862948, 0.8091342359282716, 0.09158825886309889], [0.6081484782973842, 0.16248736605778868, 0.2293641556448271], [0.5728345733599701, 0.28825508098764524, 0.13891034565238466], [0.12730387889618566, 0.05154792450403319, 0.8211481965997812]], "r": [[[3, 53, 7], [9, 1, 4], [9, 3, 1], [3, 0, 7]], [[7, 50, 2], [8, 5, 2], [8, 7, 0], [1, 0, 10]], [[4, 55, 9], [9, 1, 1], [7, 4, 1], [3, 0, 6]], [[6, 52, 4], [7, 4, 3], [3, 0, 3], [2, 0, 16]], [[11, 53, 3], [8, 1, 2], [9, 2, 1], [0, 0, 10]], [[9, 52, 4], [5, 2, 1], [3, 5, 0], [3, 1, 15]], [[8, 54, 5], [3, 6, 6], [6, 2, 1], [0, 1, 8]], [[7, 54, 9], [9, 0, 3], [5, 3, 2], [2, 1, 5]], [[8, 55, 4], [8, 0, 1], [8, 3, 1], [0, 0, 12]], [[4, 58, 3], [11, 2, 3], [10, 1, 0], [1, 0, 7]], [[3, 53, 4], [13, 1, 4], [9, 2, 2], [0, 0, 9]], [[4, 41, 10], [11, 3, 4], [4, 4, 3], [1, 2, 13]], [[5, 34, 3], [18, 8, 7], [6, 7, 1], [1, 0, 10]], [[1, 12, 0], [36, 8, 20], [8, 1, 1], [2, 0, 11]], [[0, 13, 1], [31, 13, 15], [9, 3, 0], [1, 0, 14]], [[0, 10, 0], [36, 14, 13], [7, 1, 3], [2, 1, 13]], [[1, 5, 4], [42, 10, 15], [6, 2, 1], [3, 0, 11]], [[1, 8, 0], [38, 11, 20], [5, 4, 1], [2, 0, 10]], [[1, 15, 3], [32, 5, 18], [7, 7, 0], [0, 1, 11]], [[2, 10, 1], [35, 7, 15], [13, 4, 1], [2, 0, 10]], [[2, 6, 1], [45, 11, 15], [4, 1, 2], [1, 0, 12]], [[0, 12, 0], [41, 11, 9], [9, 1, 0], [1, 1, 15]], [[2, 8, 4], [40, 8, 11], [4, 5, 3], [1, 0, 14]], [[1, 8, 4], [34, 12, 17], [3, 2, 1], [1, 1, 16]], [[3, 9, 0], [36, 11, 15], [7, 5, 2], [1, 0, 11]], [[0, 12, 1], [6, 2, 4], [36, 24, 4], [3, 0, 8]], [[1, 6, 1], [6, 0, 2], [45, 16, 10], [3, 1, 9]], [[3, 6, 0], [4, 2, 3], [36, 17, 10], [2, 0, 17]], [[1, 9, 1], [4, 3, 7], [33, 20, 6], [3, 4, 9]], [[2, 12, 2], [7, 1, 4], [41, 18, 2], [2, 0, 9]], [[1, 11, 1], [8, 4, 2], [33, 18, 10], [2, 1, 9]], [[0, 8, 1], [3, 2, 2], [33, 27, 11], [3, 0, 10]], [[0, 11, 1], [5, 1, 5], [35, 24, 6], [0, 0, 12]], [[3, 11, 0], [4, 3, 3], [36, 19, 13], [2, 0, 6]], [[1, 11, 0], [8, 1, 3], [39, 19, 4], [4, 2, 8]], [[1, 10, 1], [9, 3, 3], [34, 16, 10], [1, 0, 12]], [[0, 9, 0], [15, 3, 5], [36, 16, 3], [5, 1, 7]], [[2, 7, 1], [6, 4, 2], [20, 17, 5], [4, 1, 31]], [[1, 9, 2], [8, 3, 3], [6, 2, 1], [11, 3, 51]], [[3, 10, 1], [6, 1, 4], [9, 3, 2], [7, 3, 51]], [[0, 9, 2], [6, 2, 3], [8, 9, 3], [5, 4, 49]], [[1, 14, 0], [10, 3, 1], [11, 2, 3], [6, 4, 45]], [[1, 11, 2], [5, 1, 1], [14, 6, 0], [4, 5, 50]], [[3, 13, 1], [7, 3, 1], [6, 3, 3], [10, 1, 49]], [[1, 10, 2], [5, 3, 1], [9, 4, 0], [4, 2, 59]], [[0, 6, 2], [10, 4, 2], [3, 2, 3], [11, 3, 54]], [[1, 11, 1], [10, 0, 4], [2, 6, 2], [9, 3, 51]], [[1, 11, 0], [8, 2, 4], [9, 8, 1], [9, 0, 47]], [[2, 4, 2], [7, 1, 4], [8, 4, 2], [6, 2, 58]], [[0, 7, 2], [10, 3, 1], [9, 3, 3], [8, 2, 52]]], "n": [[24, 57, 19], [24, 62, 14], [23, 60, 17], [18, 56, 26], [28, 56, 16], [20, 60, 20], [17, 63, 20], [23, 58, 19], [24, 58, 18], [26, 61, 13], [25, 56, 19], [20, 50, 30], [30, 49, 21], [47, 21, 32], [41, 29, 30], [45, 26, 29], [52, 17, 31], [46, 23, 31], [40, 28, 32], [52, 21, 27], [52, 18, 30], [51, 25, 24], [47, 21, 32], [39, 23, 38], [47, 25, 28], [45, 38, 17], [55, 23, 22], [45, 25, 30], [41, 36, 23], [52, 31, 17], [44, 34, 22], [39, 37, 24], [40, 36, 24], [45, 33, 22], [52, 33, 15], [45, 29, 26], [56, 29, 15], [32, 29, 39], [26, 17, 57], [25, 17, 58], [19, 24, 57], [28, 23, 49], [24, 23, 53], [26, 20, 54], [19, 19, 62], [24, 15, 61], [22, 20, 58], [27, 21, 52], [23, 11, 66], [27, 15, 58]], "lambda_": 0.5, "b": [[63, 14, 13, 10], [59, 15, 15, 11], [68, 11, 12, 9], [62, 14, 6, 18], [67, 11, 12, 10], [65, 8, 8, 19], [67, 15, 9, 9], [70, 12, 10, 8], [67, 9, 12, 12], [65, 16, 11, 8], [60, 18, 13, 9], [55, 18, 11, 16], [42, 33, 14, 11], [13, 64, 10, 13], [14, 59, 12, 15], [10, 63, 11, 16], [10, 67, 9, 14], [9, 69, 10, 12], [19, 55, 14, 12], [13, 57, 18, 12], [9, 71, 7, 13], [12, 61, 10, 17], [14, 59, 12, 15], [13, 63, 6, 18], [12, 62, 14, 12], [13, 12, 64, 11], [8, 8, 71, 13], [9, 9, 63, 19], [11, 14, 59, 16], [16, 12, 61, 11], [13, 14, 61, 12], [9, 7, 71, 13], [12, 11, 65, 12], [14, 10, 68, 8], [12, 12, 62, 14], [12, 15, 60, 13], [9, 23, 55, 13], [10, 12, 42, 36], [12, 14, 9, 65], [14, 11, 14, 61], [11, 11, 20, 58], [15, 14, 16, 55], [14, 7, 20, 59], [17, 11, 12, 60], [13, 9, 13, 65], [8, 16, 8, 68], [13, 14, 10, 63], [12, 14, 18, 56], [8, 12, 14, 66], [9, 14, 15, 62]]}