{"M": 50, "G": 4, "I": 3, "J": 100, "p": [[0.27340463300715134, 0.45754400003845297, 0.26905136695439574], [0.7325083918555445, 0.2563959750031971, 0.011095633141258382], [0.30977655129027537, 0.2832587566919741, 0.40696469201775065], [0.28987509771565906, 0.3609784079546185, 0.3491464943297224]], "r": [[[16, 31, 15], [5, 1, 0], [7, 2, 5], [5, 5, 8]], [[22, 26, 15], [10, 2, 0], [5, 4, 4], [0, 7, 5]], [[18, 36, 17], [12, 1, 0], [4, 1, 5], [1, 2, 3]], [[16, 31, 14], [10, 3, 0], [2, 4, 5], [7, 6, 2]], [[16, 33, 12], [11, 2, 0], [3, 5, 6], [1, 8, 3]], [[10, 24, 23], [15, 2, 0], [1, 5, 8], [5, 3, 4]], [[14, 29, 16], [14, 5, 0], [1, 2, 8], [4, 3, 4]], [[18, 21, 19], [11, 4, 0], [6, 3, 5], [4, 2, 7]], [[13, 39, 17], [8, 2, 0], [5, 2, 3], [5, 1, 5]], [[11, 20, 17], [12, 5, 0], [7, 5, 5], [4, 7, 7]], [[15, 40, 9], [8, 1, 0], [1, 4, 6], [3, 7, 6]], [[14, 35, 16], [9, 3, 0], [4, 4, 3], [2, 7, 3]], [[13, 12, 11], [28, 8, 1], [3, 6, 6], [1, 5, 6]], [[2, 8, 1], [48, 16, 1], [4, 1, 4], [4, 4, 7]], [[3, 6, 3], [44, 18, 3], [4, 1, 4], [3, 6, 5]], [[3, 6, 2], [54, 14, 1], [3, 1, 5], [2, 7, 2]], [[3, 8, 4], [56, 12, 2], [1, 1, 2], [5, 2, 4]], [[5, 6, 2], [42, 24, 0], [5, 2, 6], [4, 3, 1]], [[3, 10, 5], [39, 16, 1], [3, 5, 2], [3, 8, 5]], [[2, 5, 4], [43, 16, 0], [5, 5, 8], [1, 9, 2]], [[2, 7, 4], [47, 12, 0], [7, 6, 3], [5, 4, 3]], [[3, 8, 4], [48, 12, 1], [6, 6, 2], [3, 3, 4]], [[2, 7, 3], [43, 10, 0], [9, 1, 9], [4, 5, 7]], [[3, 3, 4], [48, 15, 0], [5, 7, 6], [4, 4, 1]], [[5, 5, 4], [50, 16, 1], [4, 1, 6], [4, 4, 0]], [[5, 7, 2], [9, 4, 0], [16, 24, 22], [2, 2, 7]], [[3, 9, 2], [11, 0, 0], [24, 12, 30], [1, 4, 4]], [[3, 10, 5], [7, 3, 1], [15, 15, 28], [4, 4, 5]], [[4, 2, 4], [9, 2, 0], [18, 15, 30], [2, 5, 9]], [[1, 7, 2], [17, 0, 0], [11, 19, 30], [4, 6, 3]], [[5, 5, 5], [13, 4, 0], [19, 23, 18], [1, 0, 7]], [[1, 8, 2], [8, 1, 0], [21, 14, 32], [6, 3, 4]], [[2, 4, 3], [10, 4, 0], [30, 14, 21], [1, 5, 6]], [[3, 9, 2], [10, 1, 0], [22, 15, 29], [3, 4, 2]], [[3, 7, 4], [16, 2, 0], [18, 15, 23], [2, 6, 4]], [[2, 6, 4], [9, 2, 0], [23, 16, 24], [3, 3, 8]], [[6, 10, 2], [11, 1, 0], [20, 22, 22], [2, 2, 2]], [[6, 4, 3], [11, 6, 2], [12, 11, 10], [11, 10, 14]], [[2, 8, 8], [8, 3, 0], [4, 2, 10], [21, 18, 16]], [[1, 5, 1], [13, 0, 0], [2, 6, 5], [22, 22, 23]], [[4, 4, 4], [4, 2, 1], [2, 6, 5], [16, 28, 24]], [[1, 6, 5], [7, 4, 0], [2, 4, 7], [26, 20, 18]], [[3, 1, 7], [17, 3, 0], [5, 3, 4], [19, 23, 15]], [[10, 3, 5], [7, 0, 0], [4, 3, 4], [12, 32, 20]], [[6, 7, 4], [5, 4, 0], [2, 3, 5], [23, 21, 20]], [[4, 7, 5], [6, 2, 1], [4, 2, 4], [19, 21, 25]], [[1, 3, 0], [9, 5, 0], [4, 6, 3], [23, 30, 16]], [[2, 8, 2], [8, 1, 0], [3, 4, 11], [22, 18, 21]], [[5, 6, 1], [9, 2, 0], [7, 2, 8], [19, 27, 14]], [[3, 5, 4], [8, 1, 0], [3, 1, 2], [18, 36, 19]]], "n": [[33, 39, 28], [37, 39, 24], [35, 40, 25], [35, 44, 21], [31, 48, 21], [31, 34, 35], [33, 39, 28], [39, 30, 31], [31, 44, 25], [34, 37, 29], [27, 52, 21], [29, 49, 22], [45, 31, 24], [58, 29, 13], [54, 31, 15], [62, 28, 10], [65, 23, 12], [56, 35, 9], [48, 39, 13], [51, 35, 14], [61, 29, 10], [60, 29, 11], [58, 23, 19], [60, 29, 11], [63, 26, 11], [32, 37, 31], [39, 25, 36], [29, 32, 39], [33, 24, 43], [33, 32, 35], [38, 32, 30], [36, 26, 38], [43, 27, 30], [38, 29, 33], [39, 30, 31], [37, 27, 36], [39, 35, 26], [40, 31, 29], [35, 31, 34], [38, 33, 29], [26, 40, 34], [36, 34, 30], [44, 30, 26], [33, 38, 29], [36, 35, 29], [33, 32, 35], [37, 44, 19], [35, 31, 34], [40, 37, 23], [32, 43, 25]], "lambda_": 0.5, "b": [[62, 6, 14, 18], [63, 12, 13, 12], [71, 13, 10, 6], [61, 13, 11, 15], [61, 13, 14, 12], [57, 17, 14, 12], [59, 19, 11, 11], [58, 15, 14, 13], [69, 10, 10, 11], [48, 17, 17, 18], [64, 9, 11, 16], [65, 12, 11, 12], [36, 37, 15, 12], [11, 65, 9, 15], [12, 65, 9, 14], [11, 69, 9, 11], [15, 70, 4, 11], [13, 66, 13, 8], [18, 56, 10, 16], [11, 59, 18, 12], [13, 59, 16, 12], [15, 61, 14, 10], [12, 53, 19, 16], [10, 63, 18, 9], [14, 67, 11, 8], [14, 13, 62, 11], [14, 11, 66, 9], [18, 11, 58, 13], [10, 11, 63, 16], [10, 17, 60, 13], [15, 17, 60, 8], [11, 9, 67, 13], [9, 14, 65, 12], [14, 11, 66, 9], [14, 18, 56, 12], [12, 11, 63, 14], [18, 12, 64, 6], [13, 19, 33, 35], [18, 11, 16, 55], [7, 13, 13, 67], [12, 7, 13, 68], [12, 11, 13, 64], [11, 20, 12, 57], [18, 7, 11, 64], [17, 9, 10, 64], [16, 9, 10, 65], [4, 14, 13, 69], [12, 9, 18, 61], [12, 11, 17, 60], [12, 9, 6, 73]]}