{"M": 50, "G": 4, "I": 10, "J": 100, "p": [[0.054910088458875995, 0.1189603042476769, 0.03344167839223429, 0.011060521380987629, 0.2432453609081194, 0.16800779444181613, 0.15962455027817882, 0.1348181661404833, 0.006267763850691715, 0.06966377190093574], [0.26764821479172474, 0.005689670582752995, 0.18334443193306962, 0.19276480901552057, 0.004828508985390069, 0.09709804345455451, 0.07372765194530778, 0.08362216390249816, 0.06071040895748447, 0.03056609643169713], [0.06129331540092207, 0.1429731470989254, 0.0874505158885679, 0.26958345914998505, 0.09401595760035711, 0.026945286382059955, 0.028369706465992364, 0.009854931219971951, 0.21955082091383865, 0.059962859879379625], [0.027978576920902727, 0.22472698094290286, 0.10596298174908114, 0.010848437656095965, 0.09941635004877658, 0.021855755802098156, 0.14258293056171176, 0.015920005850525783, 0.07433362749173585, 0.27637435297616914]], "r": [[[3, 6, 1, 0, 11, 11, 14, 9, 1, 8], [9, 0, 2, 2, 0, 0, 0, 2, 1, 0], [1, 1, 1, 1, 1, 0, 0, 0, 3, 1], [0, 5, 0, 1, 0, 0, 3, 0, 0, 2]], [[3, 10, 2, 2, 10, 13, 11, 7, 0, 5], [3, 0, 4, 1, 0, 1, 0, 0, 0, 0], [0, 3, 1, 5, 2, 0, 1, 0, 2, 0], [1, 1, 3, 0, 3, 1, 2, 0, 2, 1]], [[3, 7, 2, 2, 18, 7, 11, 6, 1, 5], [3, 0, 1, 2, 0, 1, 2, 1, 1, 0], [1, 3, 0, 5, 0, 0, 0, 0, 3, 2], [0, 2, 2, 0, 1, 0, 2, 0, 0, 6]], [[2, 7, 1, 1, 13, 14, 9, 6, 0, 3], [4, 0, 1, 3, 0, 0, 1, 1, 2, 1], [1, 3, 1, 3, 0, 0, 1, 0, 5, 0], [1, 4, 0, 0, 3, 0, 1, 0, 2, 6]], [[4, 9, 1, 2, 18, 11, 12, 4, 0, 5], [3, 0, 1, 4, 0, 1, 0, 1, 0, 0], [0, 2, 2, 7, 1, 1, 0, 0, 4, 1], [0, 2, 0, 0, 1, 0, 1, 0, 0, 2]], [[4, 3, 1, 0, 17, 10, 8, 8, 0, 3], [5, 0, 2, 3, 0, 4, 2, 1, 0, 0], [1, 4, 1, 8, 4, 0, 0, 0, 3, 1], [0, 1, 0, 1, 0, 0, 0, 0, 0, 5]], [[3, 5, 1, 2, 20, 9, 18, 8, 0, 5], [0, 0, 1, 4, 0, 0, 3, 1, 0, 1], [0, 0, 1, 6, 0, 1, 0, 0, 0, 0], [1, 1, 1, 0, 2, 0, 2, 0, 1, 3]], [[2, 8, 2, 0, 15, 16, 7, 8, 0, 5], [3, 0, 1, 2, 0, 0, 2, 1, 1, 0], [0, 1, 1, 2, 1, 1, 0, 1, 3, 1], [1, 2, 1, 0, 2, 1, 0, 1, 2, 6]], [[5, 7, 2, 0, 20, 14, 11, 8, 0, 1], [3, 0, 1, 3, 0, 3, 1, 0, 1, 0], [0, 0, 1, 1, 4, 0, 1, 0, 3, 1], [2, 2, 0, 0, 1, 0, 1, 0, 0, 3]], [[6, 6, 3, 1, 14, 18, 6, 10, 0, 3], [1, 0, 1, 3, 0, 0, 0, 0, 0, 1], [0, 2, 0, 5, 0, 2, 0, 0, 4, 2], [0, 1, 2, 0, 2, 0, 1, 0, 2, 4]], [[3, 8, 3, 1, 19, 10, 10, 9, 0, 2], [1, 0, 0, 2, 0, 2, 1, 0, 0, 0], [0, 3, 1, 4, 0, 0, 1, 0, 2, 2], [2, 1, 0, 1, 0, 1, 2, 0, 2, 7]], [[3, 7, 1, 4, 16, 7, 15, 6, 1, 7], [3, 0, 2, 4, 0, 1, 0, 1, 0, 1], [0, 1, 4, 3, 0, 0, 0, 0, 3, 0], [0, 1, 2, 0, 2, 1, 0, 0, 1, 3]], [[1, 7, 0, 0, 12, 2, 11, 6, 0, 1], [11, 0, 10, 8, 0, 4, 3, 3, 1, 2], [0, 0, 1, 1, 3, 0, 0, 0, 3, 1], [0, 3, 0, 0, 0, 0, 2, 0, 1, 3]], [[1, 0, 0, 0, 2, 2, 0, 2, 0, 1], [13, 0, 12, 16, 1, 12, 4, 3, 1, 4], [3, 2, 0, 2, 0, 0, 1, 0, 3, 0], [1, 2, 0, 0, 4, 0, 1, 1, 2, 4]], [[0, 0, 0, 1, 3, 3, 2, 1, 0, 0], [17, 1, 9, 15, 1, 9, 4, 2, 1, 2], [1, 3, 3, 3, 0, 0, 1, 0, 3, 1], [2, 2, 0, 0, 0, 0, 3, 0, 0, 7]], [[1, 4, 1, 0, 4, 1, 8, 2, 0, 0], [15, 2, 9, 10, 0, 1, 11, 3, 1, 0], [1, 1, 2, 3, 1, 0, 1, 1, 1, 1], [0, 2, 1, 0, 2, 0, 1, 1, 1, 7]], [[0, 2, 0, 0, 3, 2, 0, 2, 0, 0], [29, 0, 13, 8, 2, 2, 5, 7, 4, 2], [1, 1, 0, 1, 0, 0, 2, 1, 2, 0], [0, 4, 0, 0, 2, 0, 3, 0, 1, 1]], [[1, 0, 0, 0, 2, 4, 0, 3, 0, 0], [11, 0, 12, 12, 0, 12, 7, 3, 7, 1], [1, 3, 0, 4, 0, 0, 2, 0, 3, 1], [0, 1, 0, 1, 1, 0, 2, 0, 3, 3]], [[1, 0, 1, 0, 3, 3, 3, 1, 0, 1], [16, 0, 13, 8, 0, 4, 8, 9, 2, 0], [1, 4, 0, 1, 0, 1, 1, 0, 3, 2], [0, 1, 3, 0, 1, 0, 1, 0, 2, 6]], [[3, 1, 1, 0, 2, 2, 1, 4, 0, 2], [16, 0, 5, 13, 0, 8, 7, 2, 5, 0], [1, 1, 1, 7, 0, 1, 1, 0, 3, 0], [0, 4, 2, 0, 1, 0, 0, 0, 2, 4]], [[0, 1, 0, 0, 0, 2, 1, 3, 0, 1], [20, 0, 13, 13, 1, 10, 5, 5, 3, 1], [0, 1, 2, 4, 0, 1, 0, 0, 1, 1], [0, 0, 1, 0, 2, 1, 1, 0, 1, 5]], [[0, 2, 1, 1, 1, 2, 2, 3, 0, 1], [14, 1, 10, 13, 1, 10, 7, 5, 4, 2], [0, 1, 0, 1, 2, 0, 0, 0, 4, 0], [0, 1, 2, 0, 4, 0, 2, 0, 1, 2]], [[2, 0, 1, 0, 2, 4, 3, 1, 0, 0], [13, 1, 9, 11, 0, 5, 7, 8, 3, 4], [1, 1, 3, 5, 1, 0, 0, 1, 3, 1], [0, 1, 1, 0, 1, 0, 1, 1, 2, 3]], [[1, 1, 1, 0, 1, 0, 0, 0, 1, 1], [13, 2, 14, 9, 0, 8, 8, 5, 5, 1], [0, 1, 3, 2, 1, 1, 0, 0, 6, 0], [0, 5, 4, 0, 1, 0, 1, 0, 2, 2]], [[1, 1, 0, 1, 3, 1, 2, 2, 0, 0], [19, 1, 10, 12, 0, 6, 4, 3, 3, 1], [0, 4, 2, 5, 2, 0, 0, 1, 3, 0], [0, 3, 1, 0, 0, 0, 4, 0, 0, 5]], [[0, 0, 0, 0, 1, 1, 3, 2, 0, 0], [4, 0, 3, 3, 0, 1, 2, 3, 3, 0], [5, 5, 6, 16, 6, 2, 5, 0, 10, 5], [0, 3, 4, 0, 1, 0, 2, 1, 1, 2]], [[1, 1, 1, 0, 4, 2, 1, 1, 0, 1], [3, 0, 2, 2, 0, 0, 0, 2, 1, 1], [1, 10, 2, 18, 6, 0, 0, 0, 17, 4], [1, 6, 0, 0, 2, 0, 2, 0, 1, 7]], [[0, 3, 1, 0, 5, 4, 3, 2, 0, 4], [2, 0, 2, 3, 0, 1, 3, 0, 0, 1], [2, 9, 6, 15, 3, 2, 2, 1, 14, 2], [1, 2, 1, 0, 1, 1, 1, 0, 2, 1]], [[1, 0, 0, 0, 1, 2, 2, 4, 0, 0], [4, 0, 4, 3, 1, 1, 1, 2, 0, 1], [5, 9, 5, 15, 3, 1, 2, 1, 19, 4], [2, 2, 2, 0, 0, 0, 0, 0, 1, 2]], [[0, 0, 1, 0, 2, 2, 1, 2, 0, 3], [3, 0, 2, 4, 0, 0, 1, 1, 2, 0], [3, 17, 9, 13, 6, 2, 2, 0, 8, 4], [0, 3, 1, 0, 3, 1, 0, 0, 1, 3]], [[1, 2, 1, 0, 2, 2, 3, 1, 0, 0], [3, 0, 2, 3, 0, 1, 1, 1, 3, 1], [3, 10, 6, 16, 6, 1, 2, 1, 12, 3], [0, 3, 0, 0, 1, 0, 1, 1, 2, 5]], [[1, 3, 0, 1, 6, 4, 1, 1, 0, 0], [2, 0, 2, 0, 0, 2, 0, 0, 0, 0], [8, 8, 6, 18, 4, 2, 1, 1, 7, 2], [1, 3, 2, 0, 1, 2, 2, 0, 2, 7]], [[0, 2, 1, 1, 5, 0, 3, 3, 0, 0], [4, 0, 1, 3, 0, 3, 4, 1, 0, 0], [5, 11, 3, 18, 2, 1, 2, 3, 15, 2], [0, 1, 1, 0, 0, 0, 0, 0, 0, 5]], [[0, 3, 0, 0, 1, 0, 2, 3, 0, 0], [3, 0, 2, 4, 0, 2, 1, 0, 0, 0], [2, 7, 3, 21, 8, 3, 1, 3, 16, 4], [0, 3, 0, 0, 0, 0, 2, 0, 2, 4]], [[0, 1, 0, 0, 0, 2, 1, 2, 0, 0], [3, 0, 4, 5, 0, 0, 1, 1, 1, 0], [5, 12, 6, 18, 4, 0, 1, 1, 14, 3], [0, 6, 2, 0, 0, 0, 2, 0, 1, 4]], [[3, 1, 0, 0, 3, 3, 1, 1, 0, 1], [6, 0, 0, 3, 0, 3, 0, 1, 0, 0], [6, 8, 4, 19, 1, 1, 0, 0, 18, 2], [1, 2, 2, 0, 0, 0, 3, 1, 2, 4]], [[0, 4, 1, 0, 2, 5, 2, 3, 0, 1], [5, 0, 2, 4, 0, 0, 0, 1, 0, 0], [2, 8, 3, 17, 7, 2, 1, 0, 15, 1], [0, 1, 3, 0, 1, 0, 1, 0, 0, 8]], [[1, 1, 1, 0, 4, 3, 2, 2, 0, 3], [2, 0, 3, 5, 0, 3, 0, 2, 0, 0], [2, 3, 3, 19, 1, 1, 1, 0, 8, 2], [3, 6, 3, 0, 4, 2, 2, 1, 1, 6]], [[0, 0, 0, 0, 2, 3, 0, 0, 0, 0], [3, 0, 1, 5, 0, 2, 0, 1, 0, 0], [2, 2, 1, 11, 1, 0, 0, 2, 3, 3], [2, 15, 6, 2, 9, 2, 3, 0, 3, 16]], [[0, 1, 1, 0, 7, 4, 2, 1, 0, 2], [4, 0, 2, 1, 0, 1, 2, 2, 0, 0], [0, 3, 0, 3, 0, 0, 0, 0, 1, 0], [2, 14, 6, 1, 4, 0, 11, 3, 5, 17]], [[0, 0, 0, 0, 4, 1, 1, 3, 0, 0], [2, 0, 2, 0, 0, 4, 1, 1, 1, 1], [0, 0, 2, 5, 1, 1, 0, 0, 2, 2], [2, 20, 11, 1, 3, 3, 11, 0, 2, 13]], [[0, 3, 0, 0, 3, 3, 2, 2, 0, 2], [3, 0, 1, 5, 0, 0, 1, 0, 0, 1], [2, 2, 0, 5, 0, 0, 0, 1, 3, 2], [1, 8, 10, 0, 7, 3, 12, 0, 7, 11]], [[0, 3, 0, 0, 4, 1, 2, 3, 1, 0], [3, 0, 2, 6, 0, 1, 0, 1, 1, 0], [1, 2, 1, 6, 1, 0, 0, 0, 3, 1], [2, 13, 7, 1, 2, 3, 11, 1, 8, 9]], [[2, 1, 0, 0, 1, 4, 1, 2, 0, 0], [3, 1, 2, 2, 0, 1, 0, 1, 0, 0], [0, 0, 0, 4, 2, 0, 0, 1, 3, 0], [3, 16, 7, 1, 8, 1, 10, 0, 8, 15]], [[1, 3, 0, 0, 3, 0, 2, 0, 0, 1], [7, 0, 4, 1, 0, 0, 3, 1, 0, 0], [0, 3, 1, 1, 0, 0, 1, 0, 4, 2], [3, 16, 10, 0, 6, 0, 11, 2, 0, 14]], [[1, 0, 0, 0, 3, 1, 2, 0, 0, 2], [7, 0, 0, 3, 0, 2, 0, 1, 0, 1], [0, 3, 3, 2, 1, 0, 0, 0, 1, 0], [2, 15, 10, 1, 3, 2, 9, 2, 8, 15]], [[0, 0, 0, 0, 3, 5, 1, 2, 0, 0], [3, 0, 5, 2, 0, 2, 1, 0, 1, 1], [2, 1, 5, 1, 1, 0, 0, 0, 3, 0], [1, 14, 7, 0, 3, 0, 8, 1, 7, 20]], [[1, 1, 0, 0, 2, 1, 3, 1, 0, 0], [4, 0, 1, 1, 0, 1, 0, 0, 2, 0], [0, 3, 0, 2, 1, 0, 0, 0, 2, 3], [1, 9, 8, 1, 3, 2, 12, 1, 12, 22]], [[1, 2, 1, 0, 4, 4, 1, 2, 0, 1], [0, 1, 4, 2, 0, 3, 0, 1, 0, 0], [0, 4, 3, 3, 1, 0, 1, 0, 2, 2], [2, 11, 8, 1, 2, 0, 7, 0, 6, 20]], [[1, 2, 0, 0, 5, 1, 1, 1, 0, 1], [2, 0, 1, 0, 0, 1, 2, 2, 0, 1], [0, 4, 0, 4, 1, 0, 0, 1, 2, 1], [1, 19, 8, 2, 6, 0, 7, 0, 6, 17]]],