{"M": 50, "G": 2, "I": 5, "J": 100, "p": [[0.4946888218813566, 0.0893507781441119, 0.38130078011302954, 0.009432771772718024, 0.025226848088783976], [0.25222266453346903, 0.2105492199535523, 0.1514103440281258, 0.11399772270882993, 0.2718200487760228]], "r": [[[38, 5, 33, 0, 2], [7, 6, 3, 2, 4]], [[35, 7, 27, 2, 0], [7, 4, 2, 6, 10]], [[28, 5, 38, 0, 3], [6, 4, 3, 2, 11]], [[32, 9, 33, 1, 2], [5, 6, 4, 2, 6]], [[29, 9, 32, 1, 6], [8, 4, 3, 0, 8]], [[45, 8, 21, 1, 2], [5, 6, 3, 3, 6]], [[35, 9, 31, 2, 2], [9, 2, 6, 0, 4]], [[41, 5, 30, 0, 1], [7, 2, 3, 3, 8]], [[37, 8, 17, 2, 2], [7, 7, 7, 2, 11]], [[35, 6, 33, 2, 2], [6, 5, 2, 0, 9]], [[36, 2, 27, 0, 2], [10, 6, 3, 6, 8]], [[35, 7, 32, 0, 3], [3, 5, 3, 6, 6]], [[35, 7, 33, 0, 3], [7, 8, 1, 3, 3]], [[45, 7, 23, 1, 2], [6, 4, 4, 4, 4]], [[34, 5, 39, 0, 2], [5, 4, 2, 1, 8]], [[33, 6, 24, 0, 6], [11, 11, 3, 4, 2]], [[42, 8, 26, 0, 0], [5, 3, 4, 4, 8]], [[39, 8, 27, 3, 1], [4, 2, 6, 5, 5]], [[36, 4, 36, 1, 0], [7, 6, 1, 3, 6]], [[37, 10, 30, 1, 3], [8, 3, 3, 2, 3]], [[41, 8, 23, 0, 1], [5, 9, 2, 5, 6]], [[34, 7, 30, 2, 1], [8, 6, 2, 3, 7]], [[35, 8, 33, 1, 1], [8, 6, 2, 0, 6]], [[34, 6, 27, 1, 1], [6, 8, 4, 3, 10]], [[36, 5, 31, 2, 3], [4, 4, 4, 0, 11]], [[13, 2, 15, 2, 1], [17, 10, 10, 9, 21]], [[10, 1, 6, 0, 1], [20, 13, 10, 11, 28]], [[7, 0, 20, 0, 1], [16, 13, 10, 10, 23]], [[8, 3, 9, 0, 0], [18, 19, 11, 7, 25]], [[17, 1, 9, 0, 0], [15, 19, 10, 7, 22]], [[14, 0, 9, 0, 0], [20, 9, 14, 6, 28]], [[13, 4, 12, 0, 0], [17, 19, 13, 5, 17]], [[9, 1, 10, 0, 2], [18, 14, 10, 14, 22]], [[6, 2, 5, 0, 0], [21, 18, 15, 6, 27]], [[13, 2, 8, 0, 1], [18, 22, 9, 8, 19]], [[14, 1, 10, 0, 0], [22, 15, 16, 6, 16]], [[13, 3, 13, 0, 0], [12, 24, 7, 8, 20]], [[15, 1, 10, 0, 0], [23, 16, 9, 13, 13]], [[15, 2, 12, 0, 1], [20, 15, 10, 10, 15]], [[13, 2, 10, 0, 0], [21, 18, 11, 5, 20]], [[13, 2, 13, 0, 0], [12, 12, 11, 7, 30]], [[10, 3, 14, 0, 1], [18, 16, 9, 4, 25]], [[16, 4, 10, 0, 2], [18, 15, 11, 9, 15]], [[17, 1, 11, 0, 0], [24, 11, 6, 12, 18]], [[12, 1, 8, 0, 0], [19, 15, 16, 8, 21]], [[12, 2, 8, 0, 0], [20, 8, 13, 9, 28]], [[11, 2, 8, 0, 0], [15, 14, 14, 9, 27]], [[15, 0, 9, 0, 1], [18, 11, 11, 9, 26]], [[13, 0, 8, 0, 0], [20, 13, 8, 13, 25]], [[7, 0, 9, 0, 1], [10, 12, 12, 9, 40]]], "n": [[45, 11, 36, 2, 6], [42, 11, 29, 8, 10], [34, 9, 41, 2, 14], [37, 15, 37, 3, 8], [37, 13, 35, 1, 14], [50, 14, 24, 4, 8], [44, 11, 37, 2, 6], [48, 7, 33, 3, 9], [44, 15, 24, 4, 13], [41, 11, 35, 2, 11], [46, 8, 30, 6, 10], [38, 12, 35, 6, 9], [42, 15, 34, 3, 6], [51, 11, 27, 5, 6], [39, 9, 41, 1, 10], [44, 17, 27, 4, 8], [47, 11, 30, 4, 8], [43, 10, 33, 8, 6], [43, 10, 37, 4, 6], [45, 13, 33, 3, 6], [46, 17, 25, 5, 7], [42, 13, 32, 5, 8], [43, 14, 35, 1, 7], [40, 14, 31, 4, 11], [40, 9, 35, 2, 14], [30, 12, 25, 11, 22], [30, 14, 16, 11, 29], [23, 13, 30, 10, 24], [26, 22, 20, 7, 25], [32, 20, 19, 7, 22], [34, 9, 23, 6, 28], [30, 23, 25, 5, 17], [27, 15, 20, 14, 24], [27, 20, 20, 6, 27], [31, 24, 17, 8, 20], [36, 16, 26, 6, 16], [25, 27, 20, 8, 20], [38, 17, 19, 13, 13], [35, 17, 22, 10, 16], [34, 20, 21, 5, 20], [25, 14, 24, 7, 30], [28, 19, 23, 4, 26], [34, 19, 21, 9, 17], [41, 12, 17, 12, 18], [31, 16, 24, 8, 21], [32, 10, 21, 9, 28], [26, 16, 22, 9, 27], [33, 11, 20, 9, 27], [33, 13, 16, 13, 25], [17, 12, 21, 9, 41]], "lambda_": 0.5, "b": [[78, 22], [71, 29], [74, 26], [77, 23], [77, 23], [77, 23], [79, 21], [77, 23], [66, 34], [78, 22], [67, 33], [77, 23], [78, 22], [78, 22], [80, 20], [69, 31], [76, 24], [78, 22], [77, 23], [81, 19], [73, 27], [74, 26], [78, 22], [69, 31], [77, 23], [33, 67], [18, 82], [28, 72], [20, 80], [27, 73], [23, 77], [29, 71], [22, 78], [13, 87], [24, 76], [25, 75], [29, 71], [26, 74], [30, 70], [25, 75], [28, 72], [28, 72], [32, 68], [29, 71], [21, 79], [22, 78], [21, 79], [25, 75], [21, 79], [17, 83]]}