{"M": 50, "G": 2, "I": 4, "J": 100, "p": [[0.022970939991479138, 0.4380676935460273, 0.16697318978046674, 0.3719881766820269], [0.712028237377669, 0.14427461235209513, 0.12974505029533678, 0.013952099974899297]], "r": [[[2, 35, 9, 29], [15, 5, 5, 0]], [[3, 40, 8, 24], [17, 5, 3, 0]], [[2, 37, 11, 27], [19, 1, 3, 0]], [[1, 40, 11, 29], [12, 1, 6, 0]], [[1, 39, 11, 27], [14, 5, 3, 0]], [[4, 33, 11, 31], [16, 2, 3, 0]], [[1, 21, 10, 29], [23, 10, 6, 0]], [[0, 35, 15, 23], [20, 3, 4, 0]], [[1, 33, 14, 28], [17, 4, 3, 0]], [[1, 32, 11, 29], [18, 7, 2, 0]], [[1, 36, 15, 28], [14, 2, 3, 1]], [[3, 35, 8, 26], [19, 2, 3, 4]], [[1, 34, 12, 27], [17, 4, 5, 0]], [[2, 45, 11, 16], [15, 6, 4, 1]], [[1, 34, 8, 35], [15, 2, 5, 0]], [[3, 28, 16, 24], [21, 3, 4, 1]], [[2, 37, 10, 16], [27, 6, 2, 0]], [[1, 33, 13, 27], [19, 1, 6, 0]], [[1, 36, 17, 22], [21, 2, 0, 1]], [[2, 38, 11, 27], [16, 5, 1, 0]], [[2, 39, 15, 23], [16, 4, 1, 0]], [[3, 33, 17, 21], [20, 2, 4, 0]], [[3, 38, 16, 23], [15, 4, 1, 0]], [[1, 36, 8, 23], [20, 6, 5, 1]], [[1, 37, 11, 26], [16, 5, 4, 0]], [[0, 11, 3, 14], [55, 10, 6, 1]], [[0, 12, 4, 5], [57, 13, 8, 1]], [[0, 8, 1, 9], [56, 15, 11, 0]], [[1, 7, 6, 13], [54, 8, 9, 2]], [[3, 10, 1, 5], [56, 12, 12, 1]], [[0, 12, 2, 9], [55, 14, 8, 0]], [[1, 12, 3, 6], [52, 11, 13, 2]], [[1, 10, 5, 13], [44, 13, 12, 2]], [[0, 9, 9, 13], [43, 13, 12, 1]], [[0, 18, 6, 8], [54, 6, 8, 0]], [[0, 8, 5, 14], [46, 19, 7, 1]], [[0, 7, 7, 10], [55, 9, 12, 0]], [[1, 10, 1, 11], [55, 15, 7, 0]], [[1, 11, 4, 17], [49, 5, 11, 2]], [[2, 8, 3, 9], [56, 9, 12, 1]], [[0, 12, 5, 13], [48, 10, 11, 1]], [[0, 9, 4, 8], [49, 17, 12, 1]], [[0, 13, 3, 9], [49, 13, 10, 3]], [[0, 10, 5, 12], [55, 10, 8, 0]], [[1, 13, 5, 10], [52, 8, 11, 0]], [[0, 6, 3, 10], [59, 13, 8, 1]], [[0, 15, 4, 8], [55, 8, 10, 0]], [[0, 12, 5, 6], [52, 15, 8, 2]], [[0, 12, 7, 12], [52, 10, 7, 0]], [[0, 11, 4, 10], [54, 13, 5, 3]]], "n": [[17, 40, 14, 29], [20, 45, 11, 24], [21, 38, 14, 27], [13, 41, 17, 29], [15, 44, 14, 27], [20, 35, 14, 31], [24, 31, 16, 29], [20, 38, 19, 23], [18, 37, 17, 28], [19, 39, 13, 29], [15, 38, 18, 29], [22, 37, 11, 30], [18, 38, 17, 27], [17, 51, 15, 17], [16, 36, 13, 35], [24, 31, 20, 25], [29, 43, 12, 16], [20, 34, 19, 27], [22, 38, 17, 23], [18, 43, 12, 27], [18, 43, 16, 23], [23, 35, 21, 21], [18, 42, 17, 23], [21, 42, 13, 24], [17, 42, 15, 26], [55, 21, 9, 15], [57, 25, 12, 6], [56, 23, 12, 9], [55, 15, 15, 15], [59, 22, 13, 6], [55, 26, 10, 9], [53, 23, 16, 8], [45, 23, 17, 15], [43, 22, 21, 14], [54, 24, 14, 8], [46, 27, 12, 15], [55, 16, 19, 10], [56, 25, 8, 11], [50, 16, 15, 19], [58, 17, 15, 10], [48, 22, 16, 14], [49, 26, 16, 9], [49, 26, 13, 12], [55, 20, 13, 12], [53, 21, 16, 10], [59, 19, 11, 11], [55, 23, 14, 8], [52, 27, 13, 8], [52, 22, 14, 12], [54, 24, 9, 13]], "lambda_": 0.5, "b": [[75, 25], [75, 25], [77, 23], [81, 19], [78, 22], [79, 21], [61, 39], [73, 27], [76, 24], [73, 27], [80, 20], [72, 28], [74, 26], [74, 26], [78, 22], [71, 29], [65, 35], [74, 26], [76, 24], [78, 22], [79, 21], [74, 26], [80, 20], [68, 32], [75, 25], [28, 72], [21, 79], [18, 82], [27, 73], [19, 81], [23, 77], [22, 78], [29, 71], [31, 69], [32, 68], [27, 73], [24, 76], [23, 77], [33, 67], [22, 78], [30, 70], [21, 79], [25, 75], [27, 73], [29, 71], [19, 81], [27, 73], [23, 77], [31, 69], [25, 75]]}