{"M": 50, "G": 2, "I": 5, "J": 100, "p": [[0.11046832303046365, 0.3237599267900055, 0.3497656070847354, 0.02040467046617105, 0.19560147262862432], [0.05607283876101442, 0.259257770101578, 0.03972016870033102, 0.016198597480567022, 0.6287506249565094]], "r": [[[8, 27, 30, 1, 10], [1, 7, 0, 1, 15]], [[8, 23, 27, 2, 12], [2, 7, 2, 0, 17]], [[8, 28, 24, 0, 15], [0, 7, 0, 2, 16]], [[6, 22, 26, 1, 18], [5, 5, 2, 0, 15]], [[7, 34, 21, 2, 13], [3, 4, 2, 1, 13]], [[9, 19, 32, 0, 11], [2, 7, 2, 0, 18]], [[6, 31, 21, 1, 18], [0, 8, 1, 0, 14]], [[8, 19, 29, 3, 12], [0, 12, 1, 0, 16]], [[8, 19, 30, 1, 14], [2, 13, 2, 0, 11]], [[8, 29, 27, 0, 8], [0, 6, 0, 1, 21]], [[7, 27, 29, 1, 15], [1, 3, 0, 1, 16]], [[9, 22, 35, 1, 10], [1, 7, 3, 1, 11]], [[6, 24, 21, 3, 15], [1, 8, 0, 1, 21]], [[10, 26, 24, 2, 12], [4, 4, 0, 3, 15]], [[8, 25, 31, 1, 12], [1, 5, 0, 1, 16]], [[12, 24, 20, 2, 14], [0, 8, 0, 0, 20]], [[6, 27, 25, 4, 20], [0, 5, 0, 0, 13]], [[7, 19, 32, 2, 13], [1, 7, 1, 0, 18]], [[9, 28, 28, 0, 18], [3, 3, 0, 1, 10]], [[10, 31, 27, 1, 13], [3, 3, 0, 0, 12]], [[9, 20, 30, 1, 18], [5, 2, 0, 0, 15]], [[12, 19, 32, 0, 18], [1, 7, 1, 0, 10]], [[6, 23, 21, 2, 14], [3, 8, 1, 0, 22]], [[9, 25, 22, 1, 13], [1, 9, 1, 0, 19]], [[6, 26, 26, 1, 11], [1, 8, 2, 0, 19]], [[2, 11, 11, 1, 4], [4, 12, 6, 1, 48]], [[2, 10, 13, 0, 5], [5, 15, 2, 1, 47]], [[4, 8, 5, 1, 5], [2, 17, 4, 2, 52]], [[1, 5, 8, 0, 6], [3, 18, 1, 3, 55]], [[5, 9, 6, 2, 8], [4, 18, 0, 1, 47]], [[2, 6, 8, 0, 6], [2, 22, 3, 0, 51]], [[2, 3, 12, 1, 7], [5, 20, 8, 1, 41]], [[6, 10, 5, 0, 5], [4, 23, 7, 0, 40]], [[4, 8, 8, 0, 13], [6, 15, 3, 1, 42]], [[4, 9, 10, 0, 2], [6, 18, 4, 0, 47]], [[4, 6, 10, 0, 4], [7, 13, 3, 0, 53]], [[5, 11, 9, 0, 6], [3, 19, 2, 0, 45]], [[1, 8, 14, 0, 5], [4, 14, 4, 3, 47]], [[0, 2, 12, 0, 5], [6, 22, 4, 0, 49]], [[5, 11, 10, 0, 6], [3, 18, 3, 1, 43]], [[4, 5, 10, 0, 3], [3, 17, 6, 3, 49]], [[1, 9, 8, 1, 6], [3, 18, 3, 1, 50]], [[4, 7, 8, 2, 5], [3, 8, 2, 1, 60]], [[1, 5, 9, 1, 3], [4, 18, 1, 1, 57]], [[5, 9, 7, 0, 6], [2, 18, 1, 0, 52]], [[4, 14, 9, 0, 3], [5, 10, 3, 3, 49]], [[1, 10, 8, 0, 3], [8, 27, 2, 3, 38]], [[5, 8, 9, 0, 7], [8, 16, 3, 1, 43]], [[0, 2, 7, 0, 5], [10, 21, 3, 1, 51]], [[2, 7, 9, 0, 4], [3, 23, 4, 2, 46]]], "n": [[9, 34, 30, 2, 25], [10, 30, 29, 2, 29], [8, 35, 24, 2, 31], [11, 27, 28, 1, 33], [10, 38, 23, 3, 26], [11, 26, 34, 0, 29], [6, 39, 22, 1, 32], [8, 31, 30, 3, 28], [10, 32, 32, 1, 25], [8, 35, 27, 1, 29], [8, 30, 29, 2, 31], [10, 29, 38, 2, 21], [7, 32, 21, 4, 36], [14, 30, 24, 5, 27], [9, 30, 31, 2, 28], [12, 32, 20, 2, 34], [6, 32, 25, 4, 33], [8, 26, 33, 2, 31], [12, 31, 28, 1, 28], [13, 34, 27, 1, 25], [14, 22, 30, 1, 33], [13, 26, 33, 0, 28], [9, 31, 22, 2, 36], [10, 34, 23, 1, 32], [7, 34, 28, 1, 30], [6, 23, 17, 2, 52], [7, 25, 15, 1, 52], [6, 25, 9, 3, 57], [4, 23, 9, 3, 61], [9, 27, 6, 3, 55], [4, 28, 11, 0, 57], [7, 23, 20, 2, 48], [10, 33, 12, 0, 45], [10, 23, 11, 1, 55], [10, 27, 14, 0, 49], [11, 19, 13, 0, 57], [8, 30, 11, 0, 51], [5, 22, 18, 3, 52], [6, 24, 16, 0, 54], [8, 29, 13, 1, 49], [7, 22, 16, 3, 52], [4, 27, 11, 2, 56], [7, 15, 10, 3, 65], [5, 23, 10, 2, 60], [7, 27, 8, 0, 58], [9, 24, 12, 3, 52], [9, 37, 10, 3, 41], [13, 24, 12, 1, 50], [10, 23, 10, 1, 56], [5, 30, 13, 2, 50]], "lambda_": 0.5, "b": [[76, 24], [72, 28], [75, 25], [73, 27], [77, 23], [71, 29], [77, 23], [71, 29], [72, 28], [72, 28], [79, 21], [77, 23], [69, 31], [74, 26], [77, 23], [72, 28], [82, 18], [73, 27], [83, 17], [82, 18], [78, 22], [81, 19], [66, 34], [70, 30], [70, 30], [29, 71], [30, 70], [23, 77], [20, 80], [30, 70], [22, 78], [25, 75], [26, 74], [33, 67], [25, 75], [24, 76], [31, 69], [28, 72], [19, 81], [32, 68], [22, 78], [25, 75], [26, 74], [19, 81], [27, 73], [30, 70], [22, 78], [29, 71], [14, 86], [22, 78]]}