{"M": 50, "G": 3, "I": 3, "J": 100, "p": [[0.4100268801941911, 0.018807116322687605, 0.5711660034831214], [0.3765222921298163, 0.359301233438576, 0.2641764744316077], [0.14764526815067625, 0.6226816215644149, 0.22967311028490894]], "r": [[[30, 3, 40], [4, 4, 5], [4, 7, 3]], [[32, 3, 37], [2, 3, 3], [0, 17, 3]], [[26, 1, 38], [7, 2, 5], [5, 13, 3]], [[30, 0, 35], [5, 7, 3], [1, 15, 4]], [[25, 2, 43], [2, 8, 2], [3, 9, 6]], [[25, 1, 35], [9, 4, 8], [3, 10, 5]], [[27, 0, 41], [9, 4, 6], [3, 8, 2]], [[23, 2, 40], [7, 5, 4], [2, 12, 5]], [[32, 0, 41], [7, 3, 6], [3, 6, 2]], [[28, 0, 36], [5, 5, 11], [3, 8, 4]], [[27, 0, 40], [7, 4, 3], [3, 8, 8]], [[27, 1, 32], [7, 8, 2], [1, 14, 8]], [[26, 3, 32], [9, 5, 4], [3, 12, 6]], [[24, 1, 36], [7, 9, 3], [1, 15, 4]], [[27, 1, 35], [9, 9, 7], [2, 9, 1]], [[31, 1, 36], [10, 7, 5], [2, 5, 3]], [[22, 1, 32], [15, 10, 7], [3, 10, 0]], [[8, 0, 4], [34, 24, 18], [2, 6, 4]], [[13, 0, 8], [22, 25, 11], [2, 14, 5]], [[11, 0, 7], [31, 19, 12], [4, 11, 5]], [[7, 0, 7], [25, 27, 14], [7, 7, 6]], [[6, 1, 9], [22, 28, 21], [1, 9, 3]], [[8, 0, 13], [21, 23, 18], [1, 12, 4]], [[11, 0, 13], [25, 23, 15], [3, 9, 1]], [[2, 1, 12], [20, 31, 20], [2, 9, 3]], [[6, 0, 7], [28, 22, 17], [3, 12, 5]], [[7, 1, 7], [28, 23, 17], [0, 9, 8]], [[9, 0, 6], [23, 30, 13], [2, 13, 4]], [[10, 0, 16], [22, 29, 14], [3, 6, 0]], [[5, 1, 10], [29, 21, 21], [2, 8, 3]], [[7, 0, 9], [28, 26, 16], [1, 11, 2]], [[8, 0, 11], [23, 22, 18], [6, 11, 1]], [[8, 1, 7], [19, 26, 19], [3, 12, 5]], [[7, 1, 6], [12, 13, 9], [9, 31, 12]], [[2, 0, 13], [9, 6, 7], [11, 39, 13]], [[10, 1, 9], [8, 4, 3], [10, 43, 12]], [[4, 0, 11], [2, 6, 6], [6, 50, 15]], [[5, 2, 11], [5, 5, 4], [13, 42, 13]], [[5, 1, 13], [5, 8, 3], [5, 43, 17]], [[8, 0, 9], [9, 5, 2], [10, 48, 9]], [[6, 0, 10], [5, 6, 4], [9, 40, 20]], [[8, 1, 5], [8, 6, 5], [11, 40, 16]], [[9, 0, 10], [8, 3, 6], [14, 39, 11]], [[7, 0, 12], [6, 6, 5], [6, 44, 14]], [[8, 0, 11], [3, 4, 5], [7, 43, 19]], [[10, 0, 6], [7, 9, 5], [9, 44, 10]], [[7, 1, 7], [8, 5, 7], [9, 40, 16]], [[3, 0, 4], [4, 3, 10], [10, 50, 16]], [[10, 0, 7], [4, 7, 5], [15, 38, 14]], [[8, 0, 12], [10, 6, 1], [7, 44, 12]]], "n": [[38, 14, 48], [34, 23, 43], [38, 16, 46], [36, 22, 42], [30, 19, 51], [37, 15, 48], [39, 12, 49], [32, 19, 49], [42, 9, 49], [36, 13, 51], [37, 12, 51], [35, 23, 42], [38, 20, 42], [32, 25, 43], [38, 19, 43], [43, 13, 44], [40, 21, 39], [44, 30, 26], [37, 39, 24], [46, 30, 24], [39, 34, 27], [29, 38, 33], [30, 35, 35], [39, 32, 29], [24, 41, 35], [37, 34, 29], [35, 33, 32], [34, 43, 23], [35, 35, 30], [36, 30, 34], [36, 37, 27], [37, 33, 30], [30, 39, 31], [28, 45, 27], [22, 45, 33], [28, 48, 24], [12, 56, 32], [23, 49, 28], [15, 52, 33], [27, 53, 20], [20, 46, 34], [27, 47, 26], [31, 42, 27], [19, 50, 31], [18, 47, 35], [26, 53, 21], [24, 46, 30], [17, 53, 30], [29, 45, 26], [25, 50, 25]], "lambda_": 0.5, "b": [[73, 13, 14], [72, 8, 20], [65, 14, 21], [65, 15, 20], [70, 12, 18], [61, 21, 18], [68, 19, 13], [65, 16, 19], [73, 16, 11], [64, 21, 15], [67, 14, 19], [60, 17, 23], [61, 18, 21], [61, 19, 20], [63, 25, 12], [68, 22, 10], [55, 32, 13], [12, 76, 12], [21, 58, 21], [18, 62, 20], [14, 66, 20], [16, 71, 13], [21, 62, 17], [24, 63, 13], [15, 71, 14], [13, 67, 20], [15, 68, 17], [15, 66, 19], [26, 65, 9], [16, 71, 13], [16, 70, 14], [19, 63, 18], [16, 64, 20], [14, 34, 52], [15, 22, 63], [20, 15, 65], [15, 14, 71], [18, 14, 68], [19, 16, 65], [17, 16, 67], [16, 15, 69], [14, 19, 67], [19, 17, 64], [19, 17, 64], [19, 12, 69], [16, 21, 63], [15, 20, 65], [7, 17, 76], [17, 16, 67], [20, 17, 63]]}