{"M": 50, "G": 3, "I": 4, "J": 100, "p": [[0.380062145693794, 0.005401809709133833, 0.2586653033624717, 0.35587074123460055], [0.26597509126643765, 0.09812891748744909, 0.08506271992831022, 0.550833271317803], [0.04116786602229101, 0.02055249502849737, 0.2569564210379853, 0.6813232179112264]], "r": [[[22, 1, 24, 21], [6, 1, 3, 9], [0, 1, 4, 8]], [[23, 1, 18, 20], [8, 0, 1, 12], [1, 0, 3, 13]], [[25, 1, 13, 24], [5, 3, 0, 10], [0, 3, 6, 10]], [[27, 1, 14, 28], [5, 0, 2, 9], [2, 0, 2, 10]], [[23, 0, 20, 22], [6, 1, 1, 8], [0, 1, 5, 13]], [[29, 0, 13, 19], [7, 0, 2, 7], [1, 0, 8, 14]], [[23, 0, 13, 32], [3, 3, 2, 12], [1, 0, 2, 9]], [[27, 0, 23, 26], [3, 1, 1, 5], [0, 0, 5, 9]], [[22, 1, 11, 22], [7, 1, 3, 12], [1, 0, 8, 12]], [[30, 0, 13, 19], [5, 2, 0, 11], [1, 1, 6, 12]], [[32, 0, 14, 23], [8, 1, 1, 11], [0, 1, 4, 5]], [[33, 0, 12, 26], [5, 0, 2, 9], [0, 0, 1, 12]], [[19, 1, 15, 24], [5, 2, 0, 10], [3, 0, 6, 15]], [[22, 0, 17, 20], [2, 2, 1, 11], [1, 0, 6, 18]], [[20, 1, 19, 21], [8, 1, 0, 13], [0, 1, 4, 12]], [[26, 0, 15, 25], [10, 1, 2, 8], [0, 0, 2, 11]], [[19, 0, 12, 15], [14, 4, 2, 16], [3, 0, 3, 12]], [[5, 0, 5, 13], [15, 9, 5, 29], [0, 2, 3, 14]], [[11, 0, 4, 11], [12, 8, 5, 32], [0, 0, 5, 12]], [[4, 1, 2, 4], [26, 3, 7, 37], [0, 0, 5, 11]], [[6, 0, 4, 10], [14, 8, 5, 36], [1, 0, 6, 10]], [[14, 0, 3, 2], [22, 6, 3, 31], [0, 0, 5, 14]], [[2, 0, 3, 5], [20, 10, 6, 41], [0, 2, 1, 10]], [[11, 0, 4, 2], [14, 6, 7, 31], [1, 0, 6, 18]], [[8, 0, 3, 6], [15, 4, 4, 40], [3, 0, 3, 14]], [[5, 0, 4, 5], [21, 5, 11, 38], [1, 0, 7, 3]], [[6, 0, 4, 5], [24, 7, 8, 26], [4, 1, 1, 14]], [[6, 0, 1, 9], [17, 10, 9, 35], [0, 1, 3, 9]], [[5, 0, 4, 5], [18, 4, 3, 37], [0, 0, 10, 14]], [[9, 0, 5, 5], [23, 3, 4, 35], [1, 0, 5, 10]], [[2, 0, 5, 8], [18, 8, 5, 39], [1, 0, 2, 12]], [[8, 0, 1, 6], [24, 4, 5, 40], [0, 0, 4, 8]], [[3, 0, 10, 4], [15, 6, 10, 38], [1, 0, 5, 8]], [[11, 0, 5, 7], [9, 4, 0, 20], [1, 0, 9, 34]], [[7, 0, 2, 3], [5, 3, 0, 11], [1, 2, 20, 46]], [[9, 0, 5, 14], [7, 2, 0, 7], [3, 0, 19, 34]], [[7, 0, 9, 5], [8, 1, 0, 11], [1, 3, 17, 38]], [[8, 0, 3, 8], [10, 1, 0, 3], [2, 0, 22, 43]], [[6, 0, 4, 3], [2, 2, 0, 8], [1, 1, 19, 54]], [[8, 0, 3, 4], [5, 1, 2, 8], [3, 3, 25, 38]], [[6, 0, 6, 4], [3, 2, 2, 6], [4, 1, 22, 44]], [[6, 0, 2, 10], [4, 1, 1, 12], [3, 2, 18, 41]], [[9, 0, 4, 9], [4, 2, 2, 9], [1, 1, 17, 42]], [[9, 0, 3, 13], [3, 1, 0, 8], [2, 0, 13, 48]], [[10, 0, 4, 7], [7, 1, 1, 9], [1, 0, 14, 46]], [[8, 0, 5, 6], [4, 0, 0, 8], [5, 4, 16, 44]], [[3, 0, 2, 6], [3, 0, 1, 10], [4, 0, 23, 48]], [[6, 1, 7, 6], [9, 0, 3, 5], [3, 0, 22, 38]], [[5, 0, 9, 4], [5, 4, 2, 9], [3, 1, 14, 44]], [[8, 0, 7, 2], [4, 1, 0, 4], [1, 0, 19, 54]]], "n": [[28, 3, 31, 38], [32, 1, 22, 45], [30, 7, 19, 44], [34, 1, 18, 47], [29, 2, 26, 43], [37, 0, 23, 40], [27, 3, 17, 53], [30, 1, 29, 40], [30, 2, 22, 46], [36, 3, 19, 42], [40, 2, 19, 39], [38, 0, 15, 47], [27, 3, 21, 49], [25, 2, 24, 49], [28, 3, 23, 46], [36, 1, 19, 44], [36, 4, 17, 43], [20, 11, 13, 56], [23, 8, 14, 55], [30, 4, 14, 52], [21, 8, 15, 56], [36, 6, 11, 47], [22, 12, 10, 56], [26, 6, 17, 51], [26, 4, 10, 60], [27, 5, 22, 46], [34, 8, 13, 45], [23, 11, 13, 53], [23, 4, 17, 56], [33, 3, 14, 50], [21, 8, 12, 59], [32, 4, 10, 54], [19, 6, 25, 50], [21, 4, 14, 61], [13, 5, 22, 60], [19, 2, 24, 55], [16, 4, 26, 54], [20, 1, 25, 54], [9, 3, 23, 65], [16, 4, 30, 50], [13, 3, 30, 54], [13, 3, 21, 63], [14, 3, 23, 60], [14, 1, 16, 69], [18, 1, 19, 62], [17, 4, 21, 58], [10, 0, 26, 64], [18, 1, 32, 49], [13, 5, 25, 57], [13, 1, 26, 60]], "lambda_": 0.5, "b": [[68, 19, 13], [62, 21, 17], [63, 18, 19], [70, 16, 14], [65, 16, 19], [61, 16, 23], [68, 20, 12], [76, 10, 14], [56, 23, 21], [62, 18, 20], [69, 21, 10], [71, 16, 13], [59, 17, 24], [59, 16, 25], [61, 22, 17], [66, 21, 13], [46, 36, 18], [23, 58, 19], [26, 57, 17], [11, 73, 16], [20, 63, 17], [19, 62, 19], [10, 77, 13], [17, 58, 25], [17, 63, 20], [14, 75, 11], [15, 65, 20], [16, 71, 13], [14, 62, 24], [19, 65, 16], [15, 70, 15], [15, 73, 12], [17, 69, 14], [23, 33, 44], [12, 19, 69], [28, 16, 56], [21, 20, 59], [19, 14, 67], [13, 12, 75], [15, 16, 69], [16, 13, 71], [18, 18, 64], [22, 17, 61], [25, 12, 63], [21, 18, 61], [19, 12, 69], [11, 14, 75], [20, 17, 63], [18, 20, 62], [17, 9, 74]]}