{"M": 50, "G": 2, "I": 2, "J": 100, "p": [[0.8115422428232664, 0.1884577571767336], [0.7415772925179525, 0.25842270748204754]], "r": [[[65, 17], [16, 2]], [[63, 13], [17, 7]], [[68, 7], [17, 8]], [[61, 17], [16, 6]], [[58, 13], [21, 8]], [[69, 17], [10, 4]], [[55, 14], [23, 8]], [[70, 11], [10, 9]], [[60, 14], [18, 8]], [[52, 17], [26, 5]], [[61, 18], [16, 5]], [[57, 20], [16, 7]], [[59, 14], [21, 6]], [[49, 17], [24, 10]], [[61, 10], [18, 11]], [[67, 10], [15, 8]], [[66, 13], [14, 7]], [[64, 14], [17, 5]], [[60, 14], [19, 7]], [[56, 22], [17, 5]], [[66, 15], [15, 4]], [[51, 15], [24, 10]], [[56, 19], [19, 6]], [[63, 11], [17, 9]], [[55, 21], [21, 3]], [[15, 4], [64, 17]], [[20, 9], [57, 14]], [[20, 4], [54, 22]], [[12, 3], [60, 25]], [[26, 5], [51, 18]], [[32, 8], [52, 8]], [[19, 5], [56, 20]], [[21, 5], [56, 18]], [[21, 3], [60, 16]], [[26, 3], [53, 18]], [[17, 5], [55, 23]], [[15, 6], [53, 26]], [[19, 3], [56, 22]], [[14, 4], [66, 16]], [[20, 8], [56, 16]], [[22, 9], [51, 18]], [[27, 4], [54, 15]], [[16, 8], [58, 18]], [[22, 5], [57, 16]], [[20, 4], [61, 15]], [[24, 4], [55, 17]], [[20, 2], [52, 26]], [[21, 2], [59, 18]], [[11, 2], [68, 19]], [[18, 4], [56, 22]]], "n": [[81, 19], [80, 20], [85, 15], [77, 23], [79, 21], [79, 21], [78, 22], [80, 20], [78, 22], [78, 22], [77, 23], [73, 27], [80, 20], [73, 27], [79, 21], [82, 18], [80, 20], [81, 19], [79, 21], [73, 27], [81, 19], [75, 25], [75, 25], [80, 20], [76, 24], [79, 21], [77, 23], [74, 26], [72, 28], [77, 23], [84, 16], [75, 25], [77, 23], [81, 19], [79, 21], [72, 28], [68, 32], [75, 25], [80, 20], [76, 24], [73, 27], [81, 19], [74, 26], [79, 21], [81, 19], [79, 21], [72, 28], [80, 20], [79, 21], [74, 26]], "lambda_": 0.5, "b": [[82, 18], [76, 24], [75, 25], [78, 22], [71, 29], [86, 14], [69, 31], [81, 19], [74, 26], [69, 31], [79, 21], [77, 23], [73, 27], [66, 34], [71, 29], [77, 23], [79, 21], [78, 22], [74, 26], [78, 22], [81, 19], [66, 34], [75, 25], [74, 26], [76, 24], [19, 81], [29, 71], [24, 76], [15, 85], [31, 69], [40, 60], [24, 76], [26, 74], [24, 76], [29, 71], [22, 78], [21, 79], [22, 78], [18, 82], [28, 72], [31, 69], [31, 69], [24, 76], [27, 73], [24, 76], [28, 72], [22, 78], [23, 77], [13, 87], [22, 78]]}