{"M": 50, "G": 3, "I": 5, "J": 100, "p": [[0.33270219763981995, 0.07726068547811304, 0.351047145907638, 0.12233189286483045, 0.1166580781095984], [0.05016554341549052, 0.7708829262550136, 0.0012877732599235222, 0.06009850697133879, 0.11756525009823347], [0.18899528973896992, 0.02754333710080453, 0.2485701099066379, 0.5125146099758849, 0.022376653277702586]], "r": [[[18, 8, 25, 9, 6], [0, 11, 0, 3, 2], [2, 0, 5, 9, 2]], [[28, 7, 16, 9, 10], [0, 11, 0, 2, 2], [0, 1, 6, 8, 0]], [[12, 8, 31, 5, 9], [6, 13, 0, 1, 1], [1, 0, 2, 11, 0]], [[20, 5, 23, 10, 11], [3, 7, 0, 1, 1], [3, 2, 2, 11, 1]], [[20, 4, 21, 7, 10], [0, 15, 0, 2, 3], [2, 2, 4, 10, 0]], [[24, 6, 26, 8, 9], [1, 15, 0, 1, 2], [2, 0, 3, 3, 0]], [[22, 8, 26, 7, 2], [0, 16, 0, 1, 2], [3, 0, 6, 7, 0]], [[22, 6, 26, 7, 7], [0, 14, 0, 2, 3], [4, 0, 1, 8, 0]], [[19, 6, 22, 13, 9], [0, 11, 0, 1, 2], [6, 1, 5, 5, 0]], [[23, 7, 17, 10, 8], [1, 17, 0, 0, 2], [5, 0, 3, 7, 0]], [[24, 3, 21, 6, 17], [1, 12, 0, 0, 2], [1, 1, 2, 10, 0]], [[28, 6, 23, 10, 10], [2, 7, 0, 0, 3], [3, 1, 4, 3, 0]], [[16, 6, 24, 8, 3], [1, 16, 0, 0, 5], [6, 0, 7, 8, 0]], [[23, 6, 20, 7, 9], [2, 11, 0, 0, 1], [3, 0, 7, 11, 0]], [[16, 2, 32, 8, 3], [1, 11, 0, 3, 3], [7, 0, 6, 8, 0]], [[19, 3, 22, 12, 4], [2, 17, 0, 2, 1], [6, 0, 5, 6, 1]], [[15, 3, 19, 6, 8], [3, 30, 0, 0, 4], [5, 0, 3, 4, 0]], [[8, 0, 5, 0, 2], [2, 50, 0, 5, 5], [4, 1, 5, 13, 0]], [[7, 0, 6, 0, 1], [5, 52, 0, 4, 13], [2, 0, 3, 7, 0]], [[5, 2, 5, 0, 1], [2, 53, 0, 7, 12], [5, 0, 1, 7, 0]], [[9, 1, 7, 1, 0], [3, 52, 0, 4, 12], [5, 0, 0, 6, 0]], [[4, 4, 8, 2, 2], [2, 44, 0, 7, 11], [4, 0, 6, 5, 1]], [[6, 2, 9, 2, 1], [0, 46, 0, 4, 9], [2, 1, 1, 15, 2]], [[3, 1, 10, 2, 3], [0, 55, 1, 4, 5], [1, 4, 3, 7, 1]], [[5, 0, 1, 0, 5], [5, 47, 1, 5, 11], [3, 2, 5, 8, 2]], [[9, 1, 4, 1, 2], [5, 61, 0, 2, 9], [0, 1, 2, 3, 0]], [[4, 1, 5, 2, 4], [4, 52, 0, 5, 6], [4, 0, 4, 9, 0]], [[4, 4, 6, 2, 0], [3, 54, 0, 6, 7], [2, 0, 5, 7, 0]], [[4, 0, 5, 1, 2], [4, 54, 0, 4, 10], [2, 0, 4, 9, 1]], [[5, 2, 10, 0, 2], [4, 49, 0, 6, 7], [1, 0, 2, 12, 0]], [[12, 2, 9, 4, 3], [4, 40, 0, 2, 8], [3, 0, 3, 10, 0]], [[8, 2, 7, 1, 1], [2, 52, 0, 5, 8], [5, 1, 4, 4, 0]], [[3, 1, 11, 1, 4], [2, 48, 0, 4, 7], [3, 1, 3, 12, 0]], [[4, 0, 10, 2, 5], [1, 29, 0, 2, 3], [14, 0, 12, 17, 1]], [[5, 0, 4, 3, 4], [0, 11, 0, 0, 0], [16, 3, 14, 40, 0]], [[5, 2, 4, 2, 1], [3, 11, 0, 1, 0], [16, 2, 15, 36, 2]], [[10, 0, 4, 1, 1], [2, 10, 0, 1, 1], [12, 1, 17, 38, 2]], [[4, 2, 5, 3, 2], [0, 9, 0, 1, 3], [12, 2, 17, 36, 4]], [[7, 1, 4, 1, 0], [0, 9, 0, 2, 2], [15, 4, 21, 34, 0]], [[2, 1, 4, 4, 3], [0, 15, 0, 1, 6], [10, 2, 20, 29, 3]], [[4, 2, 6, 1, 4], [2, 16, 0, 0, 1], [12, 2, 16, 34, 0]], [[11, 0, 8, 3, 4], [1, 17, 0, 1, 1], [16, 1, 13, 24, 0]], [[6, 0, 5, 1, 2], [0, 10, 0, 1, 1], [13, 0, 16, 40, 5]], [[3, 0, 7, 1, 2], [0, 12, 0, 1, 4], [16, 1, 14, 35, 4]], [[10, 0, 6, 3, 3], [1, 12, 0, 1, 2], [13, 2, 16, 31, 0]], [[9, 2, 1, 3, 1], [2, 5, 0, 2, 3], [17, 1, 23, 29, 2]], [[5, 1, 6, 5, 0], [0, 13, 0, 0, 3], [13, 0, 16, 36, 2]], [[5, 1, 5, 2, 2], [0, 9, 0, 0, 3], [13, 5, 17, 37, 1]], [[2, 1, 7, 0, 1], [0, 10, 0, 0, 2], [8, 3, 21, 44, 1]], [[8, 1, 3, 2, 0], [2, 17, 0, 0, 2], [15, 1, 12, 37, 0]]], "n": [[20, 19, 30, 21, 10], [28, 19, 22, 19, 12], [19, 21, 33, 17, 10], [26, 14, 25, 22, 13], [22, 21, 25, 19, 13], [27, 21, 29, 12, 11], [25, 24, 32, 15, 4], [26, 20, 27, 17, 10], [25, 18, 27, 19, 11], [29, 24, 20, 17, 10], [26, 16, 23, 16, 19], [33, 14, 27, 13, 13], [23, 22, 31, 16, 8], [28, 17, 27, 18, 10], [24, 13, 38, 19, 6], [27, 20, 27, 20, 6], [23, 33, 22, 10, 12], [14, 51, 10, 18, 7], [14, 52, 9, 11, 14], [12, 55, 6, 14, 13], [17, 53, 7, 11, 12], [10, 48, 14, 14, 14], [8, 49, 10, 21, 12], [4, 60, 14, 13, 9], [13, 49, 7, 13, 18], [14, 63, 6, 6, 11], [12, 53, 9, 16, 10], [9, 58, 11, 15, 7], [10, 54, 9, 14, 13], [10, 51, 12, 18, 9], [19, 42, 12, 16, 11], [15, 55, 11, 10, 9], [8, 50, 14, 17, 11], [19, 29, 22, 21, 9], [21, 14, 18, 43, 4], [24, 15, 19, 39, 3], [24, 11, 21, 40, 4], [16, 13, 22, 40, 9], [22, 14, 25, 37, 2], [12, 18, 24, 34, 12], [18, 20, 22, 35, 5], [28, 18, 21, 28, 5], [19, 10, 21, 42, 8], [19, 13, 21, 37, 10], [24, 14, 22, 35, 5], [28, 8, 24, 34, 6], [18, 14, 22, 41, 5], [18, 15, 22, 39, 6], [10, 14, 28, 44, 4], [25, 19, 15, 39, 2]], "lambda_": 0.5, "b": [[66, 16, 18], [70, 15, 15], [65, 21, 14], [69, 12, 19], [62, 20, 18], [73, 19, 8], [65, 19, 16], [68, 19, 13], [69, 14, 17], [65, 20, 15], [71, 15, 14], [77, 12, 11], [57, 22, 21], [65, 14, 21], [61, 18, 21], [60, 22, 18], [51, 37, 12], [15, 62, 23], [14, 74, 12], [13, 74, 13], [18, 71, 11], [20, 64, 16], [20, 59, 21], [19, 65, 16], [11, 69, 20], [17, 77, 6], [16, 67, 17], [16, 70, 14], [12, 72, 16], [19, 66, 15], [30, 54, 16], [19, 67, 14], [20, 61, 19], [21, 35, 44], [16, 11, 73], [14, 15, 71], [16, 14, 70], [16, 13, 71], [13, 13, 74], [14, 22, 64], [17, 19, 64], [26, 20, 54], [14, 12, 74], [13, 17, 70], [22, 16, 62], [16, 12, 72], [17, 16, 67], [15, 12, 73], [11, 12, 77], [14, 21, 65]]}