{"M": 50, "G": 2, "I": 4, "J": 100, "p": [[0.248524592823477, 0.41590713024020765, 0.2445674774618472, 0.09100079947446818], [0.195642639627116, 0.008466509492057473, 0.41573970330401455, 0.380151147576812]], "r": [[[18, 31, 20, 6], [4, 0, 12, 9]], [[23, 28, 21, 6], [3, 0, 14, 5]], [[16, 36, 16, 11], [6, 0, 4, 11]], [[20, 29, 21, 6], [6, 1, 9, 8]], [[19, 31, 24, 4], [4, 0, 10, 8]], [[16, 26, 20, 7], [5, 0, 14, 12]], [[24, 32, 8, 6], [7, 0, 11, 12]], [[13, 28, 21, 6], [6, 0, 12, 14]], [[16, 40, 14, 10], [5, 0, 11, 4]], [[19, 27, 20, 7], [5, 0, 9, 13]], [[16, 37, 21, 7], [2, 0, 6, 11]], [[14, 29, 20, 11], [7, 0, 10, 9]], [[21, 27, 19, 8], [5, 0, 7, 13]], [[20, 41, 13, 6], [1, 0, 7, 12]], [[17, 31, 21, 3], [8, 0, 11, 9]], [[20, 36, 12, 8], [5, 0, 12, 7]], [[20, 36, 17, 4], [1, 1, 11, 10]], [[16, 22, 22, 9], [4, 0, 10, 17]], [[16, 32, 19, 6], [6, 1, 10, 10]], [[21, 32, 19, 3], [6, 0, 12, 7]], [[23, 26, 17, 3], [4, 0, 10, 17]], [[18, 31, 19, 7], [5, 1, 10, 9]], [[15, 34, 16, 5], [6, 0, 9, 15]], [[22, 32, 18, 5], [3, 0, 10, 10]], [[14, 38, 17, 9], [6, 0, 6, 10]], [[11, 14, 4, 2], [12, 1, 32, 24]], [[9, 12, 3, 1], [22, 0, 36, 17]], [[10, 9, 8, 2], [11, 0, 27, 33]], [[10, 14, 4, 1], [13, 0, 31, 27]], [[4, 12, 2, 5], [16, 1, 34, 26]], [[3, 19, 5, 2], [15, 0, 31, 25]], [[11, 8, 6, 0], [19, 1, 25, 30]], [[6, 11, 5, 2], [17, 0, 30, 29]], [[3, 14, 7, 2], [13, 1, 34, 26]], [[4, 15, 7, 2], [14, 1, 20, 37]], [[2, 13, 9, 0], [13, 1, 33, 29]], [[5, 17, 10, 3], [14, 0, 31, 20]], [[9, 11, 5, 4], [15, 0, 29, 27]], [[5, 9, 6, 1], [15, 0, 39, 25]], [[5, 10, 3, 3], [13, 2, 37, 27]], [[7, 9, 5, 2], [15, 2, 34, 26]], [[6, 6, 9, 2], [17, 1, 34, 25]], [[9, 9, 6, 4], [12, 2, 19, 39]], [[7, 7, 6, 6], [15, 0, 32, 27]], [[8, 6, 9, 0], [22, 1, 34, 20]], [[5, 14, 4, 2], [10, 0, 31, 34]], [[4, 7, 7, 1], [19, 1, 34, 27]], [[4, 12, 5, 0], [17, 2, 39, 21]], [[6, 12, 4, 1], [9, 1, 36, 31]], [[7, 11, 5, 2], [11, 0, 40, 24]]], "n": [[22, 31, 32, 15], [26, 28, 35, 11], [22, 36, 20, 22], [26, 30, 30, 14], [23, 31, 34, 12], [21, 26, 34, 19], [31, 32, 19, 18], [19, 28, 33, 20], [21, 40, 25, 14], [24, 27, 29, 20], [18, 37, 27, 18], [21, 29, 30, 20], [26, 27, 26, 21], [21, 41, 20, 18], [25, 31, 32, 12], [25, 36, 24, 15], [21, 37, 28, 14], [20, 22, 32, 26], [22, 33, 29, 16], [27, 32, 31, 10], [27, 26, 27, 20], [23, 32, 29, 16], [21, 34, 25, 20], [25, 32, 28, 15], [20, 38, 23, 19], [23, 15, 36, 26], [31, 12, 39, 18], [21, 9, 35, 35], [23, 14, 35, 28], [20, 13, 36, 31], [18, 19, 36, 27], [30, 9, 31, 30], [23, 11, 35, 31], [16, 15, 41, 28], [18, 16, 27, 39], [15, 14, 42, 29], [19, 17, 41, 23], [24, 11, 34, 31], [20, 9, 45, 26], [18, 12, 40, 30], [22, 11, 39, 28], [23, 7, 43, 27], [21, 11, 25, 43], [22, 7, 38, 33], [30, 7, 43, 20], [15, 14, 35, 36], [23, 8, 41, 28], [21, 14, 44, 21], [15, 13, 40, 32], [18, 11, 45, 26]], "lambda_": 0.5, "b": [[75, 25], [78, 22], [79, 21], [76, 24], [78, 22], [69, 31], [70, 30], [68, 32], [80, 20], [73, 27], [81, 19], [74, 26], [75, 25], [80, 20], [72, 28], [76, 24], [77, 23], [69, 31], [73, 27], [75, 25], [69, 31], [75, 25], [70, 30], [77, 23], [78, 22], [31, 69], [25, 75], [29, 71], [29, 71], [23, 77], [29, 71], [25, 75], [24, 76], [26, 74], [28, 72], [24, 76], [35, 65], [29, 71], [21, 79], [21, 79], [23, 77], [23, 77], [28, 72], [26, 74], [23, 77], [25, 75], [19, 81], [21, 79], [23, 77], [25, 75]]}