{"M": 50, "G": 2, "I": 3, "J": 100, "p": [[0.036577241285230634, 0.697546888897068, 0.2658758698177014], [0.21879765890019268, 0.6495810753685386, 0.13162126573126864]], "r": [[[3, 56, 21], [3, 14, 3]], [[5, 54, 25], [6, 9, 1]], [[3, 57, 18], [5, 11, 6]], [[2, 54, 19], [6, 15, 4]], [[3, 59, 15], [5, 16, 2]], [[5, 60, 18], [4, 12, 1]], [[2, 46, 23], [9, 16, 4]], [[1, 52, 21], [6, 16, 4]], [[2, 45, 24], [7, 19, 3]], [[3, 50, 18], [7, 16, 6]], [[4, 54, 19], [7, 13, 3]], [[4, 55, 14], [3, 18, 6]], [[3, 55, 17], [3, 21, 1]], [[4, 53, 16], [5, 20, 2]], [[1, 52, 17], [7, 19, 4]], [[2, 54, 16], [8, 16, 4]], [[1, 48, 16], [10, 22, 3]], [[2, 53, 21], [5, 17, 2]], [[1, 54, 22], [7, 15, 1]], [[2, 60, 18], [4, 14, 2]], [[4, 47, 22], [3, 21, 3]], [[3, 57, 13], [3, 20, 4]], [[2, 61, 14], [4, 18, 1]], [[0, 55, 19], [4, 17, 5]], [[3, 54, 17], [7, 14, 5]], [[0, 17, 6], [13, 52, 12]], [[0, 13, 8], [18, 47, 14]], [[2, 13, 5], [18, 53, 9]], [[1, 18, 5], [13, 57, 6]], [[1, 19, 4], [18, 53, 5]], [[1, 19, 5], [13, 53, 9]], [[1, 16, 6], [17, 51, 9]], [[2, 20, 4], [11, 54, 9]], [[1, 25, 8], [13, 49, 4]], [[1, 21, 9], [11, 50, 8]], [[0, 19, 11], [13, 48, 9]], [[1, 15, 6], [19, 47, 12]], [[1, 16, 5], [14, 57, 7]], [[0, 15, 10], [17, 47, 11]], [[1, 14, 7], [16, 52, 10]], [[1, 20, 9], [20, 38, 12]], [[0, 16, 5], [12, 57, 10]], [[0, 14, 7], [16, 43, 20]], [[1, 17, 9], [14, 50, 9]], [[2, 21, 7], [19, 39, 12]], [[1, 17, 7], [18, 46, 11]], [[0, 21, 6], [13, 48, 12]], [[0, 11, 9], [27, 46, 7]], [[0, 20, 10], [23, 33, 14]], [[1, 17, 8], [22, 43, 9]]], "n": [[6, 70, 24], [11, 63, 26], [8, 68, 24], [8, 69, 23], [8, 75, 17], [9, 72, 19], [11, 62, 27], [7, 68, 25], [9, 64, 27], [10, 66, 24], [11, 67, 22], [7, 73, 20], [6, 76, 18], [9, 73, 18], [8, 71, 21], [10, 70, 20], [11, 70, 19], [7, 70, 23], [8, 69, 23], [6, 74, 20], [7, 68, 25], [6, 77, 17], [6, 79, 15], [4, 72, 24], [10, 68, 22], [13, 69, 18], [18, 60, 22], [20, 66, 14], [14, 75, 11], [19, 72, 9], [14, 72, 14], [18, 67, 15], [13, 74, 13], [14, 74, 12], [12, 71, 17], [13, 67, 20], [20, 62, 18], [15, 73, 12], [17, 62, 21], [17, 66, 17], [21, 58, 21], [12, 73, 15], [16, 57, 27], [15, 67, 18], [21, 60, 19], [19, 63, 18], [13, 69, 18], [27, 57, 16], [23, 53, 24], [23, 60, 17]], "lambda_": 0.5, "b": [[80, 20], [84, 16], [78, 22], [75, 25], [77, 23], [83, 17], [71, 29], [74, 26], [71, 29], [71, 29], [77, 23], [73, 27], [75, 25], [73, 27], [70, 30], [72, 28], [65, 35], [76, 24], [77, 23], [80, 20], [73, 27], [73, 27], [77, 23], [74, 26], [74, 26], [23, 77], [21, 79], [20, 80], [24, 76], [24, 76], [25, 75], [23, 77], [26, 74], [34, 66], [31, 69], [30, 70], [22, 78], [22, 78], [25, 75], [22, 78], [30, 70], [21, 79], [21, 79], [27, 73], [30, 70], [25, 75], [27, 73], [20, 80], [30, 70], [26, 74]]}