{"M": 50, "G": 3, "I": 5, "J": 100, "p": [[0.11046832303046365, 0.3237599267900055, 0.3497656070847354, 0.02040467046617105, 0.19560147262862432], [0.05607283876101442, 0.259257770101578, 0.03972016870033102, 0.016198597480567022, 0.6287506249565094], [0.31255056034065565, 0.030600658614167615, 0.48328435407656345, 0.06501084340568086, 0.1085535835629325]], "r": [[[7, 24, 23, 1, 12], [2, 2, 1, 0, 5], [8, 0, 12, 2, 1]], [[7, 24, 21, 1, 16], [2, 3, 0, 1, 8], [7, 0, 7, 2, 1]], [[13, 15, 22, 0, 18], [0, 4, 0, 0, 12], [6, 0, 7, 2, 1]], [[8, 22, 28, 2, 9], [2, 3, 1, 0, 11], [6, 0, 7, 0, 1]], [[6, 21, 25, 1, 14], [2, 3, 1, 0, 10], [2, 0, 11, 3, 1]], [[8, 16, 21, 2, 16], [1, 6, 0, 0, 13], [3, 0, 7, 1, 6]], [[6, 31, 22, 0, 12], [0, 3, 0, 0, 14], [5, 0, 5, 1, 1]], [[7, 19, 24, 1, 8], [1, 8, 2, 0, 10], [8, 0, 10, 1, 1]], [[9, 17, 23, 0, 11], [1, 7, 2, 0, 11], [7, 0, 10, 0, 2]], [[8, 19, 13, 2, 16], [3, 5, 1, 3, 9], [10, 0, 10, 0, 1]], [[7, 24, 27, 0, 15], [1, 2, 3, 0, 5], [5, 1, 6, 3, 1]], [[9, 17, 29, 2, 14], [1, 3, 0, 0, 9], [6, 1, 8, 1, 0]], [[7, 25, 20, 3, 14], [0, 5, 4, 0, 13], [0, 1, 6, 1, 1]], [[7, 22, 30, 3, 9], [1, 3, 2, 0, 11], [1, 0, 9, 0, 2]], [[8, 21, 21, 1, 15], [1, 5, 0, 0, 6], [9, 1, 7, 2, 3]], [[6, 20, 25, 2, 11], [2, 2, 2, 0, 10], [11, 0, 4, 2, 3]], [[8, 11, 16, 1, 10], [1, 10, 1, 0, 26], [5, 0, 8, 1, 2]], [[3, 9, 5, 0, 4], [1, 14, 4, 0, 48], [4, 2, 4, 0, 2]], [[2, 8, 4, 1, 3], [4, 16, 4, 0, 41], [5, 1, 8, 2, 1]], [[2, 4, 5, 0, 1], [9, 13, 6, 0, 48], [4, 0, 4, 1, 3]], [[0, 6, 10, 0, 7], [6, 21, 3, 0, 36], [2, 0, 5, 1, 3]], [[2, 10, 7, 0, 2], [3, 14, 1, 1, 47], [1, 1, 10, 0, 1]], [[2, 4, 2, 0, 4], [1, 22, 1, 1, 37], [11, 1, 11, 0, 3]], [[1, 6, 3, 0, 3], [0, 20, 5, 2, 45], [3, 0, 11, 0, 1]], [[1, 5, 7, 0, 3], [4, 17, 1, 1, 44], [1, 1, 12, 1, 2]], [[1, 4, 8, 0, 4], [3, 13, 4, 1, 40], [3, 0, 17, 0, 2]], [[2, 5, 5, 1, 3], [7, 15, 2, 2, 43], [4, 0, 8, 3, 0]], [[2, 5, 5, 0, 5], [1, 22, 1, 1, 44], [3, 0, 9, 2, 0]], [[2, 5, 3, 0, 2], [4, 14, 2, 2, 48], [5, 0, 10, 0, 3]], [[1, 6, 9, 0, 1], [4, 11, 1, 2, 49], [1, 2, 8, 2, 3]], [[2, 7, 6, 0, 5], [3, 17, 3, 0, 44], [4, 1, 8, 0, 0]], [[0, 6, 4, 0, 2], [5, 17, 4, 2, 44], [4, 0, 11, 1, 0]], [[2, 8, 6, 0, 4], [7, 15, 4, 0, 37], [4, 0, 7, 3, 3]], [[1, 8, 5, 1, 6], [1, 12, 0, 1, 16], [16, 3, 23, 3, 4]], [[1, 6, 3, 0, 4], [1, 8, 1, 0, 12], [25, 1, 29, 6, 3]], [[1, 7, 6, 0, 2], [0, 4, 2, 0, 4], [21, 1, 39, 3, 10]], [[3, 11, 4, 1, 5], [0, 3, 1, 0, 14], [18, 1, 35, 1, 3]], [[3, 8, 4, 0, 1], [0, 2, 0, 0, 8], [18, 2, 41, 4, 9]], [[2, 6, 5, 0, 1], [0, 5, 0, 0, 9], [23, 2, 33, 8, 6]], [[0, 4, 12, 1, 5], [0, 4, 0, 1, 18], [15, 2, 31, 5, 2]], [[1, 6, 7, 0, 3], [0, 3, 1, 1, 8], [18, 2, 36, 8, 6]], [[1, 5, 6, 1, 2], [0, 3, 2, 0, 12], [23, 0, 28, 8, 9]], [[2, 7, 9, 0, 1], [2, 2, 0, 1, 8], [19, 2, 35, 4, 8]], [[1, 3, 11, 0, 3], [0, 4, 0, 0, 10], [25, 2, 31, 3, 7]], [[2, 3, 6, 0, 3], [2, 5, 1, 0, 10], [22, 4, 29, 5, 8]], [[1, 7, 8, 0, 4], [0, 3, 1, 0, 9], [19, 2, 33, 6, 7]], [[2, 3, 5, 0, 2], [0, 5, 0, 0, 15], [22, 3, 31, 5, 7]], [[2, 6, 9, 0, 3], [0, 6, 1, 0, 8], [18, 3, 36, 5, 3]], [[1, 6, 7, 0, 1], [2, 4, 0, 0, 14], [17, 1, 39, 2, 6]], [[0, 5, 6, 0, 2], [1, 6, 0, 1, 8], [21, 7, 31, 3, 9]]], "n": [[17, 26, 36, 3, 18], [16, 27, 28, 4, 25], [19, 19, 29, 2, 31], [16, 25, 36, 2, 21], [10, 24, 37, 4, 25], [12, 22, 28, 3, 35], [11, 34, 27, 1, 27], [16, 27, 36, 2, 19], [17, 24, 35, 0, 24], [21, 24, 24, 5, 26], [13, 27, 36, 3, 21], [16, 21, 37, 3, 23], [7, 31, 30, 4, 28], [9, 25, 41, 3, 22], [18, 27, 28, 3, 24], [19, 22, 31, 4, 24], [14, 21, 25, 2, 38], [8, 25, 13, 0, 54], [11, 25, 16, 3, 45], [15, 17, 15, 1, 52], [8, 27, 18, 1, 46], [6, 25, 18, 1, 50], [14, 27, 14, 1, 44], [4, 26, 19, 2, 49], [6, 23, 20, 2, 49], [7, 17, 29, 1, 46], [13, 20, 15, 6, 46], [6, 27, 15, 3, 49], [11, 19, 15, 2, 53], [6, 19, 18, 4, 53], [9, 25, 17, 0, 49], [9, 23, 19, 3, 46], [13, 23, 17, 3, 44], [18, 23, 28, 5, 26], [27, 15, 33, 6, 19], [22, 12, 47, 3, 16], [21, 15, 40, 2, 22], [21, 12, 45, 4, 18], [25, 13, 38, 8, 16], [15, 10, 43, 7, 25], [19, 11, 44, 9, 17], [24, 8, 36, 9, 23], [23, 11, 44, 5, 17], [26, 9, 42, 3, 20], [26, 12, 36, 5, 21], [20, 12, 42, 6, 20], [24, 11, 36, 5, 24], [20, 15, 46, 5, 14], [20, 11, 46, 2, 21], [22, 18, 37, 4, 19]], "lambda_": 0.5, "b": [[67, 10, 23], [69, 14, 17], [68, 16, 16], [69, 17, 14], [67, 16, 17], [63, 20, 17], [71, 17, 12], [59, 21, 20], [60, 21, 19], [58, 21, 21], [73, 11, 16], [71, 13, 16], [69, 22, 9], [71, 17, 12], [66, 12, 22], [64, 16, 20], [46, 38, 16], [21, 67, 12], [18, 65, 17], [12, 76, 12], [23, 66, 11], [21, 66, 13], [12, 62, 26], [13, 72, 15], [16, 67, 17], [17, 61, 22], [16, 69, 15], [17, 69, 14], [12, 70, 18], [17, 67, 16], [20, 67, 13], [12, 72, 16], [20, 63, 17], [21, 30, 49], [14, 22, 64], [16, 10, 74], [24, 18, 58], [16, 10, 74], [14, 14, 72], [22, 23, 55], [17, 13, 70], [15, 17, 68], [19, 13, 68], [18, 14, 68], [14, 18, 68], [20, 13, 67], [12, 20, 68], [20, 15, 65], [15, 20, 65], [13, 16, 71]]}