{"M": 50, "G": 2, "I": 4, "J": 100, "p": [[0.25145137416437296, 0.5447584007534954, 0.1531404560090643, 0.050649769073067306], [0.3446886550413053, 0.23807393689403214, 0.22619453600901995, 0.1910428720556425]], "r": [[[17, 39, 15, 2], [11, 5, 5, 6]], [[26, 40, 10, 4], [5, 3, 6, 6]], [[17, 42, 9, 2], [7, 7, 9, 7]], [[13, 42, 10, 2], [9, 7, 10, 7]], [[21, 42, 9, 1], [6, 10, 5, 6]], [[14, 40, 10, 1], [15, 10, 4, 6]], [[11, 52, 17, 3], [3, 2, 7, 5]], [[17, 42, 16, 5], [3, 6, 6, 5]], [[16, 49, 8, 5], [9, 4, 6, 3]], [[21, 44, 6, 2], [9, 5, 9, 4]], [[22, 37, 12, 8], [9, 4, 5, 3]], [[19, 45, 8, 6], [6, 9, 3, 4]], [[19, 49, 6, 5], [9, 5, 3, 4]], [[16, 48, 14, 0], [6, 6, 3, 7]], [[21, 47, 7, 2], [8, 9, 4, 2]], [[15, 45, 9, 1], [10, 6, 6, 8]], [[25, 37, 11, 3], [8, 6, 10, 0]], [[17, 48, 7, 5], [8, 7, 4, 4]], [[20, 46, 4, 2], [7, 8, 8, 5]], [[18, 45, 9, 5], [9, 4, 7, 3]], [[19, 49, 11, 2], [8, 3, 3, 5]], [[18, 40, 14, 3], [9, 6, 5, 5]], [[21, 37, 12, 1], [12, 7, 5, 5]], [[19, 29, 17, 5], [10, 8, 8, 4]], [[14, 38, 11, 4], [18, 6, 4, 5]], [[5, 12, 5, 2], [26, 24, 13, 13]], [[8, 20, 1, 2], [28, 12, 16, 13]], [[4, 21, 4, 1], [23, 21, 16, 10]], [[4, 11, 8, 5], [21, 18, 17, 16]], [[4, 15, 1, 0], [25, 19, 18, 18]], [[5, 17, 2, 3], [27, 14, 16, 16]], [[9, 15, 4, 2], [26, 15, 15, 14]], [[7, 8, 3, 0], [26, 23, 16, 17]], [[3, 16, 3, 0], [25, 17, 22, 14]], [[11, 15, 3, 1], [28, 14, 12, 16]], [[3, 12, 7, 2], [30, 21, 9, 16]], [[7, 14, 5, 0], [25, 13, 19, 17]], [[4, 10, 1, 1], [25, 28, 19, 12]], [[6, 18, 2, 3], [30, 18, 14, 9]], [[5, 13, 4, 2], [28, 16, 11, 21]], [[4, 17, 5, 1], [31, 17, 20, 5]], [[15, 9, 5, 3], [21, 17, 20, 10]], [[7, 11, 6, 2], [21, 20, 22, 11]], [[7, 11, 5, 1], [23, 20, 19, 14]], [[7, 15, 4, 0], [21, 20, 21, 12]], [[3, 16, 6, 2], [34, 11, 16, 12]], [[6, 15, 1, 0], [32, 12, 20, 14]], [[6, 12, 4, 1], [25, 15, 22, 15]], [[6, 10, 4, 1], [27, 19, 16, 17]], [[8, 13, 4, 1], [22, 11, 22, 19]]], "n": [[28, 44, 20, 8], [31, 43, 16, 10], [24, 49, 18, 9], [22, 49, 20, 9], [27, 52, 14, 7], [29, 50, 14, 7], [14, 54, 24, 8], [20, 48, 22, 10], [25, 53, 14, 8], [30, 49, 15, 6], [31, 41, 17, 11], [25, 54, 11, 10], [28, 54, 9, 9], [22, 54, 17, 7], [29, 56, 11, 4], [25, 51, 15, 9], [33, 43, 21, 3], [25, 55, 11, 9], [27, 54, 12, 7], [27, 49, 16, 8], [27, 52, 14, 7], [27, 46, 19, 8], [33, 44, 17, 6], [29, 37, 25, 9], [32, 44, 15, 9], [31, 36, 18, 15], [36, 32, 17, 15], [27, 42, 20, 11], [25, 29, 25, 21], [29, 34, 19, 18], [32, 31, 18, 19], [35, 30, 19, 16], [33, 31, 19, 17], [28, 33, 25, 14], [39, 29, 15, 17], [33, 33, 16, 18], [32, 27, 24, 17], [29, 38, 20, 13], [36, 36, 16, 12], [33, 29, 15, 23], [35, 34, 25, 6], [36, 26, 25, 13], [28, 31, 28, 13], [30, 31, 24, 15], [28, 35, 25, 12], [37, 27, 22, 14], [38, 27, 21, 14], [31, 27, 26, 16], [33, 29, 20, 18], [30, 24, 26, 20]], "lambda_": 0.5, "b": [[73, 27], [80, 20], [70, 30], [67, 33], [73, 27], [65, 35], [83, 17], [80, 20], [78, 22], [73, 27], [79, 21], [78, 22], [79, 21], [78, 22], [77, 23], [70, 30], [76, 24], [77, 23], [72, 28], [77, 23], [81, 19], [75, 25], [71, 29], [70, 30], [67, 33], [24, 76], [31, 69], [30, 70], [28, 72], [20, 80], [27, 73], [30, 70], [18, 82], [22, 78], [30, 70], [24, 76], [26, 74], [16, 84], [29, 71], [24, 76], [27, 73], [32, 68], [26, 74], [24, 76], [26, 74], [27, 73], [22, 78], [23, 77], [21, 79], [26, 74]]}