{"M": 50, "G": 3, "I": 4, "J": 100, "p": [[0.7291758061645759, 0.07607413623142865, 0.021573712816720172, 0.17317634478727548], [0.178428232666503, 0.4181994674757037, 0.20226194250932708, 0.2011103573484663], [0.03692154969556357, 0.08959825887736461, 0.7779063949102077, 0.09557379651686392]], "r": [[[48, 5, 1, 11], [3, 8, 4, 4], [1, 0, 14, 1]], [[50, 6, 2, 9], [5, 3, 4, 6], [1, 2, 12, 0]], [[57, 6, 2, 16], [0, 2, 4, 3], [0, 2, 7, 1]], [[48, 6, 2, 13], [1, 4, 2, 2], [0, 0, 17, 5]], [[41, 4, 0, 11], [5, 9, 5, 5], [1, 3, 13, 3]], [[42, 5, 2, 8], [5, 9, 5, 5], [1, 0, 17, 1]], [[54, 8, 1, 10], [2, 5, 4, 3], [0, 1, 11, 1]], [[58, 3, 0, 13], [4, 3, 2, 1], [0, 3, 12, 1]], [[51, 7, 2, 13], [2, 8, 4, 0], [0, 1, 10, 2]], [[42, 9, 0, 14], [4, 11, 3, 4], [0, 0, 10, 3]], [[48, 3, 2, 13], [0, 7, 2, 4], [0, 3, 15, 3]], [[48, 8, 1, 12], [1, 7, 7, 2], [0, 1, 12, 1]], [[45, 7, 0, 19], [1, 5, 1, 5], [0, 0, 16, 1]], [[48, 6, 1, 9], [4, 7, 2, 5], [2, 3, 10, 3]], [[43, 10, 1, 9], [1, 9, 6, 2], [1, 3, 13, 2]], [[49, 6, 0, 11], [2, 8, 3, 3], [1, 1, 14, 2]], [[34, 8, 1, 7], [6, 8, 5, 11], [1, 0, 15, 4]], [[14, 2, 0, 5], [11, 25, 14, 10], [2, 2, 11, 4]], [[11, 2, 0, 3], [9, 33, 13, 11], [2, 1, 14, 1]], [[13, 1, 0, 1], [11, 22, 13, 11], [0, 1, 22, 5]], [[9, 1, 0, 3], [13, 28, 14, 13], [1, 2, 15, 1]], [[18, 0, 0, 3], [14, 28, 9, 12], [0, 1, 14, 1]], [[11, 1, 1, 1], [9, 25, 12, 15], [2, 3, 17, 3]], [[9, 1, 0, 3], [19, 27, 11, 15], [0, 4, 9, 2]], [[12, 2, 2, 5], [6, 35, 10, 15], [0, 2, 10, 1]], [[7, 1, 1, 10], [13, 25, 12, 12], [0, 1, 16, 2]], [[12, 1, 0, 0], [20, 24, 17, 8], [0, 2, 13, 3]], [[10, 2, 0, 3], [11, 42, 8, 11], [1, 1, 7, 4]], [[14, 1, 0, 1], [13, 18, 14, 21], [0, 1, 14, 3]], [[9, 1, 1, 2], [15, 29, 17, 15], [0, 0, 11, 0]], [[14, 1, 1, 2], [11, 24, 16, 10], [0, 3, 17, 1]], [[3, 0, 0, 2], [16, 31, 14, 18], [2, 2, 11, 1]], [[12, 0, 0, 4], [11, 36, 15, 9], [0, 1, 10, 2]], [[9, 4, 0, 1], [8, 16, 4, 10], [3, 2, 42, 1]], [[12, 0, 0, 3], [3, 8, 2, 6], [1, 4, 55, 6]], [[14, 0, 2, 2], [1, 10, 4, 3], [1, 6, 53, 4]], [[12, 0, 0, 2], [3, 5, 3, 4], [3, 7, 51, 10]], [[7, 0, 1, 6], [6, 11, 7, 2], [1, 6, 46, 7]], [[15, 0, 0, 3], [5, 3, 2, 4], [2, 2, 53, 11]], [[14, 2, 1, 2], [0, 8, 6, 4], [1, 9, 48, 5]], [[14, 0, 0, 5], [1, 5, 4, 3], [1, 8, 50, 9]], [[14, 2, 1, 1], [3, 11, 3, 1], [4, 4, 50, 6]], [[14, 3, 0, 6], [2, 6, 2, 1], [3, 7, 51, 5]], [[5, 0, 0, 3], [4, 8, 5, 4], [4, 6, 56, 5]], [[12, 2, 1, 3], [3, 6, 7, 2], [2, 4, 51, 7]], [[12, 0, 1, 3], [3, 10, 2, 1], [1, 9, 53, 5]], [[12, 2, 1, 7], [0, 9, 5, 0], [2, 1, 56, 5]], [[14, 1, 0, 1], [5, 9, 3, 3], [3, 8, 48, 5]], [[14, 0, 1, 0], [1, 9, 1, 6], [3, 5, 53, 7]], [[17, 1, 0, 5], [1, 7, 5, 2], [4, 6, 48, 4]]], "n": [[52, 13, 19, 16], [56, 11, 18, 15], [57, 10, 13, 20], [49, 10, 21, 20], [47, 16, 18, 19], [48, 14, 24, 14], [56, 14, 16, 14], [62, 9, 14, 15], [53, 16, 16, 15], [46, 20, 13, 21], [48, 13, 19, 20], [49, 16, 20, 15], [46, 12, 17, 25], [54, 16, 13, 17], [45, 22, 20, 13], [52, 15, 17, 16], [41, 16, 21, 22], [27, 29, 25, 19], [22, 36, 27, 15], [24, 24, 35, 17], [23, 31, 29, 17], [32, 29, 23, 16], [22, 29, 30, 19], [28, 32, 20, 20], [18, 39, 22, 21], [20, 27, 29, 24], [32, 27, 30, 11], [22, 45, 15, 18], [27, 20, 28, 25], [24, 30, 29, 17], [25, 28, 34, 13], [21, 33, 25, 21], [23, 37, 25, 15], [20, 22, 46, 12], [16, 12, 57, 15], [16, 16, 59, 9], [18, 12, 54, 16], [14, 17, 54, 15], [22, 5, 55, 18], [15, 19, 55, 11], [16, 13, 54, 17], [21, 17, 54, 8], [19, 16, 53, 12], [13, 14, 61, 12], [17, 12, 59, 12], [16, 19, 56, 9], [14, 12, 62, 12], [22, 18, 51, 9], [18, 14, 55, 13], [22, 14, 53, 11]], "lambda_": 0.5, "b": [[65, 19, 16], [67, 18, 15], [81, 9, 10], [69, 9, 22], [56, 24, 20], [57, 24, 19], [73, 14, 13], [74, 10, 16], [73, 14, 13], [65, 22, 13], [66, 13, 21], [69, 17, 14], [71, 12, 17], [64, 18, 18], [63, 18, 19], [66, 16, 18], [50, 30, 20], [21, 60, 19], [16, 66, 18], [15, 57, 28], [13, 68, 19], [21, 63, 16], [14, 61, 25], [13, 72, 15], [21, 66, 13], [19, 62, 19], [13, 69, 18], [15, 72, 13], [16, 66, 18], [13, 76, 11], [18, 61, 21], [5, 79, 16], [16, 71, 13], [14, 38, 48], [15, 19, 66], [18, 18, 64], [14, 15, 71], [14, 26, 60], [18, 14, 68], [19, 18, 63], [19, 13, 68], [18, 18, 64], [23, 11, 66], [8, 21, 71], [18, 18, 64], [16, 16, 68], [22, 14, 64], [16, 20, 64], [15, 17, 68], [23, 15, 62]]}