{"M": 50, "G": 2, "I": 2, "J": 100, "p": [[0.014743209941968996, 0.9852567900580309], [0.8265656098094235, 0.17343439019057644]], "r": [[[1, 77], [21, 1]], [[0, 73], [24, 3]], [[2, 76], [20, 2]], [[0, 76], [21, 3]], [[0, 79], [15, 6]], [[3, 70], [21, 6]], [[2, 66], [27, 5]], [[1, 77], [19, 3]], [[0, 72], [23, 5]], [[0, 69], [24, 7]], [[1, 73], [22, 4]], [[0, 74], [21, 5]], [[1, 80], [18, 1]], [[3, 72], [22, 3]], [[1, 65], [26, 8]], [[1, 77], [19, 3]], [[1, 73], [22, 4]], [[0, 75], [22, 3]], [[2, 70], [18, 10]], [[3, 80], [16, 1]], [[0, 70], [27, 3]], [[0, 77], [20, 3]], [[1, 81], [15, 3]], [[3, 68], [26, 3]], [[1, 67], [30, 2]], [[0, 30], [61, 9]], [[0, 29], [57, 14]], [[1, 22], [68, 9]], [[0, 22], [67, 11]], [[0, 27], [61, 12]], [[0, 36], [56, 8]], [[0, 19], [62, 19]], [[0, 17], [68, 15]], [[0, 23], [57, 20]], [[0, 16], [73, 11]], [[0, 24], [63, 13]], [[0, 24], [62, 14]], [[0, 21], [61, 18]], [[1, 21], [61, 17]], [[0, 30], [56, 14]], [[0, 30], [58, 12]], [[0, 19], [62, 19]], [[0, 25], [63, 12]], [[1, 29], [59, 11]], [[0, 34], [54, 12]], [[0, 34], [54, 12]], [[0, 25], [61, 14]], [[0, 29], [60, 11]], [[0, 23], [64, 13]], [[2, 24], [64, 10]]], "n": [[22, 78], [24, 76], [22, 78], [21, 79], [15, 85], [24, 76], [29, 71], [20, 80], [23, 77], [24, 76], [23, 77], [21, 79], [19, 81], [25, 75], [27, 73], [20, 80], [23, 77], [22, 78], [20, 80], [19, 81], [27, 73], [20, 80], [16, 84], [29, 71], [31, 69], [61, 39], [57, 43], [69, 31], [67, 33], [61, 39], [56, 44], [62, 38], [68, 32], [57, 43], [73, 27], [63, 37], [62, 38], [61, 39], [62, 38], [56, 44], [58, 42], [62, 38], [63, 37], [60, 40], [54, 46], [54, 46], [61, 39], [60, 40], [64, 36], [66, 34]], "lambda_": 0.5, "b": [[78, 22], [73, 27], [78, 22], [76, 24], [79, 21], [73, 27], [68, 32], [78, 22], [72, 28], [69, 31], [74, 26], [74, 26], [81, 19], [75, 25], [66, 34], [78, 22], [74, 26], [75, 25], [72, 28], [83, 17], [70, 30], [77, 23], [82, 18], [71, 29], [68, 32], [30, 70], [29, 71], [23, 77], [22, 78], [27, 73], [36, 64], [19, 81], [17, 83], [23, 77], [16, 84], [24, 76], [24, 76], [21, 79], [22, 78], [30, 70], [30, 70], [19, 81], [25, 75], [30, 70], [34, 66], [34, 66], [25, 75], [29, 71], [23, 77], [26, 74]]}