{"M": 50, "G": 4, "I": 3, "J": 100, "p": [[0.26486681729550876, 0.5738223713514039, 0.16131081135308734], [0.02619029880018504, 0.5759826742791071, 0.397827026920708], [0.5308246993427004, 0.44833211672477563, 0.02084318393252381], [0.12958245300864712, 0.8522993519777204, 0.018118195013632533]], "r": [[[15, 33, 8], [1, 7, 5], [12, 3, 0], [3, 13, 0]], [[15, 40, 11], [0, 5, 5], [4, 3, 0], [1, 16, 0]], [[14, 30, 10], [0, 8, 6], [12, 13, 0], [1, 6, 0]], [[12, 36, 5], [0, 8, 7], [9, 9, 1], [0, 12, 1]], [[17, 35, 8], [0, 5, 7], [7, 5, 0], [1, 14, 1]], [[16, 35, 5], [2, 5, 5], [12, 5, 0], [1, 13, 1]], [[11, 54, 9], [2, 5, 4], [5, 2, 0], [1, 7, 0]], [[15, 49, 7], [1, 7, 10], [5, 2, 0], [2, 2, 0]], [[12, 40, 18], [0, 6, 3], [8, 3, 0], [1, 9, 0]], [[22, 34, 4], [0, 3, 7], [4, 5, 1], [2, 17, 1]], [[17, 44, 7], [0, 5, 4], [5, 5, 0], [2, 11, 0]], [[16, 38, 15], [1, 5, 1], [11, 3, 0], [1, 9, 0]], [[15, 24, 3], [0, 24, 12], [9, 2, 0], [2, 9, 0]], [[0, 6, 2], [0, 41, 31], [4, 4, 0], [1, 10, 1]], [[7, 13, 4], [2, 38, 12], [7, 5, 0], [1, 11, 0]], [[4, 10, 2], [1, 32, 21], [6, 10, 0], [1, 13, 0]], [[4, 5, 3], [3, 38, 22], [8, 6, 0], [2, 9, 0]], [[7, 3, 2], [3, 30, 35], [5, 7, 0], [0, 8, 0]], [[2, 6, 3], [3, 32, 25], [10, 8, 0], [1, 10, 0]], [[3, 10, 1], [4, 29, 28], [6, 2, 0], [3, 14, 0]], [[2, 4, 0], [2, 39, 35], [5, 3, 1], [1, 8, 0]], [[2, 6, 3], [4, 32, 29], [7, 6, 0], [1, 10, 0]], [[4, 6, 1], [2, 39, 23], [5, 7, 1], [0, 12, 0]], [[1, 8, 3], [1, 31, 27], [9, 4, 1], [3, 11, 1]], [[2, 3, 3], [1, 40, 20], [10, 3, 1], [3, 14, 0]], [[6, 5, 1], [0, 6, 10], [31, 32, 0], [2, 7, 0]], [[5, 10, 4], [0, 9, 4], [23, 30, 2], [3, 10, 0]], [[5, 6, 1], [1, 9, 9], [33, 29, 0], [0, 7, 0]], [[4, 4, 2], [1, 6, 9], [38, 23, 3], [0, 10, 0]], [[3, 7, 2], [0, 8, 5], [36, 24, 1], [1, 13, 0]], [[2, 12, 4], [0, 5, 3], [38, 22, 1], [1, 12, 0]], [[3, 9, 1], [0, 13, 6], [31, 27, 0], [2, 8, 0]], [[3, 8, 0], [0, 8, 2], [37, 29, 2], [2, 9, 0]], [[2, 2, 0], [0, 8, 7], [32, 35, 2], [2, 10, 0]], [[4, 9, 1], [0, 6, 5], [26, 31, 0], [3, 15, 0]], [[5, 8, 1], [0, 6, 5], [36, 27, 3], [0, 9, 0]], [[4, 4, 8], [0, 5, 4], [31, 27, 0], [2, 15, 0]], [[3, 2, 0], [0, 9, 5], [22, 23, 0], [3, 32, 1]], [[7, 8, 3], [0, 8, 7], [7, 1, 0], [11, 47, 1]], [[3, 9, 1], [0, 5, 3], [9, 5, 1], [6, 56, 2]], [[2, 8, 3], [0, 8, 5], [11, 4, 1], [12, 45, 1]], [[4, 9, 2], [0, 8, 3], [2, 6, 0], [11, 55, 0]], [[2, 6, 2], [0, 6, 9], [6, 8, 0], [4, 56, 1]], [[5, 6, 2], [1, 4, 8], [6, 7, 0], [9, 50, 2]], [[1, 9, 2], [0, 8, 3], [8, 6, 0], [10, 50, 3]], [[2, 5, 2], [0, 6, 8], [7, 6, 0], [7, 56, 1]], [[1, 7, 2], [2, 5, 4], [4, 4, 0], [9, 60, 2]], [[3, 9, 1], [0, 3, 4], [8, 7, 0], [11, 54, 0]], [[4, 4, 2], [0, 6, 6], [7, 6, 2], [6, 56, 1]], [[4, 6, 2], [0, 11, 4], [3, 5, 0], [9, 56, 0]]], "n": [[31, 56, 13], [20, 64, 16], [27, 57, 16], [21, 65, 14], [25, 59, 16], [31, 58, 11], [19, 68, 13], [23, 60, 17], [21, 58, 21], [28, 59, 13], [24, 65, 11], [29, 55, 16], [26, 59, 15], [5, 61, 34], [17, 67, 16], [12, 65, 23], [17, 58, 25], [15, 48, 37], [16, 56, 28], [16, 55, 29], [10, 54, 36], [14, 54, 32], [11, 64, 25], [14, 54, 32], [16, 60, 24], [39, 50, 11], [31, 59, 10], [39, 51, 10], [43, 43, 14], [40, 52, 8], [41, 51, 8], [36, 57, 7], [42, 54, 4], [36, 55, 9], [33, 61, 6], [41, 50, 9], [37, 51, 12], [28, 66, 6], [25, 64, 11], [18, 75, 7], [25, 65, 10], [17, 78, 5], [12, 76, 12], [21, 67, 12], [19, 73, 8], [16, 73, 11], [16, 76, 8], [22, 73, 5], [17, 72, 11], [16, 78, 6]], "lambda_": 0.5, "b": [[56, 13, 15, 16], [66, 10, 7, 17], [54, 14, 25, 7], [53, 15, 19, 13], [60, 12, 12, 16], [56, 12, 17, 15], [74, 11, 7, 8], [71, 18, 7, 4], [70, 9, 11, 10], [60, 10, 10, 20], [68, 9, 10, 13], [69, 7, 14, 10], [42, 36, 11, 11], [8, 72, 8, 12], [24, 52, 12, 12], [16, 54, 16, 14], [12, 63, 14, 11], [12, 68, 12, 8], [11, 60, 18, 11], [14, 61, 8, 17], [6, 76, 9, 9], [11, 65, 13, 11], [11, 64, 13, 12], [12, 59, 14, 15], [8, 61, 14, 17], [12, 16, 63, 9], [19, 13, 55, 13], [12, 19, 62, 7], [10, 16, 64, 10], [12, 13, 61, 14], [18, 8, 61, 13], [13, 19, 58, 10], [11, 10, 68, 11], [4, 15, 69, 12], [14, 11, 57, 18], [14, 11, 66, 9], [16, 9, 58, 17], [5, 14, 45, 36], [18, 15, 8, 59], [13, 8, 15, 64], [13, 13, 16, 58], [15, 11, 8, 66], [10, 15, 14, 61], [13, 13, 13, 61], [12, 11, 14, 63], [9, 14, 13, 64], [10, 11, 8, 71], [13, 7, 15, 65], [10, 12, 15, 63], [12, 15, 8, 65]]}