{"M": 50, "G": 2, "I": 2, "J": 100, "p": [[0.29751148897057095, 0.7024885110294291], [0.00031761382895504226, 0.9996823861710448]], "r": [[[20, 58], [0, 22]], [[27, 48], [0, 25]], [[19, 49], [0, 32]], [[32, 47], [0, 21]], [[29, 49], [0, 22]], [[22, 52], [0, 26]], [[22, 48], [1, 29]], [[16, 65], [0, 19]], [[23, 56], [0, 21]], [[25, 51], [0, 24]], [[24, 49], [0, 27]], [[19, 57], [0, 24]], [[25, 53], [0, 22]], [[19, 58], [0, 23]], [[28, 56], [0, 16]], [[25, 48], [0, 27]], [[25, 53], [0, 22]], [[19, 60], [0, 21]], [[22, 48], [0, 30]], [[25, 52], [0, 23]], [[20, 46], [0, 34]], [[22, 47], [0, 31]], [[21, 56], [0, 23]], [[25, 52], [0, 23]], [[17, 57], [0, 26]], [[9, 15], [0, 76]], [[3, 17], [0, 80]], [[7, 20], [0, 73]], [[8, 12], [0, 80]], [[9, 26], [0, 65]], [[4, 24], [0, 72]], [[7, 20], [0, 73]], [[6, 18], [0, 76]], [[5, 14], [0, 81]], [[5, 16], [0, 79]], [[8, 17], [1, 74]], [[5, 16], [0, 79]], [[10, 19], [0, 71]], [[4, 19], [0, 77]], [[11, 19], [0, 70]], [[8, 19], [0, 73]], [[2, 16], [0, 82]], [[4, 16], [0, 80]], [[5, 15], [0, 80]], [[7, 18], [0, 75]], [[7, 26], [0, 67]], [[11, 4], [0, 85]], [[6, 23], [0, 71]], [[11, 18], [0, 71]], [[9, 18], [0, 73]]], "n": [[20, 80], [27, 73], [19, 81], [32, 68], [29, 71], [22, 78], [23, 77], [16, 84], [23, 77], [25, 75], [24, 76], [19, 81], [25, 75], [19, 81], [28, 72], [25, 75], [25, 75], [19, 81], [22, 78], [25, 75], [20, 80], [22, 78], [21, 79], [25, 75], [17, 83], [9, 91], [3, 97], [7, 93], [8, 92], [9, 91], [4, 96], [7, 93], [6, 94], [5, 95], [5, 95], [9, 91], [5, 95], [10, 90], [4, 96], [11, 89], [8, 92], [2, 98], [4, 96], [5, 95], [7, 93], [7, 93], [11, 89], [6, 94], [11, 89], [9, 91]], "lambda_": 0.5, "b": [[78, 22], [75, 25], [68, 32], [79, 21], [78, 22], [74, 26], [70, 30], [81, 19], [79, 21], [76, 24], [73, 27], [76, 24], [78, 22], [77, 23], [84, 16], [73, 27], [78, 22], [79, 21], [70, 30], [77, 23], [66, 34], [69, 31], [77, 23], [77, 23], [74, 26], [24, 76], [20, 80], [27, 73], [20, 80], [35, 65], [28, 72], [27, 73], [24, 76], [19, 81], [21, 79], [25, 75], [21, 79], [29, 71], [23, 77], [30, 70], [27, 73], [18, 82], [20, 80], [20, 80], [25, 75], [33, 67], [15, 85], [29, 71], [29, 71], [27, 73]]}