{"M": 50, "G": 3, "I": 4, "J": 100, "p": [[0.16948671322645967, 0.34852867125185555, 0.48008648579103436, 0.0018981297306503366], [0.07998728129993206, 0.6820295165991593, 0.15530687378570474, 0.08267632831520381], [0.2510516819110494, 0.08102944132224103, 0.5321726791732969, 0.13574619759341275]], "r": [[[14, 27, 32, 1], [0, 9, 1, 2], [3, 2, 7, 2]], [[15, 29, 27, 0], [2, 9, 1, 0], [6, 2, 9, 0]], [[8, 28, 28, 0], [0, 14, 5, 1], [4, 3, 7, 2]], [[8, 28, 32, 1], [3, 10, 2, 1], [5, 2, 7, 1]], [[11, 23, 31, 0], [1, 11, 4, 2], [4, 1, 9, 3]], [[15, 29, 26, 0], [0, 8, 2, 0], [3, 1, 13, 3]], [[10, 25, 28, 0], [1, 20, 4, 0], [2, 2, 8, 0]], [[13, 19, 34, 0], [1, 12, 0, 1], [6, 2, 9, 3]], [[10, 30, 31, 0], [1, 11, 1, 1], [5, 0, 9, 1]], [[10, 23, 23, 1], [3, 9, 7, 2], [5, 3, 11, 3]], [[8, 25, 35, 0], [4, 4, 5, 2], [4, 1, 9, 3]], [[15, 22, 30, 0], [0, 14, 1, 0], [6, 0, 9, 3]], [[7, 22, 34, 0], [2, 8, 4, 4], [6, 0, 12, 1]], [[8, 21, 35, 0], [1, 8, 4, 1], [4, 2, 12, 4]], [[8, 18, 36, 0], [2, 16, 3, 2], [3, 1, 10, 1]], [[10, 16, 41, 1], [0, 13, 2, 1], [4, 3, 7, 2]], [[11, 19, 26, 0], [2, 21, 3, 2], [4, 1, 8, 3]], [[3, 2, 7, 0], [4, 44, 16, 2], [2, 1, 16, 3]], [[2, 6, 6, 0], [1, 47, 9, 4], [6, 3, 10, 6]], [[3, 4, 8, 0], [5, 48, 10, 7], [7, 0, 7, 1]], [[3, 12, 5, 0], [6, 46, 14, 3], [3, 0, 5, 3]], [[6, 4, 8, 0], [6, 52, 9, 2], [2, 0, 9, 2]], [[2, 6, 9, 0], [4, 45, 14, 3], [3, 2, 8, 4]], [[1, 6, 8, 0], [9, 43, 15, 4], [2, 2, 10, 0]], [[2, 5, 11, 0], [6, 51, 6, 5], [2, 1, 9, 2]], [[6, 7, 3, 1], [7, 48, 10, 5], [5, 1, 6, 1]], [[3, 9, 7, 0], [6, 48, 9, 4], [6, 1, 7, 0]], [[1, 3, 13, 0], [2, 43, 14, 8], [3, 2, 7, 4]], [[3, 8, 5, 0], [3, 49, 9, 6], [1, 0, 12, 4]], [[2, 1, 8, 0], [9, 43, 9, 8], [6, 0, 8, 6]], [[1, 9, 12, 0], [5, 44, 9, 3], [1, 2, 12, 2]], [[3, 7, 8, 0], [4, 47, 11, 4], [1, 2, 8, 5]], [[3, 10, 5, 1], [5, 35, 9, 7], [6, 3, 12, 4]], [[3, 8, 3, 0], [4, 18, 6, 1], [15, 3, 32, 7]], [[1, 5, 6, 0], [1, 15, 0, 1], [14, 11, 31, 15]], [[3, 8, 8, 0], [0, 8, 1, 1], [22, 1, 39, 9]], [[5, 4, 6, 0], [0, 13, 1, 0], [18, 6, 39, 8]], [[2, 4, 8, 0], [1, 16, 3, 3], [13, 6, 35, 9]], [[3, 7, 4, 0], [1, 11, 2, 5], [21, 3, 31, 12]], [[4, 4, 9, 0], [0, 14, 5, 1], [16, 6, 29, 12]], [[2, 10, 9, 0], [1, 14, 1, 1], [14, 4, 36, 8]], [[3, 4, 10, 0], [1, 13, 2, 2], [14, 6, 34, 11]], [[2, 8, 9, 0], [2, 14, 1, 0], [17, 3, 32, 12]], [[1, 4, 5, 0], [1, 7, 3, 2], [13, 7, 47, 10]], [[2, 9, 6, 0], [1, 14, 6, 3], [18, 3, 30, 8]], [[1, 6, 14, 0], [0, 13, 3, 2], [20, 4, 26, 11]], [[2, 5, 9, 0], [0, 13, 4, 3], [13, 5, 37, 9]], [[4, 8, 8, 0], [1, 13, 1, 4], [14, 7, 33, 7]], [[3, 5, 8, 1], [0, 15, 6, 1], [15, 9, 34, 3]], [[0, 5, 14, 0], [1, 8, 3, 1], [19, 11, 29, 9]]], "n": [[17, 38, 40, 5], [23, 40, 37, 0], [12, 45, 40, 3], [16, 40, 41, 3], [16, 35, 44, 5], [18, 38, 41, 3], [13, 47, 40, 0], [20, 33, 43, 4], [16, 41, 41, 2], [18, 35, 41, 6], [16, 30, 49, 5], [21, 36, 40, 3], [15, 30, 50, 5], [13, 31, 51, 5], [13, 35, 49, 3], [14, 32, 50, 4], [17, 41, 37, 5], [9, 47, 39, 5], [9, 56, 25, 10], [15, 52, 25, 8], [12, 58, 24, 6], [14, 56, 26, 4], [9, 53, 31, 7], [12, 51, 33, 4], [10, 57, 26, 7], [18, 56, 19, 7], [15, 58, 23, 4], [6, 48, 34, 12], [7, 57, 26, 10], [17, 44, 25, 14], [7, 55, 33, 5], [8, 56, 27, 9], [14, 48, 26, 12], [22, 29, 41, 8], [16, 31, 37, 16], [25, 17, 48, 10], [23, 23, 46, 8], [16, 26, 46, 12], [25, 21, 37, 17], [20, 24, 43, 13], [17, 28, 46, 9], [18, 23, 46, 13], [21, 25, 42, 12], [15, 18, 55, 12], [21, 26, 42, 11], [21, 23, 43, 13], [15, 23, 50, 12], [19, 28, 42, 11], [18, 29, 48, 5], [20, 24, 46, 10]], "lambda_": 0.5, "b": [[74, 12, 14], [71, 12, 17], [64, 20, 16], [69, 16, 15], [65, 18, 17], [70, 10, 20], [63, 25, 12], [66, 14, 20], [71, 14, 15], [57, 21, 22], [68, 15, 17], [67, 15, 18], [63, 18, 19], [64, 14, 22], [62, 23, 15], [68, 16, 16], [56, 28, 16], [12, 66, 22], [14, 61, 25], [15, 70, 15], [20, 69, 11], [18, 69, 13], [17, 66, 17], [15, 71, 14], [18, 68, 14], [17, 70, 13], [19, 67, 14], [17, 67, 16], [16, 67, 17], [11, 69, 20], [22, 61, 17], [18, 66, 16], [19, 56, 25], [14, 29, 57], [12, 17, 71], [19, 10, 71], [15, 14, 71], [14, 23, 63], [14, 19, 67], [17, 20, 63], [21, 17, 62], [17, 18, 65], [19, 17, 64], [10, 13, 77], [17, 24, 59], [21, 18, 61], [16, 20, 64], [20, 19, 61], [17, 22, 61], [19, 13, 68]]}