{"M": 50, "G": 4, "I": 10, "J": 100, "p": [[0.03722007240600084, 0.10908437447685727, 0.11784646370736214, 0.006874941986419378, 0.0659039693392477, 0.03718022718294757, 0.17190609579094332, 0.02633725933365949, 0.010740806916152435, 0.41690578886040985], [0.14673895330909076, 0.014366663143133332, 0.2268965385650288, 0.03052185574293443, 0.050964679802890864, 0.06146641749906182, 0.21102591149970712, 0.11042169790901495, 0.04284264910101868, 0.10475463342811923], [0.013250987302843993, 0.256850768624498, 0.08595952150947349, 0.06569266432504305, 0.03884849397216915, 0.004543834327340669, 0.14359733763946944, 0.0806029761315524, 0.149913861489711, 0.16073955467789863], [0.012188846753831348, 0.1752786731471992, 0.008905983585118637, 0.187845388056902, 0.09525442031484346, 0.10261763664422197, 0.17592191677477387, 0.19041692058761223, 0.04969294356548518, 0.001877270570012024]], "r": [[[3, 8, 6, 0, 3, 3, 10, 0, 0, 36], [1, 1, 4, 0, 0, 0, 2, 2, 0, 0], [0, 4, 0, 2, 2, 0, 0, 1, 1, 0], [0, 1, 0, 1, 2, 0, 3, 1, 3, 0]], [[1, 8, 8, 0, 3, 3, 9, 4, 3, 24], [1, 0, 1, 0, 1, 2, 4, 1, 0, 2], [0, 5, 1, 1, 1, 0, 2, 1, 0, 1], [0, 4, 1, 1, 0, 1, 4, 1, 1, 0]], [[1, 10, 9, 0, 4, 1, 9, 2, 2, 25], [3, 0, 4, 0, 3, 1, 1, 0, 1, 3], [0, 3, 1, 1, 0, 0, 1, 2, 2, 1], [0, 1, 0, 2, 0, 1, 2, 3, 1, 0]], [[0, 6, 5, 0, 6, 3, 15, 2, 0, 29], [1, 0, 1, 0, 0, 2, 0, 3, 1, 1], [0, 1, 0, 2, 1, 1, 4, 2, 1, 1], [0, 0, 0, 4, 2, 0, 2, 4, 0, 0]], [[1, 7, 3, 0, 6, 2, 10, 1, 0, 24], [0, 0, 4, 1, 1, 0, 3, 0, 0, 3], [0, 8, 5, 1, 1, 0, 1, 3, 2, 2], [0, 0, 0, 3, 0, 2, 4, 1, 0, 1]], [[2, 8, 6, 0, 3, 4, 9, 1, 0, 25], [2, 0, 2, 0, 0, 0, 5, 5, 0, 2], [0, 0, 2, 0, 0, 0, 1, 3, 0, 0], [1, 3, 0, 4, 2, 1, 3, 5, 1, 0]], [[2, 8, 2, 0, 4, 5, 8, 1, 2, 23], [4, 0, 2, 0, 1, 1, 4, 2, 0, 3], [0, 4, 1, 2, 0, 0, 0, 1, 3, 3], [0, 1, 0, 2, 4, 0, 3, 3, 1, 0]], [[1, 9, 5, 0, 4, 3, 12, 1, 1, 28], [2, 0, 3, 0, 0, 2, 6, 2, 2, 1], [0, 2, 1, 1, 0, 0, 3, 0, 2, 1], [0, 1, 0, 3, 1, 1, 1, 1, 0, 0]], [[5, 4, 3, 1, 6, 2, 8, 2, 1, 26], [4, 0, 4, 0, 1, 1, 4, 0, 1, 2], [0, 3, 0, 0, 0, 0, 0, 0, 4, 1], [0, 4, 0, 5, 1, 2, 0, 4, 1, 0]], [[0, 8, 8, 0, 5, 2, 10, 1, 0, 22], [2, 0, 3, 0, 0, 3, 3, 2, 0, 0], [0, 7, 0, 0, 0, 0, 0, 2, 2, 1], [0, 2, 0, 2, 1, 6, 2, 4, 2, 0]], [[1, 10, 8, 0, 6, 3, 13, 1, 0, 26], [0, 0, 1, 1, 2, 2, 1, 1, 0, 2], [0, 2, 2, 0, 0, 0, 0, 1, 0, 3], [0, 4, 0, 1, 0, 3, 1, 3, 2, 0]], [[0, 5, 9, 0, 5, 3, 9, 0, 2, 30], [1, 0, 1, 0, 0, 0, 2, 1, 1, 4], [0, 3, 3, 2, 1, 0, 4, 0, 2, 3], [0, 2, 0, 3, 0, 1, 1, 2, 0, 0]], [[1, 4, 4, 0, 3, 1, 5, 1, 2, 21], [5, 1, 7, 4, 0, 2, 3, 3, 3, 4], [0, 1, 2, 1, 0, 0, 3, 1, 3, 0], [0, 5, 0, 2, 0, 1, 2, 3, 2, 0]], [[1, 0, 1, 0, 0, 0, 0, 1, 0, 6], [13, 0, 13, 5, 4, 1, 12, 6, 2, 9], [0, 3, 1, 0, 0, 0, 4, 2, 1, 2], [0, 2, 0, 3, 2, 4, 1, 1, 0, 0]], [[2, 3, 3, 0, 2, 1, 2, 0, 0, 6], [7, 0, 13, 2, 3, 0, 12, 7, 5, 9], [0, 6, 0, 0, 1, 0, 1, 1, 1, 1], [0, 0, 0, 3, 0, 3, 6, 0, 0, 0]], [[0, 2, 0, 0, 1, 0, 1, 0, 1, 5], [7, 1, 14, 3, 7, 3, 16, 4, 5, 8], [2, 2, 0, 0, 0, 0, 1, 1, 1, 2], [0, 2, 0, 1, 1, 0, 6, 3, 0, 0]], [[0, 1, 0, 0, 1, 3, 3, 1, 0, 7], [13, 0, 13, 0, 4, 4, 11, 5, 2, 7], [0, 1, 1, 0, 1, 0, 3, 0, 2, 3], [0, 2, 1, 1, 2, 1, 3, 2, 2, 0]], [[1, 2, 3, 0, 1, 0, 3, 0, 0, 3], [10, 1, 14, 1, 5, 3, 13, 8, 1, 6], [0, 3, 1, 0, 0, 0, 4, 1, 1, 2], [0, 2, 0, 1, 1, 4, 4, 1, 0, 0]], [[0, 2, 6, 0, 0, 1, 0, 0, 0, 6], [11, 1, 12, 1, 7, 4, 10, 9, 1, 3], [0, 2, 0, 2, 1, 0, 1, 1, 3, 2], [0, 1, 0, 3, 1, 4, 4, 0, 1, 0]], [[0, 0, 1, 0, 2, 1, 2, 0, 1, 3], [9, 1, 14, 6, 4, 3, 15, 3, 5, 3], [0, 5, 3, 2, 1, 0, 0, 0, 3, 0], [0, 4, 0, 4, 0, 2, 1, 1, 1, 0]], [[0, 1, 1, 0, 0, 1, 3, 1, 0, 4], [13, 0, 13, 3, 3, 5, 9, 8, 4, 2], [0, 4, 0, 1, 2, 0, 4, 4, 0, 3], [0, 1, 1, 2, 0, 0, 3, 4, 0, 0]], [[0, 2, 3, 0, 0, 0, 3, 1, 0, 4], [5, 3, 12, 1, 3, 2, 13, 7, 5, 11], [0, 3, 0, 0, 0, 0, 0, 2, 1, 4], [0, 2, 1, 6, 2, 3, 0, 1, 0, 0]], [[0, 2, 1, 1, 1, 0, 2, 0, 0, 12], [6, 0, 14, 2, 4, 2, 15, 7, 2, 4], [0, 4, 0, 1, 1, 0, 5, 1, 0, 1], [0, 1, 0, 1, 1, 2, 3, 4, 0, 0]], [[1, 2, 2, 0, 0, 0, 2, 0, 0, 4], [10, 0, 13, 2, 8, 4, 11, 3, 5, 4], [0, 2, 0, 1, 3, 0, 2, 2, 3, 2], [1, 3, 1, 2, 1, 1, 3, 1, 1, 0]], [[0, 3, 0, 1, 0, 2, 1, 1, 0, 3], [9, 2, 15, 2, 3, 1, 10, 5, 1, 8], [1, 8, 1, 2, 2, 0, 1, 0, 4, 2], [0, 0, 0, 3, 2, 2, 3, 1, 1, 0]], [[0, 2, 2, 0, 0, 0, 3, 0, 0, 12], [4, 0, 2, 0, 3, 2, 3, 2, 0, 0], [2, 11, 1, 4, 3, 0, 9, 4, 8, 10], [0, 4, 0, 6, 1, 1, 0, 1, 0, 0]], [[2, 1, 1, 0, 0, 1, 1, 0, 0, 4], [1, 0, 5, 0, 1, 1, 2, 0, 0, 0], [1, 12, 5, 9, 1, 0, 11, 3, 13, 8], [0, 4, 0, 4, 1, 1, 2, 5, 0, 0]], [[0, 3, 3, 0, 2, 0, 2, 0, 1, 6], [2, 0, 0, 0, 1, 0, 3, 1, 1, 4], [0, 12, 9, 7, 0, 0, 5, 9, 9, 11], [0, 1, 0, 1, 2, 0, 2, 3, 0, 0]], [[0, 2, 0, 0, 0, 1, 2, 0, 0, 4], [2, 0, 0, 0, 2, 3, 1, 4, 0, 2], [1, 18, 8, 4, 2, 0, 8, 5, 9, 16], [0, 1, 0, 2, 1, 0, 1, 1, 0, 0]], [[1, 1, 2, 0, 2, 0, 5, 0, 0, 2], [3, 0, 6, 1, 0, 2, 2, 1, 0, 0], [1, 20, 1, 2, 5, 1, 9, 4, 5, 10], [0, 0, 0, 7, 0, 3, 1, 3, 0, 0]], [[0, 2, 2, 1, 2, 0, 2, 0, 0, 8], [3, 0, 3, 0, 0, 1, 2, 1, 1, 2], [0, 10, 5, 3, 3, 0, 12, 3, 4, 17], [0, 3, 1, 2, 1, 2, 2, 1, 1, 0]], [[0, 2, 1, 0, 1, 0, 1, 0, 0, 6], [3, 0, 2, 3, 0, 1, 2, 1, 0, 4], [1, 17, 17, 2, 2, 0, 9, 2, 8, 8], [0, 0, 0, 1, 1, 0, 2, 3, 0, 0]], [[1, 1, 3, 0, 0, 1, 0, 0, 0, 2], [1, 1, 2, 1, 1, 0, 4, 1, 1, 2], [3, 16, 8, 3, 1, 0, 8, 2, 13, 11], [0, 0, 0, 2, 0, 4, 1, 5, 1, 0]], [[0, 5, 2, 0, 1, 1, 4, 1, 0, 3], [0, 0, 2, 0, 1, 0, 2, 1, 1, 2], [0, 20, 6, 1, 6, 0, 8, 2, 8, 11], [0, 1, 0, 4, 1, 1, 1, 4, 0, 0]], [[0, 2, 0, 0, 1, 1, 1, 1, 0, 5], [2, 0, 3, 0, 1, 0, 4, 4, 0, 0], [0, 12, 7, 7, 3, 0, 7, 7, 7, 13], [1, 1, 0, 2, 1, 1, 2, 3, 0, 1]], [[1, 1, 0, 0, 0, 0, 1, 0, 2, 3], [1, 1, 1, 1, 2, 0, 6, 2, 0, 2], [0, 18, 4, 4, 3, 0, 8, 11, 11, 8], [0, 1, 0, 2, 2, 1, 2, 1, 0, 0]], [[0, 3, 1, 0, 0, 0, 6, 0, 0, 5], [2, 0, 6, 0, 2, 0, 1, 1, 0, 0], [0, 21, 4, 3, 3, 0, 6, 7, 11, 6], [0, 2, 0, 2, 0, 4, 1, 2, 1, 0]], [[0, 1, 3, 1, 0, 0, 4, 1, 0, 7], [1, 0, 3, 0, 1, 0, 3, 3, 0, 0], [0, 8, 1, 3, 3, 0, 7, 5, 4, 5], [2, 6, 0, 7, 4, 2, 6, 6, 3, 0]], [[0, 2, 1, 0, 1, 1, 0, 1, 1, 5], [3, 0, 3, 0, 0, 1, 4, 3, 0, 2], [1, 2, 1, 0, 1, 0, 2, 0, 1, 3], [1, 12, 0, 4, 3, 9, 16, 14, 2, 0]], [[0, 4, 0, 1, 2, 0, 4, 0, 0, 0], [1, 0, 4, 0, 3, 1, 3, 0, 1, 3], [1, 5, 0, 1, 0, 0, 2, 1, 3, 2], [0, 8, 0, 13, 6, 8, 12, 10, 1, 0]], [[0, 2, 3, 0, 2, 0, 2, 0, 0, 4], [3, 0, 4, 2, 0, 2, 1, 1, 0, 2], [0, 4, 0, 0, 0, 0, 1, 0, 3, 2], [0, 10, 1, 9, 9, 4, 11, 15, 3, 0]], [[0, 1, 4, 1, 0, 2, 2, 0, 0, 3], [5, 0, 1, 0, 0, 0, 5, 0, 1, 1], [1, 2, 1, 1, 0, 0, 2, 2, 4, 2], [0, 11, 1, 6, 7, 3, 14, 16, 1, 0]], [[1, 2, 2, 0, 2, 0, 3, 0, 0, 6], [0, 0, 1, 0, 0, 2, 2, 1, 1, 2], [0, 4, 2, 0, 0, 0, 1, 2, 1, 4], [0, 11, 1, 6, 5, 4, 14, 17, 3, 0]], [[0, 3, 1, 0, 1, 1, 3, 1, 0, 4], [2, 1, 1, 0, 1, 1, 5, 0, 0, 2], [1, 1, 0, 0, 1, 0, 0, 1, 1, 0], [2, 15, 0, 8, 7, 10, 13, 8, 5, 0]], [[0, 1, 2, 1, 1, 0, 2, 0, 0, 3], [1, 1, 4, 0, 0, 2, 1, 1, 0, 1], [0, 2, 1, 1, 1, 0, 7, 1, 4, 1], [0, 22, 0, 10, 4, 3, 9, 11, 1, 1]], [[1, 1, 2, 0, 0, 1, 2, 0, 0, 3], [3, 0, 2, 0, 3, 0, 4, 1, 0, 2], [0, 3, 1, 1, 1, 0, 1, 4, 1, 1], [1, 11, 3, 5, 7, 5, 16, 8, 6, 0]], [[0, 0, 2, 0, 2, 1, 1, 0, 0, 8], [2, 0, 3, 0, 0, 1, 4, 1, 0, 2], [0, 3, 0, 1, 0, 0, 0, 0, 2, 0], [1, 6, 0, 22, 6, 3, 13, 11, 4, 1]], [[1, 1, 1, 0, 1, 0, 2, 0, 0, 2], [1, 0, 2, 1, 0, 1, 4, 1, 0, 4], [0, 7, 2, 2, 0, 0, 0, 1, 3, 2], [1, 11, 0, 7, 7, 4, 12, 14, 5, 0]], [[0, 0, 2, 0, 0, 1, 5, 1, 0, 5], [3, 0, 2, 0, 0, 1, 4, 3, 2, 0], [0, 3, 2, 1, 0, 0, 1, 1, 2, 4], [0, 11, 0, 7, 8, 4, 11, 15, 1, 0]], [[1, 1, 1, 0, 1, 0, 1, 1, 1, 2], [0, 0, 3, 0, 0, 0, 2, 2, 1, 0], [0, 4, 0, 1, 1, 0, 1, 2, 2, 3], [1, 14, 3, 12, 5, 7, 11, 13, 3, 0]]],