{"M": 50, "G": 4, "I": 3, "J": 100, "p": [[0.16462456721633445, 0.42313389130268786, 0.41224154148097764], [0.582351120333567, 0.012580030813523983, 0.40506884885290895], [0.20877069949759983, 0.3206161607287713, 0.47061313977362884], [0.11962298431176888, 0.1764702743451849, 0.7039067413430462]], "r": [[[8, 29, 25], [9, 0, 3], [2, 5, 7], [1, 5, 6]], [[7, 25, 27], [6, 0, 5], [4, 4, 7], [0, 1, 14]], [[6, 23, 32], [9, 0, 5], [3, 3, 6], [1, 2, 10]], [[20, 20, 24], [8, 0, 4], [2, 4, 9], [0, 3, 6]], [[11, 21, 31], [9, 0, 6], [1, 3, 5], [2, 2, 9]], [[11, 26, 21], [8, 0, 5], [7, 2, 7], [3, 0, 10]], [[13, 15, 24], [7, 0, 11], [3, 3, 9], [1, 2, 12]], [[4, 25, 29], [5, 0, 10], [3, 2, 6], [2, 2, 12]], [[11, 35, 17], [3, 0, 4], [4, 2, 11], [0, 2, 11]], [[12, 26, 22], [8, 0, 6], [3, 6, 3], [1, 5, 8]], [[18, 28, 21], [6, 0, 2], [4, 4, 5], [1, 2, 9]], [[11, 25, 32], [4, 0, 3], [5, 1, 6], [1, 2, 10]], [[5, 21, 12], [21, 1, 14], [1, 3, 7], [2, 2, 11]], [[1, 6, 9], [35, 1, 25], [3, 3, 8], [1, 2, 6]], [[2, 2, 5], [44, 1, 27], [1, 7, 3], [1, 1, 6]], [[0, 4, 5], [41, 0, 31], [1, 7, 4], [1, 0, 6]], [[5, 8, 3], [36, 2, 25], [3, 6, 4], [0, 1, 7]], [[2, 5, 7], [27, 2, 24], [1, 2, 13], [3, 3, 11]], [[1, 5, 5], [36, 0, 32], [2, 4, 4], [0, 1, 10]], [[1, 5, 9], [31, 1, 26], [1, 5, 8], [1, 1, 11]], [[1, 10, 2], [30, 1, 28], [2, 4, 8], [0, 5, 9]], [[0, 4, 8], [38, 0, 30], [2, 2, 9], [1, 1, 5]], [[3, 2, 6], [40, 2, 24], [5, 2, 8], [2, 0, 6]], [[1, 6, 4], [31, 0, 32], [4, 3, 9], [0, 2, 8]], [[1, 6, 1], [37, 0, 21], [2, 5, 6], [2, 5, 14]], [[1, 6, 3], [7, 0, 1], [11, 25, 30], [4, 2, 10]], [[2, 5, 4], [10, 0, 5], [19, 14, 26], [2, 2, 11]], [[1, 6, 9], [10, 0, 3], [6, 22, 34], [1, 1, 7]], [[2, 1, 12], [5, 0, 6], [15, 20, 26], [1, 4, 8]], [[3, 6, 3], [10, 0, 5], [12, 16, 28], [1, 3, 13]], [[2, 6, 5], [6, 0, 5], [14, 15, 32], [3, 2, 10]], [[2, 7, 3], [11, 0, 4], [11, 27, 22], [1, 2, 10]], [[3, 2, 8], [11, 0, 3], [19, 16, 24], [1, 2, 11]], [[3, 5, 8], [9, 0, 3], [9, 19, 34], [1, 4, 5]], [[1, 1, 5], [11, 0, 6], [14, 22, 26], [1, 4, 9]], [[2, 7, 4], [9, 1, 1], [11, 18, 37], [2, 1, 7]], [[5, 5, 5], [4, 0, 3], [10, 16, 41], [0, 3, 8]], [[3, 5, 9], [8, 0, 3], [7, 9, 16], [3, 10, 27]], [[1, 9, 5], [8, 0, 5], [4, 6, 2], [7, 12, 41]], [[6, 4, 6], [11, 1, 5], [2, 5, 8], [6, 11, 35]], [[2, 5, 6], [5, 0, 7], [0, 2, 4], [4, 17, 48]], [[3, 4, 3], [7, 0, 3], [2, 3, 6], [11, 14, 44]], [[3, 7, 3], [13, 0, 4], [2, 4, 12], [5, 9, 38]], [[1, 8, 7], [7, 0, 1], [2, 2, 8], [9, 14, 41]], [[1, 6, 8], [2, 0, 3], [1, 6, 7], [5, 9, 52]], [[1, 7, 4], [7, 0, 7], [3, 5, 12], [7, 12, 35]], [[3, 6, 4], [6, 0, 7], [0, 3, 6], [5, 11, 49]], [[3, 5, 6], [5, 0, 4], [0, 0, 8], [8, 14, 47]], [[3, 6, 2], [9, 0, 7], [2, 2, 6], [7, 14, 42]], [[2, 7, 7], [5, 0, 8], [3, 1, 5], [4, 15, 43]]], "n": [[20, 39, 41], [17, 30, 53], [19, 28, 53], [30, 27, 43], [23, 26, 51], [29, 28, 43], [24, 20, 56], [14, 29, 57], [18, 39, 43], [24, 37, 39], [29, 34, 37], [21, 28, 51], [29, 27, 44], [40, 12, 48], [48, 11, 41], [43, 11, 46], [44, 17, 39], [33, 12, 55], [39, 10, 51], [34, 12, 54], [33, 20, 47], [41, 7, 52], [50, 6, 44], [36, 11, 53], [42, 16, 42], [23, 33, 44], [33, 21, 46], [18, 29, 53], [23, 25, 52], [26, 25, 49], [25, 23, 52], [25, 36, 39], [34, 20, 46], [22, 28, 50], [27, 27, 46], [24, 27, 49], [19, 24, 57], [21, 24, 55], [20, 27, 53], [25, 21, 54], [11, 24, 65], [23, 21, 56], [23, 20, 57], [19, 24, 57], [9, 21, 70], [18, 24, 58], [14, 20, 66], [16, 19, 65], [21, 22, 57], [14, 23, 63]], "lambda_": 0.5, "b": [[62, 12, 14, 12], [59, 11, 15, 15], [61, 14, 12, 13], [64, 12, 15, 9], [63, 15, 9, 13], [58, 13, 16, 13], [52, 18, 15, 15], [58, 15, 11, 16], [63, 7, 17, 13], [60, 14, 12, 14], [67, 8, 13, 12], [68, 7, 12, 13], [38, 36, 11, 15], [16, 61, 14, 9], [9, 72, 11, 8], [9, 72, 12, 7], [16, 63, 13, 8], [14, 53, 16, 17], [11, 68, 10, 11], [15, 58, 14, 13], [13, 59, 14, 14], [12, 68, 13, 7], [11, 66, 15, 8], [11, 63, 16, 10], [8, 58, 13, 21], [10, 8, 66, 16], [11, 15, 59, 15], [16, 13, 62, 9], [15, 11, 61, 13], [12, 15, 56, 17], [13, 11, 61, 15], [12, 15, 60, 13], [13, 14, 59, 14], [16, 12, 62, 10], [7, 17, 62, 14], [13, 11, 66, 10], [15, 7, 67, 11], [17, 11, 32, 40], [15, 13, 12, 60], [16, 17, 15, 52], [13, 12, 6, 69], [10, 10, 11, 69], [13, 17, 18, 52], [16, 8, 12, 64], [15, 5, 14, 66], [12, 14, 20, 54], [13, 13, 9, 65], [14, 9, 8, 69], [11, 16, 10, 63], [16, 13, 9, 62]]}