{"M": 50, "G": 3, "I": 10, "J": 100, "p": [[0.22583551318107506, 0.05244391734544701, 0.23828791306220862, 0.0830378819242122, 0.07918654317132136, 0.016113585473482447, 0.2476139412938715, 0.0004136433711557334, 0.019304135128980132, 0.03776292604824567], [0.12006391970874336, 0.01749758429826078, 0.15791029373823773, 0.3255875480637148, 0.014215320954268749, 0.07226489473409196, 0.0007171069516003187, 0.03882296273202765, 0.003588015258526528, 0.24933235356052796], [0.055515405364858314, 0.2883009882693839, 0.1495248801034782, 0.19495435552022833, 0.01842409509293907, 0.0075484727112203704, 0.08896141602910738, 0.017817431884024997, 0.12808472611908472, 0.05086822890567481]], "r": [[[14, 3, 16, 8, 6, 1, 15, 1, 1, 2], [3, 0, 0, 3, 0, 1, 0, 0, 0, 5], [2, 4, 2, 7, 0, 0, 0, 2, 4, 0]], [[14, 3, 15, 5, 6, 0, 14, 0, 5, 2], [2, 0, 7, 4, 0, 1, 0, 0, 0, 5], [0, 2, 5, 3, 1, 0, 3, 0, 3, 0]], [[16, 4, 17, 4, 2, 1, 11, 0, 2, 0], [2, 0, 7, 4, 0, 1, 0, 1, 0, 6], [2, 5, 2, 5, 1, 0, 0, 0, 5, 2]], [[12, 1, 22, 5, 9, 1, 16, 0, 1, 1], [1, 0, 6, 3, 0, 2, 0, 0, 0, 6], [2, 2, 1, 3, 0, 0, 0, 0, 5, 1]], [[12, 4, 18, 5, 6, 2, 17, 0, 3, 2], [3, 0, 4, 4, 0, 1, 0, 1, 0, 5], [1, 4, 4, 1, 0, 0, 1, 0, 2, 0]], [[21, 3, 17, 5, 6, 0, 14, 0, 2, 7], [2, 0, 4, 6, 0, 0, 0, 0, 0, 1], [1, 5, 0, 2, 1, 0, 1, 0, 2, 0]], [[17, 2, 13, 4, 8, 1, 18, 0, 1, 3], [1, 0, 3, 4, 1, 1, 0, 2, 0, 4], [1, 5, 3, 3, 0, 1, 0, 0, 2, 2]], [[23, 3, 15, 6, 4, 2, 11, 0, 3, 0], [5, 0, 4, 2, 0, 2, 1, 0, 0, 4], [1, 3, 2, 7, 0, 0, 1, 0, 1, 0]], [[15, 3, 14, 5, 6, 1, 16, 0, 2, 5], [2, 0, 2, 2, 0, 2, 0, 0, 0, 3], [0, 6, 3, 6, 0, 0, 1, 1, 3, 2]], [[16, 5, 18, 4, 5, 2, 13, 0, 3, 2], [1, 1, 0, 5, 0, 1, 0, 1, 1, 6], [2, 4, 3, 3, 0, 0, 0, 0, 4, 0]], [[11, 2, 16, 8, 7, 1, 23, 0, 3, 1], [0, 0, 2, 5, 0, 0, 0, 1, 1, 4], [3, 2, 1, 5, 0, 0, 1, 2, 1, 0]], [[16, 7, 18, 8, 2, 0, 13, 0, 5, 7], [1, 0, 4, 5, 0, 2, 0, 0, 0, 3], [0, 4, 1, 1, 0, 1, 1, 0, 1, 0]], [[15, 1, 15, 5, 7, 0, 12, 0, 2, 1], [5, 0, 1, 3, 0, 0, 0, 1, 1, 6], [2, 11, 2, 3, 0, 0, 3, 0, 4, 0]], [[15, 4, 16, 6, 5, 0, 13, 0, 0, 1], [2, 0, 2, 8, 1, 3, 0, 3, 0, 3], [1, 5, 4, 2, 0, 0, 2, 0, 4, 0]], [[17, 2, 13, 8, 11, 0, 16, 0, 3, 1], [2, 2, 2, 4, 0, 0, 0, 2, 0, 5], [2, 2, 1, 3, 1, 0, 0, 0, 1, 2]], [[20, 3, 12, 5, 6, 0, 13, 0, 0, 0], [5, 1, 3, 9, 0, 0, 0, 1, 0, 2], [1, 6, 1, 8, 1, 0, 1, 1, 0, 1]], [[6, 3, 12, 5, 5, 2, 15, 0, 0, 2], [5, 0, 9, 6, 0, 3, 0, 1, 0, 11], [2, 2, 3, 3, 1, 0, 1, 1, 1, 1]], [[1, 1, 4, 0, 3, 1, 5, 0, 0, 1], [5, 2, 7, 23, 2, 11, 0, 2, 0, 15], [1, 9, 2, 3, 0, 0, 0, 0, 0, 2]], [[2, 0, 5, 2, 1, 1, 5, 0, 0, 1], [7, 1, 16, 19, 0, 4, 0, 4, 1, 16], [1, 6, 1, 4, 0, 0, 1, 0, 2, 0]], [[0, 0, 3, 0, 1, 0, 5, 0, 0, 1], [9, 0, 12, 21, 0, 6, 0, 4, 0, 17], [3, 6, 3, 6, 0, 0, 1, 1, 1, 0]], [[4, 1, 3, 2, 1, 0, 5, 0, 0, 1], [7, 1, 8, 22, 0, 8, 0, 3, 0, 20], [1, 3, 2, 5, 0, 0, 1, 0, 2, 0]], [[8, 0, 4, 1, 0, 1, 6, 0, 0, 1], [7, 3, 12, 17, 0, 6, 0, 1, 0, 16], [2, 5, 5, 2, 0, 0, 1, 0, 2, 0]], [[3, 1, 4, 0, 2, 0, 5, 0, 1, 2], [14, 0, 13, 13, 4, 3, 0, 2, 0, 17], [0, 6, 2, 5, 1, 0, 2, 0, 0, 0]], [[6, 2, 7, 0, 3, 0, 0, 0, 0, 0], [8, 0, 11, 21, 0, 8, 0, 1, 3, 13], [0, 3, 3, 6, 0, 1, 1, 1, 2, 0]], [[3, 1, 6, 2, 4, 0, 3, 0, 0, 0], [7, 2, 15, 20, 1, 4, 0, 3, 0, 19], [0, 3, 3, 1, 0, 0, 1, 0, 0, 2]], [[2, 1, 2, 0, 1, 0, 6, 0, 0, 0], [12, 3, 7, 18, 0, 8, 0, 4, 0, 21], [1, 3, 1, 5, 0, 0, 1, 0, 1, 3]], [[2, 0, 2, 0, 2, 0, 1, 0, 0, 2], [9, 0, 10, 28, 0, 6, 0, 2, 2, 17], [3, 6, 2, 4, 0, 0, 0, 0, 2, 0]], [[3, 1, 4, 5, 1, 0, 6, 0, 0, 0], [9, 1, 5, 24, 0, 5, 0, 3, 0, 20], [1, 6, 0, 3, 0, 0, 2, 0, 1, 0]], [[2, 0, 8, 1, 0, 0, 3, 0, 0, 0], [8, 1, 13, 14, 2, 4, 0, 3, 1, 18], [1, 6, 3, 3, 0, 0, 5, 2, 1, 1]], [[1, 1, 5, 1, 1, 1, 5, 0, 0, 1], [10, 0, 10, 24, 0, 6, 0, 1, 0, 17], [3, 7, 2, 1, 0, 0, 0, 1, 1, 1]], [[6, 0, 6, 1, 3, 2, 7, 1, 1, 0], [4, 0, 6, 19, 0, 5, 0, 3, 0, 18], [1, 6, 4, 2, 0, 0, 1, 0, 4, 0]], [[4, 1, 6, 1, 2, 0, 6, 0, 0, 2], [5, 1, 13, 19, 2, 5, 0, 2, 0, 17], [0, 9, 1, 2, 0, 0, 1, 1, 0, 0]], [[2, 1, 5, 2, 3, 0, 5, 0, 0, 1], [6, 0, 8, 26, 1, 3, 0, 3, 0, 17], [2, 6, 1, 3, 0, 0, 1, 1, 3, 0]], [[2, 3, 4, 2, 0, 1, 8, 0, 0, 0], [8, 1, 6, 12, 1, 1, 0, 1, 0, 3], [1, 12, 7, 5, 1, 0, 9, 1, 8, 3]], [[3, 2, 3, 1, 0, 0, 5, 0, 0, 0], [1, 0, 1, 6, 1, 3, 0, 1, 1, 7], [3, 18, 10, 14, 1, 1, 8, 3, 6, 1]], [[1, 1, 5, 2, 3, 0, 7, 0, 2, 0], [0, 0, 3, 4, 0, 1, 0, 0, 0, 4], [2, 15, 9, 18, 2, 0, 4, 1, 13, 3]], [[3, 3, 3, 1, 0, 0, 1, 0, 0, 2], [2, 0, 2, 7, 0, 2, 0, 1, 0, 2], [3, 17, 9, 13, 1, 0, 8, 3, 14, 3]], [[6, 0, 6, 1, 1, 1, 1, 0, 0, 2], [0, 0, 1, 3, 0, 1, 0, 4, 0, 4], [5, 14, 20, 11, 4, 1, 4, 0, 5, 5]], [[3, 1, 2, 1, 1, 0, 5, 0, 0, 0], [2, 1, 5, 3, 0, 1, 0, 0, 0, 11], [6, 17, 15, 11, 2, 1, 5, 0, 6, 1]], [[1, 0, 4, 3, 1, 1, 3, 0, 0, 1], [3, 1, 3, 0, 0, 1, 0, 0, 0, 7], [2, 24, 9, 10, 0, 1, 12, 2, 5, 6]], [[5, 0, 4, 2, 2, 0, 4, 0, 0, 1], [6, 1, 3, 7, 0, 2, 0, 1, 0, 5], [0, 19, 8, 12, 1, 0, 5, 1, 8, 3]], [[3, 0, 5, 2, 5, 0, 9, 0, 1, 1], [2, 3, 4, 2, 1, 3, 0, 0, 1, 5], [7, 10, 9, 9, 1, 1, 4, 0, 9, 3]], [[4, 1, 5, 1, 0, 1, 5, 0, 1, 0], [1, 0, 5, 3, 0, 2, 0, 3, 0, 2], [5, 20, 13, 14, 0, 0, 4, 1, 4, 5]], [[3, 2, 3, 0, 2, 0, 3, 0, 0, 1], [4, 0, 4, 6, 0, 0, 0, 1, 0, 4], [5, 12, 14, 12, 2, 0, 5, 2, 7, 8]], [[8, 1, 4, 2, 1, 0, 4, 0, 0, 0], [2, 1, 3, 4, 1, 0, 0, 2, 0, 4], [3, 14, 17, 15, 1, 0, 4, 1, 5, 3]], [[4, 0, 4, 2, 3, 1, 4, 0, 0, 0], [1, 0, 4, 5, 0, 1, 0, 0, 0, 4], [3, 22, 13, 13, 1, 1, 4, 1, 6, 3]], [[1, 0, 2, 1, 0, 2, 5, 0, 1, 1], [1, 0, 2, 6, 0, 2, 0, 0, 0, 3], [4, 15, 14, 18, 0, 0, 8, 2, 8, 4]], [[5, 1, 3, 0, 2, 0, 4, 0, 0, 0], [3, 0, 1, 2, 1, 0, 0, 0, 0, 3], [5, 28, 10, 16, 1, 0, 2, 0, 12, 1]], [[3, 2, 1, 2, 0, 0, 3, 0, 0, 0], [1, 0, 0, 3, 1, 1, 0, 0, 0, 6], [5, 21, 8, 14, 1, 2, 5, 2, 13, 6]], [[3, 1, 3, 1, 0, 0, 4, 0, 0, 0], [4, 1, 4, 4, 0, 1, 0, 0, 0, 3], [3, 14, 13, 15, 1, 0, 8, 2, 10, 5]]], "n": [[19, 7, 18, 18, 6, 2, 15, 3, 5, 7], [16, 5, 27, 12, 7, 1, 17, 0, 8, 7], [20, 9, 26, 13, 3, 2, 11, 1, 7, 8], [15, 3, 29, 11, 9, 3, 16, 0, 6, 8], [16, 8, 26, 10, 6, 3, 18, 1, 5, 7], [24, 8, 21, 13, 7, 0, 15, 0, 4, 8], [19, 7, 19, 11, 9, 3, 18, 2, 3, 9], [29, 6, 21, 15, 4, 4, 13, 0, 4, 4], [17, 9, 19, 13, 6, 3, 17, 1, 5, 10], [19, 10, 21, 12, 5, 3, 13, 1, 8, 8], [14, 4, 19, 18, 7, 1, 24, 3, 5, 5], [17, 11, 23, 14, 2, 3, 14, 0, 6, 10], [22, 12, 18, 11, 7, 0, 15, 1, 7, 7], [18, 9, 22, 16, 6, 3, 15, 3, 4, 4], [21, 6, 16, 15, 12, 0, 16, 2, 4, 8], [26, 10, 16, 22, 7, 0, 14, 2, 0, 3], [13, 5, 24, 14, 6, 5, 16, 2, 1, 14], [7, 12, 13, 26, 5, 12, 5, 2, 0, 18], [10, 7, 22, 25, 1, 5, 6, 4, 3, 17], [12, 6, 18, 27, 1, 6, 6, 5, 1, 18], [12, 5, 13, 29, 1, 8, 6, 3, 2, 21], [17, 8, 21, 20, 0, 7, 7, 1, 2, 17], [17, 7, 19, 18, 7, 3, 7, 2, 1, 19], [14, 5, 21, 27, 3, 9, 1, 2, 5, 13], [10, 6, 24, 23, 5, 4, 4, 3, 0, 21], [15, 7, 10, 23, 1, 8, 7, 4, 1, 24], [14, 6, 14, 32, 2, 6, 1, 2, 4, 19], [13, 8, 9, 32, 1, 5, 8, 3, 1, 20], [11, 7, 24, 18, 2, 4, 8, 5, 2, 19], [14, 8, 17, 26, 1, 7, 5, 2, 1, 19], [11, 6, 16, 22, 3, 7, 8, 4, 5, 18], [9, 11, 20, 22, 4, 5, 7, 3, 0, 19], [10, 7, 14, 31, 4, 3, 6, 4, 3, 18], [11, 16, 17, 19, 2, 2, 17, 2, 8, 6], [7, 20, 14, 21, 2, 4, 13, 4, 7, 8], [3, 16, 17, 24, 5, 1, 11, 1, 15, 7], [8, 20, 14, 21, 1, 2, 9, 4, 14, 7], [11, 14, 27, 15, 5, 3, 5, 4, 5, 11], [11, 19, 22, 15, 3, 2, 10, 0, 6, 12], [6, 25, 16, 13, 1, 3, 15, 2, 5, 14], [11, 20, 15, 21, 3, 2, 9, 2, 8, 9], [12, 13, 18, 13, 7, 4, 13, 0, 11, 9], [10, 21, 23, 18, 0, 3, 9, 4, 5, 7], [12, 14, 21, 18, 4, 0, 8, 3, 7, 13], [13, 16, 24, 21, 3, 0, 8, 3, 5, 7], [8, 22, 21, 20, 4, 3, 8, 1, 6, 7], [6, 15, 18, 25, 0, 4, 13, 2, 9, 8], [13, 29, 14, 18, 4, 0, 6, 0, 12, 4], [9, 23, 9, 19, 2, 3, 8, 2, 13, 12], [10, 16, 20, 20, 1, 1, 12, 2, 10, 8]], "lambda_": 0.5,