{"M": 50, "G": 4, "I": 3, "J": 100, "p": [[0.4100268801941911, 0.018807116322687605, 0.5711660034831214], [0.3765222921298163, 0.359301233438576, 0.2641764744316077], [0.14764526815067625, 0.6226816215644149, 0.22967311028490894], [0.15258201494443627, 0.4771401209548016, 0.370277864100762]], "r": [[[25, 3, 42], [3, 3, 3], [0, 7, 0], [0, 8, 6]], [[28, 2, 38], [4, 4, 1], [1, 7, 0], [3, 6, 6]], [[27, 0, 33], [5, 3, 4], [1, 6, 3], [2, 9, 7]], [[35, 0, 31], [4, 4, 1], [3, 6, 3], [1, 6, 6]], [[23, 2, 43], [3, 3, 1], [2, 9, 3], [1, 6, 4]], [[24, 1, 36], [3, 6, 5], [1, 5, 0], [5, 8, 6]], [[31, 1, 31], [4, 3, 5], [3, 6, 1], [0, 10, 5]], [[26, 2, 28], [3, 5, 2], [4, 7, 3], [4, 9, 7]], [[37, 0, 29], [3, 4, 4], [3, 9, 3], [1, 4, 3]], [[27, 0, 34], [8, 6, 5], [2, 6, 3], [1, 7, 1]], [[32, 0, 32], [5, 5, 2], [0, 10, 1], [1, 6, 6]], [[24, 1, 35], [5, 7, 5], [1, 9, 1], [1, 7, 4]], [[16, 0, 21], [12, 9, 15], [4, 10, 2], [3, 4, 4]], [[2, 0, 2], [29, 14, 16], [2, 12, 4], [4, 6, 9]], [[4, 0, 4], [28, 26, 13], [4, 9, 1], [1, 5, 5]], [[0, 0, 8], [27, 25, 20], [4, 5, 4], [0, 5, 2]], [[4, 0, 5], [21, 28, 17], [2, 6, 8], [1, 1, 7]], [[4, 1, 2], [24, 25, 20], [1, 13, 2], [2, 3, 3]], [[7, 1, 5], [24, 20, 16], [2, 10, 7], [1, 3, 4]], [[6, 0, 11], [31, 19, 9], [1, 5, 2], [3, 10, 3]], [[3, 0, 10], [26, 26, 10], [1, 2, 7], [2, 6, 7]], [[10, 0, 3], [21, 24, 13], [4, 10, 3], [3, 4, 5]], [[4, 1, 9], [21, 25, 17], [1, 5, 3], [1, 7, 6]], [[7, 1, 13], [24, 20, 15], [0, 3, 3], [3, 4, 7]], [[8, 1, 4], [19, 25, 20], [1, 8, 3], [3, 5, 3]], [[4, 1, 6], [3, 5, 1], [11, 34, 19], [2, 8, 6]], [[4, 1, 9], [5, 4, 4], [4, 39, 17], [2, 9, 2]], [[2, 0, 9], [4, 5, 2], [11, 42, 12], [1, 6, 6]], [[6, 0, 16], [5, 8, 2], [4, 42, 8], [1, 4, 4]], [[3, 1, 8], [3, 3, 5], [13, 31, 20], [1, 6, 6]], [[6, 0, 8], [6, 3, 2], [9, 44, 14], [2, 4, 2]], [[8, 0, 8], [3, 5, 5], [8, 40, 16], [0, 4, 3]], [[6, 0, 4], [3, 1, 3], [11, 42, 17], [5, 3, 5]], [[5, 1, 7], [8, 3, 3], [15, 30, 19], [2, 3, 4]], [[4, 0, 6], [9, 5, 7], [9, 36, 11], [1, 7, 5]], [[3, 0, 13], [3, 4, 4], [3, 37, 18], [2, 9, 4]], [[3, 0, 7], [6, 5, 2], [9, 40, 15], [2, 7, 4]], [[4, 0, 8], [6, 4, 2], [7, 24, 8], [7, 20, 10]], [[5, 0, 10], [2, 6, 4], [1, 8, 3], [6, 35, 20]], [[6, 0, 7], [5, 2, 4], [1, 8, 4], [8, 35, 20]], [[5, 0, 2], [6, 5, 5], [2, 2, 3], [12, 34, 24]], [[2, 0, 9], [7, 4, 4], [1, 11, 2], [16, 28, 16]], [[4, 1, 7], [4, 6, 3], [1, 7, 2], [10, 33, 22]], [[7, 0, 8], [4, 3, 4], [1, 10, 4], [6, 30, 23]], [[6, 0, 9], [5, 2, 3], [2, 9, 2], [8, 34, 20]], [[6, 0, 5], [8, 3, 3], [3, 12, 1], [13, 28, 18]], [[3, 0, 8], [6, 5, 3], [0, 11, 2], [11, 28, 23]], [[4, 0, 1], [4, 4, 2], [2, 12, 3], [15, 27, 26]], [[8, 0, 5], [7, 3, 5], [2, 9, 2], [4, 28, 27]], [[3, 0, 10], [5, 6, 2], [3, 10, 2], [10, 30, 19]]], "n": [[28, 21, 51], [36, 19, 45], [35, 18, 47], [43, 16, 41], [29, 20, 51], [33, 20, 47], [38, 20, 42], [37, 23, 40], [44, 17, 39], [38, 19, 43], [38, 21, 41], [31, 24, 45], [35, 23, 42], [37, 32, 31], [37, 40, 23], [31, 35, 34], [28, 35, 37], [31, 42, 27], [34, 34, 32], [41, 34, 25], [32, 34, 34], [38, 38, 24], [27, 38, 35], [34, 28, 38], [31, 39, 30], [20, 48, 32], [15, 53, 32], [18, 53, 29], [16, 54, 30], [20, 41, 39], [23, 51, 26], [19, 49, 32], [25, 46, 29], [30, 37, 33], [23, 48, 29], [11, 50, 39], [20, 52, 28], [24, 48, 28], [14, 49, 37], [20, 45, 35], [25, 41, 34], [26, 43, 31], [19, 47, 34], [18, 43, 39], [21, 45, 34], [30, 43, 27], [20, 44, 36], [25, 43, 32], [21, 40, 39], [21, 46, 33]], "lambda_": 0.5, "b": [[70, 9, 7, 14], [68, 9, 8, 15], [60, 12, 10, 18], [66, 9, 12, 13], [68, 7, 14, 11], [61, 14, 6, 19], [63, 12, 10, 15], [56, 10, 14, 20], [66, 11, 15, 8], [61, 19, 11, 9], [64, 12, 11, 13], [60, 17, 11, 12], [37, 36, 16, 11], [4, 59, 18, 19], [8, 67, 14, 11], [8, 72, 13, 7], [9, 66, 16, 9], [7, 69, 16, 8], [13, 60, 19, 8], [17, 59, 8, 16], [13, 62, 10, 15], [13, 58, 17, 12], [14, 63, 9, 14], [21, 59, 6, 14], [13, 64, 12, 11], [11, 9, 64, 16], [14, 13, 60, 13], [11, 11, 65, 13], [22, 15, 54, 9], [12, 11, 64, 13], [14, 11, 67, 8], [16, 13, 64, 7], [10, 7, 70, 13], [13, 14, 64, 9], [10, 21, 56, 13], [16, 11, 58, 15], [10, 13, 64, 13], [12, 12, 39, 37], [15, 12, 12, 61], [13, 11, 13, 63], [7, 16, 7, 70], [11, 15, 14, 60], [12, 13, 10, 65], [15, 11, 15, 59], [15, 10, 13, 62], [11, 14, 16, 59], [11, 14, 13, 62], [5, 10, 17, 68], [13, 15, 13, 59], [13, 13, 15, 59]]}