{"M": 50, "G": 4, "I": 2, "J": 100, "p": [[0.29751148897057095, 0.7024885110294291], [0.00031761382895504226, 0.9996823861710448], [0.6209454300676811, 0.3790545699323189], [0.3271187751809849, 0.6728812248190151]], "r": [[[17, 46], [0, 11], [8, 6], [3, 9]], [[25, 40], [0, 8], [6, 2], [9, 10]], [[12, 47], [0, 13], [9, 6], [4, 9]], [[20, 44], [0, 16], [6, 1], [4, 9]], [[24, 39], [0, 15], [13, 3], [2, 4]], [[12, 47], [0, 11], [12, 5], [3, 10]], [[20, 48], [0, 7], [10, 5], [3, 7]], [[19, 47], [0, 10], [9, 2], [4, 9]], [[16, 45], [0, 14], [9, 2], [1, 13]], [[18, 45], [0, 10], [11, 2], [6, 8]], [[14, 53], [0, 10], [4, 8], [6, 5]], [[18, 44], [0, 14], [10, 4], [3, 7]], [[16, 19], [0, 38], [7, 2], [6, 12]], [[4, 9], [0, 67], [8, 2], [5, 5]], [[6, 10], [0, 67], [6, 2], [4, 5]], [[5, 9], [0, 58], [9, 7], [2, 10]], [[2, 6], [0, 74], [5, 2], [4, 7]], [[3, 9], [0, 65], [4, 7], [2, 10]], [[3, 5], [0, 67], [4, 8], [6, 7]], [[2, 10], [0, 63], [9, 8], [2, 6]], [[2, 4], [0, 65], [10, 8], [3, 8]], [[2, 7], [0, 65], [8, 2], [3, 13]], [[2, 12], [0, 61], [12, 6], [2, 5]], [[2, 7], [0, 69], [9, 4], [2, 7]], [[2, 11], [0, 63], [6, 6], [5, 7]], [[2, 8], [0, 16], [39, 24], [3, 8]], [[3, 7], [0, 10], [29, 35], [7, 9]], [[3, 8], [0, 13], [41, 26], [2, 7]], [[4, 4], [0, 10], [47, 25], [1, 9]], [[4, 12], [0, 14], [41, 18], [1, 10]], [[7, 10], [0, 12], [34, 20], [4, 13]], [[3, 10], [0, 13], [41, 24], [3, 6]], [[2, 10], [0, 14], [40, 22], [4, 8]], [[3, 8], [0, 9], [39, 30], [2, 9]], [[4, 12], [0, 12], [38, 15], [9, 10]], [[4, 15], [0, 7], [43, 24], [2, 5]], [[5, 4], [0, 13], [47, 17], [2, 12]], [[8, 9], [0, 8], [18, 15], [15, 27]], [[3, 9], [0, 11], [6, 7], [19, 45]], [[5, 15], [0, 9], [7, 6], [21, 37]], [[4, 6], [0, 14], [7, 3], [25, 41]], [[5, 3], [0, 11], [8, 4], [24, 45]], [[4, 10], [0, 7], [7, 4], [24, 44]], [[2, 8], [0, 13], [9, 6], [19, 43]], [[2, 8], [0, 10], [4, 6], [30, 40]], [[7, 16], [0, 9], [6, 4], [19, 39]], [[3, 5], [0, 8], [8, 5], [18, 53]], [[2, 6], [0, 17], [11, 7], [12, 45]], [[7, 9], [0, 16], [7, 2], [21, 38]], [[5, 10], [0, 13], [8, 2], [13, 49]]], "n": [[28, 72], [40, 60], [25, 75], [30, 70], [39, 61], [27, 73], [33, 67], [32, 68], [26, 74], [35, 65], [24, 76], [31, 69], [29, 71], [17, 83], [16, 84], [16, 84], [11, 89], [9, 91], [13, 87], [13, 87], [15, 85], [13, 87], [16, 84], [13, 87], [13, 87], [44, 56], [39, 61], [46, 54], [52, 48], [46, 54], [45, 55], [47, 53], [46, 54], [44, 56], [51, 49], [49, 51], [54, 46], [41, 59], [28, 72], [33, 67], [36, 64], [37, 63], [35, 65], [30, 70], [36, 64], [32, 68], [29, 71], [25, 75], [35, 65], [26, 74]], "lambda_": 0.5, "b": [[63, 11, 14, 12], [65, 8, 8, 19], [59, 13, 15, 13], [64, 16, 7, 13], [63, 15, 16, 6], [59, 11, 17, 13], [68, 7, 15, 10], [66, 10, 11, 13], [61, 14, 11, 14], [63, 10, 13, 14], [67, 10, 12, 11], [62, 14, 14, 10], [35, 38, 9, 18], [13, 67, 10, 10], [16, 67, 8, 9], [14, 58, 16, 12], [8, 74, 7, 11], [12, 65, 11, 12], [8, 67, 12, 13], [12, 63, 17, 8], [6, 65, 18, 11], [9, 65, 10, 16], [14, 61, 18, 7], [9, 69, 13, 9], [13, 63, 12, 12], [10, 16, 63, 11], [10, 10, 64, 16], [11, 13, 67, 9], [8, 10, 72, 10], [16, 14, 59, 11], [17, 12, 54, 17], [13, 13, 65, 9], [12, 14, 62, 12], [11, 9, 69, 11], [16, 12, 53, 19], [19, 7, 67, 7], [9, 13, 64, 14], [17, 8, 33, 42], [12, 11, 13, 64], [20, 9, 13, 58], [10, 14, 10, 66], [8, 11, 12, 69], [14, 7, 11, 68], [10, 13, 15, 62], [10, 10, 10, 70], [23, 9, 10, 58], [8, 8, 13, 71], [8, 17, 18, 57], [16, 16, 9, 59], [15, 13, 10, 62]]}