{"M": 50, "G": 3, "I": 4, "J": 100, "p": [[0.2589411240004297, 0.3984693794055998, 0.11122948719780965, 0.23136000939616086], [0.4590928673412436, 0.4656174904115947, 0.027573246650422822, 0.047716395596738945], [0.04144959685455851, 0.4559751007031316, 0.023793686172073253, 0.4787816162702367]], "r": [[[15, 32, 9, 13], [10, 8, 0, 1], [2, 5, 0, 5]], [[23, 23, 8, 14], [8, 8, 0, 1], [0, 3, 2, 10]], [[18, 30, 11, 10], [6, 10, 0, 1], [1, 6, 1, 6]], [[9, 27, 10, 11], [15, 11, 0, 0], [0, 8, 0, 9]], [[14, 30, 9, 17], [11, 6, 1, 0], [0, 4, 0, 8]], [[14, 22, 16, 15], [4, 12, 1, 1], [0, 6, 0, 9]], [[17, 29, 11, 9], [11, 7, 1, 0], [0, 10, 0, 5]], [[19, 31, 11, 7], [4, 7, 0, 2], [1, 9, 0, 9]], [[10, 25, 10, 23], [4, 6, 0, 2], [1, 9, 0, 10]], [[13, 20, 6, 17], [8, 10, 0, 0], [0, 14, 0, 12]], [[17, 27, 6, 13], [9, 13, 3, 0], [0, 2, 0, 10]], [[13, 28, 9, 16], [9, 6, 0, 1], [0, 8, 1, 9]], [[16, 34, 6, 24], [6, 5, 0, 1], [0, 3, 1, 4]], [[16, 32, 5, 14], [6, 9, 0, 1], [2, 4, 1, 10]], [[17, 30, 3, 14], [9, 11, 0, 1], [0, 8, 1, 6]], [[21, 31, 6, 11], [6, 9, 0, 0], [1, 7, 0, 8]], [[17, 22, 3, 13], [10, 16, 4, 0], [0, 9, 0, 6]], [[4, 6, 2, 3], [27, 42, 1, 4], [1, 3, 1, 6]], [[7, 6, 3, 2], [28, 37, 2, 4], [0, 5, 1, 5]], [[6, 12, 1, 5], [26, 27, 1, 3], [0, 10, 0, 9]], [[7, 6, 2, 3], [42, 21, 1, 2], [0, 5, 0, 11]], [[8, 7, 1, 3], [35, 22, 0, 2], [3, 12, 0, 7]], [[6, 2, 3, 4], [34, 29, 2, 1], [0, 8, 0, 11]], [[2, 8, 3, 4], [36, 26, 1, 0], [0, 9, 0, 11]], [[5, 6, 1, 4], [42, 26, 2, 3], [0, 6, 1, 4]], [[1, 8, 2, 5], [31, 33, 1, 6], [1, 5, 0, 7]], [[2, 7, 3, 5], [26, 27, 2, 7], [0, 12, 0, 9]], [[3, 5, 1, 3], [28, 43, 1, 3], [0, 5, 1, 7]], [[3, 7, 0, 10], [29, 24, 4, 5], [1, 5, 0, 12]], [[8, 6, 0, 4], [24, 29, 4, 5], [1, 15, 1, 3]], [[6, 11, 2, 5], [23, 26, 2, 5], [0, 10, 2, 8]], [[7, 8, 2, 3], [23, 32, 3, 4], [0, 8, 0, 10]], [[7, 7, 1, 5], [31, 26, 0, 3], [0, 12, 0, 8]], [[1, 6, 1, 3], [19, 12, 1, 0], [3, 27, 1, 26]], [[4, 14, 1, 4], [5, 4, 0, 3], [4, 31, 1, 29]], [[2, 12, 3, 3], [12, 9, 0, 3], [1, 25, 1, 29]], [[3, 9, 1, 4], [19, 7, 1, 1], [0, 26, 0, 29]], [[3, 3, 1, 2], [10, 11, 1, 0], [3, 32, 1, 33]], [[7, 5, 0, 4], [9, 4, 1, 1], [3, 29, 0, 37]], [[7, 6, 2, 0], [5, 7, 0, 0], [1, 37, 1, 34]], [[3, 7, 1, 4], [5, 16, 0, 1], [3, 29, 2, 29]], [[6, 7, 3, 2], [4, 11, 0, 1], [3, 31, 0, 32]], [[0, 3, 0, 3], [8, 9, 0, 1], [5, 33, 0, 38]], [[3, 4, 3, 5], [5, 10, 1, 0], [1, 43, 3, 22]], [[6, 10, 1, 2], [6, 6, 0, 2], [2, 31, 1, 33]], [[3, 5, 1, 3], [10, 6, 0, 0], [2, 32, 2, 36]], [[3, 5, 0, 5], [4, 10, 1, 0], [3, 31, 3, 35]], [[1, 8, 2, 2], [5, 8, 0, 1], [4, 40, 4, 25]], [[1, 9, 3, 4], [11, 9, 2, 1], [4, 26, 5, 25]], [[6, 3, 4, 5], [8, 6, 1, 2], [3, 27, 1, 34]]], "n": [[27, 45, 9, 19], [31, 34, 10, 25], [25, 46, 12, 17], [24, 46, 10, 20], [25, 40, 10, 25], [18, 40, 17, 25], [28, 46, 12, 14], [24, 47, 11, 18], [15, 40, 10, 35], [21, 44, 6, 29], [26, 42, 9, 23], [22, 42, 10, 26], [22, 42, 7, 29], [24, 45, 6, 25], [26, 49, 4, 21], [28, 47, 6, 19], [27, 47, 7, 19], [32, 51, 4, 13], [35, 48, 6, 11], [32, 49, 2, 17], [49, 32, 3, 16], [46, 41, 1, 12], [40, 39, 5, 16], [38, 43, 4, 15], [47, 38, 4, 11], [33, 46, 3, 18], [28, 46, 5, 21], [31, 53, 3, 13], [33, 36, 4, 27], [33, 50, 5, 12], [29, 47, 6, 18], [30, 48, 5, 17], [38, 45, 1, 16], [23, 45, 3, 29], [13, 49, 2, 36], [15, 46, 4, 35], [22, 42, 2, 34], [16, 46, 3, 35], [19, 38, 1, 42], [13, 50, 3, 34], [11, 52, 3, 34], [13, 49, 3, 35], [13, 45, 0, 42], [9, 57, 7, 27], [14, 47, 2, 37], [15, 43, 3, 39], [10, 46, 4, 40], [10, 56, 6, 28], [16, 44, 10, 30], [17, 36, 6, 41]], "lambda_": 0.5, "b": [[69, 19, 12], [68, 17, 15], [69, 17, 14], [57, 26, 17], [70, 18, 12], [67, 18, 15], [66, 19, 15], [68, 13, 19], [68, 12, 20], [56, 18, 26], [63, 25, 12], [66, 16, 18], [80, 12, 8], [67, 16, 17], [64, 21, 15], [69, 15, 16], [55, 30, 15], [15, 74, 11], [18, 71, 11], [24, 57, 19], [18, 66, 16], [19, 59, 22], [15, 66, 19], [17, 63, 20], [16, 73, 11], [16, 71, 13], [17, 62, 21], [12, 75, 13], [20, 62, 18], [18, 62, 20], [24, 56, 20], [20, 62, 18], [20, 60, 20], [11, 32, 57], [23, 12, 65], [20, 24, 56], [17, 28, 55], [9, 22, 69], [16, 15, 69], [15, 12, 73], [15, 22, 63], [18, 16, 66], [6, 18, 76], [15, 16, 69], [19, 14, 67], [12, 16, 72], [13, 15, 72], [13, 14, 73], [17, 23, 60], [18, 17, 65]]}