{"M": 50, "G": 2, "I": 4, "J": 100, "p": [[0.05216688931614263, 0.7281016304927765, 0.14416663056927898, 0.07556484962180193], [0.12400640059949905, 0.02668600193265709, 0.34330120696457905, 0.5060063905032649]], "r": [[[4, 51, 10, 8], [3, 1, 8, 15]], [[6, 64, 10, 2], [3, 0, 4, 11]], [[9, 50, 11, 7], [2, 2, 7, 12]], [[0, 43, 14, 5], [7, 1, 15, 15]], [[1, 55, 8, 3], [2, 0, 14, 17]], [[0, 51, 10, 7], [2, 0, 15, 15]], [[6, 56, 8, 5], [2, 0, 8, 15]], [[2, 58, 9, 6], [3, 0, 8, 14]], [[1, 64, 8, 4], [2, 0, 9, 12]], [[4, 55, 11, 4], [5, 1, 5, 15]], [[3, 58, 6, 4], [7, 2, 8, 12]], [[4, 51, 9, 10], [4, 1, 11, 10]], [[8, 59, 14, 3], [4, 0, 5, 7]], [[2, 57, 10, 6], [4, 0, 6, 15]], [[4, 61, 15, 2], [1, 0, 8, 9]], [[2, 60, 7, 5], [5, 0, 12, 9]], [[5, 46, 11, 4], [3, 3, 13, 15]], [[4, 56, 10, 10], [2, 0, 5, 13]], [[4, 52, 14, 7], [1, 0, 9, 13]], [[1, 68, 5, 6], [2, 1, 4, 13]], [[3, 58, 11, 4], [3, 1, 6, 14]], [[4, 51, 8, 6], [5, 1, 11, 14]], [[2, 59, 8, 3], [2, 1, 10, 15]], [[9, 55, 9, 7], [4, 0, 6, 10]], [[4, 52, 9, 6], [3, 0, 12, 14]], [[1, 21, 6, 2], [4, 1, 26, 39]], [[2, 25, 2, 0], [10, 5, 24, 32]], [[0, 20, 5, 2], [6, 1, 28, 38]], [[0, 23, 6, 0], [14, 1, 23, 33]], [[1, 21, 1, 1], [5, 2, 24, 45]], [[0, 19, 7, 2], [7, 1, 31, 33]], [[2, 19, 1, 2], [6, 1, 23, 46]], [[0, 19, 1, 1], [7, 1, 31, 40]], [[2, 15, 1, 1], [9, 3, 31, 38]], [[0, 19, 1, 5], [12, 3, 19, 41]], [[3, 16, 3, 0], [15, 1, 23, 39]], [[3, 16, 2, 5], [6, 5, 29, 34]], [[2, 19, 4, 1], [12, 0, 19, 43]], [[4, 19, 5, 4], [7, 2, 24, 35]], [[2, 19, 6, 1], [16, 3, 29, 24]], [[0, 19, 6, 2], [7, 2, 32, 32]], [[1, 16, 3, 3], [12, 0, 27, 38]], [[0, 22, 6, 3], [8, 0, 26, 35]], [[1, 16, 2, 3], [3, 0, 30, 45]], [[1, 18, 4, 3], [7, 2, 29, 36]], [[1, 12, 4, 1], [9, 1, 32, 40]], [[1, 23, 2, 0], [12, 2, 21, 39]], [[1, 25, 2, 2], [10, 4, 24, 32]], [[1, 24, 0, 4], [8, 3, 20, 40]], [[1, 16, 2, 0], [8, 1, 28, 44]]], "n": [[7, 52, 18, 23], [9, 64, 14, 13], [11, 52, 18, 19], [7, 44, 29, 20], [3, 55, 22, 20], [2, 51, 25, 22], [8, 56, 16, 20], [5, 58, 17, 20], [3, 64, 17, 16], [9, 56, 16, 19], [10, 60, 14, 16], [8, 52, 20, 20], [12, 59, 19, 10], [6, 57, 16, 21], [5, 61, 23, 11], [7, 60, 19, 14], [8, 49, 24, 19], [6, 56, 15, 23], [5, 52, 23, 20], [3, 69, 9, 19], [6, 59, 17, 18], [9, 52, 19, 20], [4, 60, 18, 18], [13, 55, 15, 17], [7, 52, 21, 20], [5, 22, 32, 41], [12, 30, 26, 32], [6, 21, 33, 40], [14, 24, 29, 33], [6, 23, 25, 46], [7, 20, 38, 35], [8, 20, 24, 48], [7, 20, 32, 41], [11, 18, 32, 39], [12, 22, 20, 46], [18, 17, 26, 39], [9, 21, 31, 39], [14, 19, 23, 44], [11, 21, 29, 39], [18, 22, 35, 25], [7, 21, 38, 34], [13, 16, 30, 41], [8, 22, 32, 38], [4, 16, 32, 48], [8, 20, 33, 39], [10, 13, 36, 41], [13, 25, 23, 39], [11, 29, 26, 34], [9, 27, 20, 44], [9, 17, 30, 44]], "lambda_": 0.5, "b": [[73, 27], [82, 18], [77, 23], [62, 38], [67, 33], [68, 32], [75, 25], [75, 25], [77, 23], [74, 26], [71, 29], [74, 26], [84, 16], [75, 25], [82, 18], [74, 26], [66, 34], [80, 20], [77, 23], [80, 20], [76, 24], [69, 31], [72, 28], [80, 20], [71, 29], [30, 70], [29, 71], [27, 73], [29, 71], [24, 76], [28, 72], [24, 76], [21, 79], [19, 81], [25, 75], [22, 78], [26, 74], [26, 74], [32, 68], [28, 72], [27, 73], [23, 77], [31, 69], [22, 78], [26, 74], [18, 82], [26, 74], [30, 70], [29, 71], [19, 81]]}