{"M": 50, "G": 4, "I": 3, "J": 100, "p": [[0.09197907715627632, 0.7401382118614593, 0.16788271098226437], [0.23206761290778644, 0.004465558007663243, 0.7634668290845503], [0.42078789622427676, 0.006192728205026937, 0.5730193755706964], [0.10444416615842719, 0.23625432017407338, 0.6593015136674995]], "r": [[[7, 45, 17], [0, 0, 6], [6, 0, 7], [3, 1, 8]], [[4, 44, 2], [2, 0, 18], [6, 0, 8], [2, 4, 10]], [[3, 50, 5], [5, 0, 5], [6, 0, 12], [0, 2, 12]], [[3, 48, 11], [3, 0, 11], [11, 0, 5], [0, 0, 8]], [[2, 55, 8], [2, 0, 11], [7, 0, 8], [0, 2, 5]], [[5, 38, 10], [8, 0, 13], [6, 1, 9], [3, 3, 4]], [[4, 47, 15], [5, 0, 7], [3, 0, 5], [0, 2, 12]], [[3, 56, 11], [1, 1, 8], [9, 0, 2], [2, 0, 7]], [[7, 42, 17], [3, 0, 5], [3, 1, 10], [1, 4, 7]], [[3, 52, 15], [1, 0, 8], [4, 0, 4], [3, 3, 7]], [[6, 46, 7], [4, 0, 14], [5, 0, 8], [1, 4, 5]], [[2, 43, 15], [6, 0, 4], [9, 0, 6], [1, 5, 9]], [[3, 30, 4], [9, 0, 27], [6, 0, 5], [1, 2, 13]], [[1, 14, 2], [16, 0, 51], [5, 0, 2], [3, 0, 6]], [[0, 5, 3], [16, 0, 44], [5, 0, 12], [1, 2, 12]], [[1, 7, 0], [21, 0, 51], [3, 0, 4], [0, 5, 8]], [[4, 7, 3], [15, 0, 45], [6, 0, 6], [2, 4, 8]], [[2, 10, 0], [23, 0, 38], [3, 1, 7], [4, 3, 9]], [[1, 10, 6], [17, 0, 38], [8, 0, 6], [2, 1, 11]], [[1, 7, 1], [17, 1, 45], [4, 0, 11], [3, 2, 8]], [[0, 9, 1], [21, 1, 48], [7, 0, 6], [1, 1, 5]], [[1, 9, 4], [16, 0, 46], [5, 0, 8], [2, 1, 8]], [[2, 7, 6], [9, 0, 51], [7, 0, 8], [2, 1, 7]], [[1, 10, 4], [15, 0, 50], [1, 0, 5], [2, 1, 11]], [[3, 12, 3], [11, 0, 48], [3, 0, 7], [2, 4, 7]], [[1, 7, 4], [1, 0, 13], [27, 0, 34], [1, 5, 7]], [[1, 7, 1], [5, 0, 14], [18, 2, 35], [2, 4, 11]], [[1, 4, 2], [3, 0, 11], [25, 0, 41], [1, 6, 6]], [[4, 6, 2], [5, 0, 8], [27, 1, 42], [0, 1, 4]], [[2, 8, 8], [3, 1, 10], [30, 0, 32], [0, 2, 4]], [[1, 13, 1], [5, 0, 10], [26, 0, 32], [1, 2, 9]], [[1, 12, 1], [0, 1, 3], [40, 0, 37], [0, 1, 4]], [[0, 10, 0], [6, 0, 11], [24, 1, 34], [2, 3, 9]], [[0, 8, 2], [3, 0, 10], [26, 2, 36], [2, 3, 8]], [[1, 7, 1], [3, 0, 9], [31, 0, 33], [3, 2, 10]], [[0, 9, 3], [1, 0, 9], [26, 1, 35], [2, 4, 10]], [[1, 9, 3], [2, 0, 6], [38, 1, 29], [0, 2, 9]], [[0, 11, 1], [3, 0, 9], [16, 0, 23], [3, 10, 24]], [[0, 10, 2], [4, 0, 10], [5, 0, 4], [10, 13, 42]], [[2, 12, 2], [6, 0, 7], [3, 0, 6], [6, 12, 44]], [[3, 12, 1], [1, 0, 5], [6, 0, 4], [4, 20, 44]], [[0, 3, 7], [2, 0, 6], [4, 0, 5], [7, 16, 50]], [[0, 8, 1], [2, 0, 16], [4, 0, 6], [4, 11, 48]], [[2, 12, 1], [4, 0, 11], [8, 0, 6], [6, 14, 36]], [[1, 15, 1], [1, 0, 8], [5, 0, 5], [8, 14, 42]], [[1, 10, 2], [5, 0, 9], [6, 0, 8], [9, 10, 40]], [[3, 7, 3], [3, 0, 8], [5, 0, 5], [5, 16, 45]], [[1, 10, 0], [3, 0, 8], [6, 1, 8], [7, 18, 38]], [[2, 8, 2], [4, 0, 12], [6, 0, 5], [7, 17, 37]], [[0, 11, 2], [1, 0, 8], [7, 1, 4], [4, 17, 45]]], "n": [[16, 46, 38], [14, 48, 38], [14, 52, 34], [17, 48, 35], [11, 57, 32], [22, 42, 36], [12, 49, 39], [15, 57, 28], [14, 47, 39], [11, 55, 34], [16, 50, 34], [18, 48, 34], [19, 32, 49], [25, 14, 61], [22, 7, 71], [25, 12, 63], [27, 11, 62], [32, 14, 54], [28, 11, 61], [25, 10, 65], [29, 11, 60], [24, 10, 66], [20, 8, 72], [19, 11, 70], [19, 16, 65], [30, 12, 58], [26, 13, 61], [30, 10, 60], [36, 8, 56], [35, 11, 54], [33, 15, 52], [41, 14, 45], [32, 14, 54], [31, 13, 56], [38, 9, 53], [29, 14, 57], [41, 12, 47], [22, 21, 57], [19, 23, 58], [17, 24, 59], [14, 32, 54], [13, 19, 68], [10, 19, 71], [20, 26, 54], [15, 29, 56], [21, 20, 59], [16, 23, 61], [17, 29, 54], [19, 25, 56], [12, 29, 59]], "lambda_": 0.5, "b": [[69, 6, 13, 12], [50, 20, 14, 16], [58, 10, 18, 14], [62, 14, 16, 8], [65, 13, 15, 7], [53, 21, 16, 10], [66, 12, 8, 14], [70, 10, 11, 9], [66, 8, 14, 12], [70, 9, 8, 13], [59, 18, 13, 10], [60, 10, 15, 15], [37, 36, 11, 16], [17, 67, 7, 9], [8, 60, 17, 15], [8, 72, 7, 13], [14, 60, 12, 14], [12, 61, 11, 16], [17, 55, 14, 14], [9, 63, 15, 13], [10, 70, 13, 7], [14, 62, 13, 11], [15, 60, 15, 10], [15, 65, 6, 14], [18, 59, 10, 13], [12, 14, 61, 13], [9, 19, 55, 17], [7, 14, 66, 13], [12, 13, 70, 5], [18, 14, 62, 6], [15, 15, 58, 12], [14, 4, 77, 5], [10, 17, 59, 14], [10, 13, 64, 13], [9, 12, 64, 15], [12, 10, 62, 16], [13, 8, 68, 11], [12, 12, 39, 37], [12, 14, 9, 65], [16, 13, 9, 62], [16, 6, 10, 68], [10, 8, 9, 73], [9, 18, 10, 63], [15, 15, 14, 56], [17, 9, 10, 64], [13, 14, 14, 59], [13, 11, 10, 66], [11, 11, 15, 63], [12, 16, 11, 61], [13, 9, 12, 66]]}