{"M": 50, "G": 4, "I": 10, "J": 100, "p": [[0.08221990705794884, 0.21132951055997232, 0.2058894477241089, 0.15682425779427028, 0.0033877396753867507, 0.10908302458583818, 0.0441117692532601, 0.06774392256656836, 0.09943722121544755, 0.019973199567198632], [0.03685156352271929, 0.14699395741819674, 0.1771202412705954, 0.2201788413615925, 0.17304768634872764, 0.004330219341507623, 0.01438446802344439, 0.16130282000057855, 0.03169515236916971, 0.03409505034346823], [0.15918532554909737, 0.24428049725138792, 0.06735744803937077, 0.01608475063339752, 0.12010770984818865, 0.055369517882249544, 0.08147069965854951, 0.14939832088464047, 0.05047697164363868, 0.056268758609479635], [0.17512236761584526, 0.1619564906034287, 0.04819296837195492, 0.010729382754040132, 0.22721335331152778, 0.10095756647924056, 0.06146759772030781, 0.11001516460228818, 0.047109106956295665, 0.05723600158507084]], "r": [[[4, 14, 16, 9, 1, 3, 6, 2, 9, 2], [1, 2, 5, 1, 1, 0, 0, 5, 0, 1], [0, 2, 0, 1, 1, 1, 1, 2, 0, 0], [0, 2, 0, 0, 6, 0, 1, 0, 1, 0]], [[4, 7, 12, 12, 0, 5, 3, 6, 8, 2], [1, 3, 3, 1, 2, 0, 1, 4, 0, 0], [3, 4, 2, 0, 1, 0, 2, 0, 0, 0], [1, 3, 1, 0, 3, 1, 2, 1, 1, 1]], [[3, 15, 16, 5, 0, 6, 5, 2, 5, 1], [0, 2, 6, 5, 3, 0, 0, 2, 0, 0], [0, 1, 0, 0, 2, 0, 2, 3, 0, 1], [2, 2, 0, 1, 3, 1, 0, 4, 1, 1]], [[7, 10, 11, 9, 1, 7, 3, 9, 1, 3], [0, 3, 3, 2, 4, 0, 0, 2, 0, 0], [1, 1, 1, 0, 0, 0, 3, 2, 4, 2], [1, 2, 0, 0, 3, 2, 1, 1, 0, 1]], [[9, 16, 16, 12, 0, 6, 1, 1, 3, 2], [0, 1, 3, 1, 1, 0, 0, 2, 1, 0], [1, 2, 0, 0, 1, 1, 1, 4, 0, 1], [3, 2, 0, 0, 1, 2, 2, 2, 1, 1]], [[9, 13, 6, 7, 0, 5, 2, 3, 9, 0], [0, 4, 3, 6, 2, 0, 0, 3, 1, 0], [4, 3, 0, 1, 0, 2, 0, 2, 0, 0], [3, 4, 1, 0, 4, 0, 0, 3, 0, 0]], [[6, 12, 12, 5, 0, 12, 2, 7, 7, 0], [1, 1, 3, 3, 2, 0, 0, 2, 1, 0], [1, 5, 2, 0, 1, 2, 0, 1, 0, 2], [0, 1, 0, 0, 6, 0, 0, 3, 0, 0]], [[3, 8, 15, 10, 0, 8, 2, 4, 2, 1], [0, 2, 4, 4, 4, 0, 0, 3, 1, 1], [2, 4, 0, 0, 2, 1, 1, 2, 0, 1], [3, 2, 1, 0, 4, 1, 0, 3, 0, 1]], [[8, 9, 10, 14, 0, 5, 1, 5, 5, 1], [0, 2, 3, 5, 3, 0, 0, 1, 0, 1], [3, 1, 2, 0, 1, 2, 1, 3, 2, 0], [3, 4, 1, 0, 0, 0, 1, 1, 0, 2]], [[7, 15, 15, 7, 0, 3, 3, 4, 4, 1], [1, 0, 3, 3, 2, 0, 0, 0, 0, 0], [1, 5, 3, 1, 1, 2, 0, 1, 0, 0], [3, 2, 1, 0, 5, 1, 1, 1, 2, 2]], [[7, 17, 14, 13, 1, 8, 3, 2, 4, 2], [0, 0, 1, 3, 1, 0, 0, 1, 1, 0], [6, 1, 1, 1, 2, 0, 0, 3, 0, 0], [0, 2, 0, 0, 2, 1, 1, 0, 1, 1]], [[5, 12, 18, 9, 0, 8, 6, 7, 5, 0], [0, 3, 1, 2, 2, 0, 0, 2, 0, 0], [0, 2, 0, 0, 3, 1, 0, 1, 0, 0], [4, 1, 0, 0, 4, 0, 2, 0, 2, 0]], [[2, 6, 9, 8, 0, 9, 3, 0, 3, 1], [1, 8, 7, 2, 8, 0, 0, 5, 2, 1], [3, 5, 0, 1, 1, 0, 1, 2, 2, 1], [1, 1, 0, 0, 0, 2, 2, 0, 1, 2]], [[2, 1, 2, 2, 1, 1, 0, 1, 5, 0], [2, 8, 11, 20, 6, 1, 0, 8, 0, 2], [1, 0, 1, 0, 3, 0, 1, 3, 2, 2], [5, 3, 2, 0, 2, 1, 0, 0, 1, 0]], [[0, 2, 1, 1, 0, 2, 0, 1, 0, 0], [1, 9, 10, 23, 10, 0, 0, 8, 3, 3], [2, 2, 1, 0, 2, 0, 2, 0, 1, 0], [1, 2, 1, 0, 2, 0, 3, 2, 2, 3]], [[1, 4, 5, 2, 0, 2, 1, 2, 0, 1], [2, 14, 4, 16, 10, 2, 3, 13, 4, 2], [3, 2, 1, 0, 0, 0, 1, 1, 0, 0], [1, 1, 0, 0, 1, 0, 0, 1, 0, 0]], [[0, 2, 3, 0, 0, 0, 0, 0, 1, 2], [3, 5, 12, 17, 12, 0, 0, 9, 3, 4], [3, 2, 1, 1, 1, 1, 1, 1, 1, 2], [1, 2, 0, 1, 4, 1, 0, 3, 1, 0]], [[1, 4, 3, 0, 0, 4, 0, 0, 1, 0], [3, 13, 10, 11, 9, 0, 0, 12, 1, 0], [2, 0, 2, 0, 1, 1, 2, 3, 0, 1], [5, 2, 2, 0, 3, 2, 1, 0, 0, 1]], [[1, 1, 4, 2, 0, 5, 0, 0, 1, 1], [1, 9, 12, 15, 12, 0, 2, 10, 1, 2], [3, 2, 2, 0, 2, 1, 1, 4, 0, 1], [2, 0, 0, 0, 2, 1, 0, 0, 0, 0]], [[2, 4, 6, 1, 0, 0, 0, 1, 0, 0], [1, 6, 9, 12, 10, 1, 1, 17, 1, 1], [3, 4, 1, 1, 0, 0, 1, 1, 0, 1], [3, 2, 0, 0, 3, 1, 1, 1, 0, 4]], [[1, 4, 2, 2, 0, 4, 0, 1, 2, 0], [1, 9, 10, 9, 10, 0, 3, 9, 0, 1], [1, 4, 1, 0, 3, 0, 1, 4, 1, 1], [2, 2, 0, 0, 3, 4, 1, 2, 0, 2]], [[1, 3, 0, 2, 0, 1, 1, 0, 1, 0], [1, 15, 10, 14, 9, 0, 1, 14, 1, 0], [2, 2, 1, 1, 3, 1, 1, 0, 1, 3], [3, 1, 0, 0, 4, 0, 0, 1, 2, 0]], [[1, 1, 2, 3, 0, 0, 0, 0, 2, 0], [1, 8, 12, 13, 14, 0, 1, 14, 4, 2], [1, 1, 1, 0, 4, 1, 0, 2, 1, 0], [2, 3, 1, 0, 2, 2, 0, 1, 0, 0]], [[2, 2, 2, 1, 0, 3, 2, 1, 3, 1], [2, 12, 11, 9, 15, 0, 0, 4, 2, 0], [3, 2, 0, 1, 0, 1, 1, 4, 1, 1], [3, 3, 0, 0, 3, 1, 1, 1, 1, 1]], [[2, 3, 2, 2, 0, 0, 0, 2, 0, 0], [2, 9, 10, 13, 7, 0, 1, 12, 1, 1], [2, 6, 1, 0, 2, 1, 2, 7, 2, 0], [3, 0, 0, 0, 3, 1, 1, 1, 0, 1]], [[1, 0, 1, 0, 0, 0, 0, 0, 2, 0], [0, 1, 2, 4, 2, 0, 0, 4, 1, 0], [9, 18, 6, 2, 7, 3, 6, 11, 3, 4], [1, 4, 0, 0, 5, 1, 1, 1, 0, 0]], [[1, 2, 6, 1, 0, 0, 0, 0, 0, 0], [2, 2, 3, 5, 4, 0, 0, 4, 0, 0], [10, 5, 2, 1, 5, 3, 6, 14, 4, 3], [0, 3, 2, 0, 5, 4, 0, 0, 1, 2]], [[0, 3, 3, 2, 0, 2, 1, 0, 2, 0], [0, 1, 0, 3, 1, 0, 0, 0, 0, 1], [12, 15, 3, 1, 8, 5, 6, 12, 6, 1], [1, 1, 0, 0, 1, 4, 0, 3, 0, 2]], [[1, 2, 1, 2, 1, 1, 1, 2, 1, 0], [3, 2, 2, 1, 1, 0, 1, 4, 0, 0], [8, 15, 3, 0, 7, 5, 5, 13, 3, 7], [2, 2, 0, 0, 1, 0, 1, 0, 2, 0]], [[2, 4, 2, 4, 0, 2, 0, 2, 1, 0], [1, 2, 2, 5, 2, 0, 0, 2, 1, 0], [8, 11, 6, 0, 10, 4, 4, 8, 2, 2], [1, 5, 1, 0, 3, 1, 0, 1, 0, 1]], [[1, 1, 1, 3, 0, 3, 0, 3, 1, 0], [0, 0, 1, 1, 2, 0, 0, 6, 0, 0], [14, 8, 2, 0, 10, 6, 4, 14, 2, 7], [1, 1, 0, 0, 3, 2, 2, 0, 0, 1]], [[2, 2, 1, 3, 0, 1, 0, 0, 0, 0], [2, 3, 4, 4, 4, 0, 0, 1, 0, 0], [6, 17, 3, 0, 10, 4, 5, 8, 4, 1], [2, 1, 1, 0, 4, 3, 2, 2, 0, 0]], [[1, 3, 1, 4, 0, 3, 1, 3, 1, 0], [0, 2, 0, 4, 1, 0, 0, 4, 1, 1], [10, 13, 1, 0, 11, 3, 6, 9, 1, 3], [4, 0, 0, 0, 1, 1, 0, 2, 3, 2]], [[1, 0, 0, 0, 0, 3, 1, 2, 0, 2], [0, 1, 2, 0, 2, 0, 0, 1, 1, 1], [14, 19, 1, 0, 7, 5, 9, 13, 1, 2], [1, 2, 0, 1, 1, 3, 2, 0, 2, 0]], [[0, 4, 2, 3, 0, 0, 1, 1, 1, 0], [0, 0, 0, 2, 5, 1, 0, 1, 2, 0], [9, 19, 3, 0, 8, 3, 2, 11, 2, 4], [0, 4, 1, 0, 4, 5, 1, 0, 1, 0]], [[1, 5, 1, 5, 0, 1, 0, 2, 1, 0], [0, 3, 1, 4, 1, 0, 0, 0, 1, 0], [11, 15, 3, 1, 9, 5, 6, 4, 3, 5], [1, 5, 1, 0, 0, 1, 1, 0, 1, 2]], [[0, 3, 1, 0, 0, 2, 0, 1, 0, 0], [0, 5, 2, 1, 1, 0, 0, 1, 0, 1], [12, 18, 3, 0, 5, 6, 7, 8, 4, 4], [4, 0, 0, 0, 6, 1, 1, 2, 0, 1]], [[1, 4, 1, 4, 0, 2, 1, 0, 2, 0], [0, 0, 3, 4, 2, 0, 1, 4, 1, 0], [6, 10, 2, 0, 3, 0, 3, 9, 1, 2], [7, 6, 0, 0, 6, 5, 0, 3, 4, 3]], [[0, 4, 6, 0, 0, 2, 0, 1, 4, 0], [0, 2, 0, 3, 1, 0, 0, 3, 0, 0], [1, 3, 2, 0, 5, 0, 0, 2, 3, 0], [10, 11, 3, 0, 12, 5, 3, 8, 3, 3]], [[1, 4, 6, 2, 0, 3, 2, 0, 2, 0], [0, 0, 2, 4, 0, 1, 0, 2, 0, 0], [0, 2, 0, 1, 3, 0, 0, 2, 0, 2], [11, 12, 4, 2, 9, 7, 3, 5, 4, 4]], [[2, 2, 2, 3, 0, 4, 0, 0, 1, 1], [3, 3, 3, 3, 2, 0, 0, 3, 0, 0], [4, 3, 0, 1, 0, 0, 1, 3, 1, 1], [8, 7, 1, 1, 14, 2, 6, 8, 2, 5]], [[2, 2, 2, 2, 0, 1, 1, 0, 1, 0], [0, 2, 4, 1, 2, 0, 0, 2, 0, 2], [1, 2, 2, 0, 3, 2, 0, 1, 0, 0], [16, 8, 2, 0, 18, 6, 5, 6, 2, 2]], [[3, 1, 3, 2, 0, 0, 0, 1, 1, 0], [1, 3, 5, 2, 2, 0, 1, 2, 1, 2], [0, 2, 1, 0, 1, 0, 0, 3, 1, 1], [9, 12, 0, 1, 15, 6, 3, 9, 2, 4]], [[1, 2, 2, 1, 0, 1, 1, 2, 2, 1], [1, 0, 2, 1, 1, 0, 1, 1, 1, 2], [4, 4, 1, 0, 0, 1, 1, 1, 1, 1], [9, 8, 1, 2, 18, 5, 4, 11, 3, 2]], [[1, 0, 3, 2, 0, 4, 4, 0, 0, 0], [1, 1, 4, 3, 2, 0, 0, 0, 0, 0], [0, 5, 1, 0, 1, 0, 1, 4, 0, 0], [11, 10, 6, 0, 15, 7, 2, 2, 3, 7]], [[2, 6, 4, 0, 0, 2, 0, 0, 2, 0], [0, 1, 3, 3, 1, 0, 0, 1, 0, 0], [0, 1, 1, 0, 1, 3, 0, 4, 3, 1], [12, 10, 2, 0, 15, 6, 3, 7, 2, 4]], [[0, 3, 3, 1, 0, 2, 0, 1, 1, 0], [0, 1, 2, 4, 4, 0, 0, 2, 0, 1], [1, 5, 0, 0, 1, 1, 1, 2, 1, 1], [11, 11, 1, 0, 19, 4, 2, 10, 2, 2]], [[1, 4, 3, 1, 0, 1, 0, 1, 0, 0], [0, 2, 3, 2, 3, 0, 0, 3, 0, 0], [2, 2, 0, 1, 0, 0, 0, 1, 0, 2], [14, 16, 1, 0, 14, 5, 2, 7, 3, 6]], [[3, 2, 3, 5, 0, 1, 0, 1, 0, 0], [1, 0, 2, 0, 3, 0, 0, 2, 0, 0], [0, 4, 0, 0, 2, 0, 1, 2, 0, 0], [10, 15, 2, 2, 15, 7, 4, 6, 3, 4]], [[1, 4, 2, 2, 0, 2, 0, 0, 1, 1], [0, 3, 2, 5, 2, 0, 0, 3, 0, 1], [1, 2, 1, 0, 0, 2, 0, 0, 0, 0], [9, 7, 3, 1, 14, 10, 7, 8, 2, 4]]],