{"M": 50, "G": 3, "I": 5, "J": 100, "p": [[0.11895137105452967, 0.25770294108928515, 0.07244449256533461, 0.023960336247350313, 0.5269408590435002], [0.3120605441787004, 0.29648936342259824, 0.2504135622442427, 0.011641851525571994, 0.12939467862888676], [0.40907562554357096, 0.008696137034157786, 0.28022506423708105, 0.294623242274094, 0.007379930911096316]], "r": [[[8, 11, 4, 0, 40], [8, 5, 3, 0, 2], [11, 1, 5, 2, 0]], [[6, 17, 4, 0, 41], [5, 5, 5, 0, 3], [7, 1, 1, 5, 0]], [[5, 17, 4, 0, 33], [10, 1, 3, 0, 3], [11, 0, 7, 6, 0]], [[7, 17, 6, 1, 34], [10, 4, 7, 0, 1], [5, 0, 4, 4, 0]], [[12, 13, 9, 1, 30], [6, 5, 8, 0, 2], [4, 0, 6, 4, 0]], [[12, 12, 5, 1, 34], [5, 6, 4, 0, 2], [10, 0, 5, 4, 0]], [[7, 17, 7, 2, 45], [4, 3, 2, 0, 1], [5, 0, 4, 3, 0]], [[5, 14, 6, 2, 44], [6, 5, 5, 0, 0], [4, 0, 7, 2, 0]], [[7, 17, 3, 1, 44], [4, 3, 3, 0, 3], [8, 0, 4, 3, 0]], [[12, 23, 6, 1, 31], [6, 3, 0, 0, 3], [4, 0, 0, 11, 0]], [[10, 24, 3, 2, 32], [2, 4, 4, 0, 0], [6, 0, 6, 6, 1]], [[12, 19, 5, 3, 37], [4, 3, 5, 0, 0], [2, 0, 4, 6, 0]], [[7, 17, 5, 3, 40], [6, 1, 5, 1, 2], [6, 0, 4, 3, 0]], [[5, 21, 5, 1, 38], [7, 5, 2, 0, 2], [9, 0, 1, 4, 0]], [[7, 15, 1, 0, 44], [3, 5, 4, 0, 0], [9, 1, 5, 6, 0]], [[8, 14, 5, 0, 29], [7, 5, 7, 0, 2], [12, 0, 5, 6, 0]], [[4, 21, 2, 0, 29], [10, 5, 6, 2, 3], [8, 0, 4, 6, 0]], [[2, 2, 1, 0, 9], [21, 19, 21, 1, 12], [6, 0, 4, 2, 0]], [[1, 6, 0, 0, 11], [14, 20, 19, 1, 6], [8, 0, 6, 7, 1]], [[1, 4, 3, 1, 8], [13, 21, 20, 1, 8], [7, 0, 6, 6, 1]], [[0, 4, 0, 0, 7], [22, 23, 26, 1, 5], [4, 0, 2, 6, 0]], [[2, 3, 1, 1, 5], [13, 23, 24, 1, 10], [5, 1, 3, 8, 0]], [[2, 4, 2, 0, 7], [27, 17, 19, 2, 4], [3, 0, 7, 6, 0]], [[3, 1, 1, 0, 8], [21, 13, 19, 0, 11], [8, 0, 9, 6, 0]], [[1, 1, 0, 0, 12], [22, 20, 19, 0, 6], [9, 0, 1, 8, 1]], [[2, 2, 3, 0, 9], [22, 24, 16, 1, 10], [4, 0, 4, 3, 0]], [[2, 8, 1, 0, 11], [27, 16, 15, 0, 8], [6, 0, 2, 4, 0]], [[3, 3, 1, 1, 8], [21, 22, 17, 1, 7], [8, 0, 3, 5, 0]], [[4, 2, 1, 0, 8], [13, 27, 20, 4, 8], [6, 0, 2, 5, 0]], [[0, 2, 5, 0, 7], [25, 22, 16, 0, 10], [4, 0, 2, 7, 0]], [[1, 7, 5, 1, 7], [20, 12, 13, 1, 10], [10, 0, 11, 2, 0]], [[1, 6, 1, 0, 15], [16, 16, 19, 0, 10], [9, 0, 2, 5, 0]], [[1, 3, 2, 0, 9], [19, 21, 14, 0, 10], [9, 0, 4, 8, 0]], [[2, 1, 1, 0, 4], [8, 12, 8, 0, 6], [23, 2, 18, 15, 0]], [[1, 7, 1, 0, 6], [6, 1, 3, 1, 7], [31, 0, 14, 22, 0]], [[2, 3, 0, 1, 14], [3, 3, 2, 0, 2], [29, 0, 21, 19, 1]], [[4, 4, 4, 0, 6], [6, 6, 7, 0, 1], [24, 0, 20, 18, 0]], [[0, 2, 1, 0, 7], [7, 6, 8, 0, 3], [22, 1, 23, 18, 2]], [[5, 7, 1, 1, 5], [4, 4, 6, 0, 4], [23, 2, 20, 18, 0]], [[2, 1, 0, 1, 8], [8, 8, 6, 0, 0], [27, 0, 19, 20, 0]], [[3, 2, 1, 0, 10], [11, 4, 6, 0, 3], [33, 0, 15, 12, 0]], [[2, 3, 1, 0, 17], [5, 6, 4, 0, 1], [24, 0, 18, 19, 0]], [[1, 8, 1, 0, 6], [7, 6, 2, 0, 1], [27, 0, 22, 19, 0]], [[2, 5, 2, 1, 8], [4, 7, 3, 0, 2], [26, 1, 19, 19, 1]], [[0, 3, 2, 1, 6], [4, 8, 3, 0, 2], [30, 0, 20, 20, 1]], [[1, 8, 3, 0, 3], [8, 3, 3, 0, 1], [28, 0, 21, 21, 0]], [[2, 1, 2, 0, 10], [7, 2, 2, 1, 2], [31, 0, 16, 24, 0]], [[0, 3, 0, 2, 10], [2, 9, 3, 0, 4], [22, 0, 18, 27, 0]], [[2, 7, 2, 0, 7], [4, 5, 3, 0, 4], [19, 0, 21, 26, 0]], [[1, 6, 1, 1, 7], [4, 2, 5, 1, 3], [31, 0, 11, 26, 1]]], "n": [[27, 17, 12, 2, 42], [18, 23, 10, 5, 44], [26, 18, 14, 6, 36], [22, 21, 17, 5, 35], [22, 18, 23, 5, 32], [27, 18, 14, 5, 36], [16, 20, 13, 5, 46], [15, 19, 18, 4, 44], [19, 20, 10, 4, 47], [22, 26, 6, 12, 34], [18, 28, 13, 8, 33], [18, 22, 14, 9, 37], [19, 18, 14, 7, 42], [21, 26, 8, 5, 40], [19, 21, 10, 6, 44], [27, 19, 17, 6, 31], [22, 26, 12, 8, 32], [29, 21, 26, 3, 21], [23, 26, 25, 8, 18], [21, 25, 29, 8, 17], [26, 27, 28, 7, 12], [20, 27, 28, 10, 15], [32, 21, 28, 8, 11], [32, 14, 29, 6, 19], [32, 21, 20, 8, 19], [28, 26, 23, 4, 19], [35, 24, 18, 4, 19], [32, 25, 21, 7, 15], [23, 29, 23, 9, 16], [29, 24, 23, 7, 17], [31, 19, 29, 4, 17], [26, 22, 22, 5, 25], [29, 24, 20, 8, 19], [33, 15, 27, 15, 10], [38, 8, 18, 23, 13], [34, 6, 23, 20, 17], [34, 10, 31, 18, 7], [29, 9, 32, 18, 12], [32, 13, 27, 19, 9], [37, 9, 25, 21, 8], [47, 6, 22, 12, 13], [31, 9, 23, 19, 18], [35, 14, 25, 19, 7], [32, 13, 24, 20, 11], [34, 11, 25, 21, 9], [37, 11, 27, 21, 4], [40, 3, 20, 25, 12], [24, 12, 21, 29, 14], [25, 12, 26, 26, 11], [36, 8, 17, 28, 11]], "lambda_": 0.5, "b": [[63, 18, 19], [68, 18, 14], [59, 17, 24], [65, 22, 13], [65, 21, 14], [64, 17, 19], [78, 10, 12], [71, 16, 13], [72, 13, 15], [73, 12, 15], [71, 10, 19], [76, 12, 12], [72, 15, 13], [70, 16, 14], [67, 12, 21], [56, 21, 23], [56, 26, 18], [14, 74, 12], [18, 60, 22], [17, 63, 20], [11, 77, 12], [12, 71, 17], [15, 69, 16], [13, 64, 23], [14, 67, 19], [16, 73, 11], [22, 66, 12], [16, 68, 16], [15, 72, 13], [14, 73, 13], [21, 56, 23], [23, 61, 16], [15, 64, 21], [8, 34, 58], [15, 18, 67], [20, 10, 70], [18, 20, 62], [10, 24, 66], [19, 18, 63], [12, 22, 66], [16, 24, 60], [23, 16, 61], [16, 16, 68], [18, 16, 66], [12, 17, 71], [15, 15, 70], [15, 14, 71], [15, 18, 67], [18, 16, 66], [16, 15, 69]]}