{"M": 50, "G": 3, "I": 5, "J": 100, "p": [[0.12464155160427713, 0.320365700211782, 0.31211881819805165, 0.23773827434383188, 0.005135655642057214], [0.32050330871114646, 0.12960740731613302, 0.19904243955549125, 0.29216240134150717, 0.058684443075721966], [0.04886229150730085, 0.19490249288206324, 0.23484758945089862, 0.29193992606900426, 0.2294477000907331]], "r": [[[10, 24, 16, 15, 0], [6, 2, 5, 6, 0], [0, 1, 5, 7, 3]], [[8, 16, 21, 17, 1], [3, 1, 2, 4, 1], [0, 5, 7, 6, 8]], [[9, 19, 15, 16, 2], [8, 2, 1, 7, 1], [1, 3, 5, 3, 8]], [[11, 21, 18, 11, 1], [7, 1, 0, 8, 1], [0, 4, 6, 6, 5]], [[8, 24, 19, 13, 0], [3, 0, 6, 10, 0], [0, 4, 4, 5, 4]], [[11, 17, 19, 12, 2], [12, 2, 3, 4, 1], [0, 5, 2, 4, 6]], [[9, 17, 18, 16, 1], [3, 1, 1, 9, 3], [3, 6, 5, 4, 4]], [[7, 23, 19, 12, 0], [8, 2, 4, 7, 1], [0, 3, 4, 5, 5]], [[8, 29, 19, 14, 0], [8, 1, 1, 4, 0], [1, 2, 6, 2, 5]], [[8, 25, 22, 14, 0], [4, 3, 2, 3, 1], [0, 4, 6, 7, 1]], [[14, 26, 18, 14, 1], [5, 2, 2, 2, 2], [1, 5, 1, 5, 2]], [[6, 22, 22, 21, 0], [8, 0, 1, 6, 1], [1, 4, 4, 0, 4]], [[9, 17, 27, 9, 0], [5, 0, 2, 6, 2], [2, 5, 4, 5, 7]], [[12, 21, 16, 17, 0], [3, 5, 6, 7, 0], [0, 0, 3, 5, 5]], [[8, 20, 28, 17, 1], [6, 3, 2, 6, 0], [0, 0, 1, 2, 6]], [[10, 20, 21, 22, 0], [5, 1, 2, 3, 1], [0, 3, 4, 5, 3]], [[7, 21, 20, 11, 0], [9, 6, 6, 8, 0], [0, 3, 2, 1, 6]], [[2, 9, 3, 4, 0], [22, 9, 10, 16, 6], [1, 3, 6, 6, 3]], [[1, 6, 3, 6, 1], [18, 11, 13, 24, 0], [0, 6, 4, 4, 3]], [[0, 7, 8, 3, 0], [13, 9, 17, 20, 3], [1, 9, 4, 4, 2]], [[1, 7, 7, 3, 0], [14, 7, 13, 26, 2], [0, 5, 4, 5, 6]], [[4, 6, 5, 0, 0], [24, 10, 14, 21, 4], [1, 3, 5, 1, 2]], [[4, 1, 5, 6, 0], [25, 10, 17, 16, 4], [1, 1, 3, 2, 5]], [[2, 4, 7, 3, 0], [19, 10, 7, 19, 6], [0, 4, 6, 9, 4]], [[0, 6, 2, 2, 0], [16, 11, 15, 20, 3], [0, 5, 9, 6, 5]], [[3, 4, 4, 3, 0], [25, 8, 18, 19, 4], [0, 3, 1, 2, 6]], [[1, 3, 7, 5, 0], [25, 6, 14, 17, 2], [1, 6, 7, 6, 0]], [[3, 6, 7, 2, 0], [25, 10, 12, 20, 3], [0, 2, 4, 4, 2]], [[2, 6, 8, 3, 0], [19, 9, 15, 20, 4], [0, 5, 2, 3, 4]], [[2, 7, 7, 4, 0], [20, 5, 14, 22, 4], [2, 2, 4, 5, 2]], [[1, 2, 7, 3, 0], [21, 5, 17, 19, 5], [1, 4, 5, 3, 7]], [[2, 6, 6, 2, 0], [17, 15, 10, 18, 4], [1, 5, 6, 3, 5]], [[1, 5, 8, 3, 0], [18, 5, 10, 20, 4], [1, 2, 6, 7, 10]], [[0, 3, 4, 6, 0], [9, 4, 9, 12, 5], [5, 6, 8, 18, 11]], [[1, 3, 7, 4, 0], [6, 3, 6, 5, 0], [2, 10, 17, 17, 19]], [[1, 2, 9, 4, 1], [7, 3, 2, 3, 1], [4, 12, 9, 31, 11]], [[3, 4, 3, 8, 0], [7, 2, 4, 4, 0], [0, 10, 19, 18, 18]], [[2, 7, 6, 6, 0], [5, 4, 1, 5, 1], [5, 12, 15, 20, 11]], [[1, 9, 6, 3, 0], [7, 2, 2, 2, 3], [1, 12, 15, 20, 17]], [[3, 7, 8, 6, 1], [5, 1, 2, 7, 2], [3, 15, 10, 15, 15]], [[2, 5, 1, 8, 0], [5, 1, 6, 7, 0], [0, 12, 19, 18, 16]], [[4, 5, 4, 1, 0], [4, 2, 2, 1, 0], [2, 24, 14, 23, 14]], [[3, 6, 6, 8, 0], [12, 1, 6, 4, 1], [2, 10, 15, 12, 14]], [[1, 7, 4, 6, 0], [6, 4, 3, 6, 2], [1, 11, 15, 17, 17]], [[6, 5, 4, 1, 0], [3, 2, 4, 7, 0], [2, 9, 16, 24, 17]], [[0, 4, 8, 3, 0], [4, 2, 5, 14, 0], [4, 11, 18, 19, 8]], [[3, 5, 4, 3, 0], [3, 1, 2, 3, 2], [2, 21, 19, 15, 17]], [[1, 5, 3, 5, 0], [4, 1, 4, 4, 1], [1, 13, 19, 23, 16]], [[2, 6, 2, 4, 0], [5, 1, 3, 11, 1], [3, 14, 12, 19, 17]], [[1, 5, 9, 4, 0], [8, 2, 3, 5, 0], [0, 9, 14, 25, 15]]], "n": [[16, 27, 26, 28, 3], [11, 22, 30, 27, 10], [18, 24, 21, 26, 11], [18, 26, 24, 25, 7], [11, 28, 29, 28, 4], [23, 24, 24, 20, 9], [15, 24, 24, 29, 8], [15, 28, 27, 24, 6], [17, 32, 26, 20, 5], [12, 32, 30, 24, 2], [20, 33, 21, 21, 5], [15, 26, 27, 27, 5], [16, 22, 33, 20, 9], [15, 26, 25, 29, 5], [14, 23, 31, 25, 7], [15, 24, 27, 30, 4], [16, 30, 28, 20, 6], [25, 21, 19, 26, 9], [19, 23, 20, 34, 4], [14, 25, 29, 27, 5], [15, 19, 24, 34, 8], [29, 19, 24, 22, 6], [30, 12, 25, 24, 9], [21, 18, 20, 31, 10], [16, 22, 26, 28, 8], [28, 15, 23, 24, 10], [27, 15, 28, 28, 2], [28, 18, 23, 26, 5], [21, 20, 25, 26, 8], [24, 14, 25, 31, 6], [23, 11, 29, 25, 12], [20, 26, 22, 23, 9], [20, 12, 24, 30, 14], [14, 13, 21, 36, 16], [9, 16, 30, 26, 19], [12, 17, 20, 38, 13], [10, 16, 26, 30, 18], [12, 23, 22, 31, 12], [9, 23, 23, 25, 20], [11, 23, 20, 28, 18], [7, 18, 26, 33, 16], [10, 31, 20, 25, 14], [17, 17, 27, 24, 15], [8, 22, 22, 29, 19], [11, 16, 24, 32, 17], [8, 17, 31, 36, 8], [8, 27, 25, 21, 19], [6, 19, 26, 32, 17], [10, 21, 17, 34, 18], [9, 16, 26, 34, 15]], "lambda_": 0.5, "b": [[65, 19, 16], [63, 11, 26], [61, 19, 20], [62, 17, 21], [64, 19, 17], [61, 22, 17], [61, 17, 22], [61, 22, 17], [70, 14, 16], [69, 13, 18], [73, 13, 14], [71, 16, 13], [62, 15, 23], [66, 21, 13], [74, 17, 9], [73, 12, 15], [59, 29, 12], [18, 63, 19], [17, 66, 17], [18, 62, 20], [18, 62, 20], [15, 73, 12], [16, 72, 12], [16, 61, 23], [10, 65, 25], [14, 74, 12], [16, 64, 20], [18, 70, 12], [19, 67, 14], [20, 65, 15], [13, 67, 20], [16, 64, 20], [17, 57, 26], [13, 39, 48], [15, 20, 65], [17, 16, 67], [18, 17, 65], [21, 16, 63], [19, 16, 65], [25, 17, 58], [16, 19, 65], [14, 9, 77], [23, 24, 53], [18, 21, 61], [16, 16, 68], [15, 25, 60], [15, 11, 74], [14, 14, 72], [14, 21, 65], [19, 18, 63]]}