{"M": 50, "G": 4, "I": 2, "J": 100, "p": [[0.5987968574721769, 0.40120314252782313], [0.9130943604190191, 0.08690563958098092], [0.5796129067029052, 0.42038709329709484], [0.19903834610714546, 0.8009616538928546]], "r": [[[41, 31], [7, 1], [7, 4], [2, 7]], [[36, 32], [10, 0], [8, 3], [3, 8]], [[36, 32], [15, 1], [5, 4], [3, 4]], [[38, 20], [9, 3], [12, 3], [5, 10]], [[42, 19], [12, 3], [6, 6], [2, 10]], [[34, 20], [17, 0], [11, 6], [2, 10]], [[37, 23], [10, 0], [5, 10], [2, 13]], [[44, 22], [14, 1], [5, 5], [2, 7]], [[39, 18], [12, 2], [7, 11], [2, 9]], [[43, 22], [4, 0], [11, 7], [1, 12]], [[39, 17], [11, 3], [10, 4], [3, 13]], [[34, 29], [12, 2], [5, 6], [3, 9]], [[23, 11], [29, 4], [11, 6], [3, 13]], [[5, 7], [54, 8], [8, 5], [2, 11]], [[6, 6], [62, 2], [11, 5], [4, 4]], [[8, 5], [58, 4], [10, 4], [1, 10]], [[11, 9], [57, 4], [8, 4], [0, 7]], [[12, 4], [56, 2], [9, 2], [1, 14]], [[9, 2], [63, 4], [7, 3], [2, 10]], [[5, 5], [59, 5], [8, 6], [2, 10]], [[6, 5], [54, 2], [11, 5], [3, 14]], [[9, 7], [61, 6], [6, 1], [3, 7]], [[6, 2], [59, 4], [4, 4], [4, 17]], [[10, 1], [67, 2], [7, 3], [3, 7]], [[4, 6], [59, 4], [8, 3], [3, 13]], [[6, 6], [10, 2], [41, 27], [2, 6]], [[5, 3], [12, 1], [35, 32], [3, 9]], [[5, 6], [8, 4], [41, 25], [3, 8]], [[8, 7], [14, 5], [38, 20], [3, 5]], [[7, 7], [11, 0], [34, 23], [2, 16]], [[6, 7], [11, 0], [35, 28], [2, 11]], [[8, 3], [14, 0], [35, 29], [4, 7]], [[14, 4], [4, 2], [36, 28], [2, 10]], [[6, 5], [13, 1], [29, 25], [7, 14]], [[9, 3], [11, 2], [47, 17], [1, 10]], [[5, 6], [5, 0], [42, 27], [2, 13]], [[7, 5], [13, 1], [36, 25], [3, 10]], [[9, 6], [10, 1], [20, 14], [10, 30]], [[3, 2], [13, 2], [9, 3], [11, 57]], [[9, 8], [11, 3], [3, 5], [8, 53]], [[10, 3], [9, 1], [5, 6], [14, 52]], [[5, 4], [16, 2], [4, 6], [12, 51]], [[6, 6], [14, 0], [8, 5], [13, 48]], [[13, 4], [10, 0], [6, 4], [14, 49]], [[9, 3], [14, 0], [8, 5], [13, 48]], [[9, 3], [4, 1], [6, 9], [19, 49]], [[9, 7], [17, 0], [7, 8], [9, 43]], [[9, 6], [18, 2], [12, 3], [8, 42]], [[5, 5], [13, 0], [5, 5], [11, 56]], [[15, 4], [7, 0], [6, 3], [22, 43]]], "n": [[57, 43], [57, 43], [59, 41], [64, 36], [62, 38], [64, 36], [54, 46], [65, 35], [60, 40], [59, 41], [63, 37], [54, 46], [66, 34], [69, 31], [83, 17], [77, 23], [76, 24], [78, 22], [81, 19], [74, 26], [74, 26], [79, 21], [73, 27], [87, 13], [74, 26], [59, 41], [55, 45], [57, 43], [63, 37], [54, 46], [54, 46], [61, 39], [56, 44], [55, 45], [68, 32], [54, 46], [59, 41], [49, 51], [36, 64], [31, 69], [38, 62], [37, 63], [41, 59], [43, 57], [44, 56], [38, 62], [42, 58], [47, 53], [34, 66], [50, 50]], "lambda_": 0.5, "b": [[72, 8, 11, 9], [68, 10, 11, 11], [68, 16, 9, 7], [58, 12, 15, 15], [61, 15, 12, 12], [54, 17, 17, 12], [60, 10, 15, 15], [66, 15, 10, 9], [57, 14, 18, 11], [65, 4, 18, 13], [56, 14, 14, 16], [63, 14, 11, 12], [34, 33, 17, 16], [12, 62, 13, 13], [12, 64, 16, 8], [13, 62, 14, 11], [20, 61, 12, 7], [16, 58, 11, 15], [11, 67, 10, 12], [10, 64, 14, 12], [11, 56, 16, 17], [16, 67, 7, 10], [8, 63, 8, 21], [11, 69, 10, 10], [10, 63, 11, 16], [12, 12, 68, 8], [8, 13, 67, 12], [11, 12, 66, 11], [15, 19, 58, 8], [14, 11, 57, 18], [13, 11, 63, 13], [11, 14, 64, 11], [18, 6, 64, 12], [11, 14, 54, 21], [12, 13, 64, 11], [11, 5, 69, 15], [12, 14, 61, 13], [15, 11, 34, 40], [5, 15, 12, 68], [17, 14, 8, 61], [13, 10, 11, 66], [9, 18, 10, 63], [12, 14, 13, 61], [17, 10, 10, 63], [12, 14, 13, 61], [12, 5, 15, 68], [16, 17, 15, 52], [15, 20, 15, 50], [10, 13, 10, 67], [19, 7, 9, 65]]}