{"M": 50, "G": 3, "I": 2, "J": 100, "p": [[0.11053619287835263, 0.8894638071216475], [0.2859754293897199, 0.7140245706102801], [0.0058150405982643075, 0.9941849594017358]], "r": [[[9, 64], [5, 11], [0, 11]], [[6, 53], [9, 11], [0, 21]], [[6, 57], [6, 12], [0, 19]], [[7, 56], [7, 12], [0, 18]], [[5, 62], [5, 11], [0, 17]], [[7, 57], [5, 9], [0, 22]], [[9, 64], [1, 15], [1, 10]], [[4, 71], [5, 10], [0, 10]], [[8, 58], [8, 13], [0, 13]], [[5, 65], [1, 13], [0, 16]], [[6, 59], [2, 14], [0, 19]], [[4, 57], [2, 13], [0, 24]], [[4, 61], [8, 10], [0, 17]], [[10, 57], [4, 16], [0, 13]], [[8, 55], [7, 15], [0, 15]], [[4, 62], [3, 14], [0, 17]], [[6, 50], [10, 20], [1, 13]], [[3, 16], [26, 41], [0, 14]], [[2, 20], [19, 43], [0, 16]], [[0, 15], [22, 47], [1, 15]], [[1, 12], [21, 57], [0, 9]], [[0, 16], [20, 50], [0, 14]], [[1, 20], [15, 48], [0, 16]], [[1, 18], [24, 42], [0, 15]], [[1, 22], [20, 44], [0, 13]], [[2, 13], [24, 45], [0, 16]], [[2, 18], [17, 44], [0, 19]], [[2, 5], [22, 56], [0, 15]], [[1, 16], [19, 48], [0, 16]], [[2, 18], [19, 44], [0, 17]], [[4, 17], [15, 46], [0, 18]], [[0, 18], [26, 43], [0, 13]], [[2, 12], [17, 46], [0, 23]], [[3, 10], [17, 22], [0, 48]], [[1, 9], [6, 10], [1, 73]], [[2, 16], [7, 13], [1, 61]], [[2, 14], [1, 8], [0, 75]], [[3, 14], [6, 14], [1, 62]], [[2, 19], [5, 11], [1, 62]], [[4, 20], [4, 9], [0, 63]], [[2, 12], [3, 13], [0, 70]], [[2, 10], [6, 12], [0, 70]], [[1, 11], [6, 17], [1, 64]], [[0, 20], [4, 14], [0, 62]], [[2, 11], [2, 12], [0, 73]], [[4, 16], [5, 11], [2, 62]], [[0, 13], [11, 3], [2, 71]], [[2, 14], [3, 8], [0, 73]], [[4, 15], [3, 12], [2, 64]], [[0, 14], [6, 6], [0, 74]]], "n": [[14, 86], [15, 85], [12, 88], [14, 86], [10, 90], [12, 88], [11, 89], [9, 91], [16, 84], [6, 94], [8, 92], [6, 94], [12, 88], [14, 86], [15, 85], [7, 93], [17, 83], [29, 71], [21, 79], [23, 77], [22, 78], [20, 80], [16, 84], [25, 75], [21, 79], [26, 74], [19, 81], [24, 76], [20, 80], [21, 79], [19, 81], [26, 74], [19, 81], [20, 80], [8, 92], [10, 90], [3, 97], [10, 90], [8, 92], [8, 92], [5, 95], [8, 92], [8, 92], [4, 96], [4, 96], [11, 89], [13, 87], [5, 95], [9, 91], [6, 94]], "lambda_": 0.5, "b": [[73, 16, 11], [59, 20, 21], [63, 18, 19], [63, 19, 18], [67, 16, 17], [64, 14, 22], [73, 16, 11], [75, 15, 10], [66, 21, 13], [70, 14, 16], [65, 16, 19], [61, 15, 24], [65, 18, 17], [67, 20, 13], [63, 22, 15], [66, 17, 17], [56, 30, 14], [19, 67, 14], [22, 62, 16], [15, 69, 16], [13, 78, 9], [16, 70, 14], [21, 63, 16], [19, 66, 15], [23, 64, 13], [15, 69, 16], [20, 61, 19], [7, 78, 15], [17, 67, 16], [20, 63, 17], [21, 61, 18], [18, 69, 13], [14, 63, 23], [13, 39, 48], [10, 16, 74], [18, 20, 62], [16, 9, 75], [17, 20, 63], [21, 16, 63], [24, 13, 63], [14, 16, 70], [12, 18, 70], [12, 23, 65], [20, 18, 62], [13, 14, 73], [20, 16, 64], [13, 14, 73], [16, 11, 73], [19, 15, 66], [14, 12, 74]]}