{"M": 50, "G": 3, "I": 5, "J": 100, "p": [[0.23133554027621162, 0.5462328859941928, 4.903667005091315e-05, 0.15434181656277288, 0.06804072049677173], [0.04828772164529685, 0.10272923560641152, 0.2113133794944018, 0.2519217205343371, 0.3857479427195527], [0.13381390465004245, 0.284670660044346, 0.05633036682967912, 0.5183459507497479, 0.006839117726184664]], "r": [[[16, 31, 0, 9, 6], [2, 2, 6, 6, 7], [2, 4, 1, 7, 1]], [[17, 43, 0, 8, 5], [1, 1, 1, 3, 8], [2, 3, 1, 7, 0]], [[22, 36, 0, 9, 4], [1, 0, 3, 7, 6], [1, 1, 1, 9, 0]], [[13, 34, 0, 14, 5], [1, 1, 1, 5, 9], [4, 9, 0, 4, 0]], [[19, 29, 0, 10, 5], [0, 1, 7, 6, 7], [2, 2, 0, 11, 1]], [[16, 35, 0, 12, 3], [2, 3, 2, 4, 7], [0, 6, 0, 10, 0]], [[13, 43, 0, 11, 3], [0, 1, 3, 6, 5], [0, 2, 1, 12, 0]], [[15, 36, 0, 11, 3], [1, 0, 4, 4, 6], [2, 6, 0, 12, 0]], [[21, 30, 0, 8, 5], [1, 0, 6, 6, 7], [4, 3, 0, 9, 0]], [[16, 47, 0, 6, 1], [0, 2, 3, 6, 6], [0, 6, 0, 7, 0]], [[11, 33, 0, 15, 7], [1, 2, 7, 2, 7], [2, 1, 1, 11, 0]], [[18, 36, 0, 11, 2], [1, 1, 1, 3, 8], [4, 4, 1, 10, 0]], [[14, 41, 0, 13, 6], [1, 1, 3, 5, 4], [0, 6, 2, 3, 1]], [[13, 44, 0, 7, 8], [0, 0, 4, 2, 6], [1, 6, 1, 7, 1]], [[17, 41, 0, 8, 9], [1, 3, 2, 1, 5], [2, 5, 0, 6, 0]], [[17, 32, 0, 13, 4], [2, 2, 5, 4, 2], [2, 4, 0, 13, 0]], [[10, 29, 0, 9, 5], [1, 1, 9, 10, 10], [4, 4, 0, 8, 0]], [[0, 7, 0, 3, 2], [2, 5, 12, 16, 38], [1, 6, 1, 7, 0]], [[4, 9, 0, 3, 0], [5, 4, 10, 23, 26], [3, 5, 1, 7, 0]], [[2, 3, 0, 5, 2], [3, 10, 19, 14, 22], [1, 5, 0, 14, 0]], [[5, 8, 0, 2, 1], [3, 4, 17, 18, 24], [3, 4, 0, 11, 0]], [[1, 9, 0, 4, 0], [4, 5, 16, 20, 23], [3, 1, 0, 14, 0]], [[3, 11, 0, 0, 4], [3, 6, 12, 20, 25], [1, 8, 0, 6, 1]], [[1, 7, 0, 2, 2], [6, 10, 11, 16, 24], [2, 6, 1, 12, 0]], [[1, 9, 0, 2, 1], [2, 7, 16, 21, 25], [1, 6, 0, 9, 0]], [[4, 12, 0, 3, 0], [4, 7, 20, 14, 20], [1, 2, 1, 12, 0]], [[4, 7, 0, 0, 0], [4, 7, 13, 15, 32], [4, 3, 1, 10, 0]], [[5, 9, 0, 1, 0], [6, 6, 19, 12, 22], [2, 5, 3, 10, 0]], [[1, 6, 0, 3, 1], [4, 7, 19, 18, 26], [2, 4, 2, 7, 0]], [[5, 11, 0, 3, 1], [2, 3, 20, 15, 27], [4, 5, 0, 4, 0]], [[7, 8, 0, 2, 2], [3, 6, 19, 14, 27], [2, 4, 0, 6, 0]], [[3, 13, 0, 2, 0], [5, 4, 13, 14, 30], [2, 3, 2, 9, 0]], [[5, 10, 0, 5, 0], [4, 5, 9, 20, 24], [3, 4, 0, 11, 0]], [[5, 3, 0, 2, 0], [0, 8, 6, 7, 14], [8, 16, 2, 29, 0]], [[6, 9, 0, 2, 2], [2, 2, 1, 6, 5], [3, 27, 2, 33, 0]], [[4, 7, 0, 3, 1], [0, 2, 4, 2, 2], [17, 20, 2, 36, 0]], [[2, 9, 0, 4, 2], [0, 1, 7, 5, 5], [12, 16, 5, 31, 1]], [[5, 9, 0, 3, 1], [0, 0, 5, 6, 4], [10, 16, 3, 38, 0]], [[4, 8, 0, 2, 3], [2, 2, 5, 4, 5], [4, 21, 5, 35, 0]], [[5, 14, 0, 3, 1], [1, 3, 2, 1, 9], [12, 10, 2, 37, 0]], [[3, 10, 0, 3, 1], [1, 0, 3, 5, 10], [9, 22, 3, 30, 0]], [[3, 2, 0, 3, 1], [0, 1, 5, 4, 6], [11, 29, 4, 30, 1]], [[2, 12, 0, 3, 3], [0, 0, 3, 4, 3], [8, 12, 6, 44, 0]], [[2, 12, 0, 1, 0], [0, 2, 2, 3, 7], [13, 24, 3, 30, 1]], [[5, 1, 0, 5, 1], [0, 1, 1, 5, 8], [10, 26, 5, 32, 0]], [[2, 14, 0, 6, 1], [2, 2, 2, 5, 1], [11, 24, 3, 27, 0]], [[4, 7, 0, 1, 0], [0, 5, 6, 2, 5], [8, 19, 9, 33, 1]], [[0, 6, 0, 4, 1], [2, 0, 3, 8, 12], [4, 25, 5, 29, 1]], [[6, 10, 0, 4, 1], [1, 1, 2, 4, 6], [10, 22, 1, 31, 1]], [[3, 13, 0, 4, 0], [2, 0, 5, 1, 8], [8, 13, 2, 40, 1]]], "n": [[20, 37, 7, 22, 14], [20, 47, 2, 18, 13], [24, 37, 4, 25, 10], [18, 44, 1, 23, 14], [21, 32, 7, 27, 13], [18, 44, 2, 26, 10], [13, 46, 4, 29, 8], [18, 42, 4, 27, 9], [26, 33, 6, 23, 12], [16, 55, 3, 19, 7], [14, 36, 8, 28, 14], [23, 41, 2, 24, 10], [15, 48, 5, 21, 11], [14, 50, 5, 16, 15], [20, 49, 2, 15, 14], [21, 38, 5, 30, 6], [15, 34, 9, 27, 15], [3, 18, 13, 26, 40], [12, 18, 11, 33, 26], [6, 18, 19, 33, 24], [11, 16, 17, 31, 25], [8, 15, 16, 38, 23], [7, 25, 12, 26, 30], [9, 23, 12, 30, 26], [4, 22, 16, 32, 26], [9, 21, 21, 29, 20], [12, 17, 14, 25, 32], [13, 20, 22, 23, 22], [7, 17, 21, 28, 27], [11, 19, 20, 22, 28], [12, 18, 19, 22, 29], [10, 20, 15, 25, 30], [12, 19, 9, 36, 24], [13, 27, 8, 38, 14], [11, 38, 3, 41, 7], [21, 29, 6, 41, 3], [14, 26, 12, 40, 8], [15, 25, 8, 47, 5], [10, 31, 10, 41, 8], [18, 27, 4, 41, 10], [13, 32, 6, 38, 11], [14, 32, 9, 37, 8], [10, 24, 9, 51, 6], [15, 38, 5, 34, 8], [15, 28, 6, 42, 9], [15, 40, 5, 38, 2], [12, 31, 15, 36, 6], [6, 31, 8, 41, 14], [17, 33, 3, 39, 8], [13, 26, 7, 45, 9]], "lambda_": 0.5, "b": [[62, 23, 15], [73, 14, 13], [71, 17, 12], [66, 17, 17], [63, 21, 16], [66, 18, 16], [70, 15, 15], [65, 15, 20], [64, 20, 16], [70, 17, 13], [66, 19, 15], [67, 14, 19], [74, 14, 12], [72, 12, 16], [75, 12, 13], [66, 15, 19], [53, 31, 16], [12, 73, 15], [16, 68, 16], [12, 68, 20], [16, 66, 18], [14, 68, 18], [18, 66, 16], [12, 67, 21], [13, 71, 16], [19, 65, 16], [11, 71, 18], [15, 65, 20], [11, 74, 15], [20, 67, 13], [19, 69, 12], [18, 66, 16], [20, 62, 18], [10, 35, 55], [19, 16, 65], [15, 10, 75], [17, 18, 65], [18, 15, 67], [17, 18, 65], [23, 16, 61], [17, 19, 64], [9, 16, 75], [20, 10, 70], [15, 14, 71], [12, 15, 73], [23, 12, 65], [12, 18, 70], [11, 25, 64], [21, 14, 65], [20, 16, 64]]}