{"M": 50, "G": 3, "I": 3, "J": 100, "p": [[0.88190002979169, 0.0920076920293921, 0.026092278178917974], [0.29406084557816603, 0.21111905408272336, 0.49482010033911067], [0.4312585359125406, 0.4288031509583071, 0.13993831312915236]], "r": [[[57, 7, 2], [5, 5, 11], [8, 4, 1]], [[57, 8, 1], [4, 3, 8], [9, 8, 2]], [[65, 9, 1], [5, 2, 8], [3, 3, 4]], [[57, 7, 1], [11, 0, 5], [8, 10, 1]], [[51, 5, 0], [2, 3, 16], [10, 7, 6]], [[62, 2, 0], [2, 5, 10], [6, 8, 5]], [[61, 5, 1], [3, 5, 8], [7, 7, 3]], [[67, 7, 3], [4, 1, 4], [7, 7, 0]], [[65, 2, 4], [6, 7, 4], [5, 6, 1]], [[55, 10, 2], [7, 1, 7], [10, 4, 4]], [[55, 6, 1], [5, 4, 6], [11, 9, 3]], [[56, 9, 2], [1, 7, 13], [5, 6, 1]], [[62, 8, 3], [2, 2, 8], [6, 6, 3]], [[55, 8, 0], [5, 10, 8], [4, 8, 2]], [[56, 6, 2], [6, 4, 8], [6, 10, 2]], [[59, 7, 2], [9, 2, 5], [6, 8, 2]], [[47, 3, 2], [10, 5, 19], [10, 4, 0]], [[18, 4, 0], [15, 11, 35], [5, 9, 3]], [[16, 3, 0], [21, 15, 28], [6, 9, 2]], [[13, 2, 1], [17, 12, 32], [9, 10, 4]], [[14, 2, 0], [18, 9, 39], [9, 7, 2]], [[20, 0, 1], [19, 21, 24], [7, 4, 4]], [[12, 2, 0], [18, 20, 27], [9, 10, 2]], [[14, 2, 0], [23, 10, 36], [8, 7, 0]], [[17, 0, 0], [20, 8, 41], [3, 10, 1]], [[17, 1, 0], [20, 14, 30], [7, 8, 3]], [[17, 0, 1], [21, 14, 29], [7, 7, 4]], [[8, 3, 0], [20, 19, 30], [8, 10, 2]], [[15, 1, 0], [17, 7, 39], [6, 10, 5]], [[12, 0, 0], [21, 14, 35], [8, 8, 2]], [[14, 2, 0], [20, 11, 37], [8, 7, 1]], [[7, 0, 0], [20, 8, 45], [8, 7, 5]], [[16, 1, 1], [22, 15, 33], [6, 1, 5]], [[14, 0, 0], [14, 8, 14], [22, 23, 5]], [[14, 1, 0], [6, 5, 8], [34, 23, 9]], [[14, 3, 1], [4, 8, 4], [28, 30, 8]], [[13, 1, 0], [6, 6, 4], [26, 28, 16]], [[13, 2, 0], [5, 2, 10], [26, 33, 9]], [[18, 2, 0], [2, 3, 8], [26, 31, 10]], [[18, 1, 0], [5, 4, 4], [37, 25, 6]], [[8, 8, 1], [5, 2, 9], [26, 28, 13]], [[20, 1, 0], [8, 2, 8], [26, 27, 8]], [[16, 2, 0], [5, 3, 6], [34, 26, 8]], [[9, 2, 0], [7, 5, 9], [35, 25, 8]], [[17, 0, 2], [6, 1, 8], [24, 33, 9]], [[7, 4, 0], [4, 5, 5], [30, 37, 8]], [[19, 2, 0], [7, 3, 7], [29, 26, 7]], [[16, 1, 0], [5, 4, 14], [28, 21, 11]], [[15, 1, 1], [5, 7, 8], [30, 24, 9]], [[19, 2, 0], [2, 3, 13], [29, 23, 9]]], "n": [[70, 16, 14], [70, 19, 11], [73, 14, 13], [76, 17, 7], [63, 15, 22], [70, 15, 15], [71, 17, 12], [78, 15, 7], [76, 15, 9], [72, 15, 13], [71, 19, 10], [62, 22, 16], [70, 16, 14], [64, 26, 10], [68, 20, 12], [74, 17, 9], [67, 12, 21], [38, 24, 38], [43, 27, 30], [39, 24, 37], [41, 18, 41], [46, 25, 29], [39, 32, 29], [45, 19, 36], [40, 18, 42], [44, 23, 33], [45, 21, 34], [36, 32, 32], [38, 18, 44], [41, 22, 37], [42, 20, 38], [35, 15, 50], [44, 17, 39], [50, 31, 19], [54, 29, 17], [46, 41, 13], [45, 35, 20], [44, 37, 19], [46, 36, 18], [60, 30, 10], [39, 38, 23], [54, 30, 16], [55, 31, 14], [51, 32, 17], [47, 34, 19], [41, 46, 13], [55, 31, 14], [49, 26, 25], [50, 32, 18], [50, 28, 22]], "lambda_": 0.5, "b": [[66, 21, 13], [66, 15, 19], [75, 15, 10], [65, 16, 19], [56, 21, 23], [64, 17, 19], [67, 16, 17], [77, 9, 14], [71, 17, 12], [67, 15, 18], [62, 15, 23], [67, 21, 12], [73, 12, 15], [63, 23, 14], [64, 18, 18], [68, 16, 16], [52, 34, 14], [22, 61, 17], [19, 64, 17], [16, 61, 23], [16, 66, 18], [21, 64, 15], [14, 65, 21], [16, 69, 15], [17, 69, 14], [18, 64, 18], [18, 64, 18], [11, 69, 20], [16, 63, 21], [12, 70, 18], [16, 68, 16], [7, 73, 20], [18, 70, 12], [14, 36, 50], [15, 19, 66], [18, 16, 66], [14, 16, 70], [15, 17, 68], [20, 13, 67], [19, 13, 68], [17, 16, 67], [21, 18, 61], [18, 14, 68], [11, 21, 68], [19, 15, 66], [11, 14, 75], [21, 17, 62], [17, 23, 60], [17, 20, 63], [21, 18, 61]]}