{"M": 50, "G": 4, "I": 10, "J": 100, "p": [[0.02671547493840882, 0.2177371939023237, 0.02464630662472503, 0.2669753384763067, 0.07133146114720498, 0.10069016905056917, 0.15453730446846922, 0.0777644459444631, 0.03747474642458963, 0.022127559022939464], [0.01143253034448929, 0.1821179371482772, 0.07905614521411183, 0.02340391124384544, 0.28785667046947466, 0.04349946291932172, 0.07262983570040099, 0.047677443735614625, 0.13457350322664272, 0.11775255999782144], [0.09806564428881868, 0.033076972621810384, 0.035863752635601466, 0.03130836863135393, 0.04248073005627369, 0.016664471943367083, 0.019381380265742564, 0.3556374115619315, 0.34517388378773206, 0.02234738420736856], [0.0024998014743971664, 0.023249233544709712, 0.12225828191408337, 0.15359586527260127, 0.00235689573151083, 0.08756537347359254, 0.00016696494934188776, 0.07360999262852917, 0.10373145122203967, 0.4309661397891943]], "r": [[[1, 14, 2, 19, 5, 4, 12, 3, 2, 2], [0, 3, 0, 0, 4, 1, 1, 1, 0, 0], [0, 1, 0, 0, 0, 0, 0, 5, 4, 0], [0, 0, 2, 4, 0, 0, 0, 1, 3, 6]], [[1, 13, 2, 16, 7, 6, 9, 2, 4, 2], [0, 2, 0, 0, 5, 2, 0, 0, 1, 0], [3, 1, 0, 0, 0, 0, 0, 4, 3, 0], [0, 0, 3, 1, 0, 0, 0, 3, 0, 10]], [[4, 13, 0, 24, 3, 3, 12, 6, 3, 1], [1, 3, 1, 0, 4, 1, 1, 0, 0, 0], [2, 0, 2, 0, 2, 0, 0, 1, 5, 0], [0, 0, 2, 1, 0, 0, 0, 0, 1, 4]], [[2, 7, 4, 17, 4, 6, 11, 3, 1, 2], [0, 2, 1, 0, 4, 1, 2, 0, 3, 0], [2, 0, 0, 0, 0, 0, 0, 8, 5, 0], [0, 2, 3, 0, 0, 0, 0, 0, 1, 9]], [[3, 20, 0, 19, 3, 2, 10, 6, 1, 0], [0, 2, 2, 1, 3, 1, 8, 1, 0, 0], [2, 0, 0, 0, 0, 0, 0, 3, 5, 0], [0, 0, 0, 3, 0, 1, 0, 1, 0, 3]], [[3, 10, 1, 18, 4, 10, 6, 5, 3, 0], [0, 2, 0, 0, 3, 0, 0, 1, 1, 3], [1, 1, 0, 1, 1, 1, 0, 6, 7, 0], [0, 0, 0, 1, 0, 1, 0, 0, 4, 6]], [[2, 13, 2, 16, 5, 9, 12, 4, 2, 1], [0, 3, 2, 0, 3, 0, 0, 1, 1, 0], [2, 1, 0, 0, 0, 0, 0, 4, 3, 0], [0, 0, 0, 4, 0, 1, 0, 0, 4, 5]], [[1, 15, 3, 20, 2, 10, 6, 7, 2, 0], [1, 2, 3, 1, 5, 0, 0, 0, 2, 1], [1, 0, 0, 0, 1, 0, 0, 3, 4, 0], [0, 1, 1, 1, 0, 0, 0, 0, 1, 6]], [[5, 20, 3, 15, 6, 6, 11, 1, 5, 0], [0, 2, 1, 0, 7, 0, 1, 1, 2, 1], [0, 1, 0, 0, 0, 0, 0, 2, 3, 0], [0, 0, 2, 3, 0, 1, 0, 0, 0, 1]], [[1, 12, 0, 16, 2, 5, 14, 2, 3, 0], [0, 3, 0, 0, 3, 1, 2, 0, 3, 5], [1, 0, 0, 0, 0, 0, 1, 9, 6, 1], [0, 1, 2, 2, 0, 0, 0, 0, 1, 4]], [[1, 13, 1, 17, 5, 9, 9, 3, 1, 2], [0, 0, 2, 0, 3, 1, 0, 1, 2, 1], [3, 0, 1, 1, 1, 0, 0, 5, 5, 0], [0, 0, 1, 1, 0, 1, 0, 2, 0, 8]], [[0, 10, 1, 16, 5, 4, 13, 5, 3, 3], [1, 4, 1, 0, 7, 2, 3, 0, 1, 0], [1, 0, 1, 0, 0, 0, 0, 5, 6, 1], [0, 0, 2, 1, 0, 1, 0, 0, 1, 2]], [[3, 7, 1, 7, 2, 9, 5, 6, 1, 0], [0, 5, 5, 0, 6, 1, 3, 0, 4, 10], [0, 1, 1, 0, 0, 0, 0, 4, 2, 0], [0, 1, 1, 6, 1, 0, 0, 0, 1, 7]], [[0, 1, 1, 8, 2, 0, 0, 1, 0, 1], [0, 7, 7, 2, 16, 1, 10, 4, 3, 5], [1, 0, 0, 1, 1, 0, 0, 4, 3, 1], [1, 0, 3, 2, 0, 4, 0, 0, 3, 7]], [[0, 1, 0, 5, 0, 1, 2, 3, 2, 0], [0, 9, 6, 1, 20, 3, 2, 3, 11, 7], [1, 0, 0, 0, 0, 1, 0, 7, 3, 1], [0, 0, 3, 0, 0, 0, 0, 3, 0, 5]], [[0, 3, 0, 5, 1, 1, 1, 0, 1, 0], [2, 5, 3, 2, 19, 0, 7, 4, 11, 9], [1, 1, 1, 0, 0, 0, 0, 3, 5, 1], [0, 0, 1, 3, 0, 1, 0, 1, 2, 6]], [[0, 1, 0, 1, 2, 1, 0, 2, 0, 0], [1, 5, 5, 1, 29, 2, 3, 4, 10, 9], [2, 1, 2, 0, 0, 1, 0, 3, 4, 0], [0, 0, 3, 1, 0, 2, 0, 0, 1, 4]], [[0, 5, 1, 3, 1, 1, 2, 1, 1, 0], [0, 10, 1, 0, 18, 2, 6, 6, 8, 9], [2, 1, 0, 1, 0, 0, 0, 5, 4, 0], [0, 0, 2, 1, 0, 1, 0, 1, 2, 5]], [[0, 3, 0, 7, 1, 2, 0, 1, 0, 0], [0, 12, 10, 0, 13, 2, 0, 1, 16, 3], [1, 0, 1, 1, 2, 0, 0, 5, 7, 1], [0, 1, 4, 2, 0, 0, 0, 0, 1, 3]], [[1, 4, 0, 2, 2, 1, 2, 1, 1, 0], [1, 18, 5, 0, 15, 2, 2, 3, 7, 9], [2, 1, 0, 0, 1, 1, 0, 1, 4, 0], [0, 0, 1, 4, 0, 1, 0, 1, 1, 6]], [[1, 1, 0, 4, 2, 0, 4, 2, 0, 0], [1, 17, 7, 1, 16, 2, 5, 2, 12, 5], [1, 0, 0, 0, 1, 0, 0, 2, 3, 1], [0, 0, 0, 2, 0, 1, 0, 3, 1, 3]], [[0, 5, 0, 2, 0, 0, 2, 1, 0, 0], [1, 15, 6, 3, 18, 0, 3, 3, 6, 6], [1, 1, 0, 0, 0, 1, 1, 7, 1, 0], [0, 0, 1, 1, 0, 1, 0, 2, 5, 7]], [[0, 2, 0, 7, 1, 1, 3, 3, 0, 0], [4, 11, 4, 1, 12, 3, 9, 2, 13, 7], [0, 0, 0, 1, 0, 0, 0, 5, 5, 0], [0, 0, 0, 1, 0, 0, 0, 0, 0, 5]], [[0, 3, 1, 6, 2, 0, 1, 0, 0, 0], [0, 11, 6, 4, 13, 3, 6, 4, 7, 10], [2, 0, 0, 0, 1, 0, 1, 4, 2, 0], [0, 0, 1, 0, 0, 2, 0, 1, 3, 6]], [[0, 2, 1, 1, 0, 1, 3, 0, 1, 0], [1, 15, 8, 0, 16, 3, 4, 0, 8, 10], [1, 1, 0, 0, 0, 0, 1, 3, 2, 0], [0, 0, 0, 4, 0, 5, 0, 1, 4, 4]], [[0, 0, 0, 4, 0, 3, 1, 3, 1, 0], [0, 1, 1, 0, 5, 0, 0, 1, 0, 1], [4, 2, 3, 2, 3, 2, 2, 26, 22, 1], [0, 1, 0, 3, 0, 0, 0, 2, 1, 5]], [[0, 1, 1, 3, 0, 2, 1, 1, 0, 0], [0, 2, 1, 0, 2, 0, 0, 0, 4, 1], [5, 2, 2, 2, 2, 1, 3, 28, 21, 1], [0, 0, 5, 0, 0, 1, 0, 0, 3, 5]], [[0, 4, 0, 1, 0, 1, 2, 2, 0, 1], [0, 4, 1, 0, 2, 1, 3, 1, 3, 1], [7, 4, 5, 1, 4, 4, 3, 12, 22, 1], [0, 0, 2, 0, 0, 2, 0, 0, 1, 5]], [[0, 0, 0, 4, 0, 1, 3, 2, 0, 0], [0, 2, 1, 0, 7, 1, 1, 0, 3, 1], [2, 3, 1, 1, 3, 0, 2, 26, 22, 1], [0, 1, 0, 1, 0, 1, 0, 0, 2, 8]], [[0, 6, 0, 2, 0, 0, 3, 0, 0, 0], [0, 4, 1, 0, 3, 1, 0, 1, 2, 0], [6, 1, 3, 2, 0, 0, 3, 27, 20, 0], [0, 1, 0, 4, 0, 2, 0, 2, 1, 5]], [[0, 4, 1, 1, 2, 1, 4, 3, 2, 1], [0, 4, 4, 2, 2, 1, 1, 0, 2, 0], [4, 0, 2, 1, 3, 1, 1, 22, 22, 0], [0, 0, 2, 0, 0, 1, 0, 0, 1, 5]], [[0, 1, 0, 0, 1, 2, 5, 0, 0, 0], [0, 1, 2, 0, 8, 0, 0, 0, 0, 1], [7, 2, 1, 3, 0, 0, 1, 24, 26, 1], [0, 1, 2, 1, 0, 3, 0, 2, 0, 5]], [[0, 5, 0, 1, 0, 1, 1, 3, 0, 0], [1, 0, 2, 0, 1, 0, 0, 0, 2, 1], [7, 2, 3, 2, 1, 1, 2, 25, 24, 0], [0, 0, 2, 1, 0, 1, 0, 1, 1, 9]], [[0, 2, 0, 6, 2, 0, 2, 0, 2, 0], [0, 1, 0, 0, 3, 0, 0, 0, 3, 1], [8, 1, 1, 0, 2, 1, 1, 31, 18, 2], [1, 0, 1, 1, 0, 2, 0, 2, 2, 4]], [[0, 1, 1, 6, 2, 0, 1, 1, 0, 0], [0, 2, 1, 0, 4, 0, 1, 1, 2, 1], [3, 0, 4, 0, 2, 1, 1, 21, 30, 1], [0, 0, 0, 1, 0, 2, 0, 3, 0, 7]], [[0, 2, 0, 3, 1, 0, 2, 3, 0, 0], [0, 4, 1, 0, 1, 0, 2, 0, 1, 1], [10, 1, 1, 3, 1, 2, 1, 21, 23, 1], [0, 0, 1, 1, 0, 1, 0, 1, 2, 9]], [[0, 1, 1, 3, 0, 3, 3, 0, 0, 1], [0, 2, 0, 2, 2, 0, 2, 1, 3, 0], [7, 4, 3, 1, 3, 0, 2, 18, 19, 2], [0, 0, 3, 2, 0, 2, 0, 0, 2, 8]], [[0, 1, 0, 2, 1, 1, 3, 0, 0, 0], [0, 1, 0, 0, 7, 0, 0, 0, 3, 4], [7, 3, 1, 1, 1, 1, 0, 14, 10, 0], [0, 1, 6, 3, 0, 4, 0, 4, 6, 15]], [[0, 2, 0, 4, 1, 0, 1, 1, 1, 1], [0, 5, 0, 0, 1, 0, 2, 1, 3, 1], [1, 0, 0, 0, 0, 0, 0, 8, 6, 0], [0, 0, 12, 7, 0, 2, 0, 7, 4, 29]], [[0, 2, 0, 3, 2, 2, 4, 1, 0, 0], [0, 1, 1, 0, 3, 1, 0, 3, 0, 3], [1, 0, 2, 0, 1, 0, 1, 4, 7, 0], [0, 1, 5, 8, 0, 6, 0, 4, 8, 26]], [[1, 3, 1, 5, 0, 1, 5, 0, 1, 1], [0, 0, 2, 0, 5, 0, 1, 0, 2, 1], [1, 2, 0, 1, 0, 1, 0, 7, 5, 1], [0, 1, 6, 9, 0, 6, 0, 4, 4, 23]], [[0, 1, 0, 4, 2, 1, 3, 1, 1, 0], [0, 2, 2, 1, 1, 2, 0, 1, 3, 0], [2, 0, 1, 2, 1, 0, 0, 4, 3, 0], [0, 2, 7, 5, 1, 5, 0, 2, 7, 33]], [[0, 4, 0, 3, 1, 0, 1, 2, 0, 0], [0, 4, 1, 0, 3, 1, 1, 0, 0, 2], [1, 0, 0, 0, 0, 0, 0, 6, 5, 0], [0, 4, 6, 7, 0, 4, 0, 9, 7, 28]], [[0, 5, 0, 4, 1, 5, 0, 0, 1, 0], [0, 1, 1, 0, 1, 0, 2, 1, 1, 2], [0, 1, 1, 0, 2, 0, 0, 3, 0, 0], [0, 0, 11, 7, 0, 9, 0, 2, 6, 33]], [[0, 4, 0, 5, 3, 0, 4, 2, 0, 0], [0, 0, 0, 1, 4, 2, 0, 1, 2, 3], [1, 1, 0, 2, 0, 1, 0, 4, 4, 1], [0, 1, 6, 9, 0, 1, 0, 6, 5, 27]], [[0, 1, 0, 2, 0, 3, 1, 1, 0, 0], [0, 1, 0, 0, 7, 0, 0, 0, 1, 1], [0, 0, 0, 1, 1, 0, 0, 9, 4, 0], [1, 0, 8, 8, 1, 3, 0, 9, 3, 34]], [[2, 3, 0, 1, 0, 1, 2, 1, 0, 1], [0, 3, 2, 0, 4, 0, 4, 0, 2, 2], [2, 0, 2, 0, 0, 0, 0, 4, 1, 0], [0, 2, 6, 4, 1, 2, 0, 4, 6, 38]], [[0, 6, 0, 4, 0, 1, 2, 0, 0, 0], [0, 2, 2, 0, 7, 0, 2, 1, 3, 2], [3, 0, 1, 0, 0, 0, 0, 2, 3, 0], [0, 6, 5, 6, 1, 8, 0, 4, 7, 22]], [[1, 1, 1, 2, 1, 2, 3, 1, 0, 0], [0, 3, 1, 0, 2, 1, 1, 0, 3, 1], [1, 0, 0, 0, 0, 0, 1, 7, 5, 1], [0, 2, 8, 9, 0, 6, 0, 5, 3, 28]], [[0, 0, 0, 2, 2, 3, 1, 0, 0, 0], [0, 2, 0, 1, 2, 0, 2, 1, 3, 1], [3, 0, 0, 0, 1, 1, 0, 6, 3, 0], [0, 1, 5, 12, 0, 2, 0, 4, 9, 33]]],