{"M": 50, "G": 3, "I": 4, "J": 100, "p": [[0.13733033971538156, 0.402486971039085, 0.4348163195023544, 0.025366369743179053], [0.21871205928257512, 0.12338807712654326, 0.5704957772744377, 0.08740408631644406], [0.019119524157554624, 0.7421267660583135, 0.217462744278536, 0.02129096550559572]], "r": [[[9, 24, 34, 1], [2, 1, 8, 3], [0, 15, 3, 0]], [[12, 20, 34, 3], [3, 0, 11, 1], [1, 14, 1, 0]], [[14, 28, 23, 0], [5, 0, 10, 3], [0, 13, 4, 0]], [[7, 28, 30, 2], [6, 2, 10, 1], [0, 11, 3, 0]], [[9, 23, 32, 2], [2, 2, 8, 3], [0, 13, 6, 0]], [[11, 21, 32, 5], [1, 2, 9, 3], [0, 11, 5, 0]], [[11, 26, 26, 0], [5, 3, 9, 0], [0, 15, 4, 1]], [[13, 29, 19, 2], [2, 5, 9, 2], [0, 14, 5, 0]], [[5, 23, 29, 1], [4, 3, 15, 2], [0, 14, 4, 0]], [[7, 21, 26, 0], [4, 2, 14, 2], [1, 16, 7, 0]], [[7, 35, 32, 2], [3, 2, 6, 1], [0, 10, 1, 1]], [[7, 29, 31, 0], [5, 2, 10, 0], [0, 15, 1, 0]], [[3, 32, 28, 3], [2, 1, 13, 1], [0, 15, 1, 1]], [[11, 27, 34, 1], [2, 3, 7, 1], [0, 12, 1, 1]], [[6, 31, 29, 2], [2, 2, 9, 1], [0, 14, 3, 1]], [[15, 28, 26, 1], [2, 1, 9, 2], [1, 14, 1, 0]], [[7, 21, 23, 1], [5, 3, 18, 5], [2, 9, 6, 0]], [[1, 11, 9, 2], [12, 9, 30, 7], [0, 15, 4, 0]], [[2, 9, 6, 0], [13, 7, 41, 5], [0, 12, 5, 0]], [[3, 10, 3, 0], [16, 8, 44, 2], [0, 13, 1, 0]], [[3, 4, 2, 1], [22, 4, 43, 7], [1, 8, 5, 0]], [[3, 9, 10, 0], [17, 4, 35, 7], [0, 11, 4, 0]], [[0, 7, 7, 0], [17, 9, 37, 4], [1, 11, 7, 0]], [[2, 5, 6, 0], [15, 7, 43, 5], [0, 12, 5, 0]], [[2, 6, 7, 1], [17, 12, 28, 6], [0, 18, 3, 0]], [[2, 11, 6, 0], [11, 5, 44, 5], [0, 12, 1, 3]], [[2, 5, 11, 1], [10, 5, 45, 6], [2, 11, 1, 1]], [[2, 4, 10, 1], [15, 12, 35, 7], [0, 12, 2, 0]], [[1, 6, 3, 1], [8, 8, 46, 5], [0, 17, 4, 1]], [[4, 9, 7, 2], [16, 10, 36, 4], [0, 10, 2, 0]], [[0, 10, 7, 0], [16, 4, 42, 9], [1, 9, 2, 0]], [[3, 7, 5, 0], [12, 7, 45, 7], [0, 11, 3, 0]], [[5, 7, 6, 0], [18, 15, 27, 8], [0, 11, 3, 0]], [[7, 5, 8, 2], [11, 3, 21, 1], [1, 33, 8, 0]], [[1, 5, 6, 0], [3, 2, 11, 1], [2, 57, 12, 0]], [[1, 9, 10, 0], [3, 0, 7, 0], [1, 49, 18, 2]], [[7, 2, 12, 3], [2, 3, 11, 2], [0, 50, 8, 0]], [[2, 8, 5, 0], [3, 2, 11, 1], [3, 51, 12, 2]], [[2, 6, 7, 0], [3, 3, 11, 3], [1, 45, 16, 3]], [[4, 8, 10, 0], [3, 4, 8, 1], [1, 46, 15, 0]], [[3, 6, 4, 0], [3, 4, 9, 1], [4, 52, 14, 0]], [[2, 8, 9, 0], [3, 1, 14, 1], [2, 39, 18, 3]], [[2, 7, 9, 0], [3, 1, 7, 3], [1, 49, 16, 2]], [[2, 8, 3, 0], [4, 1, 6, 1], [1, 53, 17, 4]], [[2, 4, 7, 2], [4, 3, 9, 0], [0, 56, 11, 2]], [[3, 5, 12, 0], [1, 0, 11, 0], [1, 48, 17, 2]], [[2, 5, 4, 2], [9, 2, 8, 2], [3, 52, 9, 2]], [[0, 7, 10, 1], [2, 3, 8, 2], [4, 46, 13, 4]], [[4, 3, 5, 0], [4, 3, 10, 2], [2, 45, 19, 3]], [[1, 5, 8, 0], [5, 2, 10, 0], [1, 57, 10, 1]]], "n": [[11, 40, 45, 4], [16, 34, 46, 4], [19, 41, 37, 3], [13, 41, 43, 3], [11, 38, 46, 5], [12, 34, 46, 8], [16, 44, 39, 1], [15, 48, 33, 4], [9, 40, 48, 3], [12, 39, 47, 2], [10, 47, 39, 4], [12, 46, 42, 0], [5, 48, 42, 5], [13, 42, 42, 3], [8, 47, 41, 4], [18, 43, 36, 3], [14, 33, 47, 6], [13, 35, 43, 9], [15, 28, 52, 5], [19, 31, 48, 2], [26, 16, 50, 8], [20, 24, 49, 7], [18, 27, 51, 4], [17, 24, 54, 5], [19, 36, 38, 7], [13, 28, 51, 8], [14, 21, 57, 8], [17, 28, 47, 8], [9, 31, 53, 7], [20, 29, 45, 6], [17, 23, 51, 9], [15, 25, 53, 7], [23, 33, 36, 8], [19, 41, 37, 3], [6, 64, 29, 1], [5, 58, 35, 2], [9, 55, 31, 5], [8, 61, 28, 3], [6, 54, 34, 6], [8, 58, 33, 1], [10, 62, 27, 1], [7, 48, 41, 4], [6, 57, 32, 5], [7, 62, 26, 5], [6, 63, 27, 4], [5, 53, 40, 2], [14, 59, 21, 6], [6, 56, 31, 7], [10, 51, 34, 5], [7, 64, 28, 1]], "lambda_": 0.5, "b": [[68, 14, 18], [69, 15, 16], [65, 18, 17], [67, 19, 14], [66, 15, 19], [69, 15, 16], [63, 17, 20], [63, 18, 19], [58, 24, 18], [54, 22, 24], [76, 12, 12], [67, 17, 16], [66, 17, 17], [73, 13, 14], [68, 14, 18], [70, 14, 16], [52, 31, 17], [23, 58, 19], [17, 66, 17], [16, 70, 14], [10, 76, 14], [22, 63, 15], [14, 67, 19], [13, 70, 17], [16, 63, 21], [19, 65, 16], [19, 66, 15], [17, 69, 14], [11, 67, 22], [22, 66, 12], [17, 71, 12], [15, 71, 14], [18, 68, 14], [22, 36, 42], [12, 17, 71], [20, 10, 70], [24, 18, 58], [15, 17, 68], [15, 20, 65], [22, 16, 62], [13, 17, 70], [19, 19, 62], [18, 14, 68], [13, 12, 75], [15, 16, 69], [20, 12, 68], [13, 21, 66], [18, 15, 67], [12, 19, 69], [14, 17, 69]]}