{"M": 50, "G": 2, "I": 5, "J": 100, "p": [[0.006174213361234969, 0.4126093070211917, 0.40540148941948045, 0.08506349558388973, 0.09075149461420305], [0.15553306732402988, 0.3419235744684553, 0.1798380460311592, 0.05537546192010808, 0.26732985025624767]], "r": [[[0, 39, 26, 5, 4], [3, 14, 2, 3, 4]], [[0, 28, 32, 3, 7], [6, 9, 2, 3, 10]], [[1, 32, 32, 7, 6], [2, 9, 3, 2, 6]], [[0, 29, 35, 5, 7], [4, 9, 4, 0, 7]], [[0, 31, 29, 8, 6], [7, 10, 4, 1, 4]], [[1, 38, 30, 6, 3], [1, 9, 6, 1, 5]], [[0, 32, 35, 5, 10], [1, 5, 3, 1, 8]], [[0, 28, 36, 9, 5], [1, 8, 6, 0, 7]], [[0, 34, 27, 7, 8], [6, 11, 3, 1, 3]], [[1, 22, 37, 6, 5], [4, 10, 6, 2, 7]], [[1, 27, 33, 6, 10], [1, 10, 2, 2, 8]], [[0, 25, 36, 6, 9], [6, 10, 1, 4, 3]], [[1, 27, 28, 5, 9], [3, 12, 6, 4, 5]], [[0, 35, 28, 7, 9], [5, 6, 1, 3, 6]], [[2, 29, 34, 3, 9], [7, 3, 2, 2, 9]], [[1, 33, 32, 6, 5], [1, 10, 5, 1, 6]], [[0, 38, 25, 3, 9], [5, 10, 2, 1, 7]], [[1, 29, 28, 5, 7], [4, 9, 6, 2, 9]], [[1, 29, 30, 6, 4], [4, 11, 7, 2, 6]], [[2, 35, 30, 7, 6], [5, 7, 2, 1, 5]], [[1, 28, 30, 13, 5], [4, 10, 4, 2, 3]], [[0, 28, 31, 9, 8], [5, 9, 4, 1, 5]], [[0, 30, 33, 7, 3], [3, 12, 4, 1, 7]], [[0, 29, 27, 4, 8], [5, 9, 4, 2, 12]], [[0, 33, 26, 8, 8], [1, 14, 2, 0, 8]], [[0, 9, 16, 1, 2], [13, 20, 15, 1, 23]], [[0, 9, 11, 2, 2], [10, 24, 13, 1, 28]], [[0, 10, 14, 1, 2], [16, 24, 11, 3, 19]], [[0, 10, 8, 1, 0], [11, 32, 13, 5, 20]], [[0, 14, 10, 3, 2], [10, 27, 16, 2, 16]], [[0, 14, 11, 2, 3], [10, 17, 17, 0, 26]], [[0, 8, 13, 1, 2], [8, 25, 16, 4, 23]], [[0, 6, 8, 1, 1], [12, 26, 21, 4, 21]], [[1, 6, 15, 1, 2], [10, 26, 14, 5, 20]], [[0, 8, 6, 2, 3], [15, 29, 13, 6, 18]], [[0, 11, 9, 5, 2], [10, 24, 13, 3, 23]], [[0, 8, 7, 1, 1], [18, 26, 16, 6, 17]], [[0, 9, 10, 4, 3], [14, 22, 16, 3, 19]], [[0, 13, 4, 3, 1], [15, 29, 13, 7, 15]], [[0, 12, 10, 3, 1], [11, 28, 12, 2, 21]], [[0, 9, 14, 2, 1], [3, 27, 14, 6, 24]], [[0, 7, 11, 2, 2], [10, 25, 12, 7, 24]], [[0, 14, 13, 1, 1], [10, 22, 17, 5, 17]], [[0, 8, 11, 5, 3], [10, 26, 16, 2, 19]], [[0, 18, 10, 3, 1], [15, 23, 10, 1, 19]], [[0, 21, 8, 2, 1], [10, 26, 16, 5, 11]], [[0, 13, 8, 1, 1], [8, 33, 10, 7, 19]], [[0, 11, 12, 1, 2], [10, 24, 12, 4, 24]], [[0, 11, 13, 1, 2], [18, 28, 9, 4, 14]], [[0, 7, 11, 1, 4], [16, 29, 10, 4, 18]]], "n": [[3, 53, 28, 8, 8], [6, 37, 34, 6, 17], [3, 41, 35, 9, 12], [4, 38, 39, 5, 14], [7, 41, 33, 9, 10], [2, 47, 36, 7, 8], [1, 37, 38, 6, 18], [1, 36, 42, 9, 12], [6, 45, 30, 8, 11], [5, 32, 43, 8, 12], [2, 37, 35, 8, 18], [6, 35, 37, 10, 12], [4, 39, 34, 9, 14], [5, 41, 29, 10, 15], [9, 32, 36, 5, 18], [2, 43, 37, 7, 11], [5, 48, 27, 4, 16], [5, 38, 34, 7, 16], [5, 40, 37, 8, 10], [7, 42, 32, 8, 11], [5, 38, 34, 15, 8], [5, 37, 35, 10, 13], [3, 42, 37, 8, 10], [5, 38, 31, 6, 20], [1, 47, 28, 8, 16], [13, 29, 31, 2, 25], [10, 33, 24, 3, 30], [16, 34, 25, 4, 21], [11, 42, 21, 6, 20], [10, 41, 26, 5, 18], [10, 31, 28, 2, 29], [8, 33, 29, 5, 25], [12, 32, 29, 5, 22], [11, 32, 29, 6, 22], [15, 37, 19, 8, 21], [10, 35, 22, 8, 25], [18, 34, 23, 7, 18], [14, 31, 26, 7, 22], [15, 42, 17, 10, 16], [11, 40, 22, 5, 22], [3, 36, 28, 8, 25], [10, 32, 23, 9, 26], [10, 36, 30, 6, 18], [10, 34, 27, 7, 22], [15, 41, 20, 4, 20], [10, 47, 24, 7, 12], [8, 46, 18, 8, 20], [10, 35, 24, 5, 26], [18, 39, 22, 5, 16], [16, 36, 21, 5, 22]], "lambda_": 0.5, "b": [[74, 26], [70, 30], [78, 22], [76, 24], [74, 26], [78, 22], [82, 18], [78, 22], [76, 24], [71, 29], [77, 23], [76, 24], [70, 30], [79, 21], [77, 23], [77, 23], [75, 25], [70, 30], [70, 30], [80, 20], [77, 23], [76, 24], [73, 27], [68, 32], [75, 25], [28, 72], [24, 76], [27, 73], [19, 81], [29, 71], [30, 70], [24, 76], [16, 84], [25, 75], [19, 81], [27, 73], [17, 83], [26, 74], [21, 79], [26, 74], [26, 74], [22, 78], [29, 71], [27, 73], [32, 68], [32, 68], [23, 77], [26, 74], [27, 73], [23, 77]]}