{"M": 50, "G": 2, "I": 5, "J": 100, "p": [[0.01091575856363568, 0.20816915542206624, 0.07934542630470441, 0.17676826140742496, 0.5248013983021687], [0.30336933090138923, 0.2728177082174765, 0.029337380742531057, 0.12263021012911926, 0.27184537000948394]], "r": [[[1, 12, 7, 19, 36], [14, 5, 1, 1, 4]], [[2, 17, 7, 10, 39], [9, 7, 1, 1, 7]], [[1, 18, 6, 15, 37], [5, 11, 1, 2, 4]], [[2, 15, 5, 15, 44], [4, 4, 0, 2, 9]], [[0, 15, 4, 11, 48], [7, 10, 0, 1, 4]], [[1, 15, 9, 20, 34], [7, 8, 0, 2, 4]], [[0, 18, 5, 12, 26], [11, 7, 1, 8, 12]], [[0, 10, 7, 14, 42], [5, 9, 1, 5, 7]], [[0, 14, 9, 18, 35], [6, 8, 1, 2, 7]], [[2, 21, 6, 9, 35], [5, 10, 1, 2, 9]], [[2, 14, 2, 12, 50], [9, 3, 0, 1, 7]], [[2, 15, 7, 9, 39], [8, 8, 0, 4, 8]], [[0, 18, 10, 9, 37], [13, 4, 1, 1, 7]], [[1, 20, 11, 8, 34], [7, 9, 0, 3, 7]], [[2, 16, 1, 20, 39], [10, 5, 0, 4, 3]], [[0, 18, 3, 13, 37], [6, 8, 1, 3, 11]], [[1, 9, 6, 10, 39], [10, 13, 0, 1, 11]], [[1, 13, 10, 10, 40], [7, 7, 2, 3, 7]], [[0, 14, 5, 14, 43], [8, 6, 0, 4, 6]], [[0, 23, 7, 17, 31], [5, 8, 1, 1, 7]], [[1, 17, 6, 15, 40], [9, 7, 0, 1, 4]], [[0, 18, 4, 15, 37], [9, 7, 0, 4, 6]], [[0, 27, 8, 11, 34], [1, 6, 1, 2, 10]], [[1, 14, 5, 17, 31], [10, 8, 2, 3, 9]], [[0, 13, 11, 19, 32], [8, 6, 1, 2, 8]], [[0, 6, 5, 5, 12], [23, 22, 1, 7, 19]], [[0, 6, 1, 3, 11], [19, 20, 2, 16, 22]], [[0, 3, 2, 0, 13], [26, 29, 0, 5, 22]], [[1, 8, 1, 5, 12], [17, 15, 1, 15, 25]], [[0, 4, 0, 1, 14], [20, 26, 2, 7, 26]], [[2, 3, 3, 4, 11], [18, 25, 3, 12, 19]], [[0, 4, 0, 6, 12], [22, 18, 2, 12, 24]], [[0, 4, 3, 8, 14], [18, 15, 4, 11, 23]], [[0, 3, 2, 9, 17], [25, 15, 1, 10, 18]], [[1, 4, 6, 3, 17], [24, 22, 1, 7, 15]], [[0, 3, 4, 6, 15], [17, 24, 2, 4, 25]], [[0, 7, 2, 3, 13], [18, 27, 3, 8, 19]], [[0, 9, 1, 1, 14], [30, 18, 1, 12, 14]], [[2, 7, 3, 3, 15], [22, 15, 0, 5, 28]], [[0, 9, 1, 1, 9], [21, 18, 2, 14, 25]], [[1, 9, 3, 6, 12], [23, 17, 0, 6, 23]], [[1, 4, 1, 3, 13], [25, 18, 1, 8, 26]], [[1, 4, 2, 4, 12], [23, 25, 5, 7, 17]], [[0, 4, 0, 8, 17], [19, 22, 2, 6, 22]], [[1, 8, 2, 2, 16], [21, 17, 3, 9, 21]], [[0, 3, 4, 2, 13], [22, 26, 2, 8, 20]], [[0, 8, 1, 4, 13], [29, 12, 1, 13, 19]], [[1, 4, 2, 6, 6], [37, 16, 5, 8, 15]], [[0, 7, 5, 3, 18], [17, 22, 1, 5, 22]], [[0, 8, 1, 6, 10], [26, 22, 2, 7, 18]]], "n": [[15, 17, 8, 20, 40], [11, 24, 8, 11, 46], [6, 29, 7, 17, 41], [6, 19, 5, 17, 53], [7, 25, 4, 12, 52], [8, 23, 9, 22, 38], [11, 25, 6, 20, 38], [5, 19, 8, 19, 49], [6, 22, 10, 20, 42], [7, 31, 7, 11, 44], [11, 17, 2, 13, 57], [10, 23, 7, 13, 47], [13, 22, 11, 10, 44], [8, 29, 11, 11, 41], [12, 21, 1, 24, 42], [6, 26, 4, 16, 48], [11, 22, 6, 11, 50], [8, 20, 12, 13, 47], [8, 20, 5, 18, 49], [5, 31, 8, 18, 38], [10, 24, 6, 16, 44], [9, 25, 4, 19, 43], [1, 33, 9, 13, 44], [11, 22, 7, 20, 40], [8, 19, 12, 21, 40], [23, 28, 6, 12, 31], [19, 26, 3, 19, 33], [26, 32, 2, 5, 35], [18, 23, 2, 20, 37], [20, 30, 2, 8, 40], [20, 28, 6, 16, 30], [22, 22, 2, 18, 36], [18, 19, 7, 19, 37], [25, 18, 3, 19, 35], [25, 26, 7, 10, 32], [17, 27, 6, 10, 40], [18, 34, 5, 11, 32], [30, 27, 2, 13, 28], [24, 22, 3, 8, 43], [21, 27, 3, 15, 34], [24, 26, 3, 12, 35], [26, 22, 2, 11, 39], [24, 29, 7, 11, 29], [19, 26, 2, 14, 39], [22, 25, 5, 11, 37], [22, 29, 6, 10, 33], [29, 20, 2, 17, 32], [38, 20, 7, 14, 21], [17, 29, 6, 8, 40], [26, 30, 3, 13, 28]], "lambda_": 0.5, "b": [[75, 25], [75, 25], [77, 23], [81, 19], [78, 22], [79, 21], [61, 39], [73, 27], [76, 24], [73, 27], [80, 20], [72, 28], [74, 26], [74, 26], [78, 22], [71, 29], [65, 35], [74, 26], [76, 24], [78, 22], [79, 21], [74, 26], [80, 20], [68, 32], [75, 25], [28, 72], [21, 79], [18, 82], [27, 73], [19, 81], [23, 77], [22, 78], [29, 71], [31, 69], [31, 69], [28, 72], [25, 75], [25, 75], [30, 70], [20, 80], [31, 69], [22, 78], [23, 77], [29, 71], [29, 71], [22, 78], [26, 74], [19, 81], [33, 67], [25, 75]]}