{"M": 50, "G": 3, "I": 5, "J": 100, "p": [[0.006174213361234969, 0.4126093070211917, 0.40540148941948045, 0.08506349558388973, 0.09075149461420305], [0.15553306732402988, 0.3419235744684553, 0.1798380460311592, 0.05537546192010808, 0.26732985025624767], [0.027870328380781784, 0.32205400604816126, 0.46058198070125805, 0.0060366687454068944, 0.18345701612439208]], "r": [[[0, 23, 25, 6, 4], [3, 10, 5, 1, 2], [0, 10, 10, 0, 1]], [[0, 20, 29, 8, 4], [3, 8, 3, 0, 5], [0, 7, 10, 0, 3]], [[0, 29, 29, 7, 3], [4, 6, 6, 0, 2], [1, 6, 7, 0, 0]], [[0, 25, 34, 4, 4], [5, 7, 1, 0, 6], [1, 4, 7, 0, 2]], [[0, 28, 28, 4, 6], [5, 9, 5, 0, 3], [1, 2, 8, 0, 1]], [[1, 29, 29, 4, 4], [7, 5, 2, 1, 0], [0, 7, 7, 0, 4]], [[0, 26, 24, 6, 8], [5, 4, 1, 1, 2], [1, 4, 12, 0, 6]], [[0, 22, 34, 5, 7], [2, 2, 4, 0, 2], [1, 5, 9, 0, 7]], [[0, 25, 33, 4, 2], [7, 6, 3, 0, 6], [1, 4, 7, 0, 2]], [[0, 26, 29, 6, 8], [2, 6, 1, 1, 3], [1, 7, 7, 1, 2]], [[0, 26, 31, 4, 7], [0, 1, 3, 1, 5], [0, 5, 15, 0, 2]], [[0, 25, 27, 3, 7], [3, 6, 4, 2, 6], [0, 10, 6, 0, 1]], [[1, 26, 26, 8, 8], [5, 8, 0, 0, 4], [0, 4, 9, 0, 1]], [[0, 30, 26, 5, 5], [5, 6, 3, 3, 2], [0, 6, 6, 0, 3]], [[1, 25, 22, 8, 5], [0, 6, 0, 1, 7], [1, 10, 10, 0, 4]], [[0, 22, 30, 9, 6], [2, 2, 3, 2, 8], [0, 4, 11, 0, 1]], [[0, 29, 19, 4, 5], [4, 8, 5, 2, 7], [1, 5, 9, 0, 2]], [[0, 6, 8, 1, 2], [13, 20, 11, 4, 18], [0, 7, 5, 1, 4]], [[0, 10, 5, 0, 1], [6, 25, 13, 3, 15], [0, 4, 12, 0, 6]], [[0, 12, 6, 1, 1], [11, 16, 12, 3, 19], [0, 6, 10, 0, 3]], [[0, 12, 9, 1, 1], [10, 17, 13, 3, 19], [0, 5, 8, 0, 2]], [[0, 6, 6, 0, 3], [5, 21, 14, 7, 20], [0, 8, 7, 0, 3]], [[0, 7, 7, 0, 2], [9, 29, 16, 4, 16], [0, 4, 4, 0, 2]], [[0, 6, 7, 2, 3], [11, 25, 10, 3, 22], [0, 7, 4, 0, 0]], [[0, 6, 5, 0, 0], [13, 25, 13, 3, 16], [0, 6, 10, 0, 3]], [[0, 3, 8, 1, 3], [6, 22, 12, 4, 19], [1, 7, 11, 0, 3]], [[1, 11, 3, 4, 2], [8, 26, 10, 4, 19], [0, 3, 6, 0, 3]], [[0, 5, 7, 0, 1], [10, 22, 15, 3, 20], [0, 3, 12, 0, 2]], [[0, 4, 12, 2, 2], [10, 20, 9, 3, 20], [1, 7, 7, 0, 3]], [[1, 5, 11, 0, 1], [11, 21, 13, 3, 14], [1, 6, 10, 1, 2]], [[1, 10, 9, 1, 4], [8, 23, 16, 3, 12], [0, 7, 3, 0, 3]], [[0, 6, 8, 1, 2], [4, 25, 17, 5, 20], [1, 1, 6, 0, 4]], [[0, 7, 3, 0, 1], [14, 31, 10, 7, 13], [0, 4, 9, 0, 1]], [[0, 5, 4, 2, 2], [4, 11, 8, 2, 10], [3, 19, 22, 1, 7]], [[0, 7, 5, 2, 1], [3, 9, 3, 1, 5], [2, 26, 26, 0, 10]], [[1, 6, 11, 1, 1], [1, 2, 1, 3, 5], [1, 24, 30, 1, 12]], [[0, 5, 7, 1, 1], [5, 8, 3, 0, 3], [1, 31, 27, 0, 8]], [[0, 5, 8, 1, 4], [2, 4, 4, 0, 3], [2, 22, 29, 1, 15]], [[0, 8, 5, 1, 1], [4, 6, 5, 2, 3], [3, 22, 25, 0, 15]], [[0, 9, 4, 2, 0], [4, 3, 3, 1, 5], [1, 19, 34, 1, 14]], [[0, 6, 7, 4, 2], [4, 8, 5, 0, 4], [0, 19, 24, 0, 17]], [[0, 8, 7, 0, 2], [1, 6, 2, 0, 4], [1, 18, 33, 2, 16]], [[0, 7, 8, 1, 2], [2, 7, 2, 2, 4], [1, 21, 31, 0, 12]], [[1, 8, 10, 2, 1], [0, 8, 0, 2, 5], [1, 22, 27, 2, 11]], [[0, 6, 8, 3, 1], [2, 7, 8, 1, 5], [2, 19, 25, 1, 12]], [[0, 6, 9, 0, 1], [5, 5, 4, 0, 4], [1, 24, 28, 0, 13]], [[0, 14, 4, 0, 1], [2, 6, 1, 1, 3], [2, 27, 21, 0, 18]], [[0, 9, 8, 1, 1], [1, 6, 5, 0, 4], [2, 23, 27, 1, 12]], [[0, 10, 3, 0, 3], [0, 6, 3, 0, 3], [0, 23, 39, 0, 10]], [[0, 4, 6, 2, 4], [2, 8, 4, 1, 7], [2, 16, 34, 0, 10]]], "n": [[3, 43, 40, 7, 7], [3, 35, 42, 8, 12], [5, 41, 42, 7, 5], [6, 36, 42, 4, 12], [6, 39, 41, 4, 10], [8, 41, 38, 5, 8], [6, 34, 37, 7, 16], [3, 29, 47, 5, 16], [8, 35, 43, 4, 10], [3, 39, 37, 8, 13], [0, 32, 49, 5, 14], [3, 41, 37, 5, 14], [6, 38, 35, 8, 13], [5, 42, 35, 8, 10], [2, 41, 32, 9, 16], [2, 28, 44, 11, 15], [5, 42, 33, 6, 14], [13, 33, 24, 6, 24], [6, 39, 30, 3, 22], [11, 34, 28, 4, 23], [10, 34, 30, 4, 22], [5, 35, 27, 7, 26], [9, 40, 27, 4, 20], [11, 38, 21, 5, 25], [13, 37, 28, 3, 19], [7, 32, 31, 5, 25], [9, 40, 19, 8, 24], [10, 30, 34, 3, 23], [11, 31, 28, 5, 25], [13, 32, 34, 4, 17], [9, 40, 28, 4, 19], [5, 32, 31, 6, 26], [14, 42, 22, 7, 15], [7, 35, 34, 5, 19], [5, 42, 34, 3, 16], [3, 32, 42, 5, 18], [6, 44, 37, 1, 12], [4, 31, 41, 2, 22], [7, 36, 35, 3, 19], [5, 31, 41, 4, 19], [4, 33, 36, 4, 23], [2, 32, 42, 2, 22], [3, 35, 41, 3, 18], [2, 38, 37, 6, 17], [4, 32, 41, 5, 18], [6, 35, 41, 0, 18], [4, 47, 26, 1, 22], [3, 38, 40, 2, 17], [0, 39, 45, 0, 16], [4, 28, 44, 3, 21]], "lambda_": 0.5, "b": [[58, 21, 21], [61, 19, 20], [68, 18, 14], [67, 19, 14], [66, 22, 12], [67, 15, 18], [64, 13, 23], [68, 10, 22], [64, 22, 14], [69, 13, 18], [68, 10, 22], [62, 21, 17], [69, 17, 14], [66, 19, 15], [61, 14, 25], [67, 17, 16], [57, 26, 17], [17, 66, 17], [16, 62, 22], [20, 61, 19], [23, 62, 15], [15, 67, 18], [16, 74, 10], [18, 71, 11], [11, 70, 19], [15, 63, 22], [21, 67, 12], [13, 70, 17], [20, 62, 18], [18, 62, 20], [25, 62, 13], [17, 71, 12], [11, 75, 14], [13, 35, 52], [15, 21, 64], [20, 12, 68], [14, 19, 67], [18, 13, 69], [15, 20, 65], [15, 16, 69], [19, 21, 60], [17, 13, 70], [18, 17, 65], [22, 15, 63], [18, 23, 59], [16, 18, 66], [19, 13, 68], [19, 16, 65], [16, 12, 72], [16, 22, 62]]}