{"M": 50, "G": 4, "I": 2, "J": 100, "p": [[0.04982432776885802, 0.950175672231142], [0.30980548916967027, 0.6901945108303298], [0.831514501677034, 0.16848549832296594], [0.9029062166601005, 0.0970937833398996]], "r": [[[2, 63], [6, 4], [10, 1], [12, 2]], [[8, 59], [3, 5], [14, 1], [8, 2]], [[3, 59], [6, 9], [10, 0], [11, 2]], [[1, 65], [6, 9], [6, 4], [7, 2]], [[1, 63], [4, 10], [9, 4], [8, 1]], [[5, 61], [4, 9], [8, 0], [12, 1]], [[1, 49], [3, 8], [20, 7], [12, 0]], [[4, 60], [4, 5], [8, 2], [16, 1]], [[2, 60], [4, 10], [8, 0], [13, 3]], [[2, 63], [2, 6], [12, 2], [13, 0]], [[3, 65], [3, 9], [5, 2], [11, 2]], [[4, 57], [4, 7], [4, 4], [18, 2]], [[1, 37], [15, 21], [10, 2], [12, 2]], [[1, 6], [31, 36], [10, 3], [12, 1]], [[0, 8], [23, 47], [6, 3], [12, 1]], [[1, 16], [16, 38], [9, 0], [17, 3]], [[1, 7], [22, 35], [18, 1], [15, 1]], [[0, 18], [16, 40], [12, 0], [11, 3]], [[0, 14], [19, 43], [10, 1], [12, 1]], [[0, 9], [25, 44], [7, 0], [15, 0]], [[0, 14], [24, 41], [8, 1], [12, 0]], [[2, 16], [13, 43], [15, 2], [9, 0]], [[1, 15], [26, 38], [10, 0], [9, 1]], [[0, 9], [26, 33], [15, 4], [10, 3]], [[0, 10], [23, 42], [11, 2], [9, 3]], [[0, 12], [4, 12], [53, 7], [12, 0]], [[0, 7], [5, 9], [52, 7], [18, 2]], [[1, 7], [4, 6], [54, 13], [15, 0]], [[1, 12], [3, 11], [48, 11], [13, 1]], [[2, 10], [3, 4], [56, 13], [12, 0]], [[0, 9], [6, 8], [59, 10], [8, 0]], [[0, 13], [3, 6], [52, 12], [11, 3]], [[1, 14], [4, 10], [52, 14], [4, 1]], [[1, 16], [3, 11], [47, 12], [8, 2]], [[0, 12], [4, 16], [53, 7], [8, 0]], [[0, 10], [3, 14], [55, 9], [9, 0]], [[1, 11], [1, 11], [52, 13], [11, 0]], [[1, 13], [5, 4], [36, 7], [33, 1]], [[0, 14], [5, 14], [12, 0], [45, 10]], [[3, 7], [2, 10], [3, 4], [66, 5]], [[0, 19], [5, 6], [9, 3], [50, 8]], [[0, 8], [6, 7], [9, 0], [60, 10]], [[1, 12], [5, 7], [13, 3], [53, 6]], [[1, 11], [3, 12], [8, 2], [58, 5]], [[2, 11], [6, 10], [13, 0], [52, 6]], [[0, 9], [1, 9], [8, 0], [67, 6]], [[0, 13], [3, 11], [12, 4], [52, 5]], [[2, 11], [1, 9], [13, 3], [57, 4]], [[0, 18], [1, 12], [10, 2], [51, 6]], [[1, 9], [4, 11], [14, 0], [54, 7]]], "n": [[30, 70], [33, 67], [30, 70], [20, 80], [22, 78], [29, 71], [36, 64], [32, 68], [27, 73], [29, 71], [22, 78], [30, 70], [38, 62], [54, 46], [41, 59], [43, 57], [56, 44], [39, 61], [41, 59], [47, 53], [44, 56], [39, 61], [46, 54], [51, 49], [43, 57], [69, 31], [75, 25], [74, 26], [65, 35], [73, 27], [73, 27], [66, 34], [61, 39], [59, 41], [65, 35], [67, 33], [65, 35], [75, 25], [62, 38], [74, 26], [64, 36], [75, 25], [72, 28], [70, 30], [73, 27], [76, 24], [67, 33], [73, 27], [62, 38], [73, 27]], "lambda_": 0.5, "b": [[65, 10, 11, 14], [67, 8, 15, 10], [62, 15, 10, 13], [66, 15, 10, 9], [64, 14, 13, 9], [66, 13, 8, 13], [50, 11, 27, 12], [64, 9, 10, 17], [62, 14, 8, 16], [65, 8, 14, 13], [68, 12, 7, 13], [61, 11, 8, 20], [38, 36, 12, 14], [7, 67, 13, 13], [8, 70, 9, 13], [17, 54, 9, 20], [8, 57, 19, 16], [18, 56, 12, 14], [14, 62, 11, 13], [9, 69, 7, 15], [14, 65, 9, 12], [18, 56, 17, 9], [16, 64, 10, 10], [9, 59, 19, 13], [10, 65, 13, 12], [12, 16, 60, 12], [7, 14, 59, 20], [8, 10, 67, 15], [13, 14, 59, 14], [12, 7, 69, 12], [9, 14, 69, 8], [13, 9, 64, 14], [15, 14, 66, 5], [17, 14, 59, 10], [12, 20, 60, 8], [10, 17, 64, 9], [12, 12, 65, 11], [14, 9, 43, 34], [14, 19, 12, 55], [10, 12, 7, 71], [19, 11, 12, 58], [8, 13, 9, 70], [13, 12, 16, 59], [12, 15, 10, 63], [13, 16, 13, 58], [9, 10, 8, 73], [13, 14, 16, 57], [13, 10, 16, 61], [18, 13, 12, 57], [10, 15, 14, 61]]}