{"M": 50, "G": 2, "I": 10, "J": 100, "p": [[0.0931453723690264, 0.14333597595076422, 0.040011072182719966, 0.08322399275007042, 0.26006681338677834, 0.2637628802420162, 0.01561968590937181, 0.02703037191802603, 0.0061499544235774336, 0.06765388086764923], [0.005307343565036329, 0.10679549657807895, 0.18326772703150396, 0.057113539992176665, 0.1973392812162813, 0.156378119637341, 0.00424742361571192, 0.14319791739638402, 0.052509906307626246, 0.09384324465985967]], "r": [[[8, 10, 1, 4, 27, 19, 0, 2, 1, 3], [0, 1, 7, 0, 4, 5, 1, 5, 0, 2]], [[9, 11, 3, 10, 14, 18, 4, 3, 0, 5], [0, 3, 4, 1, 5, 2, 0, 3, 3, 2]], [[7, 11, 3, 7, 19, 22, 2, 2, 1, 3], [0, 4, 6, 3, 3, 1, 0, 5, 0, 1]], [[7, 6, 3, 5, 21, 17, 2, 0, 0, 4], [0, 1, 8, 0, 6, 3, 0, 10, 2, 5]], [[8, 15, 1, 9, 21, 17, 1, 3, 1, 3], [0, 1, 3, 2, 3, 6, 0, 4, 0, 2]], [[7, 9, 8, 5, 17, 26, 1, 0, 0, 8], [1, 1, 4, 0, 2, 1, 1, 5, 3, 1]], [[6, 9, 2, 11, 18, 25, 1, 1, 2, 5], [0, 2, 4, 2, 3, 2, 0, 3, 2, 2]], [[7, 6, 2, 7, 16, 22, 1, 4, 0, 6], [0, 4, 7, 0, 5, 6, 0, 0, 2, 5]], [[6, 11, 3, 8, 23, 15, 0, 3, 2, 5], [0, 2, 4, 1, 3, 4, 0, 3, 0, 7]], [[6, 5, 3, 8, 15, 20, 0, 2, 1, 8], [0, 2, 9, 1, 8, 4, 0, 5, 1, 2]], [[5, 8, 3, 7, 22, 15, 2, 2, 1, 7], [0, 1, 5, 2, 5, 7, 1, 4, 1, 2]], [[5, 10, 1, 2, 24, 16, 0, 1, 1, 8], [0, 5, 8, 4, 7, 1, 0, 4, 0, 3]], [[10, 14, 2, 5, 18, 20, 1, 4, 0, 9], [0, 0, 4, 0, 3, 3, 0, 3, 1, 3]], [[5, 18, 0, 9, 23, 15, 2, 4, 0, 5], [0, 3, 4, 0, 3, 4, 1, 0, 1, 3]], [[11, 10, 5, 5, 19, 24, 0, 4, 0, 5], [0, 4, 1, 2, 3, 1, 0, 2, 1, 3]], [[8, 11, 1, 11, 26, 13, 0, 1, 1, 7], [0, 1, 3, 3, 5, 3, 0, 2, 2, 2]], [[5, 15, 2, 8, 18, 19, 3, 1, 0, 4], [0, 2, 2, 3, 4, 6, 0, 4, 1, 3]], [[9, 12, 2, 3, 23, 21, 2, 2, 0, 6], [0, 4, 2, 2, 5, 0, 0, 2, 3, 2]], [[4, 8, 3, 7, 22, 28, 1, 1, 0, 6], [0, 3, 2, 1, 5, 5, 0, 1, 1, 2]], [[6, 10, 5, 6, 22, 19, 1, 1, 0, 4], [0, 3, 7, 1, 5, 5, 0, 3, 1, 1]], [[8, 14, 2, 6, 23, 18, 2, 1, 1, 7], [0, 2, 2, 2, 1, 3, 0, 4, 2, 2]], [[2, 16, 3, 8, 21, 14, 0, 1, 0, 4], [0, 4, 7, 1, 6, 4, 0, 5, 0, 4]], [[8, 5, 3, 3, 19, 24, 0, 6, 2, 2], [2, 1, 3, 4, 7, 5, 0, 2, 0, 4]], [[8, 9, 2, 5, 17, 21, 1, 4, 2, 4], [0, 5, 2, 0, 5, 5, 0, 5, 1, 4]], [[11, 12, 5, 9, 17, 20, 2, 0, 0, 6], [0, 2, 4, 5, 2, 2, 0, 3, 0, 0]], [[3, 4, 2, 0, 6, 7, 1, 0, 0, 1], [1, 6, 17, 7, 15, 10, 1, 10, 2, 7]], [[4, 1, 2, 3, 4, 3, 0, 2, 0, 2], [0, 11, 13, 8, 15, 11, 0, 9, 4, 8]], [[3, 3, 0, 1, 6, 8, 0, 0, 0, 4], [0, 7, 14, 2, 20, 14, 0, 11, 4, 3]], [[3, 7, 2, 3, 2, 11, 1, 1, 1, 3], [1, 8, 15, 2, 12, 11, 0, 10, 2, 5]], [[2, 2, 1, 3, 8, 9, 0, 3, 1, 1], [0, 6, 15, 1, 11, 11, 3, 13, 3, 7]], [[0, 4, 1, 3, 9, 9, 0, 0, 0, 0], [0, 6, 15, 5, 12, 12, 1, 11, 7, 5]], [[2, 6, 1, 4, 7, 6, 0, 2, 0, 2], [1, 4, 15, 4, 12, 12, 0, 9, 5, 8]], [[3, 3, 0, 1, 6, 7, 0, 0, 0, 0], [0, 10, 13, 6, 15, 6, 0, 16, 6, 8]], [[3, 2, 4, 3, 13, 3, 2, 0, 0, 1], [0, 8, 16, 4, 14, 13, 0, 6, 2, 6]], [[2, 4, 2, 1, 10, 4, 0, 0, 1, 3], [0, 4, 15, 4, 16, 10, 1, 15, 1, 7]], [[3, 4, 0, 1, 5, 10, 0, 1, 0, 1], [0, 9, 12, 6, 18, 9, 0, 8, 4, 9]], [[1, 8, 1, 1, 7, 12, 0, 0, 0, 1], [0, 11, 16, 2, 10, 11, 0, 13, 3, 3]], [[0, 4, 2, 2, 7, 2, 0, 0, 0, 1], [0, 5, 12, 6, 19, 7, 0, 14, 11, 8]], [[2, 0, 0, 4, 4, 5, 0, 1, 0, 1], [0, 11, 17, 6, 13, 11, 0, 12, 2, 11]], [[3, 5, 1, 1, 6, 4, 0, 0, 0, 1], [0, 8, 17, 4, 15, 14, 2, 7, 4, 8]], [[1, 1, 3, 2, 5, 10, 0, 0, 0, 1], [0, 6, 8, 10, 18, 15, 1, 10, 4, 5]], [[3, 4, 2, 0, 6, 6, 0, 2, 1, 1], [0, 8, 10, 5, 14, 10, 0, 17, 6, 5]], [[1, 4, 1, 2, 4, 2, 0, 0, 1, 1], [1, 12, 18, 5, 10, 15, 0, 11, 5, 7]], [[2, 0, 0, 1, 6, 3, 0, 0, 0, 1], [0, 14, 16, 3, 15, 14, 0, 13, 4, 8]], [[2, 1, 1, 4, 9, 8, 0, 2, 0, 1], [0, 9, 10, 3, 17, 9, 0, 15, 2, 7]], [[0, 4, 0, 1, 8, 4, 1, 0, 0, 1], [1, 4, 16, 3, 17, 12, 0, 10, 8, 10]], [[3, 5, 2, 3, 2, 7, 0, 1, 1, 1], [0, 12, 15, 2, 15, 11, 0, 9, 3, 8]], [[3, 3, 1, 1, 5, 4, 1, 1, 1, 1], [0, 6, 14, 3, 23, 7, 1, 14, 5, 6]], [[3, 2, 2, 3, 5, 9, 0, 0, 0, 0], [0, 6, 16, 12, 14, 14, 0, 5, 4, 5]], [[2, 4, 3, 5, 6, 3, 0, 1, 0, 2], [0, 7, 12, 3, 15, 14, 0, 9, 5, 9]]], "n": [[8, 11, 8, 4, 31, 24, 1, 7, 1, 5], [9, 14, 7, 11, 19, 20, 4, 6, 3, 7], [7, 15, 9, 10, 22, 23, 2, 7, 1, 4], [7, 7, 11, 5, 27, 20, 2, 10, 2, 9], [8, 16, 4, 11, 24, 23, 1, 7, 1, 5], [8, 10, 12, 5, 19, 27, 2, 5, 3, 9], [6, 11, 6, 13, 21, 27, 1, 4, 4, 7], [7, 10, 9, 7, 21, 28, 1, 4, 2, 11], [6, 13, 7, 9, 26, 19, 0, 6, 2, 12], [6, 7, 12, 9, 23, 24, 0, 7, 2, 10], [5, 9, 8, 9, 27, 22, 3, 6, 2, 9], [5, 15, 9, 6, 31, 17, 0, 5, 1, 11], [10, 14, 6, 5, 21, 23, 1, 7, 1, 12], [5, 21, 4, 9, 26, 19, 3, 4, 1, 8], [11, 14, 6, 7, 22, 25, 0, 6, 1, 8], [8, 12, 4, 14, 31, 16, 0, 3, 3, 9], [5, 17, 4, 11, 22, 25, 3, 5, 1, 7], [9, 16, 4, 5, 28, 21, 2, 4, 3, 8], [4, 11, 5, 8, 27, 33, 1, 2, 1, 8], [6, 13, 12, 7, 27, 24, 1, 4, 1, 5], [8, 16, 4, 8, 24, 21, 2, 5, 3, 9], [2, 20, 10, 9, 27, 18, 0, 6, 0, 8], [10, 6, 6, 7, 26, 29, 0, 8, 2, 6], [8, 14, 4, 5, 22, 26, 1, 9, 3, 8], [11, 14, 9, 14, 19, 22, 2, 3, 0, 6], [4, 10, 19, 7, 21, 17, 2, 10, 2, 8], [4, 12, 15, 11, 19, 14, 0, 11, 4, 10], [3, 10, 14, 3, 26, 22, 0, 11, 4, 7], [4, 15, 17, 5, 14, 22, 1, 11, 3, 8], [2, 8, 16, 4, 19, 20, 3, 16, 4, 8], [0, 10, 16, 8, 21, 21, 1, 11, 7, 5], [3, 10, 16, 8, 19, 18, 0, 11, 5, 10], [3, 13, 13, 7, 21, 13, 0, 16, 6, 8], [3, 10, 20, 7, 27, 16, 2, 6, 2, 7], [2, 8, 17, 5, 26, 14, 1, 15, 2, 10], [3, 13, 12, 7, 23, 19, 0, 9, 4, 10], [1, 19, 17, 3, 17, 23, 0, 13, 3, 4], [0, 9, 14, 8, 26, 9, 0, 14, 11, 9], [2, 11, 17, 10, 17, 16, 0, 13, 2, 12], [3, 13, 18, 5, 21, 18, 2, 7, 4, 9], [1, 7, 11, 12, 23, 25, 1, 10, 4, 6], [3, 12, 12, 5, 20, 16, 0, 19, 7, 6], [2, 16, 19, 7, 14, 17, 0, 11, 6, 8], [2, 14, 16, 4, 21, 17, 0, 13, 4, 9], [2, 10, 11, 7, 26, 17, 0, 17, 2, 8], [1, 8, 16, 4, 25, 16, 1, 10, 8, 11], [3, 17, 17, 5, 17, 18, 0, 10, 4, 9], [3, 9, 15, 4, 28, 11, 2, 15, 6, 7], [3, 8, 18, 15, 19, 23, 0, 5, 4, 5], [2, 11, 15, 8, 21, 17, 0, 10, 5, 11]], "lambda_": 0.5, "b": [[75, 25], [77, 23], [77, 23], [65, 35], [79, 21], [81, 19], [80, 20], [71, 29], [76, 24], [68, 32], [72, 28], [68, 32], [83, 17], [81, 19], [83, 17], [79, 21], [75, 25], [80, 20], [80, 20], [74, 26], [82, 18], [69, 31], [72, 28], [73, 27], [82, 18], [24, 76], [21, 79], [25, 75], [34, 66], [30, 70], [26, 74], [30, 70], [20, 80], [31, 69], [27, 73], [25, 75], [31, 69], [18, 82], [17, 83], [21, 79], [23, 77], [25, 75], [16, 84], [13, 87], [28, 72], [19, 81], [25, 75], [21, 79], [24, 76], [26, 74]]}