{"M": 50, "G": 2, "I": 2, "J": 100, "p": [[0.11053619287835263, 0.8894638071216475], [0.2859754293897199, 0.7140245706102801]], "r": [[[13, 69], [2, 16]], [[8, 64], [15, 13]], [[6, 62], [9, 23]], [[6, 70], [6, 18]], [[10, 64], [8, 18]], [[8, 69], [6, 17]], [[8, 72], [6, 14]], [[5, 74], [9, 12]], [[12, 66], [7, 15]], [[5, 73], [3, 19]], [[7, 64], [8, 21]], [[5, 61], [12, 22]], [[7, 68], [9, 16]], [[8, 66], [6, 20]], [[7, 65], [8, 20]], [[10, 70], [2, 18]], [[10, 65], [5, 20]], [[9, 63], [11, 17]], [[4, 66], [11, 19]], [[8, 64], [3, 25]], [[8, 70], [9, 13]], [[6, 66], [6, 22]], [[12, 67], [7, 14]], [[12, 67], [8, 13]], [[4, 73], [5, 18]], [[4, 24], [23, 49]], [[5, 21], [22, 52]], [[1, 15], [20, 64]], [[3, 24], [14, 59]], [[2, 34], [20, 44]], [[4, 27], [13, 56]], [[4, 19], [33, 44]], [[1, 26], [20, 53]], [[2, 18], [21, 59]], [[2, 17], [16, 65]], [[1, 23], [16, 60]], [[1, 19], [26, 54]], [[3, 17], [27, 53]], [[2, 26], [17, 55]], [[4, 25], [22, 49]], [[4, 21], [20, 55]], [[1, 21], [23, 55]], [[3, 20], [23, 54]], [[5, 31], [13, 51]], [[4, 24], [19, 53]], [[1, 30], [26, 43]], [[1, 15], [25, 59]], [[3, 22], [25, 50]], [[2, 26], [21, 51]], [[0, 18], [26, 56]]], "n": [[15, 85], [23, 77], [15, 85], [12, 88], [18, 82], [14, 86], [14, 86], [14, 86], [19, 81], [8, 92], [15, 85], [17, 83], [16, 84], [14, 86], [15, 85], [12, 88], [15, 85], [20, 80], [15, 85], [11, 89], [17, 83], [12, 88], [19, 81], [20, 80], [9, 91], [27, 73], [27, 73], [21, 79], [17, 83], [22, 78], [17, 83], [37, 63], [21, 79], [23, 77], [18, 82], [17, 83], [27, 73], [30, 70], [19, 81], [26, 74], [24, 76], [24, 76], [26, 74], [18, 82], [23, 77], [27, 73], [26, 74], [28, 72], [23, 77], [26, 74]], "lambda_": 0.5, "b": [[82, 18], [72, 28], [68, 32], [76, 24], [74, 26], [77, 23], [80, 20], [79, 21], [78, 22], [78, 22], [71, 29], [66, 34], [75, 25], [74, 26], [72, 28], [80, 20], [75, 25], [72, 28], [70, 30], [72, 28], [78, 22], [72, 28], [79, 21], [79, 21], [77, 23], [28, 72], [26, 74], [16, 84], [27, 73], [36, 64], [31, 69], [23, 77], [27, 73], [20, 80], [19, 81], [24, 76], [20, 80], [20, 80], [28, 72], [29, 71], [25, 75], [22, 78], [23, 77], [36, 64], [28, 72], [31, 69], [16, 84], [25, 75], [28, 72], [18, 82]]}