{"M": 50, "G": 4, "I": 5, "J": 100, "p": [[0.11046832303046365, 0.3237599267900055, 0.3497656070847354, 0.02040467046617105, 0.19560147262862432], [0.05607283876101442, 0.259257770101578, 0.03972016870033102, 0.016198597480567022, 0.6287506249565094], [0.31255056034065565, 0.030600658614167615, 0.48328435407656345, 0.06501084340568086, 0.1085535835629325], [0.11586259596294285, 0.39777834656095723, 0.2081420243919308, 0.0807572776280516, 0.19745975545611746]], "r": [[[5, 18, 26, 3, 11], [0, 5, 0, 0, 8], [5, 0, 9, 0, 2], [3, 3, 0, 1, 1]], [[6, 14, 26, 1, 15], [0, 4, 0, 0, 11], [4, 0, 10, 0, 2], [0, 3, 2, 2, 0]], [[7, 22, 23, 0, 14], [0, 0, 0, 0, 7], [7, 1, 7, 1, 0], [0, 6, 1, 0, 4]], [[8, 21, 22, 2, 12], [0, 3, 0, 0, 6], [4, 0, 4, 1, 1], [3, 3, 2, 3, 5]], [[7, 20, 17, 0, 15], [1, 5, 1, 0, 4], [5, 1, 8, 1, 5], [3, 4, 0, 1, 2]], [[7, 18, 22, 1, 15], [1, 2, 0, 0, 9], [3, 0, 7, 0, 0], [2, 5, 6, 0, 2]], [[7, 22, 21, 1, 9], [0, 3, 0, 0, 11], [5, 0, 7, 0, 1], [0, 7, 5, 0, 1]], [[9, 19, 22, 2, 9], [0, 2, 0, 0, 11], [0, 1, 2, 1, 1], [0, 9, 4, 4, 4]], [[7, 18, 19, 0, 14], [2, 2, 0, 0, 15], [6, 0, 6, 1, 3], [0, 1, 1, 1, 4]], [[5, 21, 24, 0, 8], [1, 4, 0, 0, 5], [2, 1, 6, 1, 2], [2, 7, 6, 4, 1]], [[3, 27, 21, 1, 17], [0, 1, 0, 0, 11], [1, 1, 9, 1, 1], [2, 0, 2, 2, 0]], [[7, 23, 25, 1, 8], [0, 3, 2, 0, 3], [6, 0, 4, 2, 2], [0, 5, 5, 2, 2]], [[1, 14, 17, 2, 10], [1, 8, 0, 1, 26], [3, 0, 7, 0, 0], [0, 4, 4, 0, 2]], [[3, 2, 7, 0, 4], [1, 25, 0, 0, 39], [5, 0, 4, 1, 0], [1, 4, 3, 0, 1]], [[0, 5, 3, 1, 2], [4, 10, 2, 1, 36], [7, 1, 8, 0, 3], [5, 6, 4, 1, 1]], [[0, 4, 1, 1, 1], [2, 14, 3, 1, 44], [4, 1, 4, 2, 1], [3, 7, 3, 1, 3]], [[3, 3, 1, 0, 1], [3, 15, 1, 2, 44], [3, 0, 6, 1, 1], [3, 5, 3, 1, 4]], [[1, 7, 6, 0, 4], [3, 11, 5, 1, 37], [0, 1, 6, 1, 1], [1, 4, 2, 4, 5]], [[4, 3, 2, 0, 4], [5, 12, 2, 0, 42], [3, 1, 7, 0, 4], [1, 5, 5, 0, 0]], [[0, 4, 4, 0, 3], [3, 16, 3, 0, 43], [5, 1, 6, 0, 2], [1, 4, 2, 1, 2]], [[1, 3, 2, 0, 4], [6, 20, 3, 3, 39], [3, 0, 3, 0, 1], [3, 5, 1, 1, 2]], [[0, 1, 7, 0, 4], [4, 16, 1, 1, 41], [4, 1, 4, 1, 1], [4, 4, 1, 2, 3]], [[2, 6, 4, 0, 2], [3, 21, 3, 3, 30], [4, 0, 6, 1, 1], [1, 7, 3, 1, 2]], [[2, 6, 3, 0, 2], [3, 12, 3, 1, 43], [4, 0, 7, 2, 0], [2, 3, 5, 1, 1]], [[3, 0, 4, 0, 1], [3, 19, 4, 0, 38], [2, 1, 12, 1, 1], [1, 4, 2, 2, 2]], [[6, 6, 8, 0, 0], [1, 4, 0, 0, 7], [15, 1, 28, 5, 11], [0, 3, 1, 2, 2]], [[1, 3, 3, 1, 3], [1, 2, 1, 0, 11], [20, 0, 36, 3, 3], [2, 5, 4, 0, 1]], [[4, 5, 7, 0, 3], [0, 4, 0, 0, 6], [23, 0, 27, 6, 6], [1, 3, 3, 1, 1]], [[3, 2, 2, 1, 0], [0, 4, 1, 0, 7], [19, 1, 31, 7, 5], [3, 6, 4, 4, 0]], [[1, 3, 5, 0, 4], [0, 5, 1, 0, 6], [22, 2, 27, 5, 7], [0, 6, 2, 1, 3]], [[2, 3, 7, 0, 4], [2, 6, 0, 0, 9], [18, 1, 27, 3, 7], [0, 4, 4, 0, 3]], [[0, 4, 1, 0, 2], [0, 6, 0, 1, 9], [21, 3, 30, 6, 6], [2, 4, 3, 0, 2]], [[2, 5, 7, 0, 4], [0, 1, 0, 0, 7], [20, 1, 30, 3, 7], [1, 7, 2, 0, 3]], [[0, 9, 3, 0, 2], [1, 4, 2, 0, 10], [21, 3, 23, 7, 5], [3, 1, 2, 1, 3]], [[0, 3, 2, 0, 3], [1, 2, 3, 0, 9], [24, 0, 28, 8, 8], [1, 2, 3, 1, 2]], [[1, 5, 5, 0, 2], [0, 3, 0, 0, 5], [18, 2, 40, 3, 7], [2, 5, 0, 2, 0]], [[3, 4, 8, 0, 2], [0, 1, 2, 1, 7], [17, 5, 32, 3, 2], [1, 5, 2, 2, 3]], [[1, 2, 5, 0, 2], [0, 2, 1, 0, 12], [16, 0, 8, 4, 7], [5, 19, 9, 3, 4]], [[2, 3, 7, 0, 2], [2, 6, 0, 0, 6], [1, 0, 5, 1, 3], [4, 25, 13, 6, 14]], [[3, 5, 5, 0, 1], [1, 4, 1, 0, 12], [6, 1, 6, 0, 0], [4, 12, 19, 9, 11]], [[0, 3, 5, 0, 1], [1, 1, 0, 0, 13], [4, 0, 9, 0, 1], [7, 23, 10, 5, 17]], [[1, 10, 2, 0, 4], [1, 2, 1, 0, 6], [1, 1, 5, 3, 1], [9, 28, 9, 3, 13]], [[4, 5, 4, 0, 2], [0, 3, 1, 0, 6], [1, 1, 7, 1, 2], [6, 26, 15, 3, 13]], [[0, 5, 7, 0, 0], [0, 3, 1, 0, 5], [0, 0, 10, 0, 1], [5, 25, 11, 8, 19]], [[2, 3, 2, 0, 1], [0, 2, 1, 0, 12], [8, 0, 6, 0, 0], [12, 25, 9, 6, 11]], [[0, 5, 6, 0, 2], [1, 5, 0, 0, 10], [2, 0, 2, 2, 0], [7, 23, 14, 4, 17]], [[1, 6, 5, 0, 0], [1, 2, 3, 0, 6], [5, 0, 9, 0, 0], [9, 21, 18, 6, 8]], [[2, 7, 4, 0, 0], [2, 6, 0, 0, 5], [2, 0, 4, 2, 0], [10, 23, 11, 7, 15]], [[1, 2, 5, 0, 2], [0, 3, 0, 0, 8], [3, 1, 9, 0, 3], [10, 24, 13, 5, 11]], [[0, 1, 4, 0, 3], [2, 1, 0, 0, 7], [6, 1, 6, 1, 2], [8, 26, 11, 7, 14]]], "n": [[13, 26, 35, 4, 22], [10, 21, 38, 3, 28], [14, 29, 31, 1, 25], [15, 27, 28, 6, 24], [16, 30, 26, 2, 26], [13, 25, 35, 1, 26], [12, 32, 33, 1, 22], [9, 31, 28, 7, 25], [15, 21, 26, 2, 36], [10, 33, 36, 5, 16], [6, 29, 32, 4, 29], [13, 31, 36, 5, 15], [5, 26, 28, 3, 38], [10, 31, 14, 1, 44], [16, 22, 17, 3, 42], [9, 26, 11, 5, 49], [12, 23, 11, 4, 50], [5, 23, 19, 6, 47], [13, 21, 16, 0, 50], [9, 25, 15, 1, 50], [13, 28, 9, 4, 46], [12, 22, 13, 4, 49], [10, 34, 16, 5, 35], [11, 21, 18, 4, 46], [9, 24, 22, 3, 42], [22, 14, 37, 7, 20], [24, 10, 44, 4, 18], [28, 12, 37, 7, 16], [25, 13, 38, 12, 12], [23, 16, 35, 6, 20], [22, 14, 38, 3, 23], [23, 17, 34, 7, 19], [23, 14, 39, 3, 21], [25, 17, 30, 8, 20], [26, 7, 36, 9, 22], [21, 15, 45, 5, 14], [21, 15, 44, 6, 14], [22, 23, 23, 7, 25], [9, 34, 25, 7, 25], [14, 22, 31, 9, 24], [12, 27, 24, 5, 32], [12, 41, 17, 6, 24], [11, 35, 27, 4, 23], [5, 33, 29, 8, 25], [22, 30, 18, 6, 24], [10, 33, 22, 6, 29], [16, 29, 35, 6, 14], [16, 36, 19, 9, 20], [14, 30, 27, 5, 24], [16, 29, 21, 8, 26]], "lambda_": 0.5, "b": [[63, 13, 16, 8], [62, 15, 16, 7], [66, 7, 16, 11], [65, 9, 10, 16], [59, 11, 20, 10], [63, 12, 10, 15], [60, 14, 13, 13], [61, 13, 5, 21], [58, 19, 16, 7], [58, 10, 12, 20], [69, 12, 13, 6], [64, 8, 14, 14], [44, 36, 10, 10], [16, 65, 10, 9], [11, 53, 19, 17], [7, 64, 12, 17], [8, 65, 11, 16], [18, 57, 9, 16], [13, 61, 15, 11], [11, 65, 14, 10], [10, 71, 7, 12], [12, 63, 11, 14], [14, 60, 12, 14], [13, 62, 13, 12], [8, 64, 17, 11], [20, 12, 60, 8], [11, 15, 62, 12], [19, 10, 62, 9], [8, 12, 63, 17], [13, 12, 63, 12], [16, 17, 56, 11], [7, 16, 66, 11], [18, 8, 61, 13], [14, 17, 59, 10], [8, 15, 68, 9], [13, 8, 70, 9], [17, 11, 59, 13], [10, 15, 35, 40], [14, 14, 10, 62], [14, 18, 13, 55], [9, 15, 14, 62], [17, 10, 11, 62], [15, 10, 12, 63], [12, 9, 11, 68], [8, 15, 14, 63], [13, 16, 6, 65], [12, 12, 14, 62], [13, 13, 8, 66], [10, 11, 16, 63], [8, 10, 16, 66]]}