{"M": 50, "G": 4, "I": 3, "J": 100, "p": [[0.036577241285230634, 0.697546888897068, 0.2658758698177014], [0.21879765890019268, 0.6495810753685386, 0.13162126573126864], [0.6422484695268018, 0.06906402082520187, 0.2886875096479962], [0.20036480098911963, 0.32878764303571356, 0.47084755597516686]], "r": [[[3, 46, 21], [0, 8, 0], [7, 1, 3], [3, 2, 6]], [[4, 48, 17], [0, 6, 2], [8, 0, 4], [2, 5, 4]], [[2, 48, 16], [3, 7, 0], [14, 0, 1], [1, 1, 7]], [[3, 44, 17], [0, 11, 2], [5, 0, 3], [4, 7, 4]], [[2, 46, 15], [2, 9, 3], [9, 2, 2], [2, 2, 6]], [[6, 46, 15], [3, 5, 1], [5, 0, 5], [5, 5, 4]], [[2, 38, 8], [2, 3, 2], [22, 1, 7], [5, 5, 5]], [[1, 42, 17], [2, 12, 0], [9, 2, 2], [1, 4, 8]], [[2, 38, 19], [4, 7, 1], [12, 1, 3], [1, 7, 5]], [[2, 46, 17], [4, 8, 0], [8, 1, 2], [0, 8, 4]], [[2, 42, 20], [3, 8, 1], [6, 1, 5], [4, 5, 3]], [[2, 42, 18], [5, 5, 2], [3, 1, 3], [3, 7, 9]], [[1, 26, 8], [14, 21, 4], [10, 0, 0], [3, 7, 6]], [[0, 3, 2], [21, 43, 5], [9, 0, 2], [1, 8, 6]], [[1, 7, 1], [19, 35, 10], [8, 0, 6], [5, 3, 5]], [[0, 11, 3], [11, 39, 5], [9, 1, 4], [4, 5, 8]], [[0, 8, 2], [11, 38, 7], [15, 0, 6], [3, 4, 6]], [[0, 10, 8], [11, 39, 6], [11, 2, 4], [0, 5, 4]], [[1, 13, 2], [10, 45, 11], [4, 1, 2], [1, 2, 8]], [[0, 9, 4], [20, 39, 5], [8, 2, 0], [2, 3, 8]], [[2, 10, 4], [19, 38, 6], [9, 0, 3], [3, 1, 5]], [[0, 12, 5], [12, 32, 10], [11, 0, 3], [3, 6, 6]], [[0, 7, 8], [20, 36, 7], [5, 0, 7], [1, 4, 5]], [[1, 7, 2], [11, 39, 11], [12, 2, 2], [2, 5, 6]], [[1, 6, 4], [18, 35, 9], [6, 2, 3], [5, 6, 5]], [[0, 9, 3], [4, 7, 1], [39, 4, 19], [3, 2, 9]], [[0, 4, 2], [6, 6, 1], [41, 9, 16], [4, 7, 4]], [[0, 6, 1], [5, 10, 4], [39, 6, 19], [2, 3, 5]], [[0, 10, 5], [2, 11, 5], [28, 5, 20], [2, 4, 8]], [[0, 8, 4], [4, 7, 3], [38, 2, 21], [1, 3, 9]], [[1, 8, 0], [1, 8, 3], [38, 7, 21], [3, 3, 7]], [[0, 10, 3], [1, 9, 3], [41, 3, 20], [2, 2, 6]], [[0, 12, 3], [1, 8, 3], [36, 6, 23], [1, 2, 5]], [[0, 12, 5], [4, 8, 2], [34, 5, 19], [2, 6, 3]], [[0, 9, 3], [2, 14, 3], [35, 5, 20], [3, 2, 4]], [[0, 10, 2], [3, 12, 3], [35, 2, 23], [2, 3, 5]], [[0, 7, 3], [3, 6, 2], [44, 4, 22], [0, 3, 6]], [[0, 8, 6], [0, 8, 0], [27, 1, 9], [12, 14, 15]], [[0, 11, 3], [4, 14, 1], [6, 1, 4], [10, 22, 24]], [[0, 7, 3], [1, 7, 4], [7, 0, 1], [15, 21, 34]], [[2, 17, 0], [4, 8, 0], [3, 1, 3], [18, 21, 23]], [[0, 5, 4], [6, 6, 3], [6, 1, 3], [14, 27, 25]], [[0, 9, 2], [2, 7, 2], [13, 0, 7], [13, 20, 25]], [[1, 4, 6], [4, 10, 2], [4, 0, 3], [12, 22, 32]], [[0, 8, 6], [4, 10, 2], [7, 2, 2], [10, 17, 32]], [[0, 7, 5], [2, 10, 1], [10, 1, 5], [13, 17, 29]], [[1, 8, 5], [4, 9, 2], [6, 0, 6], [15, 22, 22]], [[0, 6, 4], [1, 5, 2], [11, 2, 2], [16, 20, 31]], [[0, 14, 3], [4, 10, 0], [6, 0, 1], [16, 18, 28]], [[0, 7, 4], [2, 9, 2], [9, 0, 4], [18, 18, 27]]], "n": [[13, 57, 30], [14, 59, 27], [20, 56, 24], [12, 62, 26], [15, 59, 26], [19, 56, 25], [31, 47, 22], [13, 60, 27], [19, 53, 28], [14, 63, 23], [15, 56, 29], [13, 55, 32], [28, 54, 18], [31, 54, 15], [33, 45, 22], [24, 56, 20], [29, 50, 21], [22, 56, 22], [16, 61, 23], [30, 53, 17], [33, 49, 18], [26, 50, 24], [26, 47, 27], [26, 53, 21], [30, 49, 21], [46, 22, 32], [51, 26, 23], [46, 25, 29], [32, 30, 38], [43, 20, 37], [43, 26, 31], [44, 24, 32], [38, 28, 34], [40, 31, 29], [40, 30, 30], [40, 27, 33], [47, 20, 33], [39, 31, 30], [20, 48, 32], [23, 35, 42], [27, 47, 26], [26, 39, 35], [28, 36, 36], [21, 36, 43], [21, 37, 42], [25, 35, 40], [26, 39, 35], [28, 33, 39], [26, 42, 32], [29, 34, 37]], "lambda_": 0.5, "b": [[70, 8, 11, 11], [69, 8, 12, 11], [66, 10, 15, 9], [64, 13, 8, 15], [63, 14, 13, 10], [67, 9, 10, 14], [48, 7, 30, 15], [60, 14, 13, 13], [59, 12, 16, 13], [65, 12, 11, 12], [64, 12, 12, 12], [62, 12, 7, 19], [35, 39, 10, 16], [5, 69, 11, 15], [9, 64, 14, 13], [14, 55, 14, 17], [10, 56, 21, 13], [18, 56, 17, 9], [16, 66, 7, 11], [13, 64, 10, 13], [16, 63, 12, 9], [17, 54, 14, 15], [15, 63, 12, 10], [10, 61, 16, 13], [11, 62, 11, 16], [12, 12, 62, 14], [6, 13, 66, 15], [7, 19, 64, 10], [15, 18, 53, 14], [12, 14, 61, 13], [9, 12, 66, 13], [13, 13, 64, 10], [15, 12, 65, 8], [17, 14, 58, 11], [12, 19, 60, 9], [12, 18, 60, 10], [10, 11, 70, 9], [14, 8, 37, 41], [14, 19, 11, 56], [10, 12, 8, 70], [19, 12, 7, 62], [9, 15, 10, 66], [11, 11, 20, 58], [11, 16, 7, 66], [14, 16, 11, 59], [12, 13, 16, 59], [14, 15, 12, 59], [10, 8, 15, 67], [17, 14, 7, 62], [11, 13, 13, 63]]}