{"M": 50, "G": 3, "I": 2, "J": 100, "p": [[0.8472026960159116, 0.15279730398408845], [0.3400917229559595, 0.6599082770440405], [0.8562072558119481, 0.1437927441880519]], "r": [[[58, 11], [2, 9], [17, 3]], [[60, 8], [6, 5], [16, 5]], [[55, 9], [5, 7], [20, 4]], [[53, 14], [5, 11], [16, 1]], [[61, 14], [3, 6], [13, 3]], [[60, 12], [6, 8], [13, 1]], [[61, 8], [8, 5], [15, 3]], [[64, 9], [5, 10], [11, 1]], [[61, 10], [6, 7], [14, 2]], [[63, 7], [5, 15], [10, 0]], [[50, 14], [4, 16], [12, 4]], [[57, 6], [9, 10], [15, 3]], [[65, 9], [5, 9], [11, 1]], [[54, 10], [3, 14], [18, 1]], [[56, 7], [7, 17], [10, 3]], [[54, 13], [6, 11], [15, 1]], [[45, 4], [10, 18], [21, 2]], [[11, 2], [28, 42], [14, 3]], [[12, 1], [27, 41], [16, 3]], [[14, 6], [18, 42], [18, 2]], [[15, 1], [21, 43], [17, 3]], [[13, 3], [17, 49], [15, 3]], [[10, 1], [20, 53], [12, 4]], [[10, 3], [20, 51], [13, 3]], [[14, 4], [17, 44], [17, 4]], [[14, 1], [24, 47], [10, 4]], [[25, 2], [20, 42], [9, 2]], [[13, 2], [14, 52], [16, 3]], [[15, 4], [19, 47], [14, 1]], [[7, 2], [22, 53], [16, 0]], [[16, 2], [16, 50], [15, 1]], [[9, 6], [13, 50], [21, 1]], [[14, 2], [18, 49], [13, 4]], [[14, 3], [12, 30], [37, 4]], [[13, 3], [5, 11], [59, 9]], [[19, 2], [6, 21], [43, 9]], [[13, 7], [8, 11], [50, 11]], [[18, 3], [6, 14], [51, 8]], [[9, 2], [5, 8], [62, 14]], [[9, 2], [6, 11], [60, 12]], [[11, 1], [7, 11], [63, 7]], [[19, 3], [5, 7], [59, 7]], [[14, 2], [4, 9], [63, 8]], [[16, 3], [8, 13], [53, 7]], [[12, 4], [7, 8], [57, 12]], [[14, 2], [4, 9], [59, 12]], [[10, 1], [5, 13], [58, 13]], [[11, 0], [8, 11], [56, 14]], [[13, 3], [4, 14], [56, 10]], [[15, 1], [5, 19], [53, 7]]], "n": [[77, 23], [82, 18], [80, 20], [74, 26], [77, 23], [79, 21], [84, 16], [80, 20], [81, 19], [78, 22], [66, 34], [81, 19], [81, 19], [75, 25], [73, 27], [75, 25], [76, 24], [53, 47], [55, 45], [50, 50], [53, 47], [45, 55], [42, 58], [43, 57], [48, 52], [48, 52], [54, 46], [43, 57], [48, 52], [45, 55], [47, 53], [43, 57], [45, 55], [63, 37], [77, 23], [68, 32], [71, 29], [75, 25], [76, 24], [75, 25], [81, 19], [83, 17], [81, 19], [77, 23], [76, 24], [77, 23], [73, 27], [75, 25], [73, 27], [73, 27]], "lambda_": 0.5, "b": [[69, 11, 20], [68, 11, 21], [64, 12, 24], [67, 16, 17], [75, 9, 16], [72, 14, 14], [69, 13, 18], [73, 15, 12], [71, 13, 16], [70, 20, 10], [64, 20, 16], [63, 19, 18], [74, 14, 12], [64, 17, 19], [63, 24, 13], [67, 17, 16], [49, 28, 23], [13, 70, 17], [13, 68, 19], [20, 60, 20], [16, 64, 20], [16, 66, 18], [11, 73, 16], [13, 71, 16], [18, 61, 21], [15, 71, 14], [27, 62, 11], [15, 66, 19], [19, 66, 15], [9, 75, 16], [18, 66, 16], [15, 63, 22], [16, 67, 17], [17, 42, 41], [16, 16, 68], [21, 27, 52], [20, 19, 61], [21, 20, 59], [11, 13, 76], [11, 17, 72], [12, 18, 70], [22, 12, 66], [16, 13, 71], [19, 21, 60], [16, 15, 69], [16, 13, 71], [11, 18, 71], [11, 19, 70], [16, 18, 66], [16, 24, 60]]}