{"M": 50, "G": 3, "I": 10, "J": 100, "p": [[0.1868624543952815, 0.31271523785328015, 0.1838871500988386, 0.06842233417845325, 0.023949501846988717, 0.0010364237832000416, 0.050892580529086434, 0.04653602419379681, 0.06685942907796333, 0.058838864043111186], [0.07769395135258456, 0.0751473499456211, 0.13716371065268357, 0.11945249334395132, 0.09267376704294485, 0.053230454927533574, 0.03270678538961603, 0.3493290441282592, 0.03893183251276018, 0.02367061070404559], [0.005507221685686164, 0.32902023019615606, 0.01106727024735999, 0.03145432903037553, 0.005953091336282596, 0.020596990261568617, 0.04047251815660068, 0.18322100316570472, 0.034287810719799784, 0.3384195352004659]], "r": [[[12, 21, 15, 3, 2, 0, 8, 2, 4, 6], [1, 2, 0, 2, 2, 1, 0, 6, 0, 0], [1, 1, 0, 1, 1, 0, 0, 4, 0, 5]], [[10, 22, 6, 4, 1, 0, 4, 4, 3, 5], [1, 3, 3, 2, 1, 0, 0, 4, 1, 1], [0, 15, 0, 0, 0, 2, 1, 4, 0, 3]], [[18, 24, 9, 1, 1, 0, 3, 3, 5, 2], [1, 1, 1, 1, 1, 2, 0, 4, 0, 1], [0, 8, 0, 1, 0, 0, 2, 2, 3, 6]], [[7, 23, 15, 5, 2, 0, 3, 4, 2, 2], [2, 1, 1, 4, 1, 2, 0, 6, 1, 0], [1, 7, 0, 1, 0, 0, 0, 4, 1, 5]], [[15, 20, 11, 2, 3, 0, 3, 4, 3, 4], [1, 1, 4, 2, 4, 1, 1, 4, 1, 0], [0, 6, 0, 0, 0, 0, 1, 4, 0, 5]], [[11, 15, 14, 5, 3, 1, 4, 1, 6, 3], [0, 2, 5, 3, 3, 3, 0, 8, 0, 2], [0, 5, 0, 1, 0, 1, 0, 1, 0, 3]], [[9, 22, 18, 5, 0, 0, 2, 2, 5, 5], [1, 2, 2, 2, 1, 0, 0, 6, 0, 0], [0, 3, 0, 1, 0, 1, 0, 9, 1, 3]], [[12, 12, 18, 8, 2, 0, 3, 3, 2, 3], [1, 2, 3, 3, 0, 0, 3, 5, 0, 0], [1, 4, 0, 0, 0, 0, 1, 4, 2, 8]], [[8, 23, 16, 7, 1, 0, 2, 3, 5, 9], [0, 0, 3, 2, 0, 0, 0, 5, 0, 1], [0, 4, 0, 0, 0, 0, 1, 2, 1, 7]], [[9, 17, 13, 4, 0, 0, 4, 1, 10, 4], [1, 3, 5, 1, 1, 1, 1, 10, 1, 0], [0, 5, 0, 1, 0, 1, 1, 2, 0, 4]], [[15, 25, 11, 4, 0, 0, 3, 3, 4, 3], [0, 1, 3, 1, 5, 3, 0, 6, 0, 0], [0, 2, 0, 1, 0, 0, 0, 4, 0, 6]], [[12, 26, 14, 4, 2, 0, 4, 1, 3, 2], [1, 2, 2, 3, 3, 1, 0, 5, 0, 0], [0, 7, 0, 2, 0, 0, 0, 1, 1, 4]], [[11, 24, 13, 8, 0, 0, 4, 2, 4, 4], [0, 3, 5, 2, 0, 0, 0, 8, 0, 0], [0, 2, 0, 0, 0, 0, 0, 3, 0, 7]], [[14, 28, 14, 4, 0, 0, 5, 2, 5, 1], [0, 1, 4, 0, 2, 2, 1, 4, 0, 1], [0, 3, 1, 0, 0, 0, 2, 3, 0, 3]], [[12, 18, 13, 6, 2, 0, 2, 4, 2, 4], [1, 2, 3, 3, 1, 2, 0, 4, 2, 0], [0, 7, 0, 0, 0, 1, 1, 7, 0, 3]], [[6, 18, 18, 3, 1, 0, 3, 4, 6, 6], [0, 2, 2, 4, 0, 1, 0, 10, 1, 0], [0, 4, 0, 2, 0, 0, 1, 2, 0, 6]], [[11, 15, 13, 2, 1, 0, 2, 2, 1, 2], [3, 4, 5, 0, 4, 2, 2, 8, 2, 0], [0, 9, 1, 0, 0, 2, 1, 1, 0, 7]], [[2, 4, 1, 2, 0, 0, 1, 0, 0, 0], [6, 2, 12, 8, 4, 9, 2, 27, 1, 2], [0, 4, 0, 1, 0, 0, 0, 3, 2, 7]], [[4, 2, 3, 0, 0, 0, 1, 0, 1, 1], [8, 11, 9, 4, 1, 5, 4, 20, 6, 1], [0, 3, 2, 1, 0, 1, 0, 4, 2, 6]], [[4, 6, 6, 0, 0, 0, 1, 0, 1, 1], [3, 1, 13, 6, 3, 5, 3, 23, 3, 0], [0, 10, 0, 1, 0, 0, 1, 2, 2, 5]], [[2, 6, 1, 1, 0, 0, 1, 1, 0, 1], [8, 8, 14, 5, 2, 7, 2, 15, 3, 0], [0, 6, 2, 1, 0, 0, 1, 2, 2, 9]], [[4, 5, 4, 3, 0, 0, 0, 1, 2, 1], [6, 8, 7, 6, 7, 5, 0, 22, 1, 0], [0, 6, 0, 2, 0, 0, 0, 7, 0, 3]], [[3, 6, 4, 3, 0, 0, 2, 2, 0, 0], [6, 3, 9, 9, 10, 5, 0, 22, 1, 1], [0, 5, 0, 2, 0, 0, 0, 2, 0, 5]], [[2, 3, 5, 0, 0, 0, 2, 1, 1, 1], [1, 5, 10, 10, 4, 4, 3, 32, 2, 2], [0, 4, 0, 1, 0, 0, 0, 2, 1, 4]], [[0, 3, 2, 4, 0, 0, 2, 0, 3, 0], [5, 3, 10, 13, 8, 2, 0, 25, 4, 2], [0, 7, 0, 0, 0, 1, 0, 2, 0, 4]], [[4, 3, 5, 0, 2, 0, 0, 0, 2, 1], [10, 4, 5, 9, 6, 4, 1, 28, 2, 0], [0, 6, 0, 0, 0, 0, 0, 6, 0, 2]], [[4, 4, 6, 2, 0, 0, 0, 2, 2, 0], [6, 5, 9, 10, 6, 1, 3, 23, 1, 3], [0, 6, 1, 0, 0, 0, 0, 2, 0, 4]], [[3, 4, 4, 1, 0, 0, 3, 0, 2, 2], [1, 7, 7, 9, 5, 2, 4, 23, 6, 2], [0, 4, 0, 1, 0, 0, 0, 2, 1, 7]], [[2, 4, 2, 1, 1, 0, 3, 1, 1, 4], [1, 4, 3, 8, 5, 4, 3, 34, 1, 0], [1, 5, 0, 3, 0, 1, 0, 4, 0, 4]], [[3, 6, 2, 1, 0, 0, 2, 1, 1, 0], [3, 5, 10, 12, 3, 2, 5, 27, 2, 0], [0, 5, 1, 0, 0, 1, 0, 0, 1, 7]], [[5, 3, 5, 1, 2, 0, 1, 0, 0, 0], [6, 5, 8, 11, 3, 4, 0, 25, 1, 1], [0, 7, 0, 1, 0, 1, 1, 5, 1, 3]], [[3, 4, 6, 0, 0, 0, 0, 0, 1, 2], [8, 5, 12, 6, 1, 2, 2, 25, 3, 4], [0, 7, 0, 3, 0, 1, 3, 0, 0, 2]], [[2, 1, 7, 1, 2, 0, 0, 0, 1, 1], [4, 7, 12, 8, 3, 6, 1, 19, 4, 1], [0, 10, 0, 0, 0, 0, 2, 2, 0, 6]], [[6, 5, 1, 0, 0, 0, 0, 0, 5, 2], [1, 1, 4, 2, 6, 2, 2, 15, 3, 1], [0, 8, 0, 1, 0, 2, 4, 5, 4, 20]], [[7, 6, 2, 2, 0, 0, 0, 0, 0, 0], [2, 0, 3, 1, 0, 0, 0, 6, 4, 0], [0, 21, 3, 3, 2, 0, 2, 8, 0, 28]], [[8, 3, 3, 2, 1, 0, 2, 2, 1, 0], [0, 2, 2, 2, 1, 0, 1, 5, 0, 0], [0, 27, 1, 1, 0, 1, 3, 10, 1, 21]], [[7, 5, 2, 1, 2, 0, 1, 0, 1, 1], [3, 2, 1, 1, 1, 0, 0, 6, 3, 0], [0, 28, 0, 1, 0, 0, 1, 12, 1, 20]], [[5, 12, 3, 1, 0, 0, 0, 0, 1, 0], [3, 1, 2, 8, 0, 2, 1, 3, 0, 0], [0, 19, 1, 3, 0, 4, 0, 9, 2, 20]], [[1, 6, 5, 1, 1, 0, 0, 1, 2, 0], [4, 0, 3, 2, 1, 2, 1, 9, 1, 0], [0, 22, 2, 2, 1, 3, 1, 13, 0, 16]], [[5, 5, 1, 1, 0, 0, 0, 0, 0, 0], [1, 2, 3, 1, 2, 0, 0, 4, 0, 0], [0, 28, 1, 0, 0, 3, 3, 10, 4, 26]], [[1, 3, 2, 1, 0, 0, 0, 1, 0, 0], [0, 2, 4, 1, 3, 0, 2, 3, 1, 0], [0, 24, 1, 5, 0, 1, 3, 11, 1, 30]], [[3, 6, 2, 0, 0, 0, 2, 2, 2, 2], [1, 0, 3, 2, 0, 0, 1, 7, 0, 1], [0, 25, 0, 1, 1, 1, 4, 9, 3, 22]], [[5, 8, 2, 0, 1, 0, 1, 0, 0, 0], [2, 0, 3, 3, 1, 1, 0, 3, 1, 2], [2, 21, 0, 2, 0, 2, 1, 17, 3, 19]], [[1, 4, 5, 2, 0, 0, 0, 4, 0, 0], [1, 1, 3, 0, 2, 1, 0, 5, 0, 1], [1, 26, 0, 1, 0, 3, 3, 13, 2, 21]], [[3, 5, 6, 0, 0, 0, 0, 1, 1, 1], [2, 3, 2, 2, 1, 1, 0, 6, 0, 0], [0, 25, 1, 3, 0, 1, 3, 10, 2, 21]], [[3, 6, 5, 2, 1, 0, 1, 0, 1, 1], [1, 1, 1, 1, 1, 0, 0, 5, 0, 0], [0, 24, 1, 2, 0, 1, 2, 7, 2, 31]], [[6, 5, 3, 1, 2, 0, 2, 0, 1, 1], [0, 2, 1, 5, 2, 2, 1, 6, 0, 0], [1, 23, 1, 5, 0, 2, 0, 7, 1, 20]], [[3, 3, 3, 2, 0, 0, 0, 1, 0, 1], [0, 1, 2, 1, 2, 2, 2, 6, 0, 0], [0, 22, 3, 3, 0, 0, 2, 12, 2, 27]], [[2, 9, 4, 0, 1, 0, 1, 2, 0, 0], [2, 1, 3, 1, 0, 0, 0, 5, 0, 1], [0, 24, 2, 2, 1, 1, 7, 14, 4, 13]], [[0, 5, 3, 4, 0, 0, 1, 0, 1, 1], [0, 1, 3, 2, 1, 0, 0, 5, 0, 2], [0, 28, 0, 2, 1, 1, 2, 13, 4, 20]]], "n": [[14, 24, 15, 6, 5, 1, 8, 12, 4, 11], [11, 40, 9, 6, 2, 2, 5, 12, 4, 9], [19, 33, 10, 3, 2, 2, 5, 9, 8, 9], [10, 31, 16, 10, 3, 2, 3, 14, 4, 7], [16, 27, 15, 4, 7, 1, 5, 12, 4, 9], [11, 22, 19, 9, 6, 5, 4, 10, 6, 8], [10, 27, 20, 8, 1, 1, 2, 17, 6, 8], [14, 18, 21, 11, 2, 0, 7, 12, 4, 11], [8, 27, 19, 9, 1, 0, 3, 10, 6, 17], [10, 25, 18, 6, 1, 2, 6, 13, 11, 8], [15, 28, 14, 6, 5, 3, 3, 13, 4, 9], [13, 35, 16, 9, 5, 1, 4, 7, 4, 6], [11, 29, 18, 10, 0, 0, 4, 13, 4, 11], [14, 32, 19, 4, 2, 2, 8, 9, 5, 5], [13, 27, 16, 9, 3, 3, 3, 15, 4, 7], [6, 24, 20, 9, 1, 1, 4, 16, 7, 12], [14, 28, 19, 2, 5, 4, 5, 11, 3, 9], [8, 10, 13, 11, 4, 9, 3, 30, 3, 9], [12, 16, 14, 5, 1, 6, 5, 24, 9, 8], [7, 17, 19, 7, 3, 5, 5, 25, 6, 6], [10, 20, 17, 7, 2, 7, 4, 18, 5, 10], [10, 19, 11, 11, 7, 5, 0, 30, 3, 4], [9, 14, 13, 14, 10, 5, 2, 26, 1, 6], [3, 12, 15, 11, 4, 4, 5, 35, 4, 7], [5, 13, 12, 17, 8, 3, 2, 27, 7, 6], [14, 13, 10, 9, 8, 4, 1, 34, 4, 3], [10, 15, 16, 12, 6, 1, 3, 27, 3, 7], [4, 15, 11, 11, 5, 2, 7, 25, 9, 11], [4, 13, 5, 12, 6, 5, 6, 39, 2, 8], [6, 16, 13, 13, 3, 3, 7, 28, 4, 7], [11, 15, 13, 13, 5, 5, 2, 30, 2, 4], [11, 16, 18, 9, 1, 3, 5, 25, 4, 8], [6, 18, 19, 9, 5, 6, 3, 21, 5, 8], [7, 14, 5, 3, 6, 4, 6, 20, 12, 23], [9, 27, 8, 6, 2, 0, 2, 14, 4, 28], [8, 32, 6, 5, 2, 1, 6, 17, 2, 21], [10, 35, 3, 3, 3, 0, 2, 18, 5, 21], [8, 32, 6, 12, 0, 6, 1, 12, 3, 20], [5, 28, 10, 5, 3, 5, 2, 23, 3, 16], [6, 35, 5, 2, 2, 3, 3, 14, 4, 26], [1, 29, 7, 7, 3, 1, 5, 15, 2, 30], [4, 31, 5, 3, 1, 1, 7, 18, 5, 25], [9, 29, 5, 5, 2, 3, 2, 20, 4, 21], [3, 31, 8, 3, 2, 4, 3, 22, 2, 22], [5, 33, 9, 5, 1, 2, 3, 17, 3, 22], [4, 31, 7, 5, 2, 1, 3, 12, 3, 32], [7, 30, 5, 11, 4, 4, 3, 13, 2, 21], [3, 26, 8, 6, 2, 2, 4, 19, 2, 28], [4, 34, 9, 3, 2, 1, 8, 21, 4, 14], [0, 34, 6, 8, 2, 1, 3, 18, 5, 23]], "lambda_": 0.5,