{"M": 50, "G": 2, "I": 10, "J": 100, "p": [[0.21843127705125, 0.00310455594308142, 0.1486614575602452, 0.2045278682809848, 0.10217584773651123, 0.03769678312358366, 0.03267732883581212, 0.21160574168951965, 0.02742672286024476, 0.013692416918767124], [0.08933769856574866, 0.23688004378999766, 0.000305646789730184, 0.05545984020509112, 0.12938125590902735, 0.07325071126874048, 0.09883517801715042, 0.02666521483385288, 0.19301748277755362, 0.09686692784310762]], "r": [[[13, 0, 22, 15, 6, 3, 0, 14, 1, 1], [4, 6, 0, 1, 4, 1, 2, 0, 4, 3]], [[25, 0, 4, 20, 7, 1, 3, 14, 2, 0], [1, 4, 0, 1, 4, 1, 2, 0, 7, 4]], [[12, 0, 15, 13, 4, 2, 0, 18, 1, 0], [2, 7, 0, 4, 3, 4, 2, 1, 10, 2]], [[16, 0, 12, 13, 10, 2, 5, 16, 2, 2], [1, 6, 0, 1, 1, 1, 4, 0, 4, 4]], [[22, 0, 10, 13, 4, 4, 2, 25, 2, 0], [1, 3, 0, 1, 4, 4, 1, 0, 3, 1]], [[20, 0, 8, 11, 8, 1, 6, 15, 2, 0], [0, 6, 0, 2, 5, 2, 8, 0, 2, 4]], [[18, 0, 13, 9, 8, 4, 2, 18, 1, 3], [2, 8, 0, 2, 3, 0, 3, 1, 3, 2]], [[8, 1, 8, 13, 13, 7, 7, 12, 1, 2], [2, 4, 0, 2, 1, 3, 4, 1, 7, 4]], [[15, 0, 11, 14, 4, 5, 4, 17, 2, 3], [3, 5, 0, 0, 4, 3, 6, 0, 3, 1]], [[19, 0, 15, 12, 8, 3, 1, 11, 1, 1], [7, 6, 0, 2, 1, 2, 6, 1, 2, 2]], [[19, 0, 14, 13, 5, 3, 0, 23, 1, 1], [1, 4, 0, 1, 1, 2, 2, 0, 5, 5]], [[18, 0, 16, 10, 8, 6, 4, 9, 4, 0], [0, 9, 0, 2, 4, 2, 2, 2, 3, 1]], [[14, 0, 11, 17, 10, 2, 2, 20, 3, 0], [4, 6, 0, 1, 0, 1, 2, 1, 4, 2]], [[18, 2, 9, 13, 6, 4, 2, 12, 1, 0], [4, 10, 0, 2, 3, 4, 1, 1, 6, 2]], [[16, 0, 12, 11, 11, 2, 1, 17, 4, 0], [4, 6, 0, 1, 6, 1, 3, 0, 4, 1]], [[9, 1, 13, 17, 4, 3, 2, 16, 1, 2], [3, 10, 0, 1, 0, 2, 4, 1, 8, 3]], [[19, 0, 10, 14, 5, 3, 0, 15, 2, 2], [2, 10, 0, 2, 2, 1, 4, 2, 3, 4]], [[15, 0, 10, 12, 9, 4, 2, 15, 2, 0], [3, 8, 0, 0, 7, 2, 2, 1, 4, 4]], [[15, 0, 11, 23, 9, 0, 3, 16, 3, 1], [1, 8, 0, 3, 0, 2, 3, 0, 1, 1]], [[24, 0, 11, 10, 8, 3, 1, 17, 2, 1], [0, 7, 0, 3, 1, 0, 3, 0, 8, 1]], [[19, 0, 13, 13, 7, 4, 0, 18, 3, 2], [3, 6, 0, 0, 2, 3, 3, 0, 2, 2]], [[16, 0, 13, 13, 9, 3, 1, 15, 2, 0], [3, 4, 0, 2, 4, 3, 2, 2, 5, 3]], [[21, 1, 12, 19, 8, 0, 2, 7, 4, 2], [2, 10, 0, 1, 1, 3, 2, 1, 2, 2]], [[18, 0, 7, 14, 8, 5, 2, 12, 2, 0], [1, 8, 0, 1, 6, 3, 1, 1, 10, 1]], [[14, 0, 8, 15, 7, 4, 4, 17, 5, 0], [6, 7, 0, 1, 2, 1, 4, 1, 3, 1]], [[5, 0, 5, 6, 1, 0, 0, 7, 1, 0], [10, 18, 0, 2, 7, 6, 6, 4, 16, 6]], [[4, 0, 5, 1, 2, 0, 0, 6, 0, 0], [10, 24, 0, 5, 8, 5, 4, 2, 16, 8]], [[5, 0, 6, 5, 1, 3, 1, 4, 0, 1], [5, 20, 0, 5, 12, 4, 5, 2, 12, 9]], [[7, 0, 6, 5, 1, 1, 1, 2, 0, 0], [7, 18, 0, 4, 8, 5, 15, 0, 11, 9]], [[7, 0, 5, 4, 0, 0, 0, 8, 1, 0], [11, 15, 0, 2, 10, 5, 8, 4, 8, 12]], [[3, 0, 6, 4, 1, 0, 0, 9, 0, 0], [7, 17, 0, 5, 12, 7, 7, 3, 8, 11]], [[6, 1, 3, 4, 0, 3, 0, 7, 0, 1], [9, 18, 0, 1, 10, 5, 9, 3, 13, 7]], [[6, 0, 2, 4, 1, 0, 1, 7, 1, 0], [9, 20, 0, 2, 15, 4, 7, 3, 11, 7]], [[11, 0, 3, 5, 4, 1, 0, 7, 1, 0], [4, 14, 0, 4, 14, 7, 4, 1, 10, 10]], [[2, 1, 3, 3, 2, 1, 1, 6, 0, 1], [7, 18, 0, 4, 10, 6, 9, 1, 18, 7]], [[10, 0, 4, 8, 3, 0, 0, 5, 2, 0], [4, 19, 0, 4, 4, 7, 8, 0, 13, 9]], [[3, 1, 5, 5, 4, 0, 1, 7, 1, 0], [7, 23, 0, 3, 8, 2, 11, 1, 14, 4]], [[6, 0, 5, 6, 3, 1, 1, 7, 1, 0], [7, 18, 0, 2, 8, 7, 6, 3, 15, 4]], [[5, 1, 5, 6, 1, 0, 1, 3, 1, 1], [4, 16, 0, 6, 13, 6, 10, 1, 15, 5]], [[6, 0, 4, 4, 1, 0, 1, 4, 3, 1], [8, 21, 0, 6, 9, 5, 10, 0, 10, 7]], [[4, 0, 1, 5, 3, 0, 0, 4, 0, 0], [5, 18, 0, 6, 11, 3, 10, 5, 16, 9]], [[8, 0, 6, 4, 2, 1, 3, 3, 2, 0], [3, 11, 0, 5, 9, 7, 16, 2, 11, 7]], [[7, 0, 3, 11, 5, 1, 1, 7, 0, 1], [4, 12, 0, 5, 4, 10, 5, 0, 11, 13]], [[8, 0, 4, 4, 6, 1, 0, 7, 0, 1], [13, 15, 0, 3, 12, 3, 7, 0, 14, 2]], [[6, 0, 3, 5, 4, 1, 0, 8, 1, 2], [9, 20, 0, 5, 10, 4, 3, 2, 13, 4]], [[7, 1, 4, 6, 1, 1, 1, 7, 0, 1], [6, 12, 0, 1, 5, 8, 10, 2, 21, 6]], [[4, 0, 5, 3, 1, 2, 1, 2, 1, 0], [13, 19, 0, 6, 10, 6, 11, 2, 9, 5]], [[7, 0, 5, 3, 5, 2, 1, 8, 0, 0], [4, 21, 0, 2, 12, 3, 8, 0, 13, 6]], [[7, 0, 3, 8, 3, 2, 0, 7, 0, 0], [8, 22, 0, 3, 11, 6, 8, 1, 8, 3]], [[1, 0, 7, 4, 8, 0, 0, 4, 1, 0], [9, 22, 0, 9, 13, 3, 4, 0, 12, 3]]], "n": [[17, 6, 22, 16, 10, 4, 2, 14, 5, 4], [26, 4, 4, 21, 11, 2, 5, 14, 9, 4], [14, 7, 15, 17, 7, 6, 2, 19, 11, 2], [17, 6, 12, 14, 11, 3, 9, 16, 6, 6], [23, 3, 10, 14, 8, 8, 3, 25, 5, 1], [20, 6, 8, 13, 13, 3, 14, 15, 4, 4], [20, 8, 13, 11, 11, 4, 5, 19, 4, 5], [10, 5, 8, 15, 14, 10, 11, 13, 8, 6], [18, 5, 11, 14, 8, 8, 10, 17, 5, 4], [26, 6, 15, 14, 9, 5, 7, 12, 3, 3], [20, 4, 14, 14, 6, 5, 2, 23, 6, 6], [18, 9, 16, 12, 12, 8, 6, 11, 7, 1], [18, 6, 11, 18, 10, 3, 4, 21, 7, 2], [22, 12, 9, 15, 9, 8, 3, 13, 7, 2], [20, 6, 12, 12, 17, 3, 4, 17, 8, 1], [12, 11, 13, 18, 4, 5, 6, 17, 9, 5], [21, 10, 10, 16, 7, 4, 4, 17, 5, 6], [18, 8, 10, 12, 16, 6, 4, 16, 6, 4], [16, 8, 11, 26, 9, 2, 6, 16, 4, 2], [24, 7, 11, 13, 9, 3, 4, 17, 10, 2], [22, 6, 13, 13, 9, 7, 3, 18, 5, 4], [19, 4, 13, 15, 13, 6, 3, 17, 7, 3], [23, 11, 12, 20, 9, 3, 4, 8, 6, 4], [19, 8, 7, 15, 14, 8, 3, 13, 12, 1], [20, 7, 8, 16, 9, 5, 8, 18, 8, 1], [15, 18, 5, 8, 8, 6, 6, 11, 17, 6], [14, 24, 5, 6, 10, 5, 4, 8, 16, 8], [10, 20, 6, 10, 13, 7, 6, 6, 12, 10], [14, 18, 6, 9, 9, 6, 16, 2, 11, 9], [18, 15, 5, 6, 10, 5, 8, 12, 9, 12], [10, 17, 6, 9, 13, 7, 7, 12, 8, 11], [15, 19, 3, 5, 10, 8, 9, 10, 13, 8], [15, 20, 2, 6, 16, 4, 8, 10, 12, 7], [15, 14, 3, 9, 18, 8, 4, 8, 11, 10], [9, 19, 3, 7, 12, 7, 10, 7, 18, 8], [14, 19, 4, 12, 7, 7, 8, 5, 15, 9], [10, 24, 5, 8, 12, 2, 12, 8, 15, 4], [13, 18, 5, 8, 11, 8, 7, 10, 16, 4], [9, 17, 5, 12, 14, 6, 11, 4, 16, 6], [14, 21, 4, 10, 10, 5, 11, 4, 13, 8], [9, 18, 1, 11, 14, 3, 10, 9, 16, 9], [11, 11, 6, 9, 11, 8, 19, 5, 13, 7], [11, 12, 3, 16, 9, 11, 6, 7, 11, 14], [21, 15, 4, 7, 18, 4, 7, 7, 14, 3], [15, 20, 3, 10, 14, 5, 3, 10, 14, 6], [13, 13, 4, 7, 6, 9, 11, 9, 21, 7], [17, 19, 5, 9, 11, 8, 12, 4, 10, 5], [11, 21, 5, 5, 17, 5, 9, 8, 13, 6], [15, 22, 3, 11, 14, 8, 8, 8, 8, 3], [10, 22, 7, 13, 21, 3, 4, 4, 13, 3]], "lambda_": 0.5, "b": [[75, 25], [76, 24], [65, 35], [78, 22], [82, 18], [71, 29], [76, 24], [72, 28], [75, 25], [71, 29], [79, 21], [75, 25], [79, 21], [67, 33], [74, 26], [68, 32], [70, 30], [69, 31], [81, 19], [77, 23], [79, 21], [72, 28], [76, 24], [68, 32], [74, 26], [25, 75], [18, 82], [26, 74], [23, 77], [25, 75], [23, 77], [25, 75], [22, 78], [32, 68], [20, 80], [32, 68], [27, 73], [30, 70], [24, 76], [24, 76], [17, 83], [29, 71], [36, 64], [31, 69], [30, 70], [29, 71], [19, 81], [31, 69], [30, 70], [25, 75]]}