{"M": 50, "G": 2, "I": 4, "J": 100, "p": [[0.04983539454067374, 0.40616979444752377, 0.04597554104672593, 0.4980192699650766], [0.17642180632607257, 0.24903375337454553, 0.3822121397853614, 0.19233230051402056]], "r": [[[6, 30, 5, 36], [5, 5, 10, 3]], [[3, 34, 2, 31], [2, 6, 15, 7]], [[4, 35, 2, 42], [3, 4, 6, 4]], [[4, 33, 8, 32], [3, 5, 8, 7]], [[2, 34, 3, 39], [5, 3, 10, 4]], [[5, 25, 2, 42], [3, 9, 8, 6]], [[5, 32, 2, 38], [7, 4, 8, 4]], [[4, 31, 1, 42], [1, 3, 15, 3]], [[2, 32, 3, 40], [3, 4, 11, 5]], [[5, 30, 3, 34], [4, 5, 11, 8]], [[1, 33, 3, 40], [4, 4, 11, 4]], [[3, 25, 5, 33], [9, 7, 10, 8]], [[3, 28, 4, 47], [3, 6, 6, 3]], [[3, 34, 1, 40], [2, 10, 6, 4]], [[6, 20, 1, 45], [5, 7, 13, 3]], [[7, 27, 2, 40], [3, 5, 8, 8]], [[2, 37, 1, 44], [5, 6, 2, 3]], [[3, 34, 5, 35], [8, 4, 9, 2]], [[3, 31, 1, 33], [7, 4, 15, 6]], [[2, 35, 3, 39], [1, 11, 8, 1]], [[4, 31, 1, 45], [3, 4, 10, 2]], [[1, 26, 10, 39], [0, 6, 12, 6]], [[3, 34, 3, 35], [8, 9, 4, 4]], [[5, 26, 6, 38], [5, 5, 8, 7]], [[3, 35, 3, 32], [4, 6, 11, 6]], [[0, 8, 0, 15], [16, 24, 21, 16]], [[2, 6, 1, 9], [15, 19, 34, 14]], [[1, 8, 2, 13], [17, 23, 26, 10]], [[0, 11, 1, 15], [15, 15, 30, 13]], [[2, 9, 1, 18], [11, 23, 27, 9]], [[1, 6, 2, 12], [11, 20, 30, 18]], [[2, 6, 0, 9], [15, 16, 34, 18]], [[2, 9, 0, 12], [12, 21, 38, 6]], [[0, 12, 3, 11], [11, 16, 38, 9]], [[4, 8, 0, 9], [13, 21, 31, 14]], [[5, 11, 2, 11], [9, 20, 26, 16]], [[0, 13, 0, 16], [14, 13, 28, 16]], [[1, 15, 0, 13], [11, 25, 25, 10]], [[1, 8, 0, 14], [15, 13, 34, 15]], [[1, 14, 1, 7], [13, 14, 34, 16]], [[1, 9, 2, 11], [13, 18, 29, 17]], [[0, 13, 1, 14], [10, 18, 29, 15]], [[0, 14, 0, 8], [13, 19, 31, 15]], [[0, 15, 0, 12], [16, 13, 33, 11]], [[0, 10, 2, 13], [9, 17, 31, 18]], [[1, 7, 1, 14], [11, 17, 38, 11]], [[0, 9, 0, 16], [13, 18, 35, 9]], [[3, 8, 2, 10], [14, 19, 32, 12]], [[1, 10, 0, 10], [15, 20, 25, 19]], [[1, 8, 3, 8], [12, 15, 34, 19]]], "n": [[11, 35, 15, 39], [5, 40, 17, 38], [7, 39, 8, 46], [7, 38, 16, 39], [7, 37, 13, 43], [8, 34, 10, 48], [12, 36, 10, 42], [5, 34, 16, 45], [5, 36, 14, 45], [9, 35, 14, 42], [5, 37, 14, 44], [12, 32, 15, 41], [6, 34, 10, 50], [5, 44, 7, 44], [11, 27, 14, 48], [10, 32, 10, 48], [7, 43, 3, 47], [11, 38, 14, 37], [10, 35, 16, 39], [3, 46, 11, 40], [7, 35, 11, 47], [1, 32, 22, 45], [11, 43, 7, 39], [10, 31, 14, 45], [7, 41, 14, 38], [16, 32, 21, 31], [17, 25, 35, 23], [18, 31, 28, 23], [15, 26, 31, 28], [13, 32, 28, 27], [12, 26, 32, 30], [17, 22, 34, 27], [14, 30, 38, 18], [11, 28, 41, 20], [17, 29, 31, 23], [14, 31, 28, 27], [14, 26, 28, 32], [12, 40, 25, 23], [16, 21, 34, 29], [14, 28, 35, 23], [14, 27, 31, 28], [10, 31, 30, 29], [13, 33, 31, 23], [16, 28, 33, 23], [9, 27, 33, 31], [12, 24, 39, 25], [13, 27, 35, 25], [17, 27, 34, 22], [16, 30, 25, 29], [13, 23, 37, 27]], "lambda_": 0.5, "b": [[77, 23], [70, 30], [83, 17], [77, 23], [78, 22], [74, 26], [77, 23], [78, 22], [77, 23], [72, 28], [77, 23], [66, 34], [82, 18], [78, 22], [72, 28], [76, 24], [84, 16], [77, 23], [68, 32], [79, 21], [81, 19], [76, 24], [75, 25], [75, 25], [73, 27], [23, 77], [18, 82], [24, 76], [27, 73], [30, 70], [21, 79], [17, 83], [23, 77], [26, 74], [21, 79], [29, 71], [29, 71], [29, 71], [23, 77], [23, 77], [23, 77], [28, 72], [22, 78], [27, 73], [25, 75], [23, 77], [25, 75], [23, 77], [21, 79], [20, 80]]}