{"M": 50, "G": 2, "I": 3, "J": 100, "p": [[0.33688219083814136, 0.5184083371625832, 0.1447094719992755], [0.13709494665374614, 0.42840825980005576, 0.43449679354619813]], "r": [[[27, 38, 7], [2, 15, 11]], [[29, 33, 14], [3, 11, 10]], [[22, 38, 12], [3, 13, 12]], [[15, 51, 10], [6, 11, 7]], [[20, 46, 13], [1, 11, 9]], [[31, 35, 14], [3, 7, 10]], [[29, 35, 10], [2, 10, 14]], [[23, 41, 11], [4, 11, 10]], [[21, 41, 15], [4, 10, 9]], [[25, 34, 9], [3, 15, 14]], [[22, 42, 8], [3, 18, 7]], [[18, 46, 13], [2, 11, 10]], [[37, 44, 6], [1, 5, 7]], [[27, 34, 12], [1, 11, 15]], [[24, 38, 12], [4, 13, 9]], [[26, 41, 14], [3, 10, 6]], [[28, 35, 12], [1, 8, 16]], [[28, 48, 6], [2, 9, 7]], [[19, 45, 12], [2, 7, 15]], [[24, 36, 17], [3, 12, 8]], [[28, 39, 9], [2, 12, 10]], [[25, 42, 8], [8, 10, 7]], [[27, 33, 10], [3, 11, 16]], [[31, 37, 10], [4, 13, 5]], [[35, 29, 12], [6, 6, 12]], [[8, 10, 1], [11, 34, 36]], [[13, 7, 4], [6, 37, 33]], [[6, 12, 4], [12, 31, 35]], [[11, 15, 6], [11, 31, 26]], [[9, 17, 6], [7, 24, 37]], [[11, 20, 4], [11, 28, 26]], [[2, 17, 3], [9, 27, 42]], [[11, 11, 7], [4, 30, 37]], [[12, 7, 3], [11, 35, 32]], [[7, 18, 5], [13, 26, 31]], [[11, 16, 4], [9, 29, 31]], [[6, 13, 7], [7, 37, 30]], [[6, 6, 0], [10, 42, 36]], [[8, 14, 2], [7, 34, 35]], [[8, 11, 1], [12, 30, 38]], [[5, 13, 4], [10, 34, 34]], [[7, 14, 4], [10, 32, 33]], [[4, 9, 1], [10, 36, 40]], [[7, 8, 3], [19, 34, 29]], [[12, 13, 4], [12, 28, 31]], [[6, 12, 2], [8, 36, 36]], [[9, 7, 3], [17, 35, 29]], [[5, 10, 5], [5, 39, 36]], [[13, 9, 3], [11, 35, 29]], [[8, 21, 3], [6, 30, 32]]], "n": [[29, 53, 18], [32, 44, 24], [25, 51, 24], [21, 62, 17], [21, 57, 22], [34, 42, 24], [31, 45, 24], [27, 52, 21], [25, 51, 24], [28, 49, 23], [25, 60, 15], [20, 57, 23], [38, 49, 13], [28, 45, 27], [28, 51, 21], [29, 51, 20], [29, 43, 28], [30, 57, 13], [21, 52, 27], [27, 48, 25], [30, 51, 19], [33, 52, 15], [30, 44, 26], [35, 50, 15], [41, 35, 24], [19, 44, 37], [19, 44, 37], [18, 43, 39], [22, 46, 32], [16, 41, 43], [22, 48, 30], [11, 44, 45], [15, 41, 44], [23, 42, 35], [20, 44, 36], [20, 45, 35], [13, 50, 37], [16, 48, 36], [15, 48, 37], [20, 41, 39], [15, 47, 38], [17, 46, 37], [14, 45, 41], [26, 42, 32], [24, 41, 35], [14, 48, 38], [26, 42, 32], [10, 49, 41], [24, 44, 32], [14, 51, 35]], "lambda_": 0.5, "b": [[72, 28], [76, 24], [72, 28], [76, 24], [79, 21], [80, 20], [74, 26], [75, 25], [77, 23], [68, 32], [72, 28], [77, 23], [87, 13], [73, 27], [74, 26], [81, 19], [75, 25], [82, 18], [76, 24], [77, 23], [76, 24], [75, 25], [70, 30], [78, 22], [76, 24], [19, 81], [24, 76], [22, 78], [32, 68], [32, 68], [35, 65], [22, 78], [29, 71], [22, 78], [30, 70], [31, 69], [26, 74], [12, 88], [24, 76], [20, 80], [22, 78], [25, 75], [14, 86], [18, 82], [29, 71], [20, 80], [19, 81], [20, 80], [25, 75], [32, 68]]}