{"M": 50, "G": 4, "I": 5, "J": 100, "p": [[0.6485420421682908, 0.06766170140398764, 0.0191880471746618, 0.15402614754092744, 0.1105820617121324], [0.39962760023412636, 0.1932796691291607, 0.19217922484338035, 0.06271697510372443, 0.15219653068960812], [0.32331925157997005, 0.039723093373021594, 0.16383271065462152, 0.2600236369715952, 0.21310130742079147], [0.323455680483378, 0.25038852814153373, 0.0654414680516559, 0.055027277410719534, 0.30568704591271284]], "r": [[[55, 3, 1, 6, 4], [6, 3, 0, 1, 2], [3, 0, 4, 1, 2], [4, 3, 1, 0, 1]], [[38, 0, 2, 16, 8], [9, 0, 3, 0, 2], [2, 0, 2, 2, 2], [5, 4, 2, 1, 2]], [[45, 5, 2, 12, 9], [3, 1, 0, 2, 1], [4, 0, 2, 5, 1], [3, 2, 0, 1, 2]], [[32, 6, 0, 15, 11], [3, 3, 2, 1, 2], [3, 0, 4, 3, 1], [4, 2, 1, 1, 6]], [[34, 4, 2, 8, 1], [10, 5, 5, 1, 3], [8, 0, 0, 3, 3], [3, 3, 1, 0, 6]], [[45, 2, 1, 5, 1], [11, 7, 3, 0, 2], [1, 0, 2, 5, 2], [6, 2, 0, 0, 5]], [[43, 3, 1, 11, 3], [7, 1, 5, 0, 1], [4, 0, 3, 3, 3], [6, 1, 2, 0, 3]], [[51, 5, 1, 7, 5], [5, 1, 1, 0, 3], [5, 0, 1, 3, 1], [2, 2, 1, 1, 5]], [[44, 4, 2, 16, 5], [3, 1, 2, 1, 0], [6, 0, 1, 1, 2], [7, 2, 1, 0, 2]], [[35, 7, 0, 13, 8], [7, 3, 2, 1, 3], [2, 1, 4, 2, 4], [3, 2, 0, 1, 2]], [[40, 4, 1, 10, 9], [3, 1, 2, 2, 4], [1, 1, 0, 5, 3], [2, 2, 1, 2, 7]], [[38, 9, 0, 10, 10], [5, 2, 2, 1, 1], [6, 0, 1, 1, 0], [3, 2, 1, 0, 8]], [[22, 3, 3, 5, 7], [11, 10, 5, 0, 7], [3, 0, 2, 6, 3], [5, 5, 0, 0, 3]], [[7, 2, 1, 7, 0], [23, 13, 10, 3, 13], [4, 0, 0, 2, 1], [4, 4, 1, 2, 3]], [[15, 0, 0, 3, 2], [19, 15, 10, 4, 7], [2, 0, 2, 4, 3], [4, 5, 2, 0, 3]], [[10, 1, 0, 1, 1], [22, 22, 10, 2, 9], [3, 1, 2, 3, 1], [4, 5, 1, 1, 1]], [[4, 0, 1, 1, 2], [30, 8, 13, 5, 8], [5, 1, 1, 1, 3], [5, 3, 1, 0, 8]], [[10, 0, 0, 3, 4], [25, 8, 17, 2, 8], [7, 0, 4, 1, 1], [4, 2, 0, 0, 4]], [[8, 2, 0, 2, 1], [22, 12, 14, 4, 11], [1, 0, 1, 1, 5], [3, 3, 2, 1, 7]], [[7, 0, 0, 1, 1], [23, 13, 11, 1, 4], [3, 0, 1, 8, 7], [4, 5, 1, 4, 6]], [[3, 2, 0, 0, 1], [22, 14, 12, 4, 11], [1, 0, 3, 9, 5], [4, 3, 1, 0, 5]], [[12, 0, 0, 1, 1], [32, 7, 9, 2, 14], [2, 0, 2, 3, 2], [5, 5, 0, 0, 3]], [[8, 2, 0, 2, 1], [21, 9, 12, 6, 10], [8, 0, 4, 4, 2], [4, 3, 0, 1, 3]], [[8, 0, 0, 1, 2], [29, 12, 9, 4, 12], [2, 1, 0, 3, 4], [3, 3, 2, 0, 5]], [[10, 1, 0, 1, 1], [18, 16, 11, 4, 10], [3, 0, 4, 6, 2], [7, 4, 0, 0, 2]], [[6, 1, 0, 5, 1], [3, 1, 4, 1, 2], [23, 1, 8, 16, 11], [4, 3, 2, 1, 7]], [[7, 1, 0, 1, 2], [11, 1, 3, 2, 2], [19, 4, 13, 18, 4], [2, 4, 0, 0, 6]], [[7, 0, 0, 1, 3], [7, 1, 2, 2, 0], [18, 2, 15, 19, 12], [3, 4, 0, 2, 2]], [[6, 0, 0, 2, 1], [2, 4, 4, 0, 2], [21, 2, 9, 17, 16], [6, 3, 0, 2, 3]], [[4, 1, 0, 1, 2], [4, 3, 6, 0, 1], [22, 3, 5, 19, 17], [3, 3, 0, 1, 5]], [[5, 3, 0, 2, 4], [4, 2, 3, 2, 0], [24, 1, 12, 16, 8], [3, 5, 1, 2, 3]], [[3, 0, 0, 0, 0], [4, 2, 2, 1, 4], [26, 1, 9, 24, 14], [5, 2, 0, 1, 2]], [[9, 0, 0, 2, 2], [7, 2, 1, 4, 2], [18, 2, 13, 16, 15], [1, 3, 0, 1, 2]], [[5, 1, 0, 4, 3], [4, 1, 2, 1, 1], [26, 5, 10, 13, 12], [7, 1, 0, 1, 3]], [[5, 0, 0, 3, 2], [5, 6, 2, 2, 0], [22, 3, 12, 12, 10], [4, 4, 1, 1, 6]], [[9, 0, 0, 2, 1], [8, 1, 2, 2, 2], [17, 0, 7, 22, 13], [5, 6, 1, 0, 2]], [[6, 1, 0, 1, 1], [9, 4, 3, 1, 2], [20, 1, 8, 16, 16], [2, 5, 0, 2, 2]], [[4, 1, 0, 2, 1], [5, 4, 1, 1, 4], [11, 1, 6, 19, 10], [10, 11, 0, 2, 7]], [[9, 1, 0, 1, 1], [6, 5, 2, 1, 3], [5, 0, 3, 1, 3], [16, 17, 2, 3, 21]], [[8, 0, 2, 2, 3], [2, 2, 1, 2, 5], [3, 0, 0, 5, 1], [16, 20, 9, 2, 17]], [[9, 2, 0, 2, 2], [4, 0, 4, 2, 1], [5, 0, 2, 2, 3], [23, 18, 2, 2, 17]], [[8, 1, 0, 2, 1], [7, 3, 2, 0, 2], [3, 0, 2, 6, 0], [21, 14, 5, 2, 21]], [[9, 0, 0, 2, 1], [6, 4, 1, 2, 3], [2, 1, 2, 3, 2], [18, 14, 6, 4, 20]], [[5, 1, 0, 1, 1], [5, 1, 2, 0, 1], [6, 0, 3, 2, 3], [30, 14, 3, 2, 20]], [[7, 1, 0, 4, 1], [2, 3, 1, 1, 1], [6, 0, 1, 4, 4], [16, 17, 7, 5, 19]], [[8, 1, 0, 3, 0], [4, 2, 2, 0, 6], [3, 0, 3, 1, 2], [24, 15, 2, 4, 20]], [[9, 1, 0, 3, 0], [5, 3, 3, 0, 1], [5, 0, 3, 2, 1], [23, 16, 6, 1, 18]], [[9, 0, 0, 3, 4], [6, 2, 3, 0, 1], [5, 0, 4, 6, 5], [17, 14, 5, 1, 15]], [[9, 2, 0, 0, 0], [5, 2, 0, 0, 3], [7, 0, 3, 3, 3], [18, 22, 5, 4, 14]], [[11, 0, 0, 3, 3], [4, 2, 3, 0, 0], [6, 1, 1, 4, 2], [25, 13, 5, 2, 15]]], "n": [[68, 9, 6, 8, 9], [54, 4, 9, 19, 14], [55, 8, 4, 20, 13], [42, 11, 7, 20, 20], [55, 12, 8, 12, 13], [63, 11, 6, 10, 10], [60, 5, 11, 14, 10], [63, 8, 4, 11, 14], [60, 7, 6, 18, 9], [47, 13, 6, 17, 17], [46, 8, 4, 19, 23], [52, 13, 4, 12, 19], [41, 18, 10, 11, 20], [38, 19, 12, 14, 17], [40, 20, 14, 11, 15], [39, 29, 13, 7, 12], [44, 12, 16, 7, 21], [46, 10, 21, 6, 17], [34, 17, 17, 8, 24], [37, 18, 13, 14, 18], [30, 19, 16, 13, 22], [51, 12, 11, 6, 20], [41, 14, 16, 13, 16], [42, 16, 11, 8, 23], [38, 21, 15, 11, 15], [36, 6, 14, 23, 21], [39, 10, 16, 21, 14], [35, 7, 17, 24, 17], [35, 9, 13, 21, 22], [33, 10, 11, 21, 25], [36, 11, 16, 22, 15], [38, 5, 11, 26, 20], [35, 7, 14, 23, 21], [42, 8, 12, 19, 19], [36, 13, 15, 18, 18], [39, 7, 10, 26, 18], [37, 11, 11, 20, 21], [30, 17, 7, 24, 22], [36, 23, 7, 6, 28], [29, 22, 12, 11, 26], [41, 20, 8, 8, 23], [39, 18, 9, 10, 24], [35, 19, 9, 11, 26], [46, 16, 8, 5, 25], [31, 21, 9, 14, 25], [39, 18, 7, 8, 28], [42, 20, 12, 6, 20], [37, 16, 12, 10, 25], [39, 26, 8, 7, 20], [46, 16, 9, 9, 20]], "lambda_": 0.5, "b": [[69, 12, 10, 9], [64, 14, 8, 14], [73, 7, 12, 8], [64, 11, 11, 14], [49, 24, 14, 13], [54, 23, 10, 13], [61, 14, 13, 12], [69, 10, 10, 11], [71, 7, 10, 12], [63, 16, 13, 8], [64, 12, 10, 14], [67, 11, 8, 14], [40, 33, 14, 13], [17, 62, 7, 14], [20, 55, 11, 14], [13, 65, 10, 12], [8, 64, 11, 17], [17, 60, 13, 10], [13, 63, 8, 16], [9, 52, 19, 20], [6, 63, 18, 13], [14, 64, 9, 13], [13, 58, 18, 11], [11, 66, 10, 13], [13, 59, 15, 13], [13, 11, 59, 17], [11, 19, 58, 12], [11, 12, 66, 11], [9, 12, 65, 14], [8, 14, 66, 12], [14, 11, 61, 14], [3, 13, 74, 10], [13, 16, 64, 7], [13, 9, 66, 12], [10, 15, 59, 16], [12, 15, 59, 14], [9, 19, 61, 11], [8, 15, 47, 30], [12, 17, 12, 59], [15, 12, 9, 64], [15, 11, 12, 62], [12, 14, 11, 63], [12, 16, 10, 62], [8, 9, 14, 69], [13, 8, 15, 64], [12, 14, 9, 65], [13, 12, 11, 64], [16, 12, 20, 52], [11, 10, 16, 63], [17, 9, 14, 60]]}