{"M": 50, "G": 3, "I": 10, "J": 100, "p": [[0.003184587853581453, 0.21281910917822938, 0.20910140020993273, 0.04387476735424167, 0.04680857147848006, 0.07531090977110398, 0.16556334873637976, 0.08707966152205988, 0.026813439019434428, 0.12944420487655667], [0.014271007074978298, 0.1649078165152746, 0.23584109291398292, 0.0030910774066948976, 0.09393920083377816, 0.06651674575340452, 0.17855868802116745, 0.08598508851824638, 0.062082239260584704, 0.0948070437018881], [0.029749867779614324, 0.07219827344998925, 0.1060943356827146, 0.038165718905451625, 0.17185928702530912, 0.09915736290803044, 0.24942287516209627, 0.011319994990374232, 0.04483336009239711, 0.17719892400402298]], "r": [[[0, 12, 11, 2, 6, 7, 8, 5, 2, 8], [1, 1, 2, 0, 1, 2, 6, 1, 0, 1], [2, 3, 3, 0, 5, 2, 4, 0, 2, 3]], [[0, 14, 9, 2, 1, 9, 13, 5, 2, 4], [0, 2, 11, 0, 4, 1, 1, 2, 1, 4], [0, 1, 3, 0, 4, 1, 5, 0, 0, 1]], [[1, 8, 21, 1, 3, 5, 12, 5, 1, 12], [0, 2, 7, 0, 2, 0, 2, 2, 1, 1], [0, 1, 3, 0, 4, 0, 1, 0, 1, 4]], [[0, 15, 11, 4, 2, 7, 14, 3, 2, 12], [0, 3, 2, 1, 3, 2, 4, 0, 0, 3], [0, 2, 1, 0, 1, 0, 3, 1, 2, 2]], [[0, 9, 25, 4, 2, 6, 10, 6, 1, 5], [0, 1, 3, 0, 1, 1, 4, 2, 0, 2], [0, 2, 2, 1, 4, 1, 5, 0, 1, 2]], [[1, 15, 14, 2, 5, 5, 15, 4, 2, 10], [0, 3, 0, 0, 1, 3, 1, 0, 4, 2], [0, 2, 2, 0, 4, 1, 1, 0, 1, 2]], [[0, 9, 20, 4, 7, 7, 7, 4, 2, 6], [0, 1, 4, 0, 2, 1, 3, 2, 2, 0], [0, 4, 1, 1, 4, 1, 5, 1, 0, 2]], [[0, 10, 18, 2, 2, 10, 12, 5, 1, 7], [0, 4, 1, 0, 2, 2, 4, 3, 0, 0], [1, 2, 4, 0, 4, 0, 2, 0, 0, 4]], [[0, 8, 17, 4, 3, 6, 11, 9, 1, 9], [0, 3, 4, 0, 0, 1, 0, 4, 0, 3], [1, 0, 2, 0, 4, 3, 4, 0, 1, 2]], [[0, 10, 15, 2, 3, 8, 15, 4, 3, 8], [1, 3, 6, 0, 1, 3, 2, 0, 0, 3], [0, 0, 2, 0, 3, 1, 7, 0, 0, 0]], [[0, 17, 10, 8, 0, 6, 14, 3, 3, 11], [0, 1, 3, 0, 0, 1, 4, 1, 2, 0], [0, 1, 0, 0, 2, 2, 9, 0, 0, 2]], [[0, 9, 13, 1, 4, 4, 17, 9, 2, 9], [1, 3, 4, 0, 1, 0, 3, 3, 0, 1], [0, 1, 0, 2, 2, 3, 6, 0, 0, 2]], [[1, 15, 8, 2, 4, 5, 7, 7, 5, 13], [0, 2, 3, 0, 2, 4, 2, 4, 1, 0], [0, 1, 0, 0, 5, 1, 4, 0, 2, 2]], [[0, 17, 16, 5, 1, 6, 10, 5, 1, 10], [0, 3, 4, 0, 1, 1, 3, 2, 1, 0], [2, 2, 2, 0, 1, 1, 2, 0, 1, 3]], [[0, 9, 15, 4, 3, 6, 15, 4, 0, 9], [0, 5, 4, 0, 2, 1, 1, 1, 1, 2], [0, 0, 5, 0, 4, 1, 3, 0, 1, 4]], [[0, 21, 13, 2, 2, 4, 13, 3, 3, 7], [0, 3, 8, 0, 3, 0, 1, 1, 1, 2], [0, 2, 1, 1, 3, 1, 4, 0, 0, 1]], [[0, 14, 11, 1, 3, 4, 8, 0, 0, 4], [0, 7, 9, 0, 1, 2, 6, 4, 2, 2], [0, 2, 4, 1, 2, 2, 5, 0, 1, 5]], [[0, 3, 2, 0, 0, 0, 1, 3, 1, 4], [0, 12, 19, 0, 10, 8, 7, 5, 3, 5], [0, 0, 2, 0, 6, 0, 4, 0, 2, 3]], [[0, 4, 2, 1, 2, 1, 1, 2, 0, 5], [0, 14, 11, 0, 6, 5, 7, 6, 8, 6], [0, 3, 2, 1, 3, 1, 5, 0, 1, 3]], [[0, 3, 5, 0, 0, 0, 2, 2, 1, 1], [0, 12, 15, 1, 6, 5, 17, 7, 5, 3], [1, 0, 2, 1, 6, 1, 3, 0, 0, 1]], [[0, 4, 3, 0, 1, 0, 5, 1, 0, 4], [0, 11, 19, 1, 4, 2, 13, 3, 5, 3], [0, 5, 1, 0, 3, 4, 5, 0, 0, 3]], [[0, 3, 3, 2, 1, 0, 1, 1, 1, 2], [2, 10, 12, 0, 7, 4, 15, 6, 5, 6], [0, 4, 0, 1, 4, 2, 5, 1, 1, 1]], [[0, 1, 4, 1, 1, 1, 5, 1, 0, 1], [2, 7, 21, 0, 5, 3, 16, 4, 3, 3], [2, 3, 3, 1, 1, 2, 4, 0, 1, 4]], [[0, 4, 4, 0, 0, 2, 1, 2, 0, 2], [1, 13, 17, 0, 7, 3, 11, 6, 5, 4], [0, 1, 2, 2, 3, 2, 4, 0, 1, 3]], [[0, 2, 2, 1, 1, 0, 2, 2, 1, 1], [1, 15, 17, 0, 6, 5, 10, 3, 9, 6], [1, 2, 1, 0, 3, 3, 3, 0, 0, 3]], [[0, 1, 4, 1, 0, 1, 1, 1, 1, 3], [1, 10, 15, 0, 7, 0, 20, 3, 1, 5], [2, 0, 1, 0, 2, 5, 8, 0, 1, 6]], [[0, 2, 4, 0, 1, 0, 4, 3, 1, 2], [0, 7, 18, 2, 5, 3, 18, 6, 8, 7], [1, 1, 2, 0, 0, 1, 3, 0, 1, 0]], [[0, 6, 2, 3, 1, 1, 4, 1, 0, 3], [1, 12, 18, 0, 6, 4, 13, 4, 1, 6], [0, 1, 2, 1, 3, 1, 3, 0, 0, 3]], [[0, 3, 2, 0, 2, 0, 0, 1, 0, 4], [0, 9, 16, 1, 6, 5, 15, 11, 2, 6], [0, 0, 2, 0, 5, 1, 5, 0, 1, 3]], [[0, 4, 6, 0, 1, 2, 4, 2, 1, 1], [0, 12, 14, 0, 6, 7, 11, 2, 3, 5], [0, 0, 0, 1, 4, 3, 3, 0, 0, 8]], [[0, 5, 5, 2, 0, 3, 2, 0, 0, 1], [0, 14, 13, 0, 5, 3, 13, 5, 7, 3], [0, 2, 1, 0, 1, 4, 5, 0, 1, 5]], [[0, 7, 4, 0, 1, 1, 4, 0, 0, 0], [1, 7, 19, 0, 6, 5, 11, 4, 7, 10], [0, 0, 0, 1, 2, 3, 5, 0, 0, 2]], [[0, 4, 3, 0, 0, 3, 2, 2, 1, 0], [4, 8, 17, 0, 9, 4, 14, 4, 2, 6], [1, 0, 2, 0, 1, 4, 3, 0, 1, 5]], [[0, 1, 2, 1, 0, 1, 3, 2, 1, 0], [0, 4, 7, 0, 3, 8, 10, 3, 4, 1], [1, 4, 10, 3, 8, 4, 6, 0, 4, 9]], [[0, 4, 8, 0, 0, 0, 2, 1, 1, 1], [1, 2, 6, 0, 3, 2, 1, 0, 0, 4], [1, 4, 7, 7, 9, 7, 14, 0, 1, 14]], [[0, 1, 2, 1, 1, 0, 2, 4, 0, 2], [0, 0, 5, 0, 2, 0, 0, 3, 3, 0], [2, 4, 9, 4, 8, 10, 17, 0, 3, 17]], [[0, 1, 4, 0, 1, 1, 5, 2, 1, 2], [0, 3, 0, 0, 3, 0, 2, 1, 0, 4], [4, 5, 9, 3, 11, 7, 14, 2, 1, 14]], [[0, 2, 5, 1, 0, 0, 3, 0, 0, 3], [1, 7, 2, 0, 2, 0, 3, 3, 1, 0], [3, 3, 7, 3, 11, 12, 14, 0, 4, 10]], [[0, 5, 3, 1, 1, 3, 3, 1, 0, 1], [0, 2, 3, 0, 0, 1, 2, 3, 0, 4], [1, 3, 7, 1, 10, 10, 21, 1, 1, 12]], [[0, 4, 3, 0, 1, 1, 4, 0, 0, 4], [1, 4, 7, 0, 1, 2, 5, 1, 2, 2], [0, 4, 10, 2, 9, 5, 15, 1, 1, 11]], [[0, 4, 1, 1, 0, 2, 6, 0, 0, 1], [0, 2, 4, 0, 0, 2, 1, 2, 0, 1], [2, 6, 5, 3, 10, 9, 19, 2, 3, 14]], [[0, 3, 4, 0, 1, 2, 6, 1, 0, 1], [0, 4, 3, 0, 0, 0, 1, 2, 2, 2], [4, 5, 6, 2, 14, 6, 14, 2, 2, 13]], [[0, 7, 3, 0, 2, 2, 3, 1, 0, 0], [1, 3, 4, 0, 3, 0, 5, 1, 1, 2], [0, 3, 5, 2, 15, 7, 17, 0, 1, 12]], [[0, 6, 4, 1, 0, 0, 5, 0, 2, 3], [0, 4, 3, 0, 2, 0, 0, 3, 1, 3], [1, 4, 7, 4, 11, 7, 13, 0, 7, 9]], [[0, 4, 2, 1, 1, 1, 4, 2, 0, 2], [0, 3, 2, 0, 1, 4, 2, 0, 4, 4], [3, 7, 6, 4, 9, 9, 12, 1, 4, 8]], [[0, 8, 3, 1, 1, 2, 1, 4, 1, 1], [0, 3, 4, 0, 3, 2, 4, 0, 1, 2], [1, 4, 9, 3, 9, 8, 14, 0, 2, 9]], [[0, 6, 4, 0, 0, 0, 6, 1, 0, 1], [0, 0, 6, 0, 2, 0, 3, 1, 2, 0], [2, 8, 11, 2, 10, 6, 12, 1, 4, 12]], [[0, 5, 4, 1, 1, 2, 2, 1, 0, 1], [1, 3, 6, 1, 0, 1, 0, 3, 0, 0], [0, 3, 8, 4, 9, 11, 20, 0, 3, 10]], [[0, 4, 1, 1, 1, 2, 7, 2, 0, 2], [0, 1, 2, 0, 1, 1, 4, 0, 2, 0], [1, 8, 4, 3, 9, 9, 17, 1, 3, 14]], [[0, 3, 3, 3, 1, 0, 3, 3, 0, 0], [0, 2, 4, 0, 3, 2, 1, 2, 0, 2], [4, 8, 12, 4, 10, 8, 9, 2, 1, 10]]], "n": [[3, 16, 16, 2, 12, 11, 18, 6, 4, 12], [0, 17, 23, 2, 9, 11, 19, 7, 3, 9], [1, 11, 31, 1, 9, 5, 15, 7, 3, 17], [0, 20, 14, 5, 6, 9, 21, 4, 4, 17], [0, 12, 30, 5, 7, 8, 19, 8, 2, 9], [1, 20, 16, 2, 10, 9, 17, 4, 7, 14], [0, 14, 25, 5, 13, 9, 15, 7, 4, 8], [1, 16, 23, 2, 8, 12, 18, 8, 1, 11], [1, 11, 23, 4, 7, 10, 15, 13, 2, 14], [1, 13, 23, 2, 7, 12, 24, 4, 3, 11], [0, 19, 13, 8, 2, 9, 27, 4, 5, 13], [1, 13, 17, 3, 7, 7, 26, 12, 2, 12], [1, 18, 11, 2, 11, 10, 13, 11, 8, 15], [2, 22, 22, 5, 3, 8, 15, 7, 3, 13], [0, 14, 24, 4, 9, 8, 19, 5, 2, 15], [0, 26, 22, 3, 8, 5, 18, 4, 4, 10], [0, 23, 24, 2, 6, 8, 19, 4, 3, 11], [0, 15, 23, 0, 16, 8, 12, 8, 6, 12], [0, 21, 15, 2, 11, 7, 13, 8, 9, 14], [1, 15, 22, 2, 12, 6, 22, 9, 6, 5], [0, 20, 23, 1, 8, 6, 23, 4, 5, 10], [2, 17, 15, 3, 12, 6, 21, 8, 7, 9], [4, 11, 28, 2, 7, 6, 25, 5, 4, 8], [1, 18, 23, 2, 10, 7, 16, 8, 6, 9], [2, 19, 20, 1, 10, 8, 15, 5, 10, 10], [3, 11, 20, 1, 9, 6, 29, 4, 3, 14], [1, 10, 24, 2, 6, 4, 25, 9, 10, 9], [1, 19, 22, 4, 10, 6, 20, 5, 1, 12], [0, 12, 20, 1, 13, 6, 20, 12, 3, 13], [0, 16, 20, 1, 11, 12, 18, 4, 4, 14], [0, 21, 19, 2, 6, 10, 20, 5, 8, 9], [1, 14, 23, 1, 9, 9, 20, 4, 7, 12], [5, 12, 22, 0, 10, 11, 19, 6, 4, 11], [1, 9, 19, 4, 11, 13, 19, 5, 9, 10], [2, 10, 21, 7, 12, 9, 17, 1, 2, 19], [2, 5, 16, 5, 11, 10, 19, 7, 6, 19], [4, 9, 13, 3, 15, 8, 21, 5, 2, 20], [4, 12, 14, 4, 13, 12, 20, 3, 5, 13], [1, 10, 13, 2, 11, 14, 26, 5, 1, 17], [1, 12, 20, 2, 11, 8, 24, 2, 3, 17], [2, 12, 10, 4, 10, 13, 26, 4, 3, 16], [4, 12, 13, 2, 15, 8, 21, 5, 4, 16], [1, 13, 12, 2, 20, 9, 25, 2, 2, 14], [1, 14, 14, 5, 13, 7, 18, 3, 10, 15], [3, 14, 10, 5, 11, 14, 18, 3, 8, 14], [1, 15, 16, 4, 13, 12, 19, 4, 4, 12], [2, 14, 21, 2, 12, 6, 21, 3, 6, 13], [1, 11, 18, 6, 10, 14, 22, 4, 3, 11], [1, 13, 7, 4, 11, 12, 28, 3, 5, 16], [4, 13, 19, 7, 14, 10, 13, 7, 1, 12]], "lambda_": 0.5,