{"M": 50, "G": 2, "I": 3, "J": 100, "p": [[0.2719923306744691, 0.18223906229356635, 0.5457686070319646], [0.0573478133834925, 0.5463733738946434, 0.3962788127218642]], "r": [[[20, 15, 45], [2, 9, 9]], [[14, 10, 54], [1, 15, 6]], [[22, 17, 45], [1, 11, 4]], [[16, 13, 41], [2, 19, 9]], [[25, 11, 40], [0, 14, 10]], [[21, 12, 39], [2, 21, 5]], [[20, 17, 32], [1, 17, 13]], [[23, 23, 35], [2, 7, 10]], [[15, 14, 43], [3, 16, 9]], [[19, 14, 36], [1, 15, 15]], [[24, 10, 35], [1, 16, 14]], [[18, 13, 45], [0, 13, 11]], [[18, 13, 36], [3, 14, 16]], [[23, 17, 34], [2, 9, 15]], [[23, 14, 41], [1, 9, 12]], [[19, 13, 42], [2, 15, 9]], [[30, 12, 39], [0, 12, 7]], [[13, 17, 44], [4, 11, 11]], [[26, 11, 40], [1, 13, 9]], [[27, 10, 39], [2, 15, 7]], [[22, 13, 32], [4, 16, 13]], [[21, 16, 44], [1, 14, 4]], [[21, 10, 42], [1, 12, 14]], [[19, 16, 44], [2, 12, 7]], [[21, 12, 41], [0, 13, 13]], [[5, 4, 14], [3, 46, 28]], [[4, 1, 17], [6, 40, 32]], [[8, 4, 11], [4, 40, 33]], [[7, 5, 22], [1, 45, 20]], [[6, 7, 12], [3, 46, 26]], [[7, 6, 13], [3, 34, 37]], [[9, 2, 15], [2, 37, 35]], [[3, 4, 17], [3, 51, 22]], [[7, 8, 10], [4, 36, 35]], [[9, 4, 10], [11, 45, 21]], [[5, 3, 13], [4, 44, 31]], [[11, 4, 9], [4, 45, 27]], [[6, 6, 18], [5, 45, 20]], [[6, 5, 9], [4, 50, 26]], [[5, 3, 17], [1, 39, 35]], [[10, 4, 13], [3, 39, 31]], [[6, 8, 19], [6, 33, 28]], [[7, 6, 9], [6, 43, 29]], [[9, 3, 11], [5, 48, 24]], [[6, 3, 16], [2, 41, 32]], [[6, 5, 9], [5, 43, 32]], [[9, 7, 14], [3, 39, 28]], [[8, 7, 18], [5, 42, 20]], [[9, 2, 12], [8, 36, 33]], [[5, 2, 17], [2, 47, 27]]], "n": [[22, 24, 54], [15, 25, 60], [23, 28, 49], [18, 32, 50], [25, 25, 50], [23, 33, 44], [21, 34, 45], [25, 30, 45], [18, 30, 52], [20, 29, 51], [25, 26, 49], [18, 26, 56], [21, 27, 52], [25, 26, 49], [24, 23, 53], [21, 28, 51], [30, 24, 46], [17, 28, 55], [27, 24, 49], [29, 25, 46], [26, 29, 45], [22, 30, 48], [22, 22, 56], [21, 28, 51], [21, 25, 54], [8, 50, 42], [10, 41, 49], [12, 44, 44], [8, 50, 42], [9, 53, 38], [10, 40, 50], [11, 39, 50], [6, 55, 39], [11, 44, 45], [20, 49, 31], [9, 47, 44], [15, 49, 36], [11, 51, 38], [10, 55, 35], [6, 42, 52], [13, 43, 44], [12, 41, 47], [13, 49, 38], [14, 51, 35], [8, 44, 48], [11, 48, 41], [12, 46, 42], [13, 49, 38], [17, 38, 45], [7, 49, 44]], "lambda_": 0.5, "b": [[80, 20], [78, 22], [84, 16], [70, 30], [76, 24], [72, 28], [69, 31], [81, 19], [72, 28], [69, 31], [69, 31], [76, 24], [67, 33], [74, 26], [78, 22], [74, 26], [81, 19], [74, 26], [77, 23], [76, 24], [67, 33], [81, 19], [73, 27], [79, 21], [74, 26], [23, 77], [22, 78], [23, 77], [34, 66], [25, 75], [26, 74], [26, 74], [24, 76], [25, 75], [23, 77], [21, 79], [24, 76], [30, 70], [20, 80], [25, 75], [27, 73], [33, 67], [22, 78], [23, 77], [25, 75], [20, 80], [30, 70], [33, 67], [23, 77], [24, 76]]}