{"M": 50, "G": 3, "I": 5, "J": 100, "p": [[0.043982912303551426, 0.35847073378653804, 0.04057634555930091, 0.4395337506252747, 0.11743625772533485], [0.2564738925372311, 0.39363112002854944, 0.198078425534879, 0.09545414590110726, 0.05636241599823328], [0.019580703375263634, 0.31191671477471344, 0.13540090275600683, 0.04008430593036894, 0.4930173731636471]], "r": [[[4, 21, 2, 26, 10], [4, 7, 6, 3, 0], [0, 3, 2, 0, 12]], [[0, 20, 3, 35, 7], [2, 6, 5, 3, 2], [0, 5, 1, 0, 11]], [[3, 28, 4, 30, 10], [0, 4, 3, 0, 1], [0, 8, 1, 0, 8]], [[3, 19, 3, 29, 8], [7, 7, 3, 0, 1], [0, 7, 3, 1, 9]], [[4, 26, 0, 32, 5], [2, 9, 2, 0, 0], [0, 4, 1, 1, 14]], [[3, 28, 3, 25, 8], [5, 4, 3, 5, 0], [1, 7, 3, 1, 4]], [[5, 20, 4, 32, 5], [3, 6, 3, 3, 0], [1, 7, 1, 1, 9]], [[3, 29, 4, 33, 5], [3, 4, 2, 0, 1], [1, 4, 0, 0, 11]], [[4, 22, 5, 35, 5], [5, 4, 1, 0, 2], [1, 6, 0, 1, 9]], [[4, 25, 0, 28, 7], [7, 11, 1, 2, 0], [1, 5, 1, 2, 6]], [[3, 22, 1, 35, 6], [1, 6, 4, 2, 3], [0, 4, 0, 3, 10]], [[1, 20, 4, 39, 10], [5, 4, 1, 0, 0], [1, 4, 3, 1, 7]], [[4, 23, 4, 32, 8], [4, 5, 2, 0, 0], [0, 7, 3, 1, 7]], [[3, 27, 3, 31, 8], [3, 6, 2, 1, 1], [0, 6, 0, 0, 9]], [[4, 21, 3, 29, 8], [5, 9, 3, 3, 0], [0, 3, 3, 0, 9]], [[1, 23, 1, 36, 5], [3, 7, 1, 2, 2], [0, 6, 2, 0, 11]], [[4, 14, 4, 25, 7], [7, 15, 5, 2, 1], [0, 2, 2, 3, 9]], [[1, 1, 0, 8, 3], [18, 32, 7, 5, 6], [0, 3, 4, 1, 11]], [[1, 7, 0, 6, 7], [27, 20, 8, 6, 4], [0, 5, 4, 1, 4]], [[0, 8, 2, 6, 3], [17, 32, 8, 8, 5], [0, 2, 2, 1, 6]], [[0, 0, 1, 7, 3], [25, 26, 19, 6, 1], [0, 4, 1, 0, 7]], [[0, 11, 2, 8, 1], [21, 20, 12, 6, 2], [2, 4, 3, 0, 8]], [[0, 9, 1, 6, 1], [14, 25, 18, 5, 1], [0, 1, 6, 2, 11]], [[1, 8, 0, 4, 2], [17, 27, 15, 6, 4], [1, 1, 2, 1, 11]], [[1, 4, 0, 8, 4], [19, 25, 11, 3, 6], [1, 5, 3, 2, 8]], [[0, 4, 2, 6, 3], [15, 28, 14, 4, 6], [0, 3, 2, 3, 10]], [[0, 8, 1, 3, 2], [18, 32, 14, 5, 6], [0, 4, 0, 0, 7]], [[1, 2, 0, 3, 2], [22, 19, 15, 7, 4], [0, 9, 3, 3, 10]], [[0, 3, 4, 9, 1], [17, 24, 16, 4, 4], [1, 4, 4, 0, 9]], [[0, 5, 0, 11, 0], [18, 33, 14, 2, 3], [1, 4, 3, 0, 6]], [[1, 5, 0, 10, 3], [16, 25, 15, 1, 6], [1, 6, 2, 1, 8]], [[0, 5, 0, 4, 2], [6, 33, 19, 6, 8], [1, 6, 2, 0, 8]], [[1, 4, 1, 5, 1], [17, 31, 12, 6, 2], [0, 6, 2, 1, 11]], [[1, 5, 1, 10, 2], [8, 9, 7, 2, 2], [3, 14, 9, 0, 27]], [[1, 4, 0, 11, 2], [7, 2, 5, 2, 0], [1, 19, 12, 2, 32]], [[1, 5, 0, 2, 3], [2, 12, 3, 3, 1], [1, 23, 10, 2, 32]], [[0, 3, 1, 7, 3], [5, 12, 3, 2, 1], [1, 22, 7, 1, 32]], [[0, 6, 0, 6, 2], [7, 11, 3, 1, 0], [1, 18, 11, 4, 30]], [[0, 4, 0, 9, 2], [2, 8, 5, 1, 1], [0, 22, 7, 4, 35]], [[1, 6, 1, 8, 5], [6, 7, 1, 1, 3], [3, 17, 9, 3, 29]], [[1, 6, 0, 4, 5], [4, 5, 4, 1, 1], [1, 21, 8, 2, 37]], [[1, 13, 0, 8, 1], [5, 3, 6, 4, 0], [2, 18, 5, 3, 31]], [[0, 8, 1, 11, 0], [4, 7, 3, 1, 1], [1, 18, 9, 2, 34]], [[0, 6, 1, 13, 2], [6, 6, 5, 1, 0], [1, 20, 12, 0, 27]], [[1, 8, 1, 6, 1], [3, 7, 4, 0, 1], [1, 17, 11, 1, 38]], [[1, 2, 2, 5, 1], [7, 6, 2, 2, 0], [1, 23, 9, 1, 38]], [[0, 4, 0, 10, 4], [3, 7, 3, 0, 1], [3, 22, 11, 2, 30]], [[1, 9, 0, 3, 2], [3, 10, 4, 3, 1], [1, 12, 13, 2, 36]], [[0, 2, 1, 9, 0], [5, 6, 5, 2, 2], [2, 15, 9, 3, 39]], [[0, 3, 2, 7, 0], [6, 3, 5, 3, 0], [0, 19, 7, 4, 41]]], "n": [[8, 31, 10, 29, 22], [2, 31, 9, 38, 20], [3, 40, 8, 30, 19], [10, 33, 9, 30, 18], [6, 39, 3, 33, 19], [9, 39, 9, 31, 12], [9, 33, 8, 36, 14], [7, 37, 6, 33, 17], [10, 32, 6, 36, 16], [12, 41, 2, 32, 13], [4, 32, 5, 40, 19], [7, 28, 8, 40, 17], [8, 35, 9, 33, 15], [6, 39, 5, 32, 18], [9, 33, 9, 32, 17], [4, 36, 4, 38, 18], [11, 31, 11, 30, 17], [19, 36, 11, 14, 20], [28, 32, 12, 13, 15], [17, 42, 12, 15, 14], [25, 30, 21, 13, 11], [23, 35, 17, 14, 11], [14, 35, 25, 13, 13], [19, 36, 17, 11, 17], [21, 34, 14, 13, 18], [15, 35, 18, 13, 19], [18, 44, 15, 8, 15], [23, 30, 18, 13, 16], [18, 31, 24, 13, 14], [19, 42, 17, 13, 9], [18, 36, 17, 12, 17], [7, 44, 21, 10, 18], [18, 41, 15, 12, 14], [12, 28, 17, 12, 31], [9, 25, 17, 15, 34], [4, 40, 13, 7, 36], [6, 37, 11, 10, 36], [8, 35, 14, 11, 32], [2, 34, 12, 14, 38], [10, 30, 11, 12, 37], [6, 32, 12, 7, 43], [8, 34, 11, 15, 32], [5, 33, 13, 14, 35], [7, 32, 18, 14, 29], [5, 32, 16, 7, 40], [9, 31, 13, 8, 39], [6, 33, 14, 12, 35], [5, 31, 17, 8, 39], [7, 23, 15, 14, 41], [6, 25, 14, 14, 41]], "lambda_": 0.5, "b": [[63, 20, 17], [65, 18, 17], [75, 8, 17], [62, 18, 20], [67, 13, 20], [67, 17, 16], [66, 15, 19], [74, 10, 16], [71, 12, 17], [64, 21, 15], [67, 16, 17], [74, 10, 16], [71, 11, 18], [72, 13, 15], [65, 20, 15], [66, 15, 19], [54, 30, 16], [13, 68, 19], [21, 65, 14], [19, 70, 11], [11, 77, 12], [22, 61, 17], [17, 63, 20], [15, 69, 16], [17, 64, 19], [15, 67, 18], [14, 75, 11], [8, 67, 25], [17, 65, 18], [16, 70, 14], [19, 63, 18], [11, 72, 17], [12, 68, 20], [19, 28, 53], [18, 16, 66], [11, 21, 68], [14, 23, 63], [14, 22, 64], [15, 17, 68], [21, 18, 61], [16, 15, 69], [23, 18, 59], [20, 16, 64], [22, 18, 60], [17, 15, 68], [11, 17, 72], [18, 14, 68], [15, 21, 64], [12, 20, 68], [12, 17, 71]]}