{"M": 50, "G": 4, "I": 2, "J": 100, "p": [[0.8470124660378928, 0.15298753396210726], [0.9758588129245778, 0.02414118707542222], [0.11190117762122714, 0.888098822378773], [0.5816926554928937, 0.41830734450710627]], "r": [[[51, 6], [15, 1], [0, 15], [4, 8]], [[55, 10], [15, 0], [1, 7], [4, 8]], [[52, 10], [10, 0], [2, 6], [7, 13]], [[51, 12], [13, 0], [1, 7], [10, 6]], [[55, 8], [9, 0], [2, 9], [10, 7]], [[51, 17], [5, 0], [2, 14], [4, 7]], [[57, 9], [14, 2], [1, 10], [3, 4]], [[51, 8], [11, 0], [0, 18], [6, 6]], [[55, 7], [12, 0], [1, 8], [8, 9]], [[55, 17], [11, 0], [1, 4], [7, 5]], [[46, 11], [13, 0], [1, 9], [11, 9]], [[52, 11], [13, 0], [1, 11], [7, 5]], [[34, 4], [31, 1], [0, 13], [8, 9]], [[7, 2], [67, 1], [1, 9], [9, 4]], [[12, 4], [64, 2], [0, 6], [4, 8]], [[8, 6], [53, 0], [1, 18], [10, 4]], [[16, 2], [53, 1], [1, 11], [11, 5]], [[12, 0], [65, 2], [1, 11], [7, 2]], [[9, 2], [64, 2], [1, 10], [9, 3]], [[8, 1], [67, 4], [2, 8], [6, 4]], [[15, 0], [60, 1], [1, 15], [3, 5]], [[12, 2], [60, 0], [3, 8], [10, 5]], [[9, 0], [76, 1], [1, 7], [1, 5]], [[6, 2], [62, 0], [1, 14], [9, 6]], [[10, 3], [62, 2], [2, 11], [6, 4]], [[9, 1], [19, 1], [6, 54], [8, 2]], [[8, 1], [11, 0], [9, 61], [6, 4]], [[14, 2], [6, 0], [6, 56], [9, 7]], [[7, 2], [13, 1], [3, 60], [4, 10]], [[14, 1], [14, 0], [7, 54], [6, 4]], [[9, 3], [14, 0], [9, 54], [4, 7]], [[12, 3], [12, 1], [4, 54], [9, 5]], [[8, 2], [9, 0], [7, 60], [4, 10]], [[10, 0], [10, 0], [6, 57], [15, 2]], [[11, 0], [15, 0], [9, 56], [5, 4]], [[7, 4], [11, 0], [6, 63], [3, 6]], [[12, 0], [13, 1], [5, 58], [5, 6]], [[12, 4], [11, 0], [9, 33], [21, 10]], [[12, 2], [14, 0], [2, 13], [39, 18]], [[13, 2], [13, 2], [3, 8], [39, 20]], [[15, 3], [9, 0], [0, 12], [34, 27]], [[13, 3], [6, 0], [1, 14], [28, 35]], [[9, 7], [11, 2], [2, 11], [29, 29]], [[11, 0], [16, 1], [0, 10], [33, 29]], [[9, 0], [12, 0], [2, 11], [43, 23]], [[13, 0], [11, 0], [1, 13], [32, 30]], [[8, 1], [10, 1], [1, 7], [43, 29]], [[11, 2], [14, 1], [1, 15], [32, 24]], [[8, 2], [12, 0], [0, 14], [36, 28]], [[9, 0], [8, 0], [0, 16], [34, 33]]], "n": [[70, 30], [75, 25], [71, 29], [75, 25], [76, 24], [62, 38], [75, 25], [68, 32], [76, 24], [74, 26], [71, 29], [73, 27], [73, 27], [84, 16], [80, 20], [72, 28], [81, 19], [85, 15], [83, 17], [83, 17], [79, 21], [85, 15], [87, 13], [78, 22], [80, 20], [42, 58], [34, 66], [35, 65], [27, 73], [41, 59], [36, 64], [37, 63], [28, 72], [41, 59], [40, 60], [27, 73], [35, 65], [53, 47], [67, 33], [68, 32], [58, 42], [48, 52], [51, 49], [60, 40], [66, 34], [57, 43], [62, 38], [58, 42], [56, 44], [51, 49]], "lambda_": 0.5, "b": [[57, 16, 15, 12], [65, 15, 8, 12], [62, 10, 8, 20], [63, 13, 8, 16], [63, 9, 11, 17], [68, 5, 16, 11], [66, 16, 11, 7], [59, 11, 18, 12], [62, 12, 9, 17], [72, 11, 5, 12], [57, 13, 10, 20], [63, 13, 12, 12], [38, 32, 13, 17], [9, 68, 10, 13], [16, 66, 6, 12], [14, 53, 19, 14], [18, 54, 12, 16], [12, 67, 12, 9], [11, 66, 11, 12], [9, 71, 10, 10], [15, 61, 16, 8], [14, 60, 11, 15], [9, 77, 8, 6], [8, 62, 15, 15], [13, 64, 13, 10], [10, 20, 60, 10], [9, 11, 70, 10], [16, 6, 62, 16], [9, 14, 63, 14], [15, 14, 61, 10], [12, 14, 63, 11], [15, 13, 58, 14], [10, 9, 67, 14], [10, 10, 63, 17], [11, 15, 65, 9], [11, 11, 69, 9], [12, 14, 63, 11], [16, 11, 42, 31], [14, 14, 15, 57], [15, 15, 11, 59], [18, 9, 12, 61], [16, 6, 15, 63], [16, 13, 13, 58], [11, 17, 10, 62], [9, 12, 13, 66], [13, 11, 14, 62], [9, 11, 8, 72], [13, 15, 16, 56], [10, 12, 14, 64], [9, 8, 16, 67]]}