{"M": 50, "G": 3, "I": 4, "J": 100, "p": [[0.2585614460385923, 0.17324016215639787, 0.5188187471563106, 0.049379644648699164], [0.21703835825592904, 0.1574156191244908, 0.12450764575610422, 0.5010383768634759], [0.09238691118307572, 0.008931557240493508, 0.31410714573850357, 0.5845743858379271]], "r": [[[20, 11, 32, 2], [4, 5, 2, 6], [2, 0, 7, 9]], [[14, 13, 38, 5], [2, 1, 1, 6], [1, 0, 10, 9]], [[22, 12, 33, 3], [5, 1, 3, 9], [2, 0, 2, 8]], [[24, 10, 28, 6], [3, 2, 4, 6], [3, 0, 5, 9]], [[14, 13, 41, 3], [4, 4, 3, 9], [0, 1, 3, 5]], [[15, 10, 37, 3], [3, 5, 3, 9], [1, 0, 6, 8]], [[14, 19, 29, 6], [2, 2, 1, 9], [1, 0, 5, 12]], [[17, 16, 37, 2], [4, 1, 5, 5], [0, 0, 3, 10]], [[18, 14, 34, 1], [2, 3, 1, 8], [0, 0, 7, 12]], [[16, 12, 37, 4], [4, 5, 0, 6], [2, 1, 8, 5]], [[15, 15, 32, 4], [9, 3, 1, 6], [1, 0, 7, 7]], [[20, 7, 33, 4], [1, 3, 1, 10], [1, 0, 8, 12]], [[10, 14, 37, 3], [3, 4, 2, 11], [2, 0, 6, 8]], [[18, 15, 34, 3], [5, 3, 1, 10], [0, 0, 3, 8]], [[18, 8, 36, 1], [1, 4, 2, 13], [3, 0, 8, 6]], [[16, 14, 30, 5], [7, 2, 1, 6], [2, 0, 4, 13]], [[18, 7, 29, 1], [9, 5, 0, 17], [2, 0, 5, 7]], [[3, 2, 14, 1], [13, 8, 6, 36], [2, 0, 7, 8]], [[5, 2, 3, 1], [17, 8, 13, 33], [4, 1, 4, 9]], [[3, 6, 8, 0], [19, 13, 8, 30], [1, 0, 1, 11]], [[1, 2, 9, 1], [15, 11, 9, 34], [3, 0, 7, 8]], [[5, 3, 9, 0], [14, 10, 10, 32], [1, 0, 5, 11]], [[3, 2, 9, 1], [25, 8, 8, 31], [0, 0, 5, 8]], [[3, 0, 7, 1], [16, 12, 8, 35], [2, 2, 9, 5]], [[6, 2, 5, 2], [17, 12, 7, 32], [1, 0, 8, 8]], [[2, 4, 10, 0], [14, 11, 8, 38], [2, 0, 2, 9]], [[5, 0, 5, 0], [15, 6, 7, 37], [2, 0, 6, 17]], [[4, 1, 5, 1], [13, 8, 10, 37], [2, 0, 4, 15]], [[3, 3, 14, 0], [17, 10, 8, 34], [0, 0, 4, 7]], [[4, 1, 13, 1], [16, 13, 7, 29], [2, 0, 4, 10]], [[5, 1, 14, 0], [10, 9, 9, 34], [3, 0, 5, 10]], [[7, 0, 11, 0], [13, 5, 11, 31], [0, 0, 10, 12]], [[9, 1, 8, 1], [17, 13, 9, 28], [1, 0, 3, 10]], [[7, 0, 4, 0], [9, 5, 3, 17], [4, 2, 19, 30]], [[6, 2, 9, 1], [2, 3, 3, 9], [5, 0, 21, 39]], [[3, 1, 8, 1], [2, 1, 4, 7], [6, 0, 26, 41]], [[3, 5, 10, 0], [1, 0, 2, 11], [5, 2, 22, 39]], [[2, 5, 10, 3], [2, 3, 4, 11], [1, 2, 20, 37]], [[2, 0, 6, 0], [3, 5, 2, 10], [6, 2, 24, 40]], [[7, 3, 13, 0], [0, 2, 1, 7], [4, 0, 19, 44]], [[2, 2, 8, 1], [4, 1, 3, 10], [10, 1, 18, 40]], [[4, 3, 5, 1], [3, 3, 2, 9], [8, 1, 18, 43]], [[5, 3, 10, 1], [5, 4, 1, 9], [10, 0, 20, 32]], [[6, 4, 8, 1], [3, 3, 3, 9], [4, 0, 16, 43]], [[6, 2, 12, 0], [4, 4, 1, 6], [7, 1, 17, 40]], [[5, 1, 7, 1], [3, 2, 3, 4], [2, 2, 25, 45]], [[7, 4, 9, 3], [7, 4, 1, 9], [5, 2, 20, 29]], [[5, 2, 11, 1], [4, 1, 4, 8], [6, 1, 18, 39]], [[5, 3, 5, 0], [3, 4, 1, 6], [7, 1, 29, 36]], [[2, 7, 11, 0], [4, 1, 0, 7], [4, 0, 27, 37]]], "n": [[26, 16, 41, 17], [17, 14, 49, 20], [29, 13, 38, 20], [30, 12, 37, 21], [18, 18, 47, 17], [19, 15, 46, 20], [17, 21, 35, 27], [21, 17, 45, 17], [20, 17, 42, 21], [22, 18, 45, 15], [25, 18, 40, 17], [22, 10, 42, 26], [15, 18, 45, 22], [23, 18, 38, 21], [22, 12, 46, 20], [25, 16, 35, 24], [29, 12, 34, 25], [18, 10, 27, 45], [26, 11, 20, 43], [23, 19, 17, 41], [19, 13, 25, 43], [20, 13, 24, 43], [28, 10, 22, 40], [21, 14, 24, 41], [24, 14, 20, 42], [18, 15, 20, 47], [22, 6, 18, 54], [19, 9, 19, 53], [20, 13, 26, 41], [22, 14, 24, 40], [18, 10, 28, 44], [20, 5, 32, 43], [27, 14, 20, 39], [20, 7, 26, 47], [13, 5, 33, 49], [11, 2, 38, 49], [9, 7, 34, 50], [5, 10, 34, 51], [11, 7, 32, 50], [11, 5, 33, 51], [16, 4, 29, 51], [15, 7, 25, 53], [20, 7, 31, 42], [13, 7, 27, 53], [17, 7, 30, 46], [10, 5, 35, 50], [19, 10, 30, 41], [15, 4, 33, 48], [15, 8, 35, 42], [10, 8, 38, 44]], "lambda_": 0.5, "b": [[65, 17, 18], [70, 10, 20], [70, 18, 12], [68, 15, 17], [71, 20, 9], [65, 20, 15], [68, 14, 18], [72, 15, 13], [67, 14, 19], [69, 15, 16], [66, 19, 15], [64, 15, 21], [64, 20, 16], [70, 19, 11], [63, 20, 17], [65, 16, 19], [55, 31, 14], [20, 63, 17], [11, 71, 18], [17, 70, 13], [13, 69, 18], [17, 66, 17], [15, 72, 13], [11, 71, 18], [15, 68, 17], [16, 71, 13], [10, 65, 25], [11, 68, 21], [20, 69, 11], [19, 65, 16], [20, 62, 18], [18, 60, 22], [19, 67, 14], [11, 34, 55], [18, 17, 65], [13, 14, 73], [18, 14, 68], [20, 20, 60], [8, 20, 72], [23, 10, 67], [13, 18, 69], [13, 17, 70], [19, 19, 62], [19, 18, 63], [20, 15, 65], [14, 12, 74], [23, 21, 56], [19, 17, 64], [13, 14, 73], [20, 12, 68]]}