{"M": 50, "G": 2, "I": 4, "J": 100, "p": [[0.2585614460385923, 0.17324016215639787, 0.5188187471563106, 0.049379644648699164], [0.21703835825592904, 0.1574156191244908, 0.12450764575610422, 0.5010383768634759]], "r": [[[19, 15, 42, 4], [4, 3, 2, 11]], [[18, 13, 42, 5], [6, 1, 4, 11]], [[18, 14, 47, 5], [4, 1, 3, 8]], [[16, 11, 38, 5], [9, 4, 3, 14]], [[21, 13, 35, 7], [6, 2, 6, 10]], [[20, 19, 30, 2], [6, 7, 4, 12]], [[13, 18, 35, 4], [6, 2, 1, 21]], [[22, 17, 38, 4], [3, 3, 4, 9]], [[15, 13, 38, 5], [4, 2, 2, 21]], [[22, 13, 29, 5], [8, 4, 3, 16]], [[18, 9, 39, 4], [4, 4, 7, 15]], [[16, 12, 46, 3], [6, 1, 5, 11]], [[15, 17, 31, 4], [8, 5, 2, 18]], [[23, 15, 32, 4], [6, 2, 2, 16]], [[21, 12, 43, 0], [10, 1, 4, 9]], [[22, 12, 37, 4], [6, 3, 3, 13]], [[27, 9, 43, 2], [2, 6, 2, 9]], [[17, 14, 40, 3], [2, 7, 5, 12]], [[21, 17, 37, 3], [4, 2, 6, 10]], [[22, 12, 37, 3], [4, 1, 6, 15]], [[19, 16, 31, 1], [6, 6, 5, 16]], [[18, 15, 48, 2], [5, 4, 2, 6]], [[17, 14, 38, 2], [6, 4, 2, 17]], [[23, 14, 43, 0], [4, 3, 4, 9]], [[25, 6, 40, 2], [8, 2, 5, 12]], [[3, 4, 14, 3], [19, 12, 11, 34]], [[7, 2, 10, 2], [15, 12, 9, 43]], [[3, 1, 18, 1], [19, 12, 12, 34]], [[8, 3, 19, 4], [18, 8, 11, 29]], [[7, 6, 12, 0], [16, 12, 12, 35]], [[5, 4, 14, 1], [15, 12, 10, 39]], [[6, 5, 13, 1], [17, 12, 8, 38]], [[11, 3, 8, 2], [15, 15, 11, 35]], [[5, 4, 15, 1], [16, 8, 9, 42]], [[8, 2, 13, 2], [15, 17, 10, 33]], [[3, 2, 10, 1], [16, 13, 12, 43]], [[7, 4, 13, 2], [10, 21, 10, 33]], [[5, 4, 17, 0], [19, 11, 8, 36]], [[4, 2, 13, 1], [17, 17, 8, 38]], [[10, 3, 16, 2], [11, 11, 10, 37]], [[5, 6, 12, 0], [17, 15, 10, 35]], [[12, 1, 12, 2], [13, 10, 9, 41]], [[7, 5, 14, 0], [15, 14, 7, 38]], [[8, 5, 14, 0], [16, 11, 8, 38]], [[10, 3, 13, 0], [18, 13, 6, 37]], [[4, 4, 8, 1], [23, 10, 12, 38]], [[10, 4, 19, 0], [15, 8, 11, 33]], [[10, 3, 21, 1], [15, 11, 11, 28]], [[3, 6, 14, 0], [18, 11, 13, 35]], [[11, 2, 13, 0], [26, 17, 9, 22]]], "n": [[23, 18, 44, 15], [24, 14, 46, 16], [22, 15, 50, 13], [25, 15, 41, 19], [27, 15, 41, 17], [26, 26, 34, 14], [19, 20, 36, 25], [25, 20, 42, 13], [19, 15, 40, 26], [30, 17, 32, 21], [22, 13, 46, 19], [22, 13, 51, 14], [23, 22, 33, 22], [29, 17, 34, 20], [31, 13, 47, 9], [28, 15, 40, 17], [29, 15, 45, 11], [19, 21, 45, 15], [25, 19, 43, 13], [26, 13, 43, 18], [25, 22, 36, 17], [23, 19, 50, 8], [23, 18, 40, 19], [27, 17, 47, 9], [33, 8, 45, 14], [22, 16, 25, 37], [22, 14, 19, 45], [22, 13, 30, 35], [26, 11, 30, 33], [23, 18, 24, 35], [20, 16, 24, 40], [23, 17, 21, 39], [26, 18, 19, 37], [21, 12, 24, 43], [23, 19, 23, 35], [19, 15, 22, 44], [17, 25, 23, 35], [24, 15, 25, 36], [21, 19, 21, 39], [21, 14, 26, 39], [22, 21, 22, 35], [25, 11, 21, 43], [22, 19, 21, 38], [24, 16, 22, 38], [28, 16, 19, 37], [27, 14, 20, 39], [25, 12, 30, 33], [25, 14, 32, 29], [21, 17, 27, 35], [37, 19, 22, 22]], "lambda_": 0.5, "b": [[80, 20], [78, 22], [84, 16], [70, 30], [76, 24], [71, 29], [70, 30], [81, 19], [71, 29], [69, 31], [70, 30], [77, 23], [67, 33], [74, 26], [76, 24], [75, 25], [81, 19], [74, 26], [78, 22], [74, 26], [67, 33], [83, 17], [71, 29], [80, 20], [73, 27], [24, 76], [21, 79], [23, 77], [34, 66], [25, 75], [24, 76], [25, 75], [24, 76], [25, 75], [25, 75], [16, 84], [26, 74], [26, 74], [20, 80], [31, 69], [23, 77], [27, 73], [26, 74], [27, 73], [26, 74], [17, 83], [33, 67], [35, 65], [23, 77], [26, 74]]}