{"M": 50, "G": 4, "I": 3, "J": 100, "p": [[0.88190002979169, 0.0920076920293921, 0.026092278178917974], [0.29406084557816603, 0.21111905408272336, 0.49482010033911067], [0.4312585359125406, 0.4288031509583071, 0.13993831312915236], [0.09303318836491664, 0.8077290013750238, 0.09923781026005964]], "r": [[[53, 5, 2], [7, 3, 6], [4, 6, 4], [1, 9, 0]], [[57, 5, 0], [5, 2, 6], [4, 5, 4], [3, 9, 0]], [[63, 13, 1], [0, 1, 7], [0, 4, 1], [1, 8, 1]], [[58, 6, 0], [2, 2, 5], [5, 5, 2], [0, 11, 4]], [[51, 1, 1], [5, 5, 8], [4, 5, 3], [2, 13, 2]], [[52, 4, 0], [1, 3, 7], [11, 10, 0], [1, 10, 1]], [[64, 3, 1], [4, 3, 8], [2, 4, 2], [1, 8, 0]], [[61, 7, 2], [4, 2, 2], [6, 1, 1], [1, 11, 2]], [[59, 7, 2], [1, 2, 5], [10, 6, 0], [0, 6, 2]], [[50, 11, 0], [4, 5, 10], [5, 5, 2], [0, 6, 2]], [[55, 5, 3], [2, 5, 5], [4, 4, 0], [2, 12, 3]], [[55, 8, 2], [3, 2, 9], [2, 8, 2], [1, 7, 1]], [[34, 6, 2], [5, 9, 22], [4, 2, 2], [0, 13, 1]], [[12, 1, 0], [17, 18, 22], [8, 7, 3], [2, 7, 3]], [[12, 1, 0], [12, 11, 38], [9, 6, 1], [2, 7, 1]], [[10, 1, 0], [14, 15, 34], [4, 9, 0], [1, 10, 2]], [[12, 0, 1], [16, 13, 31], [5, 3, 5], [1, 11, 2]], [[15, 2, 0], [21, 9, 30], [5, 2, 0], [1, 11, 4]], [[10, 0, 2], [16, 20, 25], [6, 3, 2], [3, 13, 0]], [[10, 1, 0], [18, 13, 24], [7, 7, 4], [0, 15, 1]], [[7, 2, 1], [20, 16, 30], [1, 5, 1], [2, 14, 1]], [[14, 2, 0], [30, 11, 20], [2, 5, 2], [1, 12, 1]], [[10, 1, 0], [15, 12, 28], [7, 8, 0], [2, 14, 3]], [[8, 2, 0], [30, 8, 28], [7, 4, 2], [2, 7, 2]], [[11, 2, 0], [13, 16, 39], [8, 3, 0], [0, 7, 1]], [[11, 2, 0], [3, 4, 6], [25, 23, 9], [1, 13, 3]], [[11, 0, 0], [6, 1, 3], [34, 26, 5], [0, 12, 2]], [[8, 2, 0], [2, 4, 8], [29, 26, 9], [1, 7, 4]], [[9, 1, 0], [8, 4, 3], [20, 26, 16], [1, 10, 2]], [[7, 1, 0], [6, 7, 5], [27, 29, 9], [0, 9, 0]], [[13, 0, 0], [3, 1, 8], [24, 27, 6], [2, 15, 1]], [[2, 0, 1], [4, 5, 4], [30, 30, 11], [2, 10, 1]], [[10, 2, 0], [4, 1, 7], [25, 36, 7], [0, 8, 0]], [[11, 1, 0], [1, 2, 5], [34, 24, 10], [1, 11, 0]], [[10, 1, 1], [5, 5, 7], [29, 20, 8], [0, 13, 1]], [[11, 1, 0], [4, 5, 8], [21, 31, 6], [1, 11, 1]], [[7, 1, 0], [4, 2, 6], [26, 27, 15], [2, 9, 1]], [[4, 4, 0], [6, 5, 9], [17, 20, 7], [2, 24, 2]], [[12, 0, 0], [1, 4, 9], [4, 2, 2], [3, 53, 10]], [[15, 0, 0], [4, 0, 7], [2, 9, 2], [8, 48, 5]], [[12, 1, 0], [5, 1, 6], [3, 9, 0], [6, 48, 9]], [[14, 1, 0], [6, 3, 5], [3, 5, 0], [8, 49, 6]], [[12, 0, 1], [4, 1, 13], [3, 3, 0], [8, 49, 6]], [[5, 3, 0], [1, 4, 7], [9, 4, 1], [6, 54, 6]], [[15, 0, 0], [2, 1, 6], [6, 12, 1], [4, 46, 7]], [[7, 1, 2], [6, 4, 5], [4, 6, 1], [8, 51, 5]], [[15, 3, 0], [2, 3, 8], [4, 5, 0], [2, 53, 5]], [[12, 0, 0], [6, 0, 4], [6, 9, 3], [8, 48, 4]], [[10, 0, 0], [1, 6, 5], [7, 6, 3], [4, 51, 7]], [[19, 1, 0], [1, 0, 8], [6, 4, 2], [7, 48, 4]]], "n": [[65, 23, 12], [69, 21, 10], [64, 26, 10], [65, 24, 11], [62, 24, 14], [65, 27, 8], [71, 18, 11], [72, 21, 7], [70, 21, 9], [59, 27, 14], [63, 26, 11], [61, 25, 14], [43, 30, 27], [39, 33, 28], [35, 25, 40], [29, 35, 36], [34, 27, 39], [42, 24, 34], [35, 36, 29], [35, 36, 29], [30, 37, 33], [47, 30, 23], [34, 35, 31], [47, 21, 32], [32, 28, 40], [40, 42, 18], [51, 39, 10], [40, 39, 21], [38, 41, 21], [40, 46, 14], [42, 43, 15], [38, 45, 17], [39, 47, 14], [47, 38, 15], [44, 39, 17], [37, 48, 15], [39, 39, 22], [29, 53, 18], [20, 59, 21], [29, 57, 14], [26, 59, 15], [31, 58, 11], [27, 53, 20], [21, 65, 14], [27, 59, 14], [25, 62, 13], [23, 64, 13], [32, 57, 11], [22, 63, 15], [33, 53, 14]], "lambda_": 0.5, "b": [[60, 16, 14, 10], [62, 13, 13, 12], [77, 8, 5, 10], [64, 9, 12, 15], [53, 18, 12, 17], [56, 11, 21, 12], [68, 15, 8, 9], [70, 8, 8, 14], [68, 8, 16, 8], [61, 19, 12, 8], [63, 12, 8, 17], [65, 14, 12, 9], [42, 36, 8, 14], [13, 57, 18, 12], [13, 61, 16, 10], [11, 63, 13, 13], [13, 60, 13, 14], [17, 60, 7, 16], [12, 61, 11, 16], [11, 55, 18, 16], [10, 66, 7, 17], [16, 61, 9, 14], [11, 55, 15, 19], [10, 66, 13, 11], [13, 68, 11, 8], [13, 13, 57, 17], [11, 10, 65, 14], [10, 14, 64, 12], [10, 15, 62, 13], [8, 18, 65, 9], [13, 12, 57, 18], [3, 13, 71, 13], [12, 12, 68, 8], [12, 8, 68, 12], [12, 17, 57, 14], [12, 17, 58, 13], [8, 12, 68, 12], [8, 20, 44, 28], [12, 14, 8, 66], [15, 11, 13, 61], [13, 12, 12, 63], [15, 14, 8, 63], [13, 18, 6, 63], [8, 12, 14, 66], [15, 9, 19, 57], [10, 15, 11, 64], [18, 13, 9, 60], [12, 10, 18, 60], [10, 12, 16, 62], [20, 9, 12, 59]]}