{"M": 50, "G": 3, "I": 5, "J": 100, "p": [[0.6485420421682908, 0.06766170140398764, 0.0191880471746618, 0.15402614754092744, 0.1105820617121324], [0.39962760023412636, 0.1932796691291607, 0.19217922484338035, 0.06271697510372443, 0.15219653068960812], [0.32331925157997005, 0.039723093373021594, 0.16383271065462152, 0.2600236369715952, 0.21310130742079147]], "r": [[[40, 5, 1, 8, 10], [3, 5, 5, 2, 5], [3, 0, 5, 5, 3]], [[37, 1, 3, 17, 8], [9, 6, 5, 0, 2], [5, 0, 3, 3, 1]], [[45, 6, 1, 18, 10], [4, 2, 2, 0, 2], [4, 1, 2, 3, 0]], [[41, 4, 1, 13, 6], [7, 3, 2, 2, 0], [10, 0, 1, 5, 5]], [[35, 3, 2, 10, 4], [11, 1, 3, 0, 6], [8, 0, 3, 6, 8]], [[45, 1, 4, 9, 5], [6, 2, 4, 2, 4], [5, 2, 5, 4, 2]], [[51, 5, 2, 9, 4], [7, 2, 4, 1, 3], [5, 0, 1, 4, 2]], [[46, 6, 1, 11, 9], [3, 3, 3, 0, 2], [4, 0, 3, 5, 4]], [[53, 2, 2, 10, 10], [6, 2, 3, 0, 0], [3, 0, 1, 6, 2]], [[37, 6, 0, 12, 8], [5, 6, 3, 0, 6], [5, 1, 5, 3, 3]], [[47, 3, 2, 6, 9], [5, 2, 3, 1, 5], [9, 1, 0, 3, 4]], [[39, 5, 1, 10, 12], [3, 4, 6, 1, 4], [4, 0, 6, 3, 2]], [[42, 11, 2, 11, 8], [7, 3, 2, 0, 4], [5, 0, 1, 2, 2]], [[46, 4, 1, 6, 8], [8, 3, 2, 3, 2], [5, 1, 1, 5, 5]], [[41, 1, 1, 13, 5], [4, 4, 6, 0, 5], [7, 2, 1, 6, 4]], [[42, 3, 0, 12, 15], [5, 4, 1, 1, 5], [4, 0, 2, 5, 1]], [[32, 3, 2, 6, 7], [13, 4, 4, 4, 4], [5, 0, 4, 10, 2]], [[12, 3, 0, 3, 1], [25, 10, 16, 5, 9], [7, 1, 2, 2, 4]], [[11, 0, 0, 3, 3], [24, 11, 14, 6, 8], [8, 2, 4, 4, 2]], [[10, 3, 0, 1, 1], [27, 12, 10, 5, 7], [11, 0, 4, 7, 2]], [[8, 0, 0, 4, 2], [23, 19, 13, 4, 10], [8, 0, 4, 3, 2]], [[15, 0, 0, 2, 1], [30, 10, 12, 2, 12], [7, 2, 2, 3, 2]], [[10, 2, 0, 4, 1], [23, 13, 13, 6, 7], [10, 0, 3, 5, 3]], [[8, 2, 0, 2, 3], [36, 10, 10, 5, 8], [8, 0, 1, 1, 6]], [[13, 0, 0, 2, 0], [23, 14, 14, 5, 9], [9, 0, 3, 6, 2]], [[12, 1, 0, 1, 2], [25, 12, 12, 5, 14], [5, 2, 1, 5, 3]], [[10, 0, 0, 4, 2], [29, 10, 17, 1, 7], [6, 1, 1, 4, 8]], [[10, 0, 0, 3, 0], [28, 18, 14, 3, 12], [5, 0, 0, 2, 5]], [[5, 2, 0, 5, 1], [25, 17, 10, 5, 9], [7, 0, 7, 4, 3]], [[6, 2, 0, 5, 1], [29, 9, 12, 4, 14], [3, 4, 2, 6, 3]], [[14, 1, 1, 1, 4], [25, 12, 13, 4, 7], [7, 2, 4, 4, 1]], [[6, 0, 0, 0, 0], [29, 18, 16, 5, 9], [5, 0, 3, 3, 6]], [[11, 1, 0, 0, 4], [26, 13, 20, 3, 10], [7, 0, 1, 4, 0]], [[8, 0, 0, 6, 1], [17, 9, 3, 2, 5], [22, 1, 8, 9, 9]], [[11, 1, 0, 1, 1], [11, 1, 3, 1, 2], [19, 3, 14, 14, 18]], [[10, 3, 0, 3, 3], [6, 5, 3, 1, 2], [24, 1, 4, 24, 11]], [[10, 2, 0, 1, 0], [6, 5, 1, 2, 3], [25, 2, 6, 18, 19]], [[8, 1, 0, 2, 3], [12, 4, 4, 1, 0], [18, 0, 12, 17, 18]], [[15, 2, 0, 2, 0], [8, 4, 3, 0, 0], [21, 2, 9, 18, 16]], [[10, 2, 0, 7, 0], [6, 4, 3, 0, 1], [22, 2, 14, 12, 17]], [[16, 0, 0, 3, 0], [4, 5, 3, 1, 1], [17, 4, 9, 12, 25]], [[12, 1, 0, 3, 1], [6, 5, 3, 0, 5], [21, 4, 6, 18, 15]], [[16, 2, 0, 4, 1], [2, 6, 2, 1, 0], [14, 6, 12, 19, 15]], [[7, 2, 0, 1, 1], [8, 4, 2, 2, 4], [27, 2, 9, 24, 7]], [[9, 3, 0, 2, 2], [3, 4, 3, 2, 1], [24, 4, 12, 22, 9]], [[11, 2, 0, 1, 0], [7, 2, 0, 2, 1], [24, 1, 19, 19, 11]], [[12, 1, 0, 5, 2], [5, 3, 5, 2, 1], [18, 3, 8, 21, 14]], [[12, 1, 0, 2, 4], [5, 7, 5, 0, 6], [17, 0, 16, 16, 9]], [[8, 1, 0, 5, 1], [12, 3, 3, 0, 5], [21, 3, 13, 13, 12]], [[12, 2, 1, 6, 2], [7, 1, 2, 0, 1], [15, 2, 12, 18, 19]]], "n": [[46, 10, 11, 15, 18], [51, 7, 11, 20, 11], [53, 9, 5, 21, 12], [58, 7, 4, 20, 11], [54, 4, 8, 16, 18], [56, 5, 13, 15, 11], [63, 7, 7, 14, 9], [53, 9, 7, 16, 15], [62, 4, 6, 16, 12], [47, 13, 8, 15, 17], [61, 6, 5, 10, 18], [46, 9, 13, 14, 18], [54, 14, 5, 13, 14], [59, 8, 4, 14, 15], [52, 7, 8, 19, 14], [51, 7, 3, 18, 21], [50, 7, 10, 20, 13], [44, 14, 18, 10, 14], [43, 13, 18, 13, 13], [48, 15, 14, 13, 10], [39, 19, 17, 11, 14], [52, 12, 14, 7, 15], [43, 15, 16, 15, 11], [52, 12, 11, 8, 17], [45, 14, 17, 13, 11], [42, 15, 13, 11, 19], [45, 11, 18, 9, 17], [43, 18, 14, 8, 17], [37, 19, 17, 14, 13], [38, 15, 14, 15, 18], [46, 15, 18, 9, 12], [40, 18, 19, 8, 15], [44, 14, 21, 7, 14], [47, 10, 11, 17, 15], [41, 5, 17, 16, 21], [40, 9, 7, 28, 16], [41, 9, 7, 21, 22], [38, 5, 16, 20, 21], [44, 8, 12, 20, 16], [38, 8, 17, 19, 18], [37, 9, 12, 16, 26], [39, 10, 9, 21, 21], [32, 14, 14, 24, 16], [42, 8, 11, 27, 12], [36, 11, 15, 26, 12], [42, 5, 19, 22, 12], [35, 7, 13, 28, 17], [34, 8, 21, 18, 19], [41, 7, 16, 18, 18], [34, 5, 15, 24, 22]], "lambda_": 0.5, "b": [[64, 20, 16], [66, 22, 12], [80, 10, 10], [65, 14, 21], [54, 21, 25], [64, 18, 18], [71, 17, 12], [73, 11, 16], [77, 11, 12], [63, 20, 17], [67, 16, 17], [67, 18, 15], [74, 16, 10], [65, 18, 17], [61, 19, 20], [72, 16, 12], [50, 29, 21], [19, 65, 16], [17, 63, 20], [15, 61, 24], [14, 69, 17], [18, 66, 16], [17, 62, 21], [15, 69, 16], [15, 65, 20], [16, 68, 16], [16, 64, 20], [13, 75, 12], [13, 66, 21], [14, 68, 18], [21, 61, 18], [6, 77, 17], [16, 72, 12], [15, 36, 49], [14, 18, 68], [19, 17, 64], [13, 17, 70], [14, 21, 65], [19, 15, 66], [19, 14, 67], [19, 14, 67], [17, 19, 64], [23, 11, 66], [11, 20, 69], [16, 13, 71], [14, 12, 74], [20, 16, 64], [19, 23, 58], [15, 23, 62], [23, 11, 66]]}