{"M": 50, "G": 3, "I": 10, "J": 100, "p": [[0.02671547493840882, 0.2177371939023237, 0.02464630662472503, 0.2669753384763067, 0.07133146114720498, 0.10069016905056917, 0.15453730446846922, 0.0777644459444631, 0.03747474642458963, 0.022127559022939464], [0.01143253034448929, 0.1821179371482772, 0.07905614521411183, 0.02340391124384544, 0.28785667046947466, 0.04349946291932172, 0.07262983570040099, 0.047677443735614625, 0.13457350322664272, 0.11775255999782144], [0.09806564428881868, 0.033076972621810384, 0.035863752635601466, 0.03130836863135393, 0.04248073005627369, 0.016664471943367083, 0.019381380265742564, 0.3556374115619315, 0.34517388378773206, 0.02234738420736856]], "r": [[[5, 8, 2, 17, 3, 3, 15, 6, 3, 1], [1, 6, 1, 0, 3, 2, 1, 0, 3, 3], [1, 1, 0, 2, 0, 0, 0, 7, 6, 0]], [[0, 12, 1, 16, 8, 9, 12, 2, 2, 3], [0, 4, 1, 0, 6, 1, 1, 0, 2, 3], [3, 0, 0, 1, 0, 1, 0, 3, 9, 0]], [[2, 16, 1, 21, 5, 6, 9, 6, 3, 1], [0, 1, 1, 1, 3, 2, 1, 1, 3, 0], [1, 0, 1, 1, 1, 0, 0, 6, 7, 0]], [[0, 11, 2, 20, 3, 4, 14, 7, 1, 2], [0, 0, 1, 1, 5, 0, 1, 1, 4, 3], [1, 1, 3, 0, 0, 0, 0, 2, 13, 0]], [[1, 17, 3, 14, 5, 4, 15, 5, 3, 1], [1, 1, 3, 0, 5, 0, 0, 0, 1, 2], [0, 1, 0, 0, 1, 0, 1, 8, 8, 0]], [[2, 15, 5, 12, 5, 4, 8, 7, 2, 0], [0, 5, 0, 0, 6, 1, 0, 1, 2, 1], [1, 0, 0, 1, 2, 0, 2, 9, 8, 1]], [[1, 9, 3, 21, 6, 9, 10, 4, 2, 1], [0, 0, 2, 0, 2, 0, 0, 0, 3, 5], [1, 0, 2, 0, 0, 0, 1, 9, 8, 1]], [[3, 12, 1, 29, 3, 7, 8, 7, 0, 0], [0, 3, 0, 1, 1, 0, 0, 2, 3, 2], [1, 0, 2, 1, 1, 0, 1, 7, 3, 2]], [[2, 15, 0, 17, 7, 6, 17, 5, 4, 0], [0, 3, 0, 0, 3, 0, 0, 1, 3, 2], [2, 0, 1, 0, 1, 0, 0, 9, 2, 0]], [[1, 11, 1, 15, 4, 8, 15, 3, 3, 0], [0, 3, 2, 1, 9, 1, 0, 1, 0, 2], [4, 1, 0, 0, 0, 0, 0, 6, 9, 0]], [[1, 11, 2, 23, 9, 8, 9, 3, 1, 0], [0, 5, 1, 0, 8, 0, 2, 0, 3, 0], [0, 0, 1, 0, 0, 0, 0, 6, 7, 0]], [[1, 17, 2, 17, 4, 7, 11, 5, 3, 1], [1, 1, 0, 1, 6, 1, 1, 2, 0, 2], [1, 0, 2, 0, 0, 0, 0, 5, 9, 0]], [[6, 13, 2, 12, 9, 7, 11, 7, 5, 1], [0, 3, 5, 0, 4, 1, 1, 0, 3, 0], [2, 0, 0, 2, 0, 0, 0, 4, 2, 0]], [[1, 11, 2, 18, 3, 12, 7, 4, 5, 1], [0, 6, 1, 0, 2, 1, 0, 2, 2, 4], [1, 1, 0, 0, 1, 0, 0, 5, 9, 1]], [[3, 12, 0, 16, 7, 8, 12, 4, 3, 2], [1, 4, 3, 0, 7, 0, 0, 1, 2, 0], [1, 0, 0, 0, 1, 0, 1, 7, 4, 1]], [[4, 14, 2, 13, 5, 13, 10, 9, 2, 1], [0, 4, 1, 0, 4, 1, 1, 2, 2, 1], [0, 0, 0, 0, 1, 0, 0, 7, 2, 1]], [[1, 6, 1, 18, 4, 8, 7, 4, 3, 4], [0, 11, 3, 2, 8, 1, 3, 0, 2, 4], [0, 1, 1, 1, 0, 0, 0, 3, 2, 2]], [[0, 3, 0, 5, 1, 3, 5, 1, 1, 2], [1, 7, 3, 0, 15, 4, 4, 4, 14, 10], [1, 1, 2, 0, 0, 0, 0, 7, 6, 0]], [[1, 3, 0, 8, 1, 0, 2, 3, 1, 1], [0, 13, 11, 2, 15, 1, 0, 1, 8, 6], [3, 1, 1, 0, 2, 0, 1, 9, 6, 0]], [[0, 3, 0, 4, 1, 1, 5, 4, 1, 2], [0, 12, 6, 1, 21, 2, 3, 4, 9, 5], [3, 1, 2, 1, 0, 0, 0, 5, 4, 0]], [[0, 2, 0, 9, 0, 0, 1, 1, 1, 0], [1, 16, 12, 2, 15, 4, 6, 3, 11, 4], [3, 1, 0, 0, 1, 0, 0, 4, 3, 0]], [[1, 4, 1, 5, 2, 3, 2, 0, 0, 0], [0, 14, 8, 1, 16, 2, 3, 1, 8, 7], [1, 1, 1, 0, 0, 1, 0, 7, 9, 2]], [[0, 3, 0, 5, 1, 4, 3, 2, 0, 1], [2, 11, 7, 1, 13, 3, 9, 4, 13, 5], [1, 1, 1, 0, 0, 0, 0, 5, 5, 0]], [[2, 3, 0, 5, 1, 1, 2, 1, 1, 0], [1, 16, 4, 0, 16, 3, 9, 5, 5, 12], [3, 0, 1, 0, 0, 2, 0, 2, 4, 1]], [[0, 3, 1, 3, 1, 4, 3, 0, 2, 0], [1, 12, 6, 1, 22, 3, 2, 1, 12, 8], [1, 0, 0, 0, 1, 1, 0, 8, 4, 0]], [[0, 6, 1, 3, 1, 4, 2, 1, 0, 1], [1, 9, 5, 1, 28, 3, 6, 3, 7, 4], [1, 0, 0, 0, 3, 0, 0, 6, 3, 1]], [[0, 3, 0, 2, 1, 0, 0, 1, 1, 0], [0, 14, 8, 2, 23, 4, 2, 3, 9, 7], [3, 1, 1, 0, 3, 0, 0, 5, 7, 0]], [[0, 6, 1, 3, 0, 2, 3, 0, 0, 0], [1, 16, 8, 2, 10, 2, 7, 2, 11, 9], [1, 0, 0, 2, 1, 1, 1, 5, 6, 0]], [[0, 5, 0, 1, 1, 1, 3, 0, 2, 0], [0, 13, 4, 2, 20, 5, 4, 5, 10, 6], [1, 2, 0, 0, 3, 0, 1, 8, 3, 0]], [[0, 3, 0, 5, 0, 1, 5, 1, 1, 0], [1, 15, 6, 1, 22, 2, 5, 0, 8, 8], [4, 0, 2, 0, 0, 0, 0, 5, 5, 0]], [[1, 3, 0, 3, 1, 4, 3, 2, 0, 0], [0, 5, 1, 1, 24, 1, 12, 2, 8, 8], [1, 0, 2, 1, 0, 0, 0, 11, 6, 0]], [[0, 3, 0, 2, 2, 2, 0, 3, 0, 0], [0, 9, 1, 3, 17, 4, 8, 4, 14, 10], [1, 0, 0, 1, 0, 0, 1, 7, 8, 0]], [[1, 1, 1, 2, 0, 3, 1, 0, 0, 1], [0, 15, 2, 2, 22, 2, 2, 6, 11, 6], [2, 1, 0, 0, 0, 0, 0, 9, 10, 0]], [[1, 7, 2, 2, 2, 2, 5, 1, 0, 0], [0, 4, 2, 1, 8, 0, 4, 1, 6, 4], [5, 0, 0, 0, 2, 0, 1, 18, 22, 0]], [[1, 2, 1, 3, 0, 2, 6, 1, 0, 1], [0, 3, 0, 0, 7, 1, 1, 0, 2, 1], [5, 1, 2, 0, 2, 4, 1, 24, 28, 1]], [[1, 3, 1, 0, 1, 2, 1, 1, 1, 0], [0, 3, 2, 0, 5, 1, 1, 1, 3, 0], [15, 1, 0, 3, 5, 2, 2, 18, 26, 1]], [[1, 3, 0, 3, 1, 4, 3, 0, 1, 1], [0, 3, 2, 1, 10, 2, 1, 1, 3, 1], [8, 6, 1, 4, 1, 0, 0, 20, 17, 2]], [[0, 7, 0, 2, 0, 0, 1, 0, 1, 1], [0, 6, 2, 0, 4, 1, 1, 0, 0, 0], [7, 4, 0, 1, 0, 3, 0, 30, 27, 2]], [[1, 2, 1, 4, 0, 1, 3, 1, 0, 0], [0, 5, 2, 1, 5, 1, 1, 1, 0, 1], [6, 3, 1, 3, 1, 2, 0, 33, 20, 1]], [[1, 7, 0, 3, 3, 1, 3, 0, 2, 0], [0, 3, 2, 0, 5, 1, 1, 2, 1, 1], [8, 0, 1, 2, 2, 0, 1, 23, 27, 0]], [[0, 4, 0, 6, 1, 2, 5, 4, 0, 0], [0, 4, 0, 0, 8, 0, 2, 0, 3, 0], [6, 4, 3, 1, 2, 0, 3, 14, 28, 0]], [[0, 3, 0, 12, 1, 2, 2, 1, 0, 1], [0, 2, 1, 0, 13, 1, 1, 2, 0, 4], [4, 2, 3, 1, 1, 0, 0, 21, 21, 1]], [[0, 5, 0, 7, 1, 2, 2, 2, 1, 0], [0, 4, 1, 0, 3, 1, 2, 2, 3, 2], [8, 2, 1, 1, 0, 2, 0, 24, 22, 2]], [[0, 3, 0, 11, 1, 2, 2, 0, 0, 0], [0, 3, 0, 0, 7, 1, 1, 0, 5, 2], [5, 3, 1, 3, 2, 1, 0, 25, 21, 1]], [[0, 4, 0, 9, 2, 1, 2, 0, 2, 0], [0, 3, 0, 0, 5, 0, 0, 0, 3, 2], [4, 1, 2, 4, 3, 1, 2, 28, 21, 1]], [[0, 3, 0, 1, 1, 0, 3, 1, 0, 0], [0, 3, 2, 0, 5, 1, 1, 0, 3, 2], [7, 5, 1, 2, 3, 3, 0, 29, 20, 4]], [[0, 3, 1, 5, 0, 1, 2, 3, 1, 0], [0, 6, 0, 0, 1, 1, 1, 1, 1, 2], [5, 2, 2, 2, 1, 1, 1, 22, 35, 0]], [[0, 5, 0, 9, 1, 1, 1, 1, 0, 1], [1, 4, 0, 0, 4, 1, 2, 2, 1, 4], [6, 2, 3, 1, 0, 0, 0, 23, 26, 1]], [[0, 3, 0, 4, 0, 0, 4, 1, 0, 0], [0, 2, 5, 1, 6, 1, 1, 1, 1, 2], [9, 2, 1, 4, 3, 1, 0, 20, 25, 3]], [[0, 3, 0, 8, 0, 0, 2, 0, 0, 0], [1, 2, 3, 2, 5, 2, 3, 0, 1, 1], [6, 1, 1, 3, 8, 1, 2, 18, 24, 3]]], "n": [[7, 15, 3, 19, 6, 5, 16, 13, 12, 4], [3, 16, 2, 17, 14, 11, 13, 5, 13, 6], [3, 17, 3, 23, 9, 8, 10, 13, 13, 1], [1, 12, 6, 21, 8, 4, 15, 10, 18, 5], [2, 19, 6, 14, 11, 4, 16, 13, 12, 3], [3, 20, 5, 13, 13, 5, 10, 17, 12, 2], [2, 9, 7, 21, 8, 9, 11, 13, 13, 7], [4, 15, 3, 31, 5, 7, 9, 16, 6, 4], [4, 18, 1, 17, 11, 6, 17, 15, 9, 2], [5, 15, 3, 16, 13, 9, 15, 10, 12, 2], [1, 16, 4, 23, 17, 8, 11, 9, 11, 0], [3, 18, 4, 18, 10, 8, 12, 12, 12, 3], [8, 16, 7, 14, 13, 8, 12, 11, 10, 1], [2, 18, 3, 18, 6, 13, 7, 11, 16, 6], [5, 16, 3, 16, 15, 8, 13, 12, 9, 3], [4, 18, 3, 13, 10, 14, 11, 18, 6, 3], [1, 18, 5, 21, 12, 9, 10, 7, 7, 10], [2, 11, 5, 5, 16, 7, 9, 12, 21, 12], [4, 17, 12, 10, 18, 1, 3, 13, 15, 7], [3, 16, 8, 6, 22, 3, 8, 13, 14, 7], [4, 19, 12, 11, 16, 4, 7, 8, 15, 4], [2, 19, 10, 6, 18, 6, 5, 8, 17, 9], [3, 15, 8, 6, 14, 7, 12, 11, 18, 6], [6, 19, 5, 5, 17, 6, 11, 8, 10, 13], [2, 15, 7, 4, 24, 8, 5, 9, 18, 8], [2, 15, 6, 4, 32, 7, 8, 10, 10, 6], [3, 18, 9, 4, 27, 4, 2, 9, 17, 7], [2, 22, 9, 7, 11, 5, 11, 7, 17, 9], [1, 20, 4, 3, 24, 6, 8, 13, 15, 6], [5, 18, 8, 6, 22, 3, 10, 6, 14, 8], [2, 8, 3, 5, 25, 5, 15, 15, 14, 8], [1, 12, 1, 6, 19, 6, 9, 14, 22, 10], [3, 17, 3, 4, 22, 5, 3, 15, 21, 7], [6, 11, 4, 3, 12, 2, 10, 20, 28, 4], [6, 6, 3, 3, 9, 7, 8, 25, 30, 3], [16, 7, 3, 3, 11, 5, 4, 20, 30, 1], [9, 12, 3, 8, 12, 6, 4, 21, 21, 4], [7, 17, 2, 3, 4, 4, 2, 30, 28, 3], [7, 10, 4, 8, 6, 4, 4, 35, 20, 2], [9, 10, 3, 5, 10, 2, 5, 25, 30, 1], [6, 12, 3, 7, 11, 2, 10, 18, 31, 0], [4, 7, 4, 13, 15, 3, 3, 24, 21, 6], [8, 11, 2, 8, 4, 5, 4, 28, 26, 4], [5, 9, 1, 14, 10, 4, 3, 25, 26, 3], [4, 8, 2, 13, 10, 2, 4, 28, 26, 3], [7, 11, 3, 3, 9, 4, 4, 30, 23, 6], [5, 11, 3, 7, 2, 3, 4, 26, 37, 2], [7, 11, 3, 10, 5, 2, 3, 26, 27, 6], [9, 7, 6, 9, 9, 2, 5, 22, 26, 5], [7, 6, 4, 13, 13, 3, 7, 18, 25, 4]], "lambda_": 0.5,