{"M": 50, "G": 3, "I": 3, "J": 100, "p": [[0.27340463300715134, 0.45754400003845297, 0.26905136695439574], [0.7325083918555445, 0.2563959750031971, 0.011095633141258382], [0.30977655129027537, 0.2832587566919741, 0.40696469201775065]], "r": [[[16, 30, 19], [10, 4, 1], [6, 3, 11]], [[25, 26, 13], [17, 6, 0], [6, 3, 4]], [[13, 35, 21], [12, 3, 0], [2, 7, 7]], [[17, 35, 14], [15, 3, 0], [6, 5, 5]], [[16, 31, 18], [12, 4, 1], [3, 8, 7]], [[12, 31, 20], [13, 4, 1], [9, 3, 7]], [[13, 30, 21], [13, 1, 0], [7, 5, 10]], [[16, 31, 15], [11, 5, 0], [8, 4, 10]], [[16, 37, 19], [10, 5, 0], [4, 3, 6]], [[19, 24, 18], [20, 1, 1], [10, 6, 1]], [[24, 33, 13], [11, 7, 0], [4, 4, 4]], [[18, 28, 18], [16, 3, 0], [7, 5, 5]], [[21, 26, 22], [11, 3, 1], [7, 0, 9]], [[19, 41, 12], [10, 5, 0], [4, 6, 3]], [[15, 31, 19], [12, 5, 0], [7, 2, 9]], [[16, 34, 16], [11, 7, 0], [4, 5, 7]], [[12, 30, 11], [19, 8, 2], [6, 2, 10]], [[1, 5, 7], [46, 21, 0], [9, 7, 4]], [[4, 10, 2], [42, 20, 1], [8, 6, 7]], [[4, 11, 3], [51, 17, 0], [4, 6, 4]], [[1, 7, 6], [52, 13, 0], [4, 7, 10]], [[8, 10, 3], [48, 12, 1], [5, 6, 7]], [[2, 8, 5], [56, 12, 0], [5, 8, 4]], [[3, 8, 3], [64, 10, 0], [4, 2, 6]], [[7, 6, 5], [54, 16, 0], [5, 2, 5]], [[4, 11, 5], [46, 16, 0], [3, 4, 11]], [[4, 15, 3], [53, 13, 0], [4, 4, 4]], [[2, 12, 5], [45, 17, 1], [4, 6, 8]], [[6, 9, 1], [51, 19, 0], [6, 3, 5]], [[2, 11, 0], [50, 15, 1], [6, 9, 6]], [[3, 8, 8], [45, 17, 0], [7, 3, 9]], [[9, 6, 2], [49, 15, 2], [5, 6, 6]], [[4, 1, 8], [55, 19, 0], [3, 5, 5]], [[7, 8, 9], [23, 7, 1], [12, 15, 18]], [[4, 13, 2], [9, 5, 1], [28, 13, 25]], [[2, 8, 5], [14, 3, 0], [28, 21, 19]], [[6, 10, 5], [10, 4, 0], [15, 22, 28]], [[6, 11, 4], [14, 9, 0], [23, 13, 20]], [[4, 6, 5], [17, 3, 1], [20, 20, 24]], [[4, 4, 1], [17, 4, 0], [25, 20, 25]], [[1, 5, 4], [15, 2, 0], [21, 20, 32]], [[5, 8, 5], [10, 4, 0], [26, 20, 22]], [[6, 10, 3], [10, 3, 0], [21, 17, 30]], [[3, 12, 2], [8, 5, 0], [18, 17, 35]], [[3, 9, 5], [14, 5, 1], [22, 18, 23]], [[5, 11, 8], [12, 1, 0], [21, 19, 23]], [[4, 6, 2], [11, 3, 0], [23, 24, 27]], [[5, 10, 3], [13, 5, 0], [19, 21, 24]], [[2, 10, 3], [11, 8, 0], [19, 18, 29]], [[5, 9, 2], [7, 8, 0], [24, 19, 26]]], "n": [[32, 37, 31], [48, 35, 17], [27, 45, 28], [38, 43, 19], [31, 43, 26], [34, 38, 28], [33, 36, 31], [35, 40, 25], [30, 45, 25], [49, 31, 20], [39, 44, 17], [41, 36, 23], [39, 29, 32], [33, 52, 15], [34, 38, 28], [31, 46, 23], [37, 40, 23], [56, 33, 11], [54, 36, 10], [59, 34, 7], [57, 27, 16], [61, 28, 11], [63, 28, 9], [71, 20, 9], [66, 24, 10], [53, 31, 16], [61, 32, 7], [51, 35, 14], [63, 31, 6], [58, 35, 7], [55, 28, 17], [63, 27, 10], [62, 25, 13], [42, 30, 28], [41, 31, 28], [44, 32, 24], [31, 36, 33], [43, 33, 24], [41, 29, 30], [46, 28, 26], [37, 27, 36], [41, 32, 27], [37, 30, 33], [29, 34, 37], [39, 32, 29], [38, 31, 31], [38, 33, 29], [37, 36, 27], [32, 36, 32], [36, 36, 28]], "lambda_": 0.5, "b": [[65, 15, 20], [64, 23, 13], [69, 15, 16], [66, 18, 16], [65, 17, 18], [63, 18, 19], [64, 14, 22], [62, 16, 22], [72, 15, 13], [61, 22, 17], [70, 18, 12], [64, 19, 17], [69, 15, 16], [72, 15, 13], [65, 17, 18], [66, 18, 16], [53, 29, 18], [13, 67, 20], [16, 63, 21], [18, 68, 14], [14, 65, 21], [21, 61, 18], [15, 68, 17], [14, 74, 12], [18, 70, 12], [20, 62, 18], [22, 66, 12], [19, 63, 18], [16, 70, 14], [13, 66, 21], [19, 62, 19], [17, 66, 17], [13, 74, 13], [24, 31, 45], [19, 15, 66], [15, 17, 68], [21, 14, 65], [21, 23, 56], [15, 21, 64], [9, 21, 70], [10, 17, 73], [18, 14, 68], [19, 13, 68], [17, 13, 70], [17, 20, 63], [24, 13, 63], [12, 14, 74], [18, 18, 64], [15, 19, 66], [16, 15, 69]]}