{"M": 50, "G": 3, "I": 10, "J": 100, "p": [[0.21843127705125, 0.00310455594308142, 0.1486614575602452, 0.2045278682809848, 0.10217584773651123, 0.03769678312358366, 0.03267732883581212, 0.21160574168951965, 0.02742672286024476, 0.013692416918767124], [0.08933769856574866, 0.23688004378999766, 0.000305646789730184, 0.05545984020509112, 0.12938125590902735, 0.07325071126874048, 0.09883517801715042, 0.02666521483385288, 0.19301748277755362, 0.09686692784310762], [0.10672896050204253, 0.020927421351082318, 0.06377905926235546, 0.15301818052883104, 0.0795746549692582, 0.07767617255673122, 0.13124552522321278, 0.09822690533543023, 0.1434230159516018, 0.12540010431945453]], "r": [[[13, 1, 20, 11, 6, 0, 1, 18, 1, 0], [0, 3, 0, 0, 1, 0, 2, 1, 3, 1], [2, 0, 2, 2, 1, 2, 3, 3, 1, 2]], [[14, 0, 8, 14, 7, 1, 2, 19, 1, 0], [3, 2, 0, 0, 3, 1, 2, 0, 2, 0], [4, 1, 0, 2, 0, 0, 5, 4, 2, 3]], [[17, 0, 7, 13, 8, 2, 0, 15, 2, 1], [4, 7, 0, 1, 3, 3, 1, 0, 2, 3], [2, 0, 1, 0, 2, 2, 0, 1, 3, 0]], [[18, 0, 4, 17, 5, 3, 3, 21, 0, 0], [0, 7, 0, 1, 1, 0, 1, 0, 7, 1], [2, 0, 0, 1, 2, 1, 3, 1, 1, 0]], [[19, 1, 7, 9, 9, 1, 1, 14, 1, 0], [1, 7, 0, 0, 2, 0, 2, 1, 0, 0], [2, 1, 0, 5, 3, 1, 3, 3, 3, 4]], [[17, 0, 8, 9, 4, 6, 2, 8, 2, 0], [2, 4, 0, 1, 3, 0, 3, 3, 4, 4], [2, 1, 1, 3, 2, 1, 2, 4, 3, 1]], [[13, 0, 17, 9, 7, 3, 1, 13, 4, 1], [2, 5, 0, 0, 5, 0, 0, 0, 3, 4], [0, 0, 2, 5, 0, 1, 3, 2, 0, 0]], [[16, 1, 9, 18, 6, 3, 2, 18, 0, 1], [2, 3, 0, 0, 0, 0, 1, 1, 0, 3], [3, 0, 2, 2, 1, 0, 0, 1, 3, 4]], [[12, 1, 10, 18, 4, 1, 2, 10, 1, 2], [5, 4, 0, 0, 1, 1, 0, 0, 5, 2], [3, 0, 1, 4, 2, 4, 2, 0, 5, 0]], [[15, 0, 9, 18, 6, 3, 1, 9, 1, 1], [2, 3, 0, 1, 3, 2, 3, 0, 4, 0], [2, 0, 4, 3, 1, 0, 2, 3, 3, 1]], [[14, 0, 10, 11, 4, 2, 3, 19, 2, 0], [1, 5, 0, 4, 3, 0, 1, 2, 4, 1], [0, 0, 1, 6, 2, 0, 1, 2, 1, 1]], [[22, 1, 16, 8, 9, 2, 3, 12, 3, 0], [0, 3, 0, 1, 2, 0, 0, 1, 5, 2], [1, 0, 0, 1, 3, 0, 1, 1, 1, 2]], [[13, 0, 10, 13, 2, 1, 2, 16, 4, 0], [2, 8, 0, 0, 3, 3, 1, 0, 2, 0], [2, 0, 0, 4, 1, 1, 4, 1, 2, 5]], [[13, 0, 9, 8, 9, 1, 2, 14, 2, 1], [2, 5, 0, 0, 2, 1, 1, 2, 5, 2], [3, 1, 6, 1, 1, 1, 1, 1, 3, 3]], [[9, 0, 15, 9, 9, 2, 1, 19, 3, 0], [1, 3, 0, 1, 0, 0, 2, 1, 2, 4], [2, 0, 1, 5, 1, 3, 3, 3, 0, 1]], [[12, 0, 12, 12, 8, 5, 1, 13, 1, 1], [1, 7, 0, 0, 4, 1, 4, 0, 4, 0], [1, 2, 0, 3, 2, 1, 2, 1, 0, 2]], [[11, 0, 10, 5, 3, 4, 1, 14, 0, 1], [2, 14, 0, 2, 1, 1, 4, 0, 4, 4], [1, 0, 1, 4, 5, 2, 2, 2, 1, 1]], [[5, 0, 4, 4, 1, 0, 0, 7, 1, 1], [6, 11, 0, 2, 6, 8, 7, 1, 9, 6], [2, 0, 0, 4, 2, 1, 4, 1, 4, 3]], [[3, 0, 2, 2, 4, 0, 3, 6, 1, 0], [5, 10, 0, 3, 7, 8, 5, 5, 14, 6], [2, 0, 3, 3, 1, 0, 3, 2, 1, 1]], [[4, 0, 1, 3, 0, 2, 1, 2, 0, 0], [9, 18, 0, 4, 6, 7, 7, 2, 8, 9], [5, 1, 2, 2, 0, 1, 0, 1, 1, 4]], [[3, 0, 5, 1, 2, 1, 0, 1, 2, 0], [8, 20, 0, 2, 9, 4, 6, 3, 10, 9], [1, 0, 0, 0, 3, 3, 2, 3, 2, 0]], [[4, 1, 5, 5, 0, 2, 0, 3, 0, 0], [12, 13, 0, 4, 5, 3, 6, 1, 12, 6], [5, 1, 0, 3, 1, 0, 2, 1, 5, 0]], [[3, 0, 1, 3, 0, 0, 0, 4, 0, 0], [10, 24, 0, 2, 10, 6, 5, 1, 11, 6], [1, 0, 1, 3, 2, 4, 2, 1, 0, 0]], [[1, 0, 5, 1, 5, 1, 0, 2, 1, 0], [5, 16, 0, 7, 10, 7, 4, 2, 6, 0], [4, 0, 2, 5, 3, 2, 2, 4, 3, 2]], [[3, 0, 2, 1, 0, 0, 1, 4, 0, 0], [6, 13, 0, 6, 6, 4, 9, 2, 13, 11], [1, 0, 2, 4, 0, 1, 6, 2, 0, 3]], [[2, 0, 2, 2, 2, 3, 0, 5, 0, 0], [7, 16, 0, 3, 10, 8, 6, 2, 16, 6], [1, 0, 0, 2, 0, 1, 4, 1, 0, 1]], [[4, 0, 3, 1, 1, 0, 0, 5, 0, 0], [10, 15, 0, 4, 5, 2, 5, 0, 13, 9], [3, 1, 0, 2, 4, 3, 2, 2, 4, 2]], [[4, 0, 2, 2, 0, 0, 2, 5, 2, 0], [5, 22, 0, 0, 12, 8, 2, 2, 10, 9], [1, 0, 1, 1, 0, 1, 2, 3, 2, 2]], [[5, 0, 1, 3, 1, 2, 0, 2, 0, 0], [6, 18, 0, 4, 4, 3, 10, 1, 10, 6], [1, 1, 3, 0, 0, 1, 6, 7, 3, 2]], [[4, 0, 4, 3, 3, 0, 0, 4, 1, 0], [13, 12, 0, 1, 9, 6, 6, 2, 7, 9], [0, 0, 1, 2, 0, 1, 6, 0, 4, 2]], [[4, 0, 1, 0, 2, 1, 1, 2, 0, 1], [7, 15, 0, 3, 9, 3, 7, 3, 16, 10], [4, 2, 1, 0, 1, 1, 1, 0, 3, 2]], [[4, 0, 2, 4, 2, 0, 1, 1, 0, 0], [7, 21, 0, 2, 8, 6, 9, 3, 17, 5], [0, 0, 1, 2, 1, 0, 1, 2, 0, 1]], [[4, 0, 4, 4, 1, 0, 2, 4, 0, 0], [6, 14, 0, 0, 13, 5, 7, 3, 10, 8], [0, 0, 3, 3, 1, 2, 2, 0, 3, 1]], [[5, 0, 0, 5, 4, 2, 0, 3, 1, 2], [7, 6, 0, 2, 6, 2, 4, 1, 4, 3], [5, 1, 4, 3, 3, 7, 3, 5, 5, 7]], [[4, 0, 3, 2, 1, 0, 0, 1, 0, 0], [1, 6, 0, 1, 6, 1, 3, 0, 3, 1], [8, 1, 4, 13, 6, 4, 9, 2, 13, 7]], [[8, 0, 3, 3, 2, 2, 0, 5, 1, 1], [1, 2, 0, 0, 3, 1, 1, 0, 3, 2], [10, 0, 4, 10, 3, 4, 9, 3, 6, 13]], [[4, 0, 1, 4, 0, 2, 1, 8, 0, 0], [1, 6, 0, 0, 2, 1, 3, 0, 5, 1], [12, 2, 3, 9, 3, 3, 7, 12, 4, 6]], [[7, 0, 1, 5, 3, 2, 0, 3, 0, 1], [3, 1, 0, 0, 1, 0, 2, 0, 1, 3], [10, 1, 3, 12, 4, 2, 13, 9, 6, 7]], [[5, 0, 3, 4, 0, 0, 0, 4, 0, 0], [2, 3, 0, 0, 2, 2, 0, 1, 1, 2], [6, 1, 4, 10, 6, 5, 13, 7, 12, 7]], [[3, 0, 6, 1, 2, 0, 0, 5, 0, 0], [0, 5, 0, 0, 3, 0, 2, 0, 1, 1], [6, 1, 6, 18, 6, 1, 10, 8, 6, 9]], [[1, 0, 0, 8, 1, 0, 0, 2, 0, 0], [2, 1, 0, 1, 1, 1, 1, 0, 5, 0], [4, 0, 5, 14, 12, 2, 8, 11, 9, 11]], [[2, 0, 2, 5, 2, 0, 2, 5, 2, 0], [3, 4, 0, 1, 3, 3, 0, 0, 3, 2], [5, 1, 6, 12, 5, 6, 10, 7, 6, 3]], [[6, 0, 4, 4, 2, 1, 1, 2, 1, 1], [2, 7, 0, 1, 0, 3, 5, 0, 2, 3], [7, 0, 3, 3, 5, 4, 7, 11, 7, 8]], [[4, 0, 5, 3, 2, 1, 1, 7, 1, 2], [3, 3, 0, 2, 1, 0, 0, 0, 2, 0], [8, 2, 3, 8, 8, 10, 7, 4, 8, 5]], [[3, 0, 1, 3, 4, 1, 0, 5, 2, 0], [2, 3, 0, 1, 1, 1, 2, 1, 3, 0], [5, 2, 3, 13, 12, 5, 6, 4, 11, 6]], [[5, 1, 5, 2, 0, 0, 0, 5, 1, 0], [0, 3, 0, 1, 4, 1, 4, 2, 1, 1], [8, 1, 4, 6, 5, 3, 9, 7, 14, 7]], [[2, 0, 3, 6, 0, 0, 1, 1, 0, 1], [1, 3, 0, 2, 1, 3, 2, 1, 3, 0], [7, 1, 5, 14, 3, 4, 8, 11, 11, 6]], [[2, 0, 2, 5, 2, 0, 1, 3, 0, 1], [4, 2, 0, 0, 0, 1, 1, 2, 5, 2], [6, 2, 3, 10, 5, 8, 12, 3, 9, 9]], [[3, 0, 1, 3, 3, 2, 1, 1, 1, 1], [0, 8, 0, 2, 2, 3, 2, 0, 1, 1], [7, 2, 2, 8, 3, 7, 9, 6, 13, 8]], [[1, 0, 1, 4, 5, 0, 0, 4, 1, 1], [0, 1, 0, 2, 1, 0, 2, 1, 2, 1], [12, 2, 5, 14, 6, 7, 4, 3, 10, 10]]], "n": [[15, 4, 22, 13, 8, 2, 6, 22, 5, 3], [21, 3, 8, 16, 10, 2, 9, 23, 5, 3], [23, 7, 8, 14, 13, 7, 1, 16, 7, 4], [20, 7, 4, 19, 8, 4, 7, 22, 8, 1], [22, 9, 7, 14, 14, 2, 6, 18, 4, 4], [21, 5, 9, 13, 9, 7, 7, 15, 9, 5], [15, 5, 19, 14, 12, 4, 4, 15, 7, 5], [21, 4, 11, 20, 7, 3, 3, 20, 3, 8], [20, 5, 11, 22, 7, 6, 4, 10, 11, 4], [19, 3, 13, 22, 10, 5, 6, 12, 8, 2], [15, 5, 11, 21, 9, 2, 5, 23, 7, 2], [23, 4, 16, 10, 14, 2, 4, 14, 9, 4], [17, 8, 10, 17, 6, 5, 7, 17, 8, 5], [18, 6, 15, 9, 12, 3, 4, 17, 10, 6], [12, 3, 16, 15, 10, 5, 6, 23, 5, 5], [14, 9, 12, 15, 14, 7, 7, 14, 5, 3], [14, 14, 11, 11, 9, 7, 7, 16, 5, 6], [13, 11, 4, 10, 9, 9, 11, 9, 14, 10], [10, 10, 5, 8, 12, 8, 11, 13, 16, 7], [18, 19, 3, 9, 6, 10, 8, 5, 9, 13], [12, 20, 5, 3, 14, 8, 8, 7, 14, 9], [21, 15, 5, 12, 6, 5, 8, 5, 17, 6], [14, 24, 2, 8, 12, 10, 7, 6, 11, 6], [10, 16, 7, 13, 18, 10, 6, 8, 10, 2], [10, 13, 4, 11, 6, 5, 16, 8, 13, 14], [10, 16, 2, 7, 12, 12, 10, 8, 16, 7], [17, 16, 3, 7, 10, 5, 7, 7, 17, 11], [10, 22, 3, 3, 12, 9, 6, 10, 14, 11], [12, 19, 4, 7, 5, 6, 16, 10, 13, 8], [17, 12, 5, 6, 12, 7, 12, 6, 12, 11], [15, 17, 2, 3, 12, 5, 9, 5, 19, 13], [11, 21, 3, 8, 11, 6, 11, 6, 17, 6], [10, 14, 7, 7, 15, 7, 11, 7, 13, 9], [17, 7, 4, 10, 13, 11, 7, 9, 10, 12], [13, 7, 7, 16, 13, 5, 12, 3, 16, 8], [19, 2, 7, 13, 8, 7, 10, 8, 10, 16], [17, 8, 4, 13, 5, 6, 11, 20, 9, 7], [20, 2, 4, 17, 8, 4, 15, 12, 7, 11], [13, 4, 7, 14, 8, 7, 13, 12, 13, 9], [9, 6, 12, 19, 11, 1, 12, 13, 7, 10], [7, 1, 5, 23, 14, 3, 9, 13, 14, 11], [10, 5, 8, 18, 10, 9, 12, 12, 11, 5], [15, 7, 7, 8, 7, 8, 13, 13, 10, 12], [15, 5, 8, 13, 11, 11, 8, 11, 11, 7], [10, 5, 4, 17, 17, 7, 8, 10, 16, 6], [13, 5, 9, 9, 9, 4, 13, 14, 16, 8], [10, 4, 8, 22, 4, 7, 11, 13, 14, 7], [12, 4, 5, 15, 7, 9, 14, 8, 14, 12], [10, 10, 3, 13, 8, 12, 12, 7, 15, 10], [13, 3, 6, 20, 12, 7, 6, 8, 13, 12]], "lambda_": 0.5,