{"M": 50, "G": 4, "I": 3, "J": 100, "p": [[0.14090457732224396, 0.4129623260927571, 0.4461330965849989], [0.06252269779178714, 0.5993496332647651, 0.3381276689434477], [0.8225795395797452, 0.12602514504674908, 0.0513953153735057], [0.7565924537553117, 0.22170157285653438, 0.021705973388153763]], "r": [[[11, 21, 33], [0, 6, 3], [11, 2, 1], [9, 3, 0]], [[10, 19, 32], [0, 7, 5], [10, 3, 1], [12, 1, 0]], [[14, 25, 22], [4, 7, 4], [9, 1, 1], [10, 3, 0]], [[5, 28, 30], [2, 6, 3], [12, 3, 0], [8, 3, 0]], [[9, 23, 30], [0, 7, 6], [7, 2, 1], [10, 5, 0]], [[11, 19, 36], [1, 5, 5], [5, 2, 2], [9, 5, 0]], [[9, 24, 23], [1, 10, 3], [13, 1, 1], [12, 3, 0]], [[13, 27, 21], [1, 7, 3], [15, 1, 0], [9, 3, 0]], [[5, 23, 26], [1, 15, 6], [7, 2, 0], [11, 4, 0]], [[7, 20, 23], [0, 5, 4], [21, 4, 1], [10, 5, 0]], [[8, 34, 31], [0, 3, 4], [9, 4, 0], [6, 0, 1]], [[7, 27, 30], [1, 9, 3], [13, 0, 0], [9, 1, 0]], [[2, 18, 20], [0, 23, 11], [12, 0, 0], [12, 1, 1]], [[4, 6, 7], [1, 37, 25], [6, 1, 0], [11, 1, 1]], [[0, 9, 7], [4, 36, 17], [11, 0, 1], [11, 3, 1]], [[5, 4, 4], [4, 41, 19], [8, 3, 0], [11, 1, 0]], [[3, 4, 7], [4, 37, 22], [12, 0, 0], [5, 6, 0]], [[1, 5, 10], [2, 38, 17], [8, 2, 2], [11, 4, 0]], [[3, 6, 5], [3, 41, 20], [8, 1, 0], [8, 5, 0]], [[3, 7, 1], [6, 38, 21], [12, 3, 2], [7, 0, 0]], [[2, 4, 3], [4, 41, 23], [10, 1, 1], [6, 5, 0]], [[3, 8, 9], [4, 36, 20], [5, 2, 0], [9, 4, 0]], [[0, 4, 6], [1, 39, 21], [13, 2, 0], [9, 5, 0]], [[2, 2, 6], [2, 45, 17], [9, 4, 0], [9, 4, 0]], [[1, 5, 7], [3, 39, 14], [13, 3, 1], [12, 2, 0]], [[2, 10, 3], [1, 9, 7], [47, 4, 5], [10, 1, 1]], [[2, 5, 10], [0, 8, 5], [45, 10, 1], [12, 1, 1]], [[1, 4, 9], [0, 10, 8], [52, 3, 4], [8, 1, 0]], [[0, 6, 2], [2, 8, 4], [50, 9, 3], [11, 4, 1]], [[3, 7, 6], [1, 8, 5], [51, 7, 3], [8, 1, 0]], [[0, 9, 4], [0, 8, 5], [48, 10, 4], [10, 2, 0]], [[2, 6, 1], [2, 6, 8], [48, 14, 2], [8, 3, 0]], [[4, 7, 5], [2, 5, 3], [55, 7, 3], [7, 2, 0]], [[4, 5, 4], [2, 10, 4], [50, 10, 2], [5, 4, 0]], [[0, 3, 3], [1, 6, 6], [55, 8, 1], [15, 2, 0]], [[0, 10, 5], [0, 7, 1], [52, 9, 5], [9, 2, 0]], [[6, 2, 11], [1, 6, 6], [53, 1, 2], [10, 2, 0]], [[1, 6, 2], [1, 11, 8], [25, 7, 2], [32, 5, 0]], [[2, 5, 4], [1, 6, 4], [9, 4, 4], [45, 15, 1]], [[4, 7, 5], [0, 10, 6], [9, 2, 0], [43, 14, 0]], [[2, 5, 2], [0, 8, 4], [13, 2, 0], [50, 14, 0]], [[3, 6, 8], [2, 7, 0], [13, 4, 0], [37, 17, 3]], [[2, 7, 7], [0, 6, 4], [9, 0, 0], [47, 16, 2]], [[2, 4, 2], [0, 4, 4], [11, 4, 1], [48, 16, 4]], [[2, 3, 4], [1, 6, 8], [11, 0, 0], [52, 11, 2]], [[2, 5, 8], [1, 9, 5], [3, 1, 0], [47, 17, 2]], [[2, 4, 4], [1, 7, 5], [15, 0, 0], [51, 9, 2]], [[0, 5, 8], [0, 7, 7], [10, 0, 4], [44, 12, 3]], [[4, 2, 3], [1, 6, 2], [10, 6, 0], [44, 19, 3]], [[0, 4, 6], [0, 9, 1], [16, 1, 0], [53, 9, 1]]], "n": [[31, 32, 37], [32, 30, 38], [37, 36, 27], [27, 40, 33], [26, 37, 37], [26, 31, 43], [35, 38, 27], [38, 38, 24], [24, 44, 32], [38, 34, 28], [23, 41, 36], [30, 37, 33], [26, 42, 32], [22, 45, 33], [26, 48, 26], [28, 49, 23], [24, 47, 29], [22, 49, 29], [22, 53, 25], [28, 48, 24], [22, 51, 27], [21, 50, 29], [23, 50, 27], [22, 55, 23], [29, 49, 22], [60, 24, 16], [59, 24, 17], [61, 18, 21], [63, 27, 10], [63, 23, 14], [58, 29, 13], [60, 29, 11], [68, 21, 11], [61, 29, 10], [71, 19, 10], [61, 28, 11], [70, 11, 19], [59, 29, 12], [57, 30, 13], [56, 33, 11], [65, 29, 6], [55, 34, 11], [58, 29, 13], [61, 28, 11], [66, 20, 14], [53, 32, 15], [69, 20, 11], [54, 24, 22], [59, 33, 8], [69, 23, 8]], "lambda_": 0.5, "b": [[65, 9, 14, 12], [61, 12, 14, 13], [61, 15, 11, 13], [63, 11, 15, 11], [62, 13, 10, 15], [66, 11, 9, 14], [56, 14, 15, 15], [61, 11, 16, 12], [54, 22, 9, 15], [50, 9, 26, 15], [73, 7, 13, 7], [64, 13, 13, 10], [40, 34, 12, 14], [17, 63, 7, 13], [16, 57, 12, 15], [13, 64, 11, 12], [14, 63, 12, 11], [16, 57, 12, 15], [14, 64, 9, 13], [11, 65, 17, 7], [9, 68, 12, 11], [20, 60, 7, 13], [10, 61, 15, 14], [10, 64, 13, 13], [13, 56, 17, 14], [15, 17, 56, 12], [17, 13, 56, 14], [14, 18, 59, 9], [8, 14, 62, 16], [16, 14, 61, 9], [13, 13, 62, 12], [9, 16, 64, 11], [16, 10, 65, 9], [13, 16, 62, 9], [6, 13, 64, 17], [15, 8, 66, 11], [19, 13, 56, 12], [9, 20, 34, 37], [11, 11, 17, 61], [16, 16, 11, 57], [9, 12, 15, 64], [17, 9, 17, 57], [16, 10, 9, 65], [8, 8, 16, 68], [9, 15, 11, 65], [15, 15, 4, 66], [10, 13, 15, 62], [13, 14, 14, 59], [9, 9, 16, 66], [10, 10, 17, 63]]}