{"M": 50, "G": 2, "I": 3, "J": 100, "p": [[0.09927750520862948, 0.8091342359282716, 0.09158825886309889], [0.6081484782973842, 0.16248736605778868, 0.2293641556448271]], "r": [[[10, 55, 7], [19, 4, 5]], [[5, 60, 8], [14, 7, 6]], [[8, 66, 5], [11, 5, 5]], [[6, 57, 9], [13, 7, 8]], [[5, 63, 10], [13, 6, 3]], [[6, 57, 9], [16, 7, 5]], [[6, 65, 8], [14, 5, 2]], [[7, 71, 4], [10, 4, 4]], [[4, 62, 12], [15, 2, 5]], [[9, 57, 3], [20, 5, 6]], [[10, 59, 5], [15, 7, 4]], [[5, 57, 6], [21, 4, 7]], [[4, 69, 8], [14, 2, 3]], [[5, 68, 5], [14, 4, 4]], [[4, 60, 8], [23, 2, 3]], [[7, 65, 7], [11, 3, 7]], [[5, 67, 8], [16, 3, 1]], [[8, 64, 6], [13, 4, 5]], [[2, 58, 8], [21, 2, 9]], [[11, 61, 4], [15, 3, 6]], [[8, 63, 7], [13, 3, 6]], [[8, 72, 4], [7, 5, 4]], [[12, 63, 3], [10, 5, 7]], [[11, 56, 10], [16, 5, 2]], [[10, 64, 4], [16, 2, 4]], [[1, 17, 3], [56, 7, 16]], [[0, 19, 2], [46, 15, 18]], [[3, 20, 2], [41, 15, 19]], [[1, 25, 1], [48, 12, 13]], [[7, 24, 1], [49, 8, 11]], [[4, 15, 3], [43, 19, 16]], [[4, 10, 2], [46, 16, 22]], [[2, 19, 2], [45, 14, 18]], [[3, 21, 4], [46, 12, 14]], [[2, 18, 3], [45, 8, 24]], [[3, 17, 3], [46, 11, 20]], [[6, 18, 2], [40, 17, 17]], [[5, 17, 4], [41, 16, 17]], [[3, 18, 1], [55, 10, 13]], [[2, 21, 2], [43, 18, 14]], [[1, 18, 2], [43, 15, 21]], [[1, 17, 5], [52, 11, 14]], [[2, 24, 1], [36, 16, 21]], [[2, 20, 3], [46, 15, 14]], [[2, 20, 1], [49, 13, 15]], [[4, 19, 4], [48, 13, 12]], [[2, 24, 1], [39, 15, 19]], [[4, 21, 0], [40, 17, 18]], [[1, 14, 3], [45, 11, 26]], [[2, 19, 2], [42, 13, 22]]], "n": [[29, 59, 12], [19, 67, 14], [19, 71, 10], [19, 64, 17], [18, 69, 13], [22, 64, 14], [20, 70, 10], [17, 75, 8], [19, 64, 17], [29, 62, 9], [25, 66, 9], [26, 61, 13], [18, 71, 11], [19, 72, 9], [27, 62, 11], [18, 68, 14], [21, 70, 9], [21, 68, 11], [23, 60, 17], [26, 64, 10], [21, 66, 13], [15, 77, 8], [22, 68, 10], [27, 61, 12], [26, 66, 8], [57, 24, 19], [46, 34, 20], [44, 35, 21], [49, 37, 14], [56, 32, 12], [47, 34, 19], [50, 26, 24], [47, 33, 20], [49, 33, 18], [47, 26, 27], [49, 28, 23], [46, 35, 19], [46, 33, 21], [58, 28, 14], [45, 39, 16], [44, 33, 23], [53, 28, 19], [38, 40, 22], [48, 35, 17], [51, 33, 16], [52, 32, 16], [41, 39, 20], [44, 38, 18], [46, 25, 29], [44, 32, 24]], "lambda_": 0.5, "b": [[72, 28], [73, 27], [79, 21], [72, 28], [78, 22], [72, 28], [79, 21], [82, 18], [78, 22], [69, 31], [74, 26], [68, 32], [81, 19], [78, 22], [72, 28], [79, 21], [80, 20], [78, 22], [68, 32], [76, 24], [78, 22], [84, 16], [78, 22], [77, 23], [78, 22], [21, 79], [21, 79], [25, 75], [27, 73], [32, 68], [22, 78], [16, 84], [23, 77], [28, 72], [23, 77], [23, 77], [26, 74], [26, 74], [22, 78], [25, 75], [21, 79], [23, 77], [27, 73], [25, 75], [23, 77], [27, 73], [27, 73], [25, 75], [18, 82], [23, 77]]}