{"M": 50, "G": 3, "I": 4, "J": 100, "p": [[0.05216688931614263, 0.7281016304927765, 0.14416663056927898, 0.07556484962180193], [0.12400640059949905, 0.02668600193265709, 0.34330120696457905, 0.5060063905032649], [0.664535329822959, 0.1652827843843414, 0.03981972017986964, 0.1303621656128299]], "r": [[[3, 47, 12, 7], [0, 0, 7, 7], [11, 3, 3, 0]], [[5, 52, 13, 2], [0, 0, 3, 9], [11, 4, 1, 0]], [[3, 42, 9, 5], [2, 0, 9, 12], [11, 6, 0, 1]], [[2, 45, 12, 4], [1, 0, 9, 7], [16, 2, 1, 1]], [[3, 50, 7, 7], [0, 1, 5, 11], [10, 4, 0, 2]], [[1, 46, 5, 5], [4, 0, 7, 14], [15, 2, 0, 1]], [[4, 49, 3, 6], [1, 1, 7, 6], [13, 4, 1, 5]], [[3, 44, 11, 3], [5, 1, 8, 6], [15, 2, 0, 2]], [[5, 53, 5, 2], [0, 0, 5, 11], [13, 3, 3, 0]], [[3, 57, 10, 4], [0, 0, 3, 10], [9, 3, 1, 0]], [[6, 52, 5, 3], [3, 1, 9, 6], [9, 3, 0, 3]], [[5, 47, 6, 9], [1, 0, 5, 10], [14, 3, 0, 0]], [[5, 47, 13, 5], [2, 1, 5, 6], [12, 1, 0, 3]], [[1, 55, 9, 4], [1, 0, 10, 7], [9, 2, 1, 1]], [[1, 54, 11, 8], [1, 1, 1, 11], [8, 2, 1, 1]], [[2, 56, 7, 6], [2, 1, 3, 6], [11, 4, 1, 1]], [[3, 38, 6, 5], [4, 0, 15, 8], [12, 5, 2, 2]], [[1, 12, 1, 3], [8, 0, 23, 37], [7, 5, 1, 2]], [[1, 10, 5, 1], [10, 1, 18, 35], [17, 1, 0, 1]], [[0, 7, 2, 0], [8, 2, 24, 45], [7, 5, 0, 0]], [[0, 8, 2, 2], [9, 4, 28, 31], [8, 4, 1, 3]], [[0, 12, 4, 0], [11, 2, 17, 35], [15, 3, 1, 0]], [[0, 18, 3, 0], [8, 2, 21, 29], [13, 2, 1, 3]], [[0, 14, 2, 0], [8, 0, 19, 41], [9, 4, 0, 3]], [[1, 13, 3, 2], [6, 1, 23, 27], [19, 1, 0, 4]], [[0, 15, 4, 0], [8, 2, 22, 32], [12, 2, 1, 2]], [[3, 10, 3, 1], [7, 2, 23, 29], [15, 3, 2, 2]], [[0, 17, 2, 1], [6, 1, 32, 27], [5, 5, 1, 3]], [[0, 18, 4, 1], [7, 0, 20, 33], [13, 1, 1, 2]], [[1, 11, 7, 0], [6, 0, 24, 39], [7, 3, 1, 1]], [[2, 9, 1, 2], [8, 1, 25, 41], [7, 1, 3, 0]], [[0, 10, 4, 0], [9, 1, 23, 39], [8, 5, 0, 1]], [[1, 17, 1, 1], [9, 1, 29, 21], [13, 5, 1, 1]], [[1, 9, 1, 0], [1, 1, 12, 22], [34, 8, 0, 11]], [[2, 12, 1, 1], [4, 1, 3, 10], [45, 8, 0, 13]], [[1, 12, 4, 0], [2, 1, 5, 10], [39, 9, 5, 12]], [[1, 9, 3, 1], [0, 0, 4, 18], [42, 9, 2, 11]], [[0, 10, 3, 4], [2, 0, 7, 10], [41, 10, 3, 10]], [[0, 13, 4, 0], [2, 1, 9, 6], [38, 16, 1, 10]], [[4, 13, 2, 0], [3, 0, 2, 11], [47, 9, 2, 7]], [[1, 10, 3, 2], [0, 0, 7, 10], [41, 15, 4, 7]], [[0, 14, 0, 2], [2, 0, 5, 11], [42, 12, 3, 9]], [[1, 15, 4, 1], [3, 0, 5, 4], [50, 8, 1, 8]], [[2, 16, 1, 0], [1, 1, 7, 12], [34, 13, 3, 10]], [[0, 16, 0, 0], [3, 1, 3, 5], [47, 15, 2, 8]], [[1, 9, 0, 1], [3, 1, 9, 5], [45, 15, 4, 7]], [[2, 13, 2, 1], [2, 1, 6, 11], [41, 4, 7, 10]], [[1, 15, 4, 0], [3, 0, 7, 8], [41, 12, 1, 8]], [[1, 11, 2, 3], [1, 1, 4, 5], [55, 10, 1, 6]], [[0, 6, 3, 3], [3, 0, 9, 9], [42, 12, 2, 11]]], "n": [[14, 50, 22, 14], [16, 56, 17, 11], [16, 48, 18, 18], [19, 47, 22, 12], [13, 55, 12, 20], [20, 48, 12, 20], [18, 54, 11, 17], [23, 47, 19, 11], [18, 56, 13, 13], [12, 60, 14, 14], [18, 56, 14, 12], [20, 50, 11, 19], [19, 49, 18, 14], [11, 57, 20, 12], [10, 57, 13, 20], [15, 61, 11, 13], [19, 43, 23, 15], [16, 17, 25, 42], [28, 12, 23, 37], [15, 14, 26, 45], [17, 16, 31, 36], [26, 17, 22, 35], [21, 22, 25, 32], [17, 18, 21, 44], [26, 15, 26, 33], [20, 19, 27, 34], [25, 15, 28, 32], [11, 23, 35, 31], [20, 19, 25, 36], [14, 14, 32, 40], [17, 11, 29, 43], [17, 16, 27, 40], [23, 23, 31, 23], [36, 18, 13, 33], [51, 21, 4, 24], [42, 22, 14, 22], [43, 18, 9, 30], [43, 20, 13, 24], [40, 30, 14, 16], [54, 22, 6, 18], [42, 25, 14, 19], [44, 26, 8, 22], [54, 23, 10, 13], [37, 30, 11, 22], [50, 32, 5, 13], [49, 25, 13, 13], [45, 18, 15, 22], [45, 27, 12, 16], [57, 22, 7, 14], [45, 18, 14, 23]], "lambda_": 0.5, "b": [[69, 14, 17], [72, 12, 16], [59, 23, 18], [63, 17, 20], [67, 17, 16], [57, 25, 18], [62, 15, 23], [61, 20, 19], [65, 16, 19], [74, 13, 13], [66, 19, 15], [67, 16, 17], [70, 14, 16], [69, 18, 13], [74, 14, 12], [71, 12, 17], [52, 27, 21], [17, 68, 15], [17, 64, 19], [9, 79, 12], [12, 72, 16], [16, 65, 19], [21, 60, 19], [16, 68, 16], [19, 57, 24], [19, 64, 17], [17, 61, 22], [20, 66, 14], [23, 60, 17], [19, 69, 12], [14, 75, 11], [14, 72, 14], [20, 60, 20], [11, 36, 53], [16, 18, 66], [17, 18, 65], [14, 22, 64], [17, 19, 64], [17, 18, 65], [19, 16, 65], [16, 17, 67], [16, 18, 66], [21, 12, 67], [19, 21, 60], [16, 12, 72], [11, 18, 71], [18, 20, 62], [20, 18, 62], [17, 11, 72], [12, 21, 67]]}