{"M": 50, "G": 4, "I": 10, "J": 100, "p": [[0.003184587853581453, 0.21281910917822938, 0.20910140020993273, 0.04387476735424167, 0.04680857147848006, 0.07531090977110398, 0.16556334873637976, 0.08707966152205988, 0.026813439019434428, 0.12944420487655667], [0.014271007074978298, 0.1649078165152746, 0.23584109291398292, 0.0030910774066948976, 0.09393920083377816, 0.06651674575340452, 0.17855868802116745, 0.08598508851824638, 0.062082239260584704, 0.0948070437018881], [0.029749867779614324, 0.07219827344998925, 0.1060943356827146, 0.038165718905451625, 0.17185928702530912, 0.09915736290803044, 0.24942287516209627, 0.011319994990374232, 0.04483336009239711, 0.17719892400402298], [0.0752028946487588, 0.14144413173079354, 0.2535545941812312, 0.014719976569851292, 0.019978234018702298, 0.14823323769446353, 0.1697994559674898, 0.10184511376430988, 0.03055625517565531, 0.04466610624874442]], "r": [[[0, 11, 8, 2, 7, 4, 10, 8, 1, 8], [0, 3, 2, 0, 4, 1, 2, 0, 1, 2], [1, 1, 3, 0, 0, 0, 2, 0, 1, 3], [0, 2, 1, 0, 0, 1, 3, 3, 4, 1]], [[0, 20, 10, 2, 1, 5, 14, 3, 0, 3], [0, 2, 2, 0, 1, 2, 3, 1, 1, 0], [0, 1, 4, 2, 3, 3, 4, 0, 0, 2], [2, 1, 2, 0, 0, 3, 3, 0, 0, 0]], [[0, 10, 16, 2, 1, 6, 16, 7, 0, 4], [0, 2, 1, 0, 3, 2, 2, 1, 0, 1], [1, 1, 3, 2, 1, 2, 6, 1, 1, 1], [1, 0, 2, 0, 1, 3, 0, 0, 0, 0]], [[0, 19, 12, 3, 3, 6, 10, 2, 1, 10], [0, 2, 2, 0, 0, 0, 1, 0, 2, 1], [0, 0, 1, 0, 3, 1, 2, 1, 0, 1], [1, 1, 6, 0, 0, 1, 4, 3, 0, 1]], [[0, 12, 14, 2, 7, 4, 13, 6, 3, 6], [0, 2, 1, 0, 1, 0, 1, 0, 1, 0], [0, 1, 1, 1, 0, 1, 6, 0, 2, 3], [0, 4, 3, 0, 0, 1, 2, 0, 0, 2]], [[1, 12, 11, 1, 3, 6, 12, 3, 1, 8], [0, 2, 4, 0, 1, 0, 3, 0, 3, 2], [1, 1, 1, 0, 1, 1, 2, 0, 1, 3], [0, 1, 8, 0, 0, 2, 3, 2, 0, 0]], [[0, 10, 21, 4, 7, 3, 7, 1, 2, 9], [0, 2, 2, 0, 1, 0, 3, 3, 0, 1], [0, 1, 3, 2, 2, 1, 0, 0, 0, 2], [0, 2, 3, 1, 0, 3, 3, 1, 0, 0]], [[0, 14, 13, 3, 2, 9, 9, 4, 2, 8], [1, 0, 4, 0, 0, 4, 5, 1, 1, 1], [0, 1, 0, 0, 0, 4, 2, 0, 1, 1], [1, 2, 4, 0, 1, 1, 1, 0, 0, 0]], [[0, 12, 10, 1, 2, 3, 13, 9, 1, 5], [1, 0, 6, 0, 2, 0, 2, 1, 1, 0], [0, 3, 2, 1, 1, 0, 3, 0, 0, 1], [0, 3, 4, 0, 0, 2, 6, 4, 0, 1]], [[0, 11, 17, 2, 3, 2, 11, 6, 3, 6], [1, 1, 3, 0, 1, 0, 3, 1, 0, 2], [0, 1, 0, 1, 2, 0, 5, 0, 0, 2], [2, 1, 5, 0, 1, 4, 1, 1, 1, 0]], [[0, 13, 9, 5, 2, 4, 11, 7, 4, 9], [0, 2, 3, 0, 2, 0, 4, 1, 1, 1], [0, 0, 2, 0, 1, 2, 4, 0, 0, 2], [1, 1, 3, 0, 0, 2, 2, 1, 1, 0]], [[0, 10, 15, 2, 2, 4, 13, 6, 2, 6], [0, 4, 3, 0, 5, 1, 0, 1, 1, 0], [0, 0, 0, 1, 4, 0, 2, 0, 0, 7], [1, 3, 3, 0, 0, 1, 0, 2, 0, 1]], [[0, 9, 5, 3, 3, 3, 4, 1, 1, 9], [2, 5, 10, 0, 5, 2, 4, 5, 4, 6], [0, 0, 0, 2, 2, 3, 2, 0, 2, 3], [1, 2, 2, 0, 0, 0, 0, 0, 0, 0]], [[0, 3, 3, 0, 1, 0, 1, 0, 0, 0], [1, 9, 11, 1, 10, 6, 15, 5, 2, 8], [0, 2, 1, 0, 2, 1, 3, 0, 0, 2], [0, 3, 6, 0, 0, 1, 1, 2, 0, 0]], [[0, 3, 1, 1, 1, 1, 1, 2, 1, 0], [0, 10, 22, 0, 6, 4, 9, 5, 6, 3], [0, 2, 1, 0, 2, 2, 4, 0, 1, 3], [0, 2, 2, 0, 0, 2, 3, 0, 0, 0]], [[0, 0, 3, 0, 0, 2, 4, 3, 0, 0], [0, 14, 18, 0, 6, 3, 11, 4, 4, 8], [0, 0, 0, 0, 0, 0, 2, 0, 1, 1], [1, 1, 5, 0, 0, 0, 6, 1, 1, 1]], [[0, 3, 6, 0, 0, 0, 2, 0, 0, 0], [2, 12, 17, 0, 4, 5, 13, 2, 3, 1], [0, 3, 3, 1, 1, 1, 7, 0, 0, 2], [1, 1, 3, 0, 1, 1, 3, 1, 0, 1]], [[0, 4, 4, 2, 0, 2, 1, 1, 0, 0], [1, 13, 13, 0, 3, 8, 10, 4, 4, 8], [0, 0, 2, 0, 2, 0, 1, 0, 2, 1], [0, 1, 2, 0, 0, 2, 2, 5, 2, 0]], [[1, 1, 3, 1, 0, 0, 6, 0, 0, 1], [2, 8, 16, 0, 3, 3, 5, 6, 6, 6], [1, 1, 3, 2, 2, 0, 2, 2, 1, 2], [0, 4, 5, 0, 0, 0, 3, 3, 0, 1]], [[0, 1, 2, 0, 0, 2, 2, 1, 1, 2], [1, 11, 13, 1, 9, 3, 14, 3, 7, 3], [0, 4, 1, 1, 3, 0, 1, 0, 0, 1], [1, 5, 3, 0, 0, 0, 2, 2, 0, 0]], [[0, 1, 3, 0, 1, 2, 6, 1, 0, 1], [0, 11, 16, 1, 7, 4, 6, 7, 5, 3], [1, 0, 2, 0, 0, 1, 3, 1, 2, 2], [0, 1, 2, 0, 1, 1, 5, 3, 0, 0]], [[0, 2, 3, 0, 1, 2, 1, 0, 0, 4], [1, 10, 13, 0, 8, 5, 7, 4, 7, 7], [0, 2, 4, 0, 0, 1, 0, 0, 0, 1], [3, 5, 6, 1, 1, 0, 0, 1, 0, 0]], [[0, 4, 3, 1, 0, 3, 2, 2, 0, 1], [0, 5, 19, 0, 5, 2, 11, 5, 3, 7], [1, 0, 2, 0, 3, 2, 1, 0, 0, 4], [0, 2, 5, 0, 0, 2, 2, 1, 1, 1]], [[0, 3, 3, 2, 0, 3, 1, 0, 0, 2], [0, 11, 13, 0, 7, 5, 12, 3, 2, 8], [0, 1, 1, 1, 3, 4, 3, 0, 0, 3], [0, 2, 3, 0, 0, 1, 0, 2, 1, 0]], [[0, 1, 3, 0, 1, 1, 3, 1, 0, 1], [1, 10, 13, 0, 7, 5, 13, 6, 9, 4], [2, 1, 1, 0, 3, 5, 1, 0, 1, 3], [1, 1, 0, 0, 2, 0, 0, 0, 0, 0]], [[0, 3, 0, 1, 0, 0, 1, 1, 0, 1], [0, 2, 3, 0, 0, 1, 2, 2, 2, 3], [2, 5, 5, 2, 11, 7, 20, 1, 2, 5], [3, 0, 3, 0, 1, 1, 3, 5, 1, 1]], [[0, 1, 3, 0, 1, 0, 1, 3, 0, 2], [0, 3, 3, 0, 1, 1, 5, 0, 0, 0], [0, 3, 9, 2, 14, 2, 16, 1, 5, 16], [1, 2, 1, 0, 0, 2, 1, 0, 0, 1]], [[0, 4, 2, 1, 2, 1, 2, 0, 0, 1], [0, 1, 4, 0, 1, 1, 3, 0, 1, 0], [1, 5, 7, 4, 10, 8, 14, 1, 1, 11], [3, 1, 4, 0, 0, 1, 2, 1, 1, 1]], [[0, 2, 0, 1, 0, 1, 2, 1, 0, 2], [0, 2, 6, 0, 0, 1, 5, 1, 0, 0], [0, 8, 5, 5, 14, 5, 12, 0, 5, 14], [0, 2, 2, 0, 1, 0, 1, 0, 1, 1]], [[0, 1, 4, 2, 0, 2, 3, 0, 0, 2], [0, 0, 3, 0, 1, 1, 3, 0, 0, 0], [1, 7, 10, 3, 6, 6, 17, 2, 3, 9], [0, 0, 2, 1, 0, 3, 4, 3, 1, 0]], [[0, 2, 3, 2, 0, 0, 3, 1, 0, 2], [1, 5, 1, 1, 2, 0, 2, 0, 0, 0], [1, 6, 9, 1, 5, 4, 18, 0, 4, 8], [0, 0, 5, 0, 1, 3, 3, 5, 0, 2]], [[0, 2, 4, 0, 0, 2, 5, 1, 0, 1], [1, 2, 4, 0, 1, 1, 5, 0, 0, 2], [0, 5, 2, 3, 11, 3, 25, 0, 1, 15], [0, 1, 1, 0, 0, 0, 1, 0, 0, 1]], [[0, 2, 2, 1, 0, 0, 4, 2, 1, 2], [0, 3, 2, 0, 0, 1, 1, 0, 0, 2], [4, 2, 7, 0, 12, 7, 20, 0, 3, 10], [0, 2, 3, 0, 0, 3, 2, 1, 0, 1]], [[0, 2, 1, 0, 0, 2, 1, 1, 0, 1], [0, 2, 1, 0, 0, 1, 4, 1, 2, 0], [6, 1, 9, 2, 9, 10, 17, 1, 4, 10], [1, 2, 4, 0, 0, 0, 2, 1, 0, 2]], [[0, 2, 4, 0, 0, 2, 2, 1, 1, 1], [0, 2, 4, 0, 1, 0, 2, 1, 1, 1], [4, 5, 3, 2, 11, 10, 12, 0, 3, 9], [1, 3, 5, 0, 0, 2, 2, 3, 0, 0]], [[0, 1, 0, 0, 0, 1, 4, 2, 0, 1], [1, 4, 0, 0, 0, 0, 1, 2, 3, 0], [1, 3, 10, 6, 16, 7, 14, 0, 6, 5], [3, 2, 3, 0, 0, 0, 2, 1, 0, 1]], [[0, 2, 1, 2, 0, 1, 3, 3, 1, 5], [0, 2, 3, 0, 0, 0, 3, 2, 0, 0], [2, 4, 9, 3, 5, 6, 15, 1, 3, 7], [3, 2, 6, 0, 0, 4, 1, 0, 0, 1]], [[0, 1, 0, 0, 0, 2, 2, 1, 0, 0], [0, 1, 5, 0, 1, 0, 3, 1, 1, 2], [1, 2, 4, 1, 6, 6, 6, 0, 1, 7], [4, 6, 14, 1, 1, 7, 7, 3, 2, 1]], [[0, 2, 7, 1, 0, 1, 1, 3, 0, 0], [0, 4, 3, 0, 1, 1, 1, 1, 0, 0], [0, 3, 4, 1, 1, 0, 1, 0, 2, 0], [4, 9, 14, 2, 0, 11, 13, 3, 4, 2]], [[0, 1, 3, 1, 1, 2, 4, 2, 0, 3], [0, 3, 1, 0, 2, 1, 2, 1, 1, 3], [0, 2, 1, 1, 5, 2, 2, 0, 0, 2], [2, 12, 13, 2, 0, 9, 9, 4, 2, 1]], [[0, 1, 4, 0, 0, 1, 2, 1, 2, 2], [0, 3, 3, 0, 1, 0, 0, 1, 0, 1], [0, 0, 0, 0, 4, 3, 2, 0, 1, 3], [4, 6, 19, 0, 1, 7, 13, 10, 3, 2]], [[0, 5, 2, 0, 0, 3, 2, 0, 0, 3], [0, 2, 2, 0, 1, 0, 5, 0, 0, 0], [0, 0, 0, 1, 1, 1, 4, 1, 0, 3], [5, 9, 18, 0, 1, 8, 10, 9, 3, 1]], [[0, 3, 3, 1, 1, 1, 1, 0, 2, 1], [1, 5, 4, 0, 1, 0, 1, 0, 1, 0], [1, 0, 1, 0, 0, 4, 0, 0, 1, 3], [7, 5, 15, 1, 2, 14, 10, 7, 0, 3]], [[0, 5, 1, 0, 1, 1, 2, 1, 0, 5], [0, 1, 5, 0, 0, 1, 3, 0, 1, 1], [0, 0, 2, 0, 1, 2, 4, 0, 1, 2], [6, 11, 15, 1, 0, 7, 9, 6, 2, 3]], [[0, 4, 5, 0, 0, 0, 1, 0, 1, 0], [0, 4, 5, 0, 2, 0, 5, 1, 1, 0], [0, 0, 0, 0, 4, 2, 4, 0, 1, 3], [2, 7, 21, 3, 3, 4, 11, 3, 3, 0]], [[0, 4, 4, 0, 0, 0, 3, 2, 1, 3], [0, 3, 1, 0, 2, 0, 4, 0, 1, 2], [0, 0, 2, 1, 2, 0, 1, 0, 1, 1], [3, 7, 23, 0, 1, 10, 5, 8, 2, 3]], [[0, 3, 2, 1, 1, 2, 3, 2, 0, 1], [0, 2, 2, 0, 1, 0, 5, 1, 0, 0], [0, 1, 0, 1, 2, 2, 0, 0, 0, 5], [7, 12, 14, 2, 1, 4, 13, 5, 3, 2]], [[0, 0, 5, 1, 1, 5, 0, 1, 0, 2], [0, 2, 6, 0, 1, 1, 2, 1, 0, 3], [1, 1, 1, 0, 0, 0, 4, 0, 0, 3], [0, 11, 16, 2, 1, 14, 7, 5, 1, 2]], [[0, 5, 2, 1, 1, 1, 1, 0, 1, 2], [0, 4, 0, 0, 0, 1, 3, 1, 0, 1], [1, 1, 0, 0, 4, 1, 4, 0, 2, 1], [8, 6, 15, 0, 3, 9, 11, 5, 2, 3]], [[0, 2, 5, 0, 1, 1, 3, 1, 0, 2], [0, 3, 2, 0, 0, 0, 2, 1, 1, 1], [0, 0, 4, 1, 2, 1, 2, 0, 1, 2], [5, 13, 14, 2, 2, 9, 7, 4, 3, 3]]],