{"M": 50, "G": 3, "I": 5, "J": 100, "p": [[0.32269308943329617, 0.004586425360487131, 0.21962067734703034, 0.30215329316282796, 0.1509465146963585], [0.11667254894123515, 0.10113720407829543, 0.6549254129345403, 0.08488643857803523, 0.0423783954678938], [0.17470454273021377, 0.4632313166405077, 0.0005977082854610483, 0.10845461858176728, 0.25301181376205034]], "r": [[[18, 0, 17, 23, 7], [2, 3, 13, 1, 2], [4, 6, 0, 2, 2]], [[18, 0, 13, 20, 10], [6, 1, 8, 2, 1], [2, 17, 0, 1, 1]], [[23, 0, 12, 17, 8], [2, 2, 7, 3, 1], [6, 17, 0, 0, 2]], [[25, 0, 10, 24, 9], [1, 1, 8, 1, 0], [4, 8, 0, 3, 6]], [[22, 0, 11, 20, 11], [1, 3, 13, 1, 1], [4, 6, 0, 4, 3]], [[20, 0, 15, 22, 5], [2, 3, 11, 2, 1], [2, 9, 0, 2, 6]], [[23, 0, 12, 18, 12], [1, 3, 9, 5, 1], [4, 7, 0, 2, 3]], [[20, 0, 19, 23, 7], [2, 5, 13, 2, 1], [0, 3, 0, 1, 4]], [[22, 0, 12, 19, 9], [3, 1, 12, 1, 0], [3, 15, 0, 1, 2]], [[24, 2, 15, 19, 11], [1, 2, 5, 3, 0], [4, 6, 0, 3, 5]], [[19, 0, 20, 15, 12], [1, 1, 14, 0, 0], [2, 7, 0, 6, 3]], [[31, 0, 7, 23, 9], [2, 2, 11, 1, 0], [3, 7, 0, 2, 2]], [[24, 0, 15, 17, 8], [3, 1, 11, 1, 0], [5, 9, 0, 1, 5]], [[24, 0, 16, 20, 6], [1, 0, 12, 3, 1], [2, 11, 0, 2, 2]], [[23, 0, 18, 19, 7], [3, 0, 7, 1, 0], [4, 9, 0, 2, 7]], [[17, 0, 17, 22, 11], [0, 7, 13, 2, 1], [0, 4, 0, 1, 5]], [[18, 0, 5, 17, 8], [5, 6, 27, 4, 1], [0, 6, 0, 2, 1]], [[6, 1, 5, 8, 4], [5, 4, 41, 6, 3], [2, 8, 0, 3, 4]], [[8, 0, 3, 5, 2], [10, 8, 37, 5, 3], [5, 9, 0, 0, 5]], [[4, 0, 2, 2, 2], [5, 12, 48, 5, 5], [2, 8, 0, 2, 3]], [[6, 0, 4, 6, 0], [13, 4, 44, 8, 3], [5, 2, 0, 2, 3]], [[7, 0, 4, 4, 5], [13, 2, 40, 5, 2], [3, 8, 0, 4, 3]], [[5, 0, 3, 2, 0], [9, 11, 51, 3, 4], [2, 6, 0, 3, 1]], [[9, 0, 3, 3, 3], [3, 7, 40, 4, 4], [4, 14, 0, 2, 4]], [[4, 0, 6, 4, 4], [11, 7, 42, 4, 1], [7, 7, 0, 2, 1]], [[2, 0, 1, 6, 3], [11, 7, 45, 10, 2], [3, 5, 0, 1, 4]], [[5, 0, 4, 4, 2], [8, 6, 41, 3, 3], [6, 14, 0, 2, 2]], [[2, 0, 2, 9, 1], [8, 8, 47, 4, 2], [2, 7, 0, 3, 5]], [[2, 0, 3, 5, 4], [12, 9, 37, 3, 3], [1, 12, 0, 2, 7]], [[13, 0, 1, 3, 2], [16, 8, 32, 4, 4], [2, 8, 0, 4, 3]], [[3, 0, 3, 8, 2], [11, 9, 42, 5, 2], [3, 5, 0, 1, 6]], [[3, 0, 3, 4, 2], [15, 4, 47, 5, 5], [1, 1, 0, 2, 8]], [[4, 0, 3, 7, 5], [8, 10, 35, 9, 4], [1, 7, 0, 1, 6]], [[7, 0, 5, 7, 4], [5, 4, 22, 4, 2], [4, 20, 0, 3, 13]], [[4, 0, 0, 1, 5], [1, 2, 13, 2, 0], [10, 32, 0, 6, 24]], [[10, 0, 1, 10, 7], [2, 3, 8, 1, 1], [11, 25, 0, 6, 15]], [[6, 0, 1, 10, 2], [2, 1, 12, 2, 0], [12, 28, 0, 14, 10]], [[4, 1, 3, 7, 5], [3, 0, 6, 2, 1], [12, 34, 0, 7, 15]], [[5, 0, 1, 4, 6], [3, 1, 9, 1, 0], [9, 37, 2, 11, 11]], [[7, 0, 3, 4, 2], [0, 0, 13, 2, 2], [8, 39, 0, 9, 11]], [[3, 1, 2, 5, 2], [0, 1, 9, 3, 1], [10, 37, 0, 4, 22]], [[5, 0, 7, 6, 1], [2, 0, 9, 0, 0], [16, 36, 0, 7, 11]], [[8, 0, 5, 6, 2], [5, 3, 13, 1, 0], [10, 28, 0, 6, 13]], [[8, 0, 7, 9, 1], [0, 2, 9, 1, 1], [9, 34, 0, 5, 14]], [[7, 0, 4, 5, 2], [3, 2, 10, 0, 1], [10, 33, 0, 3, 20]], [[11, 0, 0, 1, 6], [3, 1, 7, 0, 1], [16, 28, 0, 8, 18]], [[5, 0, 2, 5, 1], [2, 1, 11, 2, 0], [17, 35, 0, 6, 13]], [[8, 0, 4, 6, 3], [4, 2, 9, 1, 0], [14, 32, 0, 5, 12]], [[7, 0, 3, 7, 2], [5, 1, 9, 2, 0], [15, 28, 0, 6, 15]], [[10, 0, 0, 7, 2], [0, 3, 5, 1, 0], [13, 37, 0, 5, 17]]], "n": [[24, 9, 30, 26, 11], [26, 18, 21, 23, 12], [31, 19, 19, 20, 11], [30, 9, 18, 28, 15], [27, 9, 24, 25, 15], [24, 12, 26, 26, 12], [28, 10, 21, 25, 16], [22, 8, 32, 26, 12], [28, 16, 24, 21, 11], [29, 10, 20, 25, 16], [22, 8, 34, 21, 15], [36, 9, 18, 26, 11], [32, 10, 26, 19, 13], [27, 11, 28, 25, 9], [30, 9, 25, 22, 14], [17, 11, 30, 25, 17], [23, 12, 32, 23, 10], [13, 13, 46, 17, 11], [23, 17, 40, 10, 10], [11, 20, 50, 9, 10], [24, 6, 48, 16, 6], [23, 10, 44, 13, 10], [16, 17, 54, 8, 5], [16, 21, 43, 9, 11], [22, 14, 48, 10, 6], [16, 12, 46, 17, 9], [19, 20, 45, 9, 7], [12, 15, 49, 16, 8], [15, 21, 40, 10, 14], [31, 16, 33, 11, 9], [17, 14, 45, 14, 10], [19, 5, 50, 11, 15], [13, 17, 38, 17, 15], [16, 24, 27, 14, 19], [15, 34, 13, 9, 29], [23, 28, 9, 17, 23], [20, 29, 13, 26, 12], [19, 35, 9, 16, 21], [17, 38, 12, 16, 17], [15, 39, 16, 15, 15], [13, 39, 11, 12, 25], [23, 36, 16, 13, 12], [23, 31, 18, 13, 15], [17, 36, 16, 15, 16], [20, 35, 14, 8, 23], [30, 29, 7, 9, 25], [24, 36, 13, 13, 14], [26, 34, 13, 12, 15], [27, 29, 12, 15, 17], [23, 40, 5, 13, 19]], "lambda_": 0.5, "b": [[65, 21, 14], [61, 18, 21], [60, 15, 25], [68, 11, 21], [64, 19, 17], [62, 19, 19], [65, 19, 16], [69, 23, 8], [62, 17, 21], [71, 11, 18], [66, 16, 18], [70, 16, 14], [64, 16, 20], [66, 17, 17], [67, 11, 22], [67, 23, 10], [48, 43, 9], [24, 59, 17], [18, 63, 19], [10, 75, 15], [16, 72, 12], [20, 62, 18], [10, 78, 12], [18, 58, 24], [18, 65, 17], [12, 75, 13], [15, 61, 24], [14, 69, 17], [14, 64, 22], [19, 64, 17], [16, 69, 15], [12, 76, 12], [19, 66, 15], [23, 37, 40], [10, 18, 72], [28, 15, 57], [19, 17, 64], [20, 12, 68], [16, 14, 70], [16, 17, 67], [13, 14, 73], [19, 11, 70], [21, 22, 57], [25, 13, 62], [18, 16, 66], [18, 12, 70], [13, 16, 71], [21, 16, 63], [19, 17, 64], [19, 9, 72]]}