{"M": 50, "G": 2, "I": 3, "J": 100, "p": [[0.2974927278529054, 0.7024442120019875, 6.306014510719398e-05], [0.5848101305057984, 0.2578102520728213, 0.15737961742138015]], "r": [[[17, 61, 0], [18, 3, 1]], [[25, 50, 0], [12, 8, 5]], [[18, 50, 0], [20, 10, 2]], [[19, 60, 0], [8, 8, 5]], [[25, 53, 0], [12, 4, 6]], [[21, 51, 0], [14, 7, 7]], [[16, 56, 0], [18, 8, 2]], [[18, 63, 0], [8, 6, 5]], [[26, 52, 0], [13, 8, 1]], [[27, 49, 0], [17, 4, 3]], [[27, 46, 0], [15, 8, 4]], [[22, 53, 0], [19, 2, 4]], [[21, 59, 0], [9, 8, 3]], [[18, 59, 0], [15, 6, 2]], [[35, 48, 0], [12, 4, 1]], [[26, 48, 0], [11, 8, 7]], [[19, 57, 0], [16, 6, 2]], [[27, 53, 0], [16, 3, 1]], [[21, 49, 0], [19, 4, 7]], [[25, 50, 0], [17, 5, 3]], [[24, 44, 0], [20, 5, 7]], [[24, 43, 0], [24, 3, 6]], [[20, 59, 0], [11, 7, 3]], [[17, 59, 0], [18, 4, 2]], [[24, 50, 0], [19, 6, 1]], [[7, 17, 0], [52, 16, 8]], [[5, 17, 0], [42, 23, 13]], [[7, 17, 0], [45, 19, 12]], [[6, 14, 0], [50, 19, 11]], [[13, 22, 0], [40, 15, 10]], [[10, 18, 0], [41, 20, 11]], [[10, 17, 0], [46, 17, 10]], [[10, 13, 0], [45, 16, 16]], [[6, 13, 0], [46, 24, 11]], [[5, 19, 0], [46, 22, 8]], [[10, 19, 0], [43, 20, 8]], [[9, 14, 0], [45, 19, 13]], [[6, 20, 0], [35, 21, 18]], [[4, 18, 0], [39, 22, 17]], [[7, 26, 0], [34, 22, 11]], [[4, 20, 0], [41, 20, 15]], [[3, 13, 0], [54, 16, 14]], [[7, 12, 0], [50, 20, 11]], [[7, 15, 0], [49, 17, 12]], [[5, 19, 0], [53, 18, 5]], [[11, 26, 0], [36, 17, 10]], [[7, 9, 0], [43, 28, 13]], [[11, 17, 0], [38, 20, 14]], [[3, 20, 0], [48, 19, 10]], [[6, 24, 0], [40, 15, 15]]], "n": [[35, 64, 1], [37, 58, 5], [38, 60, 2], [27, 68, 5], [37, 57, 6], [35, 58, 7], [34, 64, 2], [26, 69, 5], [39, 60, 1], [44, 53, 3], [42, 54, 4], [41, 55, 4], [30, 67, 3], [33, 65, 2], [47, 52, 1], [37, 56, 7], [35, 63, 2], [43, 56, 1], [40, 53, 7], [42, 55, 3], [44, 49, 7], [48, 46, 6], [31, 66, 3], [35, 63, 2], [43, 56, 1], [59, 33, 8], [47, 40, 13], [52, 36, 12], [56, 33, 11], [53, 37, 10], [51, 38, 11], [56, 34, 10], [55, 29, 16], [52, 37, 11], [51, 41, 8], [53, 39, 8], [54, 33, 13], [41, 41, 18], [43, 40, 17], [41, 48, 11], [45, 40, 15], [57, 29, 14], [57, 32, 11], [56, 32, 12], [58, 37, 5], [47, 43, 10], [50, 37, 13], [49, 37, 14], [51, 39, 10], [46, 39, 15]], "lambda_": 0.5, "b": [[78, 22], [75, 25], [68, 32], [79, 21], [78, 22], [72, 28], [72, 28], [81, 19], [78, 22], [76, 24], [73, 27], [75, 25], [80, 20], [77, 23], [83, 17], [74, 26], [76, 24], [80, 20], [70, 30], [75, 25], [68, 32], [67, 33], [79, 21], [76, 24], [74, 26], [24, 76], [22, 78], [24, 76], [20, 80], [35, 65], [28, 72], [27, 73], [23, 77], [19, 81], [24, 76], [29, 71], [23, 77], [26, 74], [22, 78], [33, 67], [24, 76], [16, 84], [19, 81], [22, 78], [24, 76], [37, 63], [16, 84], [28, 72], [23, 77], [30, 70]]}