{"M": 50, "G": 3, "I": 2, "J": 100, "p": [[0.5987968574721769, 0.40120314252782313], [0.9130943604190191, 0.08690563958098092], [0.5796129067029052, 0.42038709329709484]], "r": [[[45, 29], [12, 1], [8, 5]], [[36, 36], [13, 0], [11, 4]], [[46, 24], [20, 0], [7, 3]], [[40, 23], [19, 0], [13, 5]], [[42, 24], [16, 0], [10, 8]], [[34, 27], [17, 0], [17, 5]], [[37, 25], [17, 4], [10, 7]], [[46, 25], [13, 2], [8, 6]], [[34, 29], [21, 1], [10, 5]], [[40, 25], [15, 2], [9, 9]], [[42, 20], [18, 0], [8, 12]], [[40, 26], [17, 0], [9, 8]], [[41, 22], [16, 1], [11, 9]], [[38, 24], [18, 0], [9, 11]], [[40, 34], [8, 2], [8, 8]], [[38, 28], [17, 1], [11, 5]], [[38, 20], [28, 3], [7, 4]], [[14, 8], [55, 4], [11, 8]], [[9, 6], [69, 1], [7, 8]], [[9, 8], [64, 4], [11, 4]], [[8, 5], [59, 6], [13, 9]], [[10, 8], [63, 5], [11, 3]], [[8, 5], [65, 5], [8, 9]], [[8, 8], [64, 4], [11, 5]], [[9, 5], [60, 5], [12, 9]], [[11, 4], [67, 5], [6, 7]], [[6, 9], [67, 5], [6, 7]], [[9, 3], [63, 5], [10, 10]], [[10, 13], [62, 6], [7, 2]], [[10, 8], [61, 2], [9, 10]], [[13, 7], [54, 6], [11, 9]], [[11, 7], [65, 3], [7, 7]], [[10, 7], [61, 3], [11, 8]], [[13, 2], [32, 1], [27, 25]], [[13, 4], [13, 1], [50, 19]], [[10, 7], [14, 0], [41, 28]], [[10, 5], [14, 2], [42, 27]], [[10, 11], [15, 1], [43, 20]], [[8, 1], [18, 2], [41, 30]], [[12, 5], [14, 3], [38, 28]], [[11, 4], [21, 1], [34, 29]], [[11, 9], [22, 1], [31, 26]], [[12, 4], [16, 3], [37, 28]], [[11, 4], [10, 2], [46, 27]], [[9, 10], [12, 1], [37, 31]], [[8, 7], [14, 0], [41, 30]], [[13, 7], [14, 4], [37, 25]], [[12, 8], [18, 3], [42, 17]], [[10, 4], [13, 1], [40, 32]], [[12, 7], [10, 1], [43, 27]]], "n": [[65, 35], [60, 40], [73, 27], [72, 28], [68, 32], [68, 32], [64, 36], [67, 33], [65, 35], [64, 36], [68, 32], [66, 34], [68, 32], [65, 35], [56, 44], [66, 34], [73, 27], [80, 20], [85, 15], [84, 16], [80, 20], [84, 16], [81, 19], [83, 17], [81, 19], [84, 16], [79, 21], [82, 18], [79, 21], [80, 20], [78, 22], [83, 17], [82, 18], [72, 28], [76, 24], [65, 35], [66, 34], [68, 32], [67, 33], [64, 36], [66, 34], [64, 36], [65, 35], [67, 33], [58, 42], [63, 37], [64, 36], [72, 28], [63, 37], [65, 35]], "lambda_": 0.5, "b": [[74, 13, 13], [72, 13, 15], [70, 20, 10], [63, 19, 18], [66, 16, 18], [61, 17, 22], [62, 21, 17], [71, 15, 14], [63, 22, 15], [65, 17, 18], [62, 18, 20], [66, 17, 17], [63, 17, 20], [62, 18, 20], [74, 10, 16], [66, 18, 16], [58, 31, 11], [22, 59, 19], [15, 70, 15], [17, 68, 15], [13, 65, 22], [18, 68, 14], [13, 70, 17], [16, 68, 16], [14, 65, 21], [15, 72, 13], [15, 72, 13], [12, 68, 20], [23, 68, 9], [18, 63, 19], [20, 60, 20], [18, 68, 14], [17, 64, 19], [15, 33, 52], [17, 14, 69], [17, 14, 69], [15, 16, 69], [21, 16, 63], [9, 20, 71], [17, 17, 66], [15, 22, 63], [20, 23, 57], [16, 19, 65], [15, 12, 73], [19, 13, 68], [15, 14, 71], [20, 18, 62], [20, 21, 59], [14, 14, 72], [19, 11, 70]]}