{"M": 50, "G": 2, "I": 4, "J": 100, "p": [[0.5074912259446531, 0.09166315051755766, 0.39116873435159927, 0.009676889186190038], [0.04919830855266767, 0.3904602330151289, 0.32594651093818944, 0.23439494749401418]], "r": [[[31, 6, 35, 1], [0, 6, 13, 8]], [[40, 9, 31, 0], [0, 8, 6, 6]], [[41, 1, 30, 0], [0, 11, 8, 9]], [[33, 8, 35, 0], [1, 13, 5, 5]], [[37, 7, 28, 0], [2, 8, 11, 7]], [[33, 4, 36, 0], [0, 9, 9, 9]], [[41, 4, 35, 2], [0, 9, 3, 6]], [[39, 4, 27, 0], [2, 8, 8, 12]], [[43, 9, 22, 0], [2, 11, 5, 8]], [[43, 4, 35, 1], [1, 6, 7, 3]], [[35, 9, 25, 1], [1, 9, 10, 10]], [[33, 10, 33, 0], [1, 8, 10, 5]], [[37, 8, 24, 1], [2, 8, 11, 9]], [[44, 7, 26, 0], [2, 9, 6, 6]], [[36, 5, 40, 1], [0, 4, 7, 7]], [[27, 12, 28, 0], [2, 13, 12, 6]], [[37, 9, 25, 1], [2, 9, 7, 10]], [[36, 6, 37, 0], [2, 10, 4, 5]], [[36, 8, 33, 0], [2, 13, 7, 1]], [[34, 11, 34, 1], [3, 6, 6, 5]], [[44, 3, 28, 1], [0, 8, 9, 7]], [[42, 9, 23, 0], [1, 14, 8, 3]], [[48, 4, 34, 0], [0, 3, 5, 6]], [[34, 3, 33, 0], [1, 12, 12, 5]], [[37, 6, 32, 2], [1, 9, 11, 2]], [[15, 2, 12, 1], [4, 24, 27, 15]], [[13, 2, 5, 0], [3, 36, 18, 23]], [[12, 0, 10, 0], [5, 24, 21, 28]], [[9, 2, 12, 0], [1, 22, 30, 24]], [[14, 2, 13, 0], [5, 27, 25, 14]], [[13, 1, 11, 1], [8, 27, 20, 19]], [[17, 4, 7, 0], [2, 28, 24, 18]], [[10, 1, 8, 0], [3, 24, 38, 16]], [[11, 3, 6, 0], [3, 38, 19, 20]], [[13, 2, 11, 0], [3, 27, 27, 17]], [[9, 2, 10, 1], [2, 33, 30, 13]], [[14, 2, 10, 0], [5, 28, 23, 18]], [[14, 2, 10, 1], [5, 30, 24, 14]], [[12, 4, 12, 0], [6, 37, 18, 11]], [[18, 1, 8, 3], [6, 32, 18, 14]], [[12, 3, 11, 1], [4, 26, 21, 22]], [[10, 1, 11, 0], [6, 20, 27, 25]], [[11, 1, 15, 2], [6, 18, 23, 24]], [[11, 4, 13, 0], [4, 31, 22, 15]], [[14, 1, 6, 0], [4, 34, 23, 18]], [[10, 4, 10, 0], [4, 28, 21, 23]], [[10, 2, 8, 0], [5, 30, 28, 17]], [[18, 2, 8, 0], [2, 28, 24, 18]], [[12, 1, 9, 0], [2, 34, 22, 20]], [[7, 3, 7, 0], [4, 28, 17, 34]]], "n": [[31, 12, 48, 9], [40, 17, 37, 6], [41, 12, 38, 9], [34, 21, 40, 5], [39, 15, 39, 7], [33, 13, 45, 9], [41, 13, 38, 8], [41, 12, 35, 12], [45, 20, 27, 8], [44, 10, 42, 4], [36, 18, 35, 11], [34, 18, 43, 5], [39, 16, 35, 10], [46, 16, 32, 6], [36, 9, 47, 8], [29, 25, 40, 6], [39, 18, 32, 11], [38, 16, 41, 5], [38, 21, 40, 1], [37, 17, 40, 6], [44, 11, 37, 8], [43, 23, 31, 3], [48, 7, 39, 6], [35, 15, 45, 5], [38, 15, 43, 4], [19, 26, 39, 16], [16, 38, 23, 23], [17, 24, 31, 28], [10, 24, 42, 24], [19, 29, 38, 14], [21, 28, 31, 20], [19, 32, 31, 18], [13, 25, 46, 16], [14, 41, 25, 20], [16, 29, 38, 17], [11, 35, 40, 14], [19, 30, 33, 18], [19, 32, 34, 15], [18, 41, 30, 11], [24, 33, 26, 17], [16, 29, 32, 23], [16, 21, 38, 25], [17, 19, 38, 26], [15, 35, 35, 15], [18, 35, 29, 18], [14, 32, 31, 23], [15, 32, 36, 17], [20, 30, 32, 18], [14, 35, 31, 20], [11, 31, 24, 34]], "lambda_": 0.5, "b": [[73, 27], [80, 20], [72, 28], [76, 24], [72, 28], [73, 27], [82, 18], [70, 30], [74, 26], [83, 17], [70, 30], [76, 24], [70, 30], [77, 23], [82, 18], [67, 33], [72, 28], [79, 21], [77, 23], [80, 20], [76, 24], [74, 26], [86, 14], [70, 30], [77, 23], [30, 70], [20, 80], [22, 78], [23, 77], [29, 71], [26, 74], [28, 72], [19, 81], [20, 80], [26, 74], [22, 78], [26, 74], [27, 73], [28, 72], [30, 70], [27, 73], [22, 78], [29, 71], [28, 72], [21, 79], [24, 76], [20, 80], [28, 72], [22, 78], [17, 83]]}