{"M": 50, "G": 2, "I": 3, "J": 100, "p": [[0.4100268801941911, 0.018807116322687605, 0.5711660034831214], [0.3765222921298163, 0.359301233438576, 0.2641764744316077]], "r": [[[33, 1, 36], [12, 11, 7]], [[32, 2, 43], [8, 11, 4]], [[33, 4, 43], [11, 4, 5]], [[35, 0, 38], [8, 10, 9]], [[27, 2, 52], [6, 9, 4]], [[29, 3, 41], [13, 10, 4]], [[33, 0, 45], [7, 10, 5]], [[24, 1, 45], [6, 17, 7]], [[33, 0, 42], [11, 11, 3]], [[33, 1, 41], [12, 8, 5]], [[36, 0, 37], [13, 7, 7]], [[31, 0, 36], [11, 10, 12]], [[34, 2, 37], [6, 17, 4]], [[28, 1, 46], [10, 8, 7]], [[36, 1, 40], [14, 4, 5]], [[34, 2, 38], [8, 12, 6]], [[26, 2, 42], [6, 13, 11]], [[32, 2, 46], [9, 6, 5]], [[39, 2, 34], [10, 6, 9]], [[34, 3, 35], [9, 10, 9]], [[29, 0, 44], [12, 9, 6]], [[29, 1, 46], [10, 10, 4]], [[33, 1, 43], [8, 6, 9]], [[36, 4, 44], [6, 5, 5]], [[28, 0, 47], [8, 11, 6]], [[9, 1, 16], [27, 22, 25]], [[10, 1, 15], [26, 27, 21]], [[17, 0, 12], [27, 30, 14]], [[13, 1, 20], [22, 27, 17]], [[7, 0, 14], [29, 26, 24]], [[8, 0, 9], [32, 32, 19]], [[10, 1, 11], [28, 32, 18]], [[9, 0, 19], [34, 21, 17]], [[11, 1, 6], [30, 25, 27]], [[11, 1, 11], [26, 32, 19]], [[12, 1, 18], [28, 23, 18]], [[13, 0, 11], [31, 27, 18]], [[10, 0, 17], [25, 30, 18]], [[10, 0, 16], [25, 24, 25]], [[7, 0, 17], [24, 31, 21]], [[10, 1, 12], [22, 33, 22]], [[9, 0, 15], [29, 31, 16]], [[13, 1, 14], [32, 28, 12]], [[8, 0, 20], [27, 30, 15]], [[6, 0, 17], [29, 26, 22]], [[13, 1, 12], [30, 29, 15]], [[13, 1, 11], [31, 24, 20]], [[7, 0, 11], [39, 24, 19]], [[10, 2, 14], [30, 27, 17]], [[17, 1, 14], [26, 22, 20]]], "n": [[45, 12, 43], [40, 13, 47], [44, 8, 48], [43, 10, 47], [33, 11, 56], [42, 13, 45], [40, 10, 50], [30, 18, 52], [44, 11, 45], [45, 9, 46], [49, 7, 44], [42, 10, 48], [40, 19, 41], [38, 9, 53], [50, 5, 45], [42, 14, 44], [32, 15, 53], [41, 8, 51], [49, 8, 43], [43, 13, 44], [41, 9, 50], [39, 11, 50], [41, 7, 52], [42, 9, 49], [36, 11, 53], [36, 23, 41], [36, 28, 36], [44, 30, 26], [35, 28, 37], [36, 26, 38], [40, 32, 28], [38, 33, 29], [43, 21, 36], [41, 26, 33], [37, 33, 30], [40, 24, 36], [44, 27, 29], [35, 30, 35], [35, 24, 41], [31, 31, 38], [32, 34, 34], [38, 31, 31], [45, 29, 26], [35, 30, 35], [35, 26, 39], [43, 30, 27], [44, 25, 31], [46, 24, 30], [40, 29, 31], [43, 23, 34]], "lambda_": 0.5, "b": [[70, 30], [77, 23], [80, 20], [73, 27], [81, 19], [73, 27], [78, 22], [70, 30], [75, 25], [75, 25], [73, 27], [67, 33], [73, 27], [75, 25], [77, 23], [74, 26], [70, 30], [80, 20], [75, 25], [72, 28], [73, 27], [76, 24], [77, 23], [84, 16], [75, 25], [26, 74], [26, 74], [29, 71], [34, 66], [21, 79], [17, 83], [22, 78], [28, 72], [18, 82], [23, 77], [31, 69], [24, 76], [27, 73], [26, 74], [24, 76], [23, 77], [24, 76], [28, 72], [28, 72], [23, 77], [26, 74], [25, 75], [18, 82], [26, 74], [32, 68]]}