{"M": 50, "G": 2, "I": 5, "J": 100, "p": [[0.15590939304920856, 0.3206085749183125, 0.4416274950756573, 0.0017460734744377071, 0.08010846348238376], [0.5976621300781604, 0.13609533714227331, 0.07244922585505434, 0.1465067787437117, 0.04728652818080026]], "r": [[[12, 25, 30, 0, 3], [21, 2, 1, 6, 0]], [[12, 29, 30, 0, 6], [12, 3, 5, 2, 1]], [[12, 22, 31, 0, 7], [20, 4, 0, 4, 0]], [[7, 18, 33, 0, 11], [23, 2, 1, 3, 2]], [[20, 21, 28, 2, 2], [17, 2, 1, 6, 1]], [[11, 29, 29, 0, 7], [16, 5, 1, 1, 1]], [[11, 24, 30, 0, 10], [16, 6, 0, 2, 1]], [[12, 21, 37, 0, 4], [14, 3, 1, 5, 3]], [[13, 32, 31, 0, 6], [6, 3, 6, 2, 1]], [[13, 18, 33, 1, 4], [23, 2, 2, 4, 0]], [[8, 24, 35, 0, 3], [16, 4, 6, 2, 2]], [[15, 26, 36, 0, 4], [13, 2, 1, 3, 0]], [[5, 28, 41, 0, 6], [10, 3, 1, 5, 1]], [[15, 23, 29, 0, 5], [18, 4, 0, 4, 2]], [[14, 18, 35, 0, 8], [12, 8, 1, 4, 0]], [[11, 24, 30, 0, 6], [19, 1, 5, 3, 1]], [[8, 17, 39, 0, 7], [16, 4, 0, 6, 3]], [[7, 28, 35, 0, 7], [11, 3, 0, 7, 2]], [[11, 17, 32, 0, 10], [23, 4, 2, 1, 0]], [[13, 25, 37, 0, 5], [11, 3, 0, 3, 3]], [[16, 24, 34, 1, 5], [9, 2, 2, 5, 2]], [[12, 23, 36, 0, 4], [15, 2, 3, 5, 0]], [[8, 26, 35, 0, 7], [13, 2, 3, 4, 2]], [[17, 29, 32, 0, 2], [7, 6, 0, 6, 1]], [[11, 24, 36, 1, 5], [10, 3, 1, 5, 4]], [[3, 3, 14, 0, 1], [50, 10, 3, 13, 3]], [[2, 6, 13, 0, 4], [39, 14, 6, 13, 3]], [[3, 6, 11, 0, 2], [41, 15, 8, 12, 2]], [[6, 9, 6, 0, 1], [52, 7, 4, 12, 3]], [[3, 3, 10, 0, 3], [58, 11, 1, 9, 2]], [[2, 12, 15, 0, 3], [45, 8, 8, 5, 2]], [[7, 8, 7, 0, 3], [45, 9, 5, 10, 6]], [[1, 8, 19, 0, 1], [40, 10, 5, 9, 7]], [[1, 8, 6, 0, 4], [43, 18, 4, 11, 5]], [[5, 11, 8, 0, 1], [47, 10, 2, 11, 5]], [[3, 7, 8, 0, 3], [49, 16, 6, 7, 1]], [[5, 9, 9, 0, 3], [41, 11, 9, 8, 5]], [[2, 11, 7, 0, 1], [54, 9, 4, 9, 3]], [[2, 9, 11, 0, 1], [46, 5, 7, 15, 4]], [[3, 9, 14, 0, 3], [45, 7, 5, 13, 1]], [[1, 5, 13, 0, 2], [48, 7, 8, 14, 2]], [[4, 9, 11, 0, 0], [44, 11, 3, 15, 3]], [[4, 9, 15, 0, 3], [43, 6, 2, 15, 3]], [[6, 6, 4, 0, 1], [54, 8, 5, 10, 6]], [[1, 20, 9, 0, 1], [41, 9, 5, 11, 3]], [[0, 12, 17, 0, 4], [38, 6, 0, 16, 7]], [[1, 11, 10, 0, 3], [42, 11, 7, 13, 2]], [[5, 11, 17, 0, 0], [43, 9, 5, 8, 2]], [[2, 13, 10, 0, 5], [37, 13, 5, 13, 2]], [[5, 11, 10, 0, 0], [43, 5, 5, 17, 4]]], "n": [[33, 27, 31, 6, 3], [24, 32, 35, 2, 7], [32, 26, 31, 4, 7], [30, 20, 34, 3, 13], [37, 23, 29, 8, 3], [27, 34, 30, 1, 8], [27, 30, 30, 2, 11], [26, 24, 38, 5, 7], [19, 35, 37, 2, 7], [36, 20, 35, 5, 4], [24, 28, 41, 2, 5], [28, 28, 37, 3, 4], [15, 31, 42, 5, 7], [33, 27, 29, 4, 7], [26, 26, 36, 4, 8], [30, 25, 35, 3, 7], [24, 21, 39, 6, 10], [18, 31, 35, 7, 9], [34, 21, 34, 1, 10], [24, 28, 37, 3, 8], [25, 26, 36, 6, 7], [27, 25, 39, 5, 4], [21, 28, 38, 4, 9], [24, 35, 32, 6, 3], [21, 27, 37, 6, 9], [53, 13, 17, 13, 4], [41, 20, 19, 13, 7], [44, 21, 19, 12, 4], [58, 16, 10, 12, 4], [61, 14, 11, 9, 5], [47, 20, 23, 5, 5], [52, 17, 12, 10, 9], [41, 18, 24, 9, 8], [44, 26, 10, 11, 9], [52, 21, 10, 11, 6], [52, 23, 14, 7, 4], [46, 20, 18, 8, 8], [56, 20, 11, 9, 4], [48, 14, 18, 15, 5], [48, 16, 19, 13, 4], [49, 12, 21, 14, 4], [48, 20, 14, 15, 3], [47, 15, 17, 15, 6], [60, 14, 9, 10, 7], [42, 29, 14, 11, 4], [38, 18, 17, 16, 11], [43, 22, 17, 13, 5], [48, 20, 22, 8, 2], [39, 26, 15, 13, 7], [48, 16, 15, 17, 4]], "lambda_": 0.5, "b": [[70, 30], [77, 23], [72, 28], [69, 31], [73, 27], [76, 24], [75, 25], [74, 26], [82, 18], [69, 31], [70, 30], [81, 19], [80, 20], [72, 28], [75, 25], [71, 29], [71, 29], [77, 23], [70, 30], [80, 20], [80, 20], [75, 25], [76, 24], [80, 20], [77, 23], [21, 79], [25, 75], [22, 78], [22, 78], [19, 81], [32, 68], [25, 75], [29, 71], [19, 81], [25, 75], [21, 79], [26, 74], [21, 79], [23, 77], [29, 71], [21, 79], [24, 76], [31, 69], [17, 83], [31, 69], [33, 67], [25, 75], [33, 67], [30, 70], [26, 74]]}