{"M": 50, "G": 2, "I": 2, "J": 100, "p": [[0.9099673653101796, 0.0900326346898204], [0.3252452051574129, 0.6747547948425872]], "r": [[[68, 3], [10, 19]], [[68, 10], [5, 17]], [[68, 4], [9, 19]], [[73, 10], [3, 14]], [[68, 10], [10, 12]], [[71, 5], [10, 14]], [[69, 6], [7, 18]], [[65, 10], [7, 18]], [[66, 8], [11, 15]], [[70, 9], [9, 12]], [[70, 9], [10, 11]], [[76, 3], [7, 14]], [[65, 8], [9, 18]], [[73, 5], [9, 13]], [[66, 9], [7, 18]], [[72, 7], [9, 12]], [[67, 5], [9, 19]], [[67, 9], [8, 16]], [[71, 3], [10, 16]], [[61, 11], [10, 18]], [[70, 6], [9, 15]], [[77, 3], [7, 13]], [[63, 5], [10, 22]], [[63, 11], [5, 21]], [[64, 6], [7, 23]], [[20, 4], [30, 46]], [[27, 2], [27, 44]], [[25, 3], [20, 52]], [[17, 2], [30, 51]], [[18, 1], [26, 55]], [[19, 3], [23, 55]], [[18, 3], [28, 51]], [[22, 3], [22, 53]], [[21, 1], [34, 44]], [[25, 3], [28, 44]], [[25, 1], [23, 51]], [[21, 1], [19, 59]], [[28, 2], [31, 39]], [[25, 1], [28, 46]], [[22, 2], [16, 60]], [[26, 1], [20, 53]], [[15, 2], [30, 53]], [[21, 4], [25, 50]], [[22, 4], [21, 53]], [[31, 1], [23, 45]], [[34, 2], [21, 43]], [[16, 0], [34, 50]], [[17, 3], [21, 59]], [[24, 1], [29, 46]], [[24, 3], [36, 37]]], "n": [[78, 22], [73, 27], [77, 23], [76, 24], [78, 22], [81, 19], [76, 24], [72, 28], [77, 23], [79, 21], [80, 20], [83, 17], [74, 26], [82, 18], [73, 27], [81, 19], [76, 24], [75, 25], [81, 19], [71, 29], [79, 21], [84, 16], [73, 27], [68, 32], [71, 29], [50, 50], [54, 46], [45, 55], [47, 53], [44, 56], [42, 58], [46, 54], [44, 56], [55, 45], [53, 47], [48, 52], [40, 60], [59, 41], [53, 47], [38, 62], [46, 54], [45, 55], [46, 54], [43, 57], [54, 46], [55, 45], [50, 50], [38, 62], [53, 47], [60, 40]], "lambda_": 0.5, "b": [[71, 29], [78, 22], [72, 28], [83, 17], [78, 22], [76, 24], [75, 25], [75, 25], [74, 26], [79, 21], [79, 21], [79, 21], [73, 27], [78, 22], [75, 25], [79, 21], [72, 28], [76, 24], [74, 26], [72, 28], [76, 24], [80, 20], [68, 32], [74, 26], [70, 30], [24, 76], [29, 71], [28, 72], [19, 81], [19, 81], [22, 78], [21, 79], [25, 75], [22, 78], [28, 72], [26, 74], [22, 78], [30, 70], [26, 74], [24, 76], [27, 73], [17, 83], [25, 75], [26, 74], [32, 68], [36, 64], [16, 84], [20, 80], [25, 75], [27, 73]]}