{"M": 50, "G": 3, "I": 4, "J": 100, "p": [[0.006790457531316184, 0.45379157026617306, 0.4458643451357309, 0.09355362706677975], [0.12490196468201752, 0.20095636964109462, 0.44178206861140756, 0.23235959706548037], [0.03133098825375037, 0.15125306603020736, 0.06510450571541926, 0.7523114400006232]], "r": [[[0, 27, 29, 7], [3, 4, 13, 3], [0, 2, 0, 12]], [[0, 21, 42, 3], [2, 4, 7, 3], [1, 2, 0, 15]], [[1, 33, 31, 4], [2, 4, 6, 6], [0, 3, 0, 10]], [[0, 26, 33, 9], [1, 2, 11, 5], [0, 2, 2, 9]], [[0, 32, 30, 5], [1, 2, 10, 5], [1, 1, 1, 12]], [[1, 37, 26, 4], [4, 8, 2, 2], [1, 3, 2, 10]], [[0, 33, 32, 7], [2, 2, 8, 4], [1, 1, 1, 9]], [[0, 30, 36, 7], [1, 2, 2, 6], [1, 6, 2, 7]], [[0, 32, 27, 4], [1, 5, 8, 8], [1, 2, 2, 10]], [[0, 21, 38, 7], [3, 1, 7, 2], [0, 4, 1, 16]], [[0, 35, 26, 6], [3, 3, 3, 7], [3, 4, 0, 10]], [[0, 27, 31, 8], [6, 3, 5, 2], [0, 4, 1, 13]], [[0, 25, 33, 4], [3, 1, 6, 6], [0, 2, 2, 18]], [[1, 31, 32, 7], [2, 1, 6, 2], [0, 3, 2, 13]], [[0, 32, 27, 7], [2, 4, 6, 4], [1, 1, 1, 15]], [[1, 27, 30, 7], [1, 1, 9, 2], [0, 1, 0, 21]], [[0, 27, 21, 4], [9, 7, 13, 1], [1, 1, 3, 13]], [[0, 5, 8, 1], [3, 16, 27, 19], [1, 4, 1, 15]], [[0, 11, 3, 0], [14, 13, 26, 14], [0, 4, 4, 11]], [[0, 9, 12, 2], [7, 8, 28, 18], [0, 3, 1, 12]], [[0, 6, 9, 2], [6, 20, 34, 10], [0, 3, 0, 10]], [[0, 5, 5, 2], [8, 15, 28, 16], [1, 5, 3, 12]], [[0, 6, 7, 2], [7, 16, 32, 17], [0, 4, 1, 8]], [[0, 9, 3, 1], [9, 12, 40, 12], [0, 3, 2, 9]], [[0, 4, 7, 1], [11, 10, 34, 16], [1, 5, 2, 9]], [[0, 9, 8, 0], [11, 11, 27, 14], [0, 3, 1, 16]], [[0, 4, 11, 0], [6, 18, 33, 18], [0, 1, 1, 8]], [[0, 8, 4, 3], [6, 21, 26, 15], [2, 2, 0, 13]], [[0, 8, 5, 2], [2, 13, 32, 19], [1, 2, 0, 16]], [[0, 11, 9, 1], [8, 18, 26, 7], [1, 3, 2, 14]], [[1, 7, 10, 2], [11, 13, 26, 13], [0, 3, 0, 14]], [[0, 7, 11, 2], [2, 18, 21, 22], [0, 3, 0, 14]], [[0, 3, 6, 2], [7, 13, 36, 14], [0, 4, 1, 14]], [[0, 8, 7, 1], [4, 8, 19, 6], [5, 2, 3, 37]], [[1, 7, 2, 2], [2, 3, 7, 6], [1, 14, 4, 51]], [[0, 10, 8, 4], [4, 4, 1, 3], [4, 10, 5, 47]], [[0, 7, 8, 0], [0, 2, 11, 2], [2, 13, 8, 47]], [[0, 7, 9, 1], [0, 5, 5, 2], [3, 16, 5, 47]], [[0, 3, 7, 1], [0, 5, 7, 4], [3, 12, 5, 53]], [[0, 8, 8, 1], [4, 4, 12, 4], [0, 12, 2, 45]], [[0, 6, 7, 3], [3, 1, 11, 2], [0, 6, 8, 53]], [[0, 10, 8, 1], [1, 0, 2, 3], [1, 8, 3, 63]], [[0, 5, 11, 0], [2, 3, 9, 4], [5, 5, 3, 53]], [[0, 11, 2, 6], [1, 2, 13, 5], [3, 8, 7, 42]], [[0, 11, 8, 3], [4, 1, 5, 6], [0, 11, 4, 47]], [[0, 5, 10, 2], [1, 6, 11, 3], [0, 13, 3, 46]], [[1, 6, 8, 2], [4, 3, 3, 2], [1, 6, 9, 55]], [[0, 10, 11, 1], [3, 6, 11, 5], [0, 11, 4, 38]], [[0, 6, 9, 2], [0, 6, 6, 2], [0, 15, 3, 51]], [[1, 8, 5, 1], [3, 3, 4, 10], [4, 6, 6, 49]]], "n": [[3, 33, 42, 22], [3, 27, 49, 21], [3, 40, 37, 20], [1, 30, 46, 23], [2, 35, 41, 22], [6, 48, 30, 16], [3, 36, 41, 20], [2, 38, 40, 20], [2, 39, 37, 22], [3, 26, 46, 25], [6, 42, 29, 23], [6, 34, 37, 23], [3, 28, 41, 28], [3, 35, 40, 22], [3, 37, 34, 26], [2, 29, 39, 30], [10, 35, 37, 18], [4, 25, 36, 35], [14, 28, 33, 25], [7, 20, 41, 32], [6, 29, 43, 22], [9, 25, 36, 30], [7, 26, 40, 27], [9, 24, 45, 22], [12, 19, 43, 26], [11, 23, 36, 30], [6, 23, 45, 26], [8, 31, 30, 31], [3, 23, 37, 37], [9, 32, 37, 22], [12, 23, 36, 29], [2, 28, 32, 38], [7, 20, 43, 30], [9, 18, 29, 44], [4, 24, 13, 59], [8, 24, 14, 54], [2, 22, 27, 49], [3, 28, 19, 50], [3, 20, 19, 58], [4, 24, 22, 50], [3, 13, 26, 58], [2, 18, 13, 67], [7, 13, 23, 57], [4, 21, 22, 53], [4, 23, 17, 56], [1, 24, 24, 51], [6, 15, 20, 59], [3, 27, 26, 44], [0, 27, 18, 55], [8, 17, 15, 60]], "lambda_": 0.5, "b": [[63, 23, 14], [66, 16, 18], [69, 18, 13], [68, 19, 13], [67, 18, 15], [68, 16, 16], [72, 16, 12], [73, 11, 16], [63, 22, 15], [66, 13, 21], [67, 16, 17], [66, 16, 18], [62, 16, 22], [71, 11, 18], [66, 16, 18], [65, 13, 22], [52, 30, 18], [14, 65, 21], [14, 67, 19], [23, 61, 16], [17, 70, 13], [12, 67, 21], [15, 72, 13], [13, 73, 14], [12, 71, 17], [17, 63, 20], [15, 75, 10], [15, 68, 17], [15, 66, 19], [21, 59, 20], [20, 63, 17], [20, 63, 17], [11, 70, 19], [16, 37, 47], [12, 18, 70], [22, 12, 66], [15, 15, 70], [17, 12, 71], [11, 16, 73], [17, 24, 59], [16, 17, 67], [19, 6, 75], [16, 18, 66], [19, 21, 60], [22, 16, 62], [17, 21, 62], [17, 12, 71], [22, 25, 53], [17, 14, 69], [15, 20, 65]]}