{"M": 50, "G": 3, "I": 2, "J": 100, "p": [[0.3938804181844698, 0.6061195818155302], [0.3246727885812459, 0.6753272114187541], [0.49647207203009674, 0.5035279279699034]], "r": [[[32, 37], [3, 9], [8, 11]], [[27, 39], [5, 16], [9, 4]], [[22, 45], [5, 7], [12, 9]], [[18, 46], [11, 11], [8, 6]], [[23, 44], [6, 11], [10, 6]], [[29, 41], [8, 9], [6, 7]], [[33, 35], [4, 8], [10, 10]], [[20, 43], [6, 15], [9, 7]], [[25, 43], [6, 11], [9, 6]], [[26, 34], [11, 12], [8, 9]], [[26, 36], [11, 12], [10, 5]], [[20, 42], [7, 15], [9, 7]], [[34, 47], [7, 3], [4, 5]], [[29, 36], [3, 14], [6, 12]], [[31, 34], [6, 12], [8, 9]], [[25, 50], [5, 6], [8, 6]], [[21, 30], [13, 20], [6, 10]], [[9, 6], [25, 49], [4, 7]], [[8, 7], [14, 52], [6, 13]], [[6, 18], [21, 40], [10, 5]], [[9, 9], [21, 41], [13, 7]], [[5, 11], [25, 45], [10, 4]], [[5, 7], [26, 47], [5, 10]], [[10, 10], [24, 41], [10, 5]], [[6, 13], [32, 32], [9, 8]], [[5, 5], [23, 50], [8, 9]], [[11, 10], [23, 44], [4, 8]], [[4, 9], [21, 51], [8, 7]], [[10, 13], [21, 39], [7, 10]], [[4, 14], [20, 42], [7, 13]], [[10, 15], [20, 37], [11, 7]], [[2, 14], [13, 52], [9, 10]], [[8, 12], [17, 48], [5, 10]], [[11, 4], [11, 19], [28, 27]], [[6, 15], [4, 10], [33, 32]], [[9, 13], [8, 13], [28, 29]], [[5, 8], [2, 27], [35, 23]], [[6, 4], [5, 8], [41, 36]], [[8, 8], [4, 10], [32, 38]], [[5, 9], [8, 7], [30, 41]], [[3, 11], [8, 9], [35, 34]], [[7, 11], [3, 10], [37, 32]], [[2, 5], [6, 19], [32, 36]], [[5, 8], [5, 7], [44, 31]], [[10, 9], [7, 11], [30, 33]], [[4, 9], [6, 7], [32, 42]], [[7, 6], [7, 12], [36, 32]], [[5, 9], [4, 10], [31, 41]], [[8, 10], [6, 11], [34, 31]], [[8, 12], [2, 17], [30, 31]]], "n": [[43, 57], [41, 59], [39, 61], [37, 63], [39, 61], [43, 57], [47, 53], [35, 65], [40, 60], [45, 55], [47, 53], [36, 64], [45, 55], [38, 62], [45, 55], [38, 62], [40, 60], [38, 62], [28, 72], [37, 63], [43, 57], [40, 60], [36, 64], [44, 56], [47, 53], [36, 64], [38, 62], [33, 67], [38, 62], [31, 69], [41, 59], [24, 76], [30, 70], [50, 50], [43, 57], [45, 55], [42, 58], [52, 48], [44, 56], [43, 57], [46, 54], [47, 53], [40, 60], [54, 46], [47, 53], [42, 58], [50, 50], [40, 60], [48, 52], [40, 60]], "lambda_": 0.5, "b": [[69, 12, 19], [66, 21, 13], [67, 12, 21], [64, 22, 14], [67, 17, 16], [70, 17, 13], [68, 12, 20], [63, 21, 16], [68, 17, 15], [60, 23, 17], [62, 23, 15], [62, 22, 16], [81, 10, 9], [65, 17, 18], [65, 18, 17], [75, 11, 14], [51, 33, 16], [15, 74, 11], [15, 66, 19], [24, 61, 15], [18, 62, 20], [16, 70, 14], [12, 73, 15], [20, 65, 15], [19, 64, 17], [10, 73, 17], [21, 67, 12], [13, 72, 15], [23, 60, 17], [18, 62, 20], [25, 57, 18], [16, 65, 19], [20, 65, 15], [15, 30, 55], [21, 14, 65], [22, 21, 57], [13, 29, 58], [10, 13, 77], [16, 14, 70], [14, 15, 71], [14, 17, 69], [18, 13, 69], [7, 25, 68], [13, 12, 75], [19, 18, 63], [13, 13, 74], [13, 19, 68], [14, 14, 72], [18, 17, 65], [20, 19, 61]]}