{"M": 50, "G": 4, "I": 4, "J": 100, "p": [[0.12528497207799447, 0.32201948137817415, 0.3137300275842977, 0.23896551895953352], [0.015101828534048147, 0.48626910303626614, 0.19664095811027157, 0.3019881103194141], [0.3732556543076375, 0.07497302903224733, 0.1106017466286246, 0.44116957003149054], [0.30820834115463464, 0.3831349537839175, 0.3011216559303729, 0.007535049131074914]], "r": [[[7, 20, 18, 14], [1, 8, 2, 6], [5, 0, 0, 5], [6, 5, 3, 0]], [[10, 14, 18, 17], [1, 3, 1, 5], [5, 0, 1, 7], [4, 7, 7, 0]], [[7, 21, 16, 16], [0, 7, 5, 2], [1, 3, 2, 4], [2, 11, 3, 0]], [[7, 18, 16, 20], [0, 9, 1, 1], [5, 1, 1, 5], [3, 6, 7, 0]], [[8, 18, 22, 13], [0, 8, 2, 5], [6, 1, 1, 6], [5, 3, 2, 0]], [[6, 17, 18, 16], [0, 8, 2, 6], [4, 1, 2, 5], [3, 7, 5, 0]], [[10, 22, 11, 16], [0, 3, 3, 4], [7, 0, 2, 7], [3, 6, 6, 0]], [[2, 22, 24, 8], [0, 7, 6, 9], [4, 3, 0, 3], [2, 4, 6, 0]], [[6, 23, 20, 16], [0, 5, 1, 3], [5, 1, 1, 6], [4, 6, 3, 0]], [[5, 24, 19, 17], [0, 6, 1, 4], [4, 0, 1, 7], [3, 4, 5, 0]], [[13, 30, 23, 4], [1, 6, 2, 2], [2, 1, 1, 5], [3, 5, 2, 0]], [[5, 19, 24, 19], [0, 9, 1, 5], [2, 1, 1, 7], [2, 3, 2, 0]], [[1, 19, 10, 7], [1, 16, 7, 8], [5, 0, 0, 8], [6, 8, 4, 0]], [[4, 3, 4, 4], [1, 28, 14, 19], [9, 0, 1, 4], [1, 7, 1, 0]], [[2, 4, 2, 1], [1, 34, 17, 20], [4, 2, 0, 6], [2, 3, 2, 0]], [[1, 3, 2, 0], [1, 40, 11, 20], [2, 0, 3, 4], [4, 4, 5, 0]], [[3, 3, 5, 2], [2, 32, 12, 22], [6, 1, 0, 3], [4, 5, 0, 0]], [[2, 3, 4, 7], [1, 23, 13, 15], [8, 0, 2, 5], [5, 4, 7, 1]], [[2, 4, 1, 6], [1, 30, 14, 17], [4, 0, 2, 8], [2, 5, 3, 1]], [[2, 5, 3, 4], [1, 28, 10, 15], [4, 3, 2, 8], [6, 6, 3, 0]], [[2, 5, 6, 1], [0, 27, 7, 22], [8, 1, 2, 5], [1, 8, 4, 1]], [[3, 3, 1, 3], [0, 33, 16, 21], [5, 0, 0, 8], [2, 4, 1, 0]], [[0, 4, 3, 7], [0, 32, 9, 23], [3, 3, 1, 6], [2, 3, 4, 0]], [[2, 3, 2, 4], [1, 33, 9, 13], [8, 2, 3, 6], [7, 5, 2, 0]], [[0, 4, 2, 1], [1, 31, 12, 14], [4, 2, 2, 6], [6, 12, 3, 0]], [[2, 4, 3, 0], [0, 6, 1, 8], [29, 5, 10, 23], [3, 5, 1, 0]], [[5, 4, 3, 0], [0, 8, 4, 2], [19, 4, 8, 25], [9, 4, 5, 0]], [[3, 2, 4, 4], [0, 10, 0, 7], [18, 5, 3, 34], [4, 5, 1, 0]], [[3, 7, 6, 0], [0, 7, 3, 5], [22, 3, 8, 26], [6, 1, 3, 0]], [[1, 4, 5, 4], [0, 8, 1, 6], [21, 6, 6, 28], [4, 4, 2, 0]], [[2, 3, 4, 3], [0, 5, 1, 5], [21, 0, 8, 30], [7, 6, 5, 0]], [[1, 4, 4, 3], [0, 4, 3, 3], [20, 5, 5, 33], [8, 3, 4, 0]], [[0, 4, 3, 6], [0, 4, 0, 6], [24, 1, 10, 24], [4, 9, 5, 0]], [[1, 4, 5, 2], [0, 7, 2, 3], [12, 7, 7, 38], [5, 2, 5, 0]], [[1, 4, 4, 3], [0, 10, 0, 3], [26, 2, 4, 27], [8, 3, 5, 0]], [[1, 5, 4, 3], [0, 4, 1, 6], [17, 4, 13, 35], [3, 2, 2, 0]], [[4, 8, 2, 2], [0, 5, 1, 4], [22, 3, 8, 32], [0, 4, 5, 0]], [[3, 6, 6, 3], [0, 4, 1, 1], [20, 1, 1, 19], [13, 11, 10, 1]], [[2, 3, 8, 1], [0, 6, 3, 4], [2, 0, 1, 8], [18, 20, 23, 1]], [[4, 3, 4, 5], [0, 6, 3, 7], [7, 0, 0, 7], [18, 20, 15, 1]], [[5, 3, 3, 2], [0, 6, 4, 5], [6, 0, 0, 2], [18, 23, 23, 0]], [[3, 2, 4, 1], [0, 4, 1, 2], [5, 1, 1, 6], [19, 26, 25, 0]], [[2, 4, 4, 4], [0, 11, 1, 10], [6, 0, 1, 7], [17, 13, 18, 2]], [[4, 6, 5, 2], [0, 4, 4, 2], [4, 1, 1, 11], [17, 17, 21, 1]], [[2, 4, 5, 4], [0, 2, 2, 2], [4, 4, 0, 7], [17, 24, 22, 1]], [[1, 6, 1, 3], [1, 4, 5, 5], [6, 1, 4, 8], [20, 21, 14, 0]], [[2, 2, 5, 3], [0, 5, 3, 3], [4, 0, 0, 4], [20, 28, 20, 1]], [[0, 5, 5, 3], [0, 5, 1, 2], [3, 0, 1, 5], [25, 17, 28, 0]], [[1, 3, 7, 1], [0, 10, 3, 2], [3, 1, 0, 5], [15, 27, 22, 0]], [[2, 5, 6, 2], [1, 7, 2, 4], [3, 0, 3, 4], [18, 24, 19, 0]]], "n": [[19, 33, 23, 25], [20, 24, 27, 29], [10, 42, 26, 22], [15, 34, 25, 26], [19, 30, 27, 24], [13, 33, 27, 27], [20, 31, 22, 27], [8, 36, 36, 20], [15, 35, 25, 25], [12, 34, 26, 28], [19, 42, 28, 11], [9, 32, 28, 31], [13, 43, 21, 23], [15, 38, 20, 27], [9, 43, 21, 27], [8, 47, 21, 24], [15, 41, 17, 27], [16, 30, 26, 28], [9, 39, 20, 32], [13, 42, 18, 27], [11, 41, 19, 29], [10, 40, 18, 32], [5, 42, 17, 36], [18, 43, 16, 23], [11, 49, 19, 21], [34, 20, 15, 31], [33, 20, 20, 27], [25, 22, 8, 45], [31, 18, 20, 31], [26, 22, 14, 38], [30, 14, 18, 38], [29, 16, 16, 39], [28, 18, 18, 36], [18, 20, 19, 43], [35, 19, 13, 33], [21, 15, 20, 44], [26, 20, 16, 38], [36, 22, 18, 24], [22, 29, 35, 14], [29, 29, 22, 20], [29, 32, 30, 9], [27, 33, 31, 9], [25, 28, 24, 23], [25, 28, 31, 16], [23, 34, 29, 14], [28, 32, 24, 16], [26, 35, 28, 11], [28, 27, 35, 10], [19, 41, 32, 8], [24, 36, 30, 10]], "lambda_": 0.5, "b": [[59, 17, 10, 14], [59, 10, 13, 18], [60, 14, 10, 16], [61, 11, 12, 16], [61, 15, 14, 10], [57, 16, 12, 15], [59, 10, 16, 15], [56, 22, 10, 12], [65, 9, 13, 13], [65, 11, 12, 12], [70, 11, 9, 10], [67, 15, 11, 7], [37, 32, 13, 18], [15, 62, 14, 9], [9, 72, 12, 7], [6, 72, 9, 13], [13, 68, 10, 9], [16, 52, 15, 17], [13, 62, 14, 11], [14, 54, 17, 15], [14, 56, 16, 14], [10, 70, 13, 7], [14, 64, 13, 9], [11, 56, 19, 14], [7, 58, 14, 21], [9, 15, 67, 9], [12, 14, 56, 18], [13, 17, 60, 10], [16, 15, 59, 10], [14, 15, 61, 10], [12, 11, 59, 18], [12, 10, 63, 15], [13, 10, 59, 18], [12, 12, 64, 12], [12, 13, 59, 16], [13, 11, 69, 7], [16, 10, 65, 9], [18, 6, 41, 35], [14, 13, 11, 62], [16, 16, 14, 54], [13, 15, 8, 64], [10, 7, 13, 70], [14, 22, 14, 50], [17, 10, 17, 56], [15, 6, 15, 64], [11, 15, 19, 55], [12, 11, 8, 69], [13, 8, 9, 70], [12, 15, 9, 64], [15, 14, 10, 61]]}