{"M": 50, "G": 4, "I": 3, "J": 100, "p": [[0.05643109664837008, 0.7876178552869836, 0.15595104806464638], [0.23302035588171555, 0.63115580747276, 0.13582383664552442], [0.16351092624063165, 0.24100577544256716, 0.595483298316801], [0.4926980367175884, 0.11870019027295735, 0.38860177300945425]], "r": [[[3, 47, 12], [2, 13, 1], [0, 3, 4], [6, 2, 7]], [[4, 55, 11], [1, 4, 0], [1, 3, 7], [8, 0, 6]], [[3, 44, 5], [2, 10, 3], [1, 5, 16], [6, 0, 5]], [[1, 46, 9], [4, 7, 2], [3, 5, 9], [5, 4, 5]], [[4, 51, 9], [2, 9, 3], [4, 3, 8], [3, 1, 3]], [[0, 45, 7], [4, 8, 2], [5, 3, 14], [8, 1, 3]], [[4, 50, 7], [1, 7, 2], [1, 0, 9], [8, 3, 8]], [[3, 46, 9], [2, 10, 1], [5, 5, 4], [10, 1, 4]], [[5, 51, 4], [1, 8, 2], [1, 2, 11], [10, 0, 5]], [[3, 55, 12], [0, 8, 0], [0, 3, 9], [2, 2, 6]], [[6, 52, 7], [4, 10, 0], [3, 1, 5], [4, 2, 6]], [[5, 46, 9], [2, 9, 4], [3, 4, 6], [8, 2, 2]], [[4, 28, 7], [14, 17, 8], [1, 2, 5], [7, 2, 5]], [[0, 14, 1], [12, 44, 6], [0, 6, 6], [7, 0, 4]], [[0, 11, 4], [11, 45, 12], [0, 0, 7], [6, 0, 4]], [[0, 6, 1], [11, 45, 13], [4, 2, 8], [3, 3, 4]], [[0, 7, 2], [22, 34, 8], [3, 2, 7], [9, 0, 6]], [[0, 12, 1], [12, 41, 12], [2, 2, 8], [4, 1, 5]], [[1, 11, 3], [15, 39, 9], [0, 5, 2], [9, 1, 5]], [[0, 7, 1], [14, 51, 9], [0, 3, 5], [5, 0, 5]], [[0, 5, 3], [16, 45, 8], [2, 3, 7], [4, 1, 6]], [[0, 9, 2], [16, 39, 7], [4, 4, 7], [9, 0, 3]], [[0, 16, 1], [13, 36, 5], [4, 2, 9], [8, 2, 4]], [[0, 12, 2], [9, 46, 5], [5, 2, 9], [4, 0, 6]], [[1, 12, 1], [10, 42, 5], [3, 6, 5], [7, 3, 5]], [[0, 12, 2], [2, 12, 1], [9, 13, 36], [3, 4, 6]], [[3, 8, 3], [3, 8, 0], [8, 16, 34], [9, 1, 7]], [[0, 13, 2], [1, 8, 2], [9, 22, 32], [5, 0, 6]], [[0, 18, 3], [0, 8, 1], [8, 14, 37], [6, 2, 3]], [[0, 10, 3], [3, 8, 2], [5, 15, 43], [3, 1, 7]], [[2, 7, 2], [2, 10, 3], [9, 19, 38], [2, 2, 4]], [[0, 11, 0], [1, 8, 1], [9, 15, 43], [5, 1, 6]], [[1, 13, 1], [3, 7, 3], [10, 22, 28], [5, 1, 6]], [[1, 10, 0], [2, 7, 0], [9, 11, 40], [8, 3, 9]], [[1, 10, 2], [4, 7, 2], [13, 12, 39], [6, 2, 2]], [[1, 12, 2], [2, 5, 2], [13, 13, 39], [4, 0, 7]], [[1, 8, 3], [1, 7, 3], [10, 12, 42], [6, 1, 6]], [[0, 9, 5], [2, 8, 3], [3, 9, 25], [21, 3, 12]], [[0, 15, 1], [6, 7, 0], [0, 3, 8], [30, 5, 25]], [[3, 10, 1], [5, 7, 3], [2, 2, 6], [37, 4, 20]], [[0, 4, 3], [4, 9, 3], [2, 3, 10], [31, 5, 26]], [[0, 11, 2], [0, 8, 0], [2, 4, 10], [26, 13, 24]], [[1, 14, 2], [2, 4, 1], [2, 6, 4], [36, 4, 24]], [[1, 12, 0], [4, 8, 1], [1, 3, 14], [21, 8, 27]], [[0, 14, 0], [3, 7, 0], [2, 0, 5], [39, 5, 25]], [[0, 7, 1], [5, 10, 1], [0, 2, 6], [36, 5, 27]], [[1, 15, 0], [1, 9, 2], [3, 3, 8], [30, 4, 24]], [[1, 12, 2], [3, 13, 1], [1, 2, 9], [28, 3, 25]], [[1, 10, 3], [4, 3, 2], [0, 1, 7], [42, 10, 17]], [[0, 7, 4], [3, 5, 0], [2, 4, 11], [29, 3, 32]]], "n": [[11, 65, 24], [14, 62, 24], [12, 59, 29], [13, 62, 25], [13, 64, 23], [17, 57, 26], [14, 60, 26], [20, 62, 18], [17, 61, 22], [5, 68, 27], [17, 65, 18], [18, 61, 21], [26, 49, 25], [19, 64, 17], [17, 56, 27], [18, 56, 26], [34, 43, 23], [18, 56, 26], [25, 56, 19], [19, 61, 20], [22, 54, 24], [29, 52, 19], [25, 56, 19], [18, 60, 22], [21, 63, 16], [14, 41, 45], [23, 33, 44], [15, 43, 42], [14, 42, 44], [11, 34, 55], [15, 38, 47], [15, 35, 50], [19, 43, 38], [20, 31, 49], [24, 31, 45], [20, 30, 50], [18, 28, 54], [26, 29, 45], [36, 30, 34], [47, 23, 30], [37, 21, 42], [28, 36, 36], [41, 28, 31], [27, 31, 42], [44, 26, 30], [41, 24, 35], [35, 31, 34], [33, 30, 37], [47, 24, 29], [34, 19, 47]], "lambda_": 0.5, "b": [[62, 16, 7, 15], [70, 5, 11, 14], [52, 15, 22, 11], [56, 13, 17, 14], [64, 14, 15, 7], [52, 14, 22, 12], [61, 10, 10, 19], [58, 13, 14, 15], [60, 11, 14, 15], [70, 8, 12, 10], [65, 14, 9, 12], [60, 15, 13, 12], [39, 39, 8, 14], [15, 62, 12, 11], [15, 68, 7, 10], [7, 69, 14, 10], [9, 64, 12, 15], [13, 65, 12, 10], [15, 63, 7, 15], [8, 74, 8, 10], [8, 69, 12, 11], [11, 62, 15, 12], [17, 54, 15, 14], [14, 60, 16, 10], [14, 57, 14, 15], [14, 15, 58, 13], [14, 11, 58, 17], [15, 11, 63, 11], [21, 9, 59, 11], [13, 13, 63, 11], [11, 15, 66, 8], [11, 10, 67, 12], [15, 13, 60, 12], [11, 9, 60, 20], [13, 13, 64, 10], [15, 9, 65, 11], [12, 11, 64, 13], [14, 13, 37, 36], [16, 13, 11, 60], [14, 15, 10, 61], [7, 16, 15, 62], [13, 8, 16, 63], [17, 7, 12, 64], [13, 13, 18, 56], [14, 10, 7, 69], [8, 16, 8, 68], [16, 12, 14, 58], [15, 17, 12, 56], [14, 9, 8, 69], [11, 8, 17, 64]]}