{"M": 50, "G": 4, "I": 3, "J": 100, "p": [[0.2974927278529054, 0.7024442120019875, 6.306014510719398e-05], [0.5848101305057984, 0.2578102520728213, 0.15737961742138015], [0.18151185355367702, 0.37336871988100895, 0.445119426565314], [0.3129412873788262, 0.2196927122672046, 0.4673660003539691]], "r": [[[19, 38, 0], [6, 5, 5], [1, 9, 6], [3, 2, 6]], [[23, 44, 0], [8, 0, 5], [2, 5, 3], [4, 1, 5]], [[15, 42, 0], [10, 5, 2], [6, 3, 5], [4, 1, 7]], [[23, 43, 0], [7, 2, 3], [2, 6, 4], [2, 3, 5]], [[21, 46, 0], [9, 4, 1], [3, 4, 5], [2, 2, 3]], [[15, 46, 0], [7, 2, 2], [3, 7, 8], [6, 2, 2]], [[22, 38, 0], [10, 4, 0], [4, 6, 6], [2, 4, 4]], [[11, 57, 0], [10, 3, 2], [0, 3, 1], [3, 4, 6]], [[15, 46, 0], [8, 5, 3], [2, 4, 7], [3, 2, 5]], [[19, 47, 0], [10, 2, 1], [5, 4, 2], [2, 5, 3]], [[22, 46, 0], [5, 1, 1], [1, 5, 3], [3, 5, 8]], [[15, 46, 0], [5, 4, 0], [2, 4, 6], [3, 6, 9]], [[14, 24, 0], [16, 10, 9], [2, 6, 3], [7, 5, 4]], [[3, 12, 0], [36, 16, 12], [4, 0, 6], [4, 2, 5]], [[4, 10, 0], [41, 9, 10], [1, 3, 6], [6, 7, 3]], [[2, 8, 0], [35, 14, 17], [1, 3, 12], [2, 1, 5]], [[4, 8, 0], [30, 20, 15], [1, 2, 6], [4, 3, 7]], [[3, 6, 0], [38, 16, 15], [1, 5, 3], [4, 2, 7]], [[3, 4, 0], [37, 18, 7], [1, 8, 5], [9, 4, 4]], [[4, 5, 0], [35, 21, 11], [2, 7, 5], [3, 3, 4]], [[3, 7, 0], [34, 15, 8], [4, 10, 6], [3, 5, 5]], [[2, 8, 0], [45, 20, 3], [4, 4, 5], [2, 2, 5]], [[6, 7, 0], [36, 17, 4], [2, 6, 10], [4, 4, 4]], [[3, 5, 0], [40, 11, 11], [5, 4, 10], [3, 2, 6]], [[4, 8, 0], [41, 20, 6], [2, 7, 3], [0, 3, 6]], [[7, 6, 0], [11, 2, 3], [12, 25, 26], [3, 0, 5]], [[3, 5, 0], [6, 5, 2], [14, 19, 31], [6, 1, 8]], [[4, 6, 0], [7, 5, 2], [13, 23, 26], [5, 3, 6]], [[4, 7, 0], [2, 5, 2], [18, 18, 29], [7, 3, 5]], [[1, 13, 0], [10, 4, 2], [6, 27, 30], [1, 0, 6]], [[6, 10, 0], [5, 4, 2], [6, 27, 28], [4, 2, 6]], [[3, 10, 0], [7, 6, 3], [11, 17, 30], [3, 2, 8]], [[6, 9, 0], [8, 4, 1], [9, 25, 26], [3, 3, 6]], [[2, 7, 0], [5, 1, 3], [8, 20, 38], [3, 5, 8]], [[2, 13, 0], [7, 1, 0], [13, 23, 26], [7, 1, 7]], [[6, 11, 0], [4, 1, 4], [15, 21, 27], [2, 4, 5]], [[3, 10, 0], [5, 1, 2], [15, 17, 35], [7, 1, 4]], [[6, 9, 0], [8, 5, 1], [4, 15, 14], [7, 8, 23]], [[4, 9, 0], [5, 1, 1], [2, 6, 6], [12, 10, 44]], [[5, 12, 0], [3, 4, 0], [0, 10, 3], [23, 12, 28]], [[4, 10, 0], [10, 1, 4], [2, 6, 3], [15, 13, 32]], [[1, 5, 0], [4, 2, 2], [1, 3, 10], [22, 17, 33]], [[6, 8, 0], [7, 1, 2], [0, 7, 2], [19, 14, 34]], [[2, 10, 0], [6, 4, 2], [2, 7, 5], [24, 10, 28]], [[3, 6, 0], [9, 2, 1], [0, 5, 4], [23, 21, 26]], [[7, 16, 0], [4, 2, 2], [3, 6, 2], [21, 11, 26]], [[1, 9, 0], [8, 4, 0], [0, 8, 4], [23, 16, 27]], [[1, 6, 0], [6, 5, 7], [5, 4, 8], [11, 16, 31]], [[3, 11, 0], [8, 2, 3], [3, 2, 4], [20, 11, 33]], [[3, 15, 0], [7, 4, 5], [3, 4, 1], [16, 13, 29]]], "n": [[29, 54, 17], [37, 50, 13], [35, 51, 14], [34, 54, 12], [35, 56, 9], [31, 57, 12], [38, 52, 10], [24, 67, 9], [28, 57, 15], [36, 58, 6], [31, 57, 12], [25, 60, 15], [39, 45, 16], [47, 30, 23], [52, 29, 19], [40, 26, 34], [39, 33, 28], [46, 29, 25], [50, 34, 16], [44, 36, 20], [44, 37, 19], [53, 34, 13], [48, 34, 18], [51, 22, 27], [47, 38, 15], [33, 33, 34], [29, 30, 41], [29, 37, 34], [31, 33, 36], [18, 44, 38], [21, 43, 36], [24, 35, 41], [26, 41, 33], [18, 33, 49], [29, 38, 33], [27, 37, 36], [30, 29, 41], [25, 37, 38], [23, 26, 51], [31, 38, 31], [31, 30, 39], [28, 27, 45], [32, 30, 38], [34, 31, 35], [35, 34, 31], [35, 35, 30], [32, 37, 31], [23, 31, 46], [34, 26, 40], [29, 36, 35]], "lambda_": 0.5, "b": [[57, 16, 16, 11], [67, 13, 10, 10], [57, 17, 14, 12], [66, 12, 12, 10], [67, 14, 12, 7], [61, 11, 18, 10], [60, 14, 16, 10], [68, 15, 4, 13], [61, 16, 13, 10], [66, 13, 11, 10], [68, 7, 9, 16], [61, 9, 12, 18], [38, 35, 11, 16], [15, 64, 10, 11], [14, 60, 10, 16], [10, 66, 16, 8], [12, 65, 9, 14], [9, 69, 9, 13], [7, 62, 14, 17], [9, 67, 14, 10], [10, 57, 20, 13], [10, 68, 13, 9], [13, 57, 18, 12], [8, 62, 19, 11], [12, 67, 12, 9], [13, 16, 63, 8], [8, 13, 64, 15], [10, 14, 62, 14], [11, 9, 65, 15], [14, 16, 63, 7], [16, 11, 61, 12], [13, 16, 58, 13], [15, 13, 60, 12], [9, 9, 66, 16], [15, 8, 62, 15], [17, 9, 63, 11], [13, 8, 67, 12], [15, 14, 33, 38], [13, 7, 14, 66], [17, 7, 13, 63], [14, 15, 11, 60], [6, 8, 14, 72], [14, 10, 9, 67], [12, 12, 14, 62], [9, 12, 9, 70], [23, 8, 11, 58], [10, 12, 12, 66], [7, 18, 17, 58], [14, 13, 9, 64], [18, 16, 8, 58]]}