{"M": 50, "G": 2, "I": 10, "J": 100, "p": [[0.3933994877011556, 0.04104295009206226, 0.011639288492786368, 0.09343080879166801, 0.06707803596054586, 0.15721726600547498, 0.07603804426202529, 0.07560511910395219, 0.02467344936176653, 0.05987555022856308], [0.2953606482247047, 0.03628809157144844, 0.1496654943461996, 0.23753843791970947, 0.19467365456822786, 0.027970400863696843, 0.021652015798033372, 0.00565896413313319, 0.00475841081323897, 0.026433881761607405]], "r": [[[42, 5, 0, 10, 5, 6, 4, 4, 1, 4], [7, 0, 6, 3, 1, 1, 0, 0, 0, 1]], [[33, 3, 0, 8, 2, 10, 7, 7, 1, 7], [7, 0, 3, 7, 4, 1, 0, 0, 0, 0]], [[37, 5, 0, 3, 3, 13, 8, 1, 3, 7], [6, 1, 3, 5, 5, 0, 0, 0, 0, 0]], [[23, 5, 1, 7, 0, 13, 7, 7, 4, 8], [7, 0, 4, 7, 3, 2, 1, 0, 0, 1]], [[32, 1, 2, 8, 6, 11, 6, 4, 1, 2], [11, 1, 1, 4, 8, 1, 1, 0, 0, 0]], [[37, 5, 3, 13, 6, 6, 2, 4, 0, 1], [7, 0, 2, 6, 6, 0, 2, 0, 0, 0]], [[34, 3, 1, 6, 6, 14, 5, 3, 2, 1], [10, 0, 3, 4, 6, 2, 0, 0, 0, 0]], [[33, 8, 2, 7, 4, 14, 1, 5, 0, 5], [5, 3, 2, 6, 2, 2, 0, 0, 0, 1]], [[32, 6, 1, 3, 3, 15, 7, 6, 1, 4], [12, 1, 2, 2, 3, 1, 0, 0, 0, 1]], [[30, 2, 0, 3, 6, 18, 3, 8, 1, 8], [5, 0, 7, 3, 6, 0, 0, 0, 0, 0]], [[29, 4, 1, 3, 4, 9, 7, 10, 5, 4], [3, 0, 2, 8, 8, 0, 2, 0, 0, 1]], [[29, 1, 0, 5, 5, 17, 8, 4, 2, 7], [9, 0, 3, 2, 4, 1, 1, 1, 0, 1]], [[23, 4, 0, 10, 6, 12, 3, 6, 1, 8], [8, 0, 4, 8, 4, 1, 0, 0, 0, 2]], [[27, 2, 0, 10, 4, 13, 6, 8, 1, 8], [7, 1, 3, 5, 4, 1, 0, 0, 0, 0]], [[26, 4, 3, 10, 6, 10, 5, 5, 2, 4], [5, 1, 1, 14, 4, 0, 0, 0, 0, 0]], [[29, 5, 1, 12, 8, 7, 5, 6, 0, 5], [5, 3, 3, 8, 2, 0, 1, 0, 0, 0]], [[31, 2, 1, 4, 4, 14, 3, 8, 2, 3], [9, 1, 2, 5, 6, 2, 1, 1, 0, 1]], [[29, 3, 4, 2, 7, 14, 4, 7, 0, 7], [10, 1, 4, 3, 3, 0, 2, 0, 0, 0]], [[27, 2, 0, 9, 5, 14, 6, 5, 3, 5], [3, 1, 2, 5, 10, 1, 1, 0, 0, 1]], [[26, 3, 1, 9, 4, 7, 6, 2, 0, 3], [5, 2, 4, 12, 11, 2, 2, 0, 0, 1]], [[23, 0, 0, 7, 7, 16, 3, 7, 2, 4], [4, 1, 5, 12, 6, 1, 0, 0, 0, 2]], [[40, 3, 1, 4, 3, 6, 4, 9, 2, 6], [7, 0, 3, 6, 6, 0, 0, 0, 0, 0]], [[26, 1, 1, 6, 3, 15, 7, 6, 2, 4], [10, 2, 6, 6, 2, 2, 0, 0, 1, 0]], [[34, 3, 1, 7, 4, 9, 3, 8, 2, 6], [4, 1, 2, 6, 10, 0, 0, 0, 0, 0]], [[24, 3, 1, 6, 10, 12, 3, 6, 1, 6], [9, 1, 4, 8, 4, 1, 0, 0, 0, 1]], [[8, 0, 0, 1, 1, 6, 1, 5, 1, 1], [22, 5, 6, 24, 10, 2, 3, 2, 1, 1]], [[15, 1, 0, 3, 0, 4, 3, 0, 3, 1], [19, 4, 16, 14, 11, 1, 2, 0, 0, 3]], [[13, 0, 0, 1, 0, 3, 3, 1, 1, 1], [21, 1, 12, 24, 13, 1, 0, 0, 1, 4]], [[4, 0, 0, 6, 1, 5, 1, 3, 1, 0], [24, 3, 10, 18, 17, 4, 3, 0, 0, 0]], [[6, 1, 0, 3, 2, 5, 2, 0, 1, 2], [22, 3, 8, 17, 18, 3, 2, 0, 0, 5]], [[7, 0, 0, 2, 2, 7, 3, 1, 0, 3], [27, 0, 11, 20, 14, 2, 0, 0, 0, 1]], [[7, 0, 1, 1, 1, 1, 1, 3, 0, 1], [28, 4, 8, 23, 12, 3, 1, 2, 0, 3]], [[12, 1, 0, 2, 1, 4, 3, 3, 0, 3], [18, 1, 16, 15, 12, 2, 3, 0, 1, 3]], [[6, 1, 0, 3, 0, 3, 4, 2, 2, 1], [32, 3, 8, 17, 11, 3, 1, 0, 0, 3]], [[8, 1, 3, 2, 1, 3, 4, 2, 0, 1], [22, 5, 15, 16, 10, 3, 2, 0, 1, 1]], [[12, 0, 0, 1, 4, 3, 2, 3, 1, 1], [21, 2, 7, 24, 12, 3, 2, 0, 0, 2]], [[14, 0, 0, 3, 2, 4, 2, 3, 0, 0], [20, 3, 8, 18, 16, 1, 1, 0, 1, 4]], [[9, 0, 0, 3, 1, 1, 3, 4, 1, 1], [21, 0, 13, 22, 14, 1, 3, 1, 0, 2]], [[14, 0, 1, 5, 0, 3, 2, 3, 0, 1], [20, 1, 12, 15, 12, 0, 4, 3, 0, 4]], [[6, 3, 0, 0, 3, 3, 3, 4, 3, 2], [18, 2, 11, 24, 10, 1, 5, 0, 0, 2]], [[8, 0, 1, 1, 3, 5, 3, 3, 0, 2], [24, 5, 8, 19, 13, 0, 3, 0, 2, 0]], [[12, 3, 0, 0, 2, 4, 2, 1, 1, 1], [20, 4, 11, 18, 14, 3, 0, 0, 1, 3]], [[11, 1, 0, 4, 2, 2, 3, 3, 1, 1], [20, 0, 10, 19, 16, 2, 1, 0, 0, 4]], [[8, 1, 0, 2, 0, 3, 1, 1, 1, 0], [35, 1, 10, 17, 13, 2, 2, 0, 0, 3]], [[3, 2, 0, 3, 3, 3, 4, 2, 0, 1], [20, 2, 13, 22, 15, 3, 1, 1, 0, 2]], [[9, 1, 0, 3, 0, 4, 1, 5, 0, 3], [25, 2, 14, 13, 11, 3, 2, 0, 1, 3]], [[8, 3, 1, 4, 1, 3, 2, 2, 0, 1], [25, 3, 13, 16, 12, 2, 3, 0, 0, 1]], [[11, 1, 0, 4, 2, 2, 3, 2, 2, 1], [19, 3, 11, 17, 18, 3, 0, 0, 0, 1]], [[9, 0, 0, 5, 1, 3, 0, 0, 0, 3], [22, 4, 16, 19, 11, 3, 3, 0, 0, 1]], [[12, 0, 0, 3, 1, 4, 2, 1, 0, 3], [29, 2, 13, 13, 8, 1, 2, 1, 1, 4]]], "n": [[49, 5, 6, 13, 6, 7, 4, 4, 1, 5], [40, 3, 3, 15, 6, 11, 7, 7, 1, 7], [43, 6, 3, 8, 8, 13, 8, 1, 3, 7], [30, 5, 5, 14, 3, 15, 8, 7, 4, 9], [43, 2, 3, 12, 14, 12, 7, 4, 1, 2], [44, 5, 5, 19, 12, 6, 4, 4, 0, 1], [44, 3, 4, 10, 12, 16, 5, 3, 2, 1], [38, 11, 4, 13, 6, 16, 1, 5, 0, 6], [44, 7, 3, 5, 6, 16, 7, 6, 1, 5], [35, 2, 7, 6, 12, 18, 3, 8, 1, 8], [32, 4, 3, 11, 12, 9, 9, 10, 5, 5], [38, 1, 3, 7, 9, 18, 9, 5, 2, 8], [31, 4, 4, 18, 10, 13, 3, 6, 1, 10], [34, 3, 3, 15, 8, 14, 6, 8, 1, 8], [31, 5, 4, 24, 10, 10, 5, 5, 2, 4], [34, 8, 4, 20, 10, 7, 6, 6, 0, 5], [40, 3, 3, 9, 10, 16, 4, 9, 2, 4], [39, 4, 8, 5, 10, 14, 6, 7, 0, 7], [30, 3, 2, 14, 15, 15, 7, 5, 3, 6], [31, 5, 5, 21, 15, 9, 8, 2, 0, 4], [27, 1, 5, 19, 13, 17, 3, 7, 2, 6], [47, 3, 4, 10, 9, 6, 4, 9, 2, 6], [36, 3, 7, 12, 5, 17, 7, 6, 3, 4], [38, 4, 3, 13, 14, 9, 3, 8, 2, 6], [33, 4, 5, 14, 14, 13, 3, 6, 1, 7], [30, 5, 6, 25, 11, 8, 4, 7, 2, 2], [34, 5, 16, 17, 11, 5, 5, 0, 3, 4], [34, 1, 12, 25, 13, 4, 3, 1, 2, 5], [28, 3, 10, 24, 18, 9, 4, 3, 1, 0], [28, 4, 8, 20, 20, 8, 4, 0, 1, 7], [34, 0, 11, 22, 16, 9, 3, 1, 0, 4], [35, 4, 9, 24, 13, 4, 2, 5, 0, 4], [30, 2, 16, 17, 13, 6, 6, 3, 1, 6], [38, 4, 8, 20, 11, 6, 5, 2, 2, 4], [30, 6, 18, 18, 11, 6, 6, 2, 1, 2], [33, 2, 7, 25, 16, 6, 4, 3, 1, 3], [34, 3, 8, 21, 18, 5, 3, 3, 1, 4], [30, 0, 13, 25, 15, 2, 6, 5, 1, 3], [34, 1, 13, 20, 12, 3, 6, 6, 0, 5], [24, 5, 11, 24, 13, 4, 8, 4, 3, 4], [32, 5, 9, 20, 16, 5, 6, 3, 2, 2], [32, 7, 11, 18, 16, 7, 2, 1, 2, 4], [31, 1, 10, 23, 18, 4, 4, 3, 1, 5], [43, 2, 10, 19, 13, 5, 3, 1, 1, 3], [23, 4, 13, 25, 18, 6, 5, 3, 0, 3], [34, 3, 14, 16, 11, 7, 3, 5, 1, 6], [33, 6, 14, 20, 13, 5, 5, 2, 0, 2], [30, 4, 11, 21, 20, 5, 3, 2, 2, 2], [31, 4, 16, 24, 12, 6, 3, 0, 0, 4], [41, 2, 13, 16, 9, 5, 4, 2, 1, 7]], "lambda_": 0.5, "b": [[81, 19], [78, 22], [80, 20], [75, 25], [73, 27], [77, 23], [75, 25], [79, 21], [78, 22], [79, 21], [76, 24], [78, 22], [73, 27], [79, 21], [75, 25], [78, 22], [72, 28], [77, 23], [76, 24], [61, 39], [69, 31], [78, 22], [71, 29], [77, 23], [72, 28], [24, 76], [30, 70], [23, 77], [21, 79], [22, 78], [25, 75], [16, 84], [29, 71], [22, 78], [25, 75], [27, 73], [28, 72], [23, 77], [29, 71], [27, 73], [26, 74], [26, 74], [28, 72], [17, 83], [21, 79], [26, 74], [25, 75], [28, 72], [21, 79], [26, 74]]}