{"M": 50, "G": 4, "I": 10, "J": 100, "p": [[0.1868624543952815, 0.31271523785328015, 0.1838871500988386, 0.06842233417845325, 0.023949501846988717, 0.0010364237832000416, 0.050892580529086434, 0.04653602419379681, 0.06685942907796333, 0.058838864043111186], [0.07769395135258456, 0.0751473499456211, 0.13716371065268357, 0.11945249334395132, 0.09267376704294485, 0.053230454927533574, 0.03270678538961603, 0.3493290441282592, 0.03893183251276018, 0.02367061070404559], [0.005507221685686164, 0.32902023019615606, 0.01106727024735999, 0.03145432903037553, 0.005953091336282596, 0.020596990261568617, 0.04047251815660068, 0.18322100316570472, 0.034287810719799784, 0.3384195352004659], [0.003211208762407986, 0.04773686507150799, 0.05282641860371358, 0.15912379608073038, 0.30772463923047316, 0.04243071483681782, 0.06239724170300662, 0.034687569390003614, 0.17786361809560214, 0.11199792822573663]], "r": [[[13, 13, 17, 4, 0, 0, 5, 3, 2, 4], [1, 0, 1, 2, 1, 1, 0, 7, 0, 1], [0, 8, 0, 0, 0, 0, 0, 3, 0, 3], [0, 1, 2, 2, 2, 0, 1, 0, 1, 2]], [[8, 23, 17, 1, 0, 0, 3, 3, 1, 2], [1, 1, 1, 1, 1, 4, 1, 5, 0, 0], [0, 5, 0, 0, 0, 0, 3, 1, 0, 3], [0, 1, 1, 2, 3, 1, 2, 0, 3, 2]], [[12, 26, 8, 7, 1, 1, 1, 1, 3, 4], [1, 2, 1, 1, 1, 0, 0, 8, 0, 0], [0, 6, 0, 0, 0, 0, 0, 4, 0, 1], [0, 3, 0, 1, 3, 0, 0, 0, 4, 0]], [[13, 25, 9, 6, 3, 0, 2, 4, 2, 2], [1, 0, 1, 3, 1, 0, 0, 5, 1, 0], [0, 4, 0, 0, 0, 0, 1, 4, 0, 3], [0, 1, 0, 0, 3, 0, 1, 0, 3, 2]], [[11, 21, 11, 4, 2, 0, 5, 6, 5, 2], [0, 1, 0, 2, 0, 1, 1, 6, 2, 0], [0, 3, 0, 0, 0, 0, 0, 2, 0, 1], [0, 1, 2, 4, 2, 0, 0, 0, 0, 5]], [[6, 18, 11, 6, 2, 0, 4, 1, 4, 3], [0, 1, 3, 2, 0, 0, 0, 9, 1, 0], [0, 0, 1, 0, 0, 2, 0, 5, 0, 2], [0, 0, 1, 4, 3, 0, 2, 2, 4, 3]], [[10, 15, 15, 4, 1, 0, 1, 4, 6, 3], [2, 0, 2, 1, 0, 1, 2, 6, 0, 0], [0, 4, 0, 0, 0, 0, 1, 2, 2, 6], [0, 0, 1, 3, 5, 0, 3, 0, 0, 0]], [[13, 17, 9, 9, 2, 0, 3, 5, 2, 1], [0, 3, 3, 2, 1, 0, 0, 4, 0, 1], [0, 2, 0, 0, 0, 1, 0, 3, 2, 9], [0, 0, 0, 4, 2, 1, 0, 0, 0, 1]], [[10, 20, 17, 3, 0, 0, 2, 4, 4, 8], [1, 0, 2, 1, 4, 3, 0, 1, 0, 0], [0, 2, 1, 0, 0, 1, 0, 1, 0, 4], [0, 1, 1, 1, 4, 0, 3, 0, 1, 0]], [[6, 16, 14, 2, 1, 0, 3, 1, 10, 2], [2, 2, 0, 0, 4, 1, 1, 3, 2, 0], [0, 5, 0, 1, 0, 0, 0, 2, 2, 4], [0, 2, 0, 1, 5, 1, 0, 0, 4, 3]], [[15, 19, 15, 1, 0, 0, 7, 0, 3, 2], [1, 0, 2, 1, 2, 1, 0, 6, 1, 0], [0, 6, 0, 1, 0, 0, 0, 1, 1, 3], [0, 1, 0, 3, 6, 0, 0, 0, 1, 1]], [[11, 24, 11, 5, 3, 0, 2, 2, 3, 4], [2, 1, 3, 1, 0, 2, 0, 5, 0, 0], [0, 1, 0, 0, 0, 0, 0, 6, 0, 2], [0, 0, 0, 2, 5, 1, 0, 0, 2, 2]], [[9, 13, 8, 1, 1, 0, 0, 1, 2, 5], [4, 3, 6, 7, 2, 3, 1, 12, 1, 1], [0, 5, 0, 0, 0, 0, 0, 2, 0, 3], [0, 1, 0, 0, 6, 0, 0, 0, 1, 2]], [[4, 2, 1, 1, 0, 0, 1, 0, 1, 0], [6, 5, 9, 7, 8, 3, 1, 27, 2, 1], [0, 2, 0, 1, 0, 0, 1, 2, 1, 3], [0, 1, 0, 3, 3, 0, 1, 0, 0, 3]], [[2, 5, 4, 1, 0, 0, 1, 1, 2, 2], [5, 5, 5, 7, 2, 4, 4, 26, 2, 0], [0, 2, 2, 1, 0, 0, 0, 2, 1, 4], [0, 1, 0, 1, 5, 1, 0, 0, 1, 1]], [[2, 5, 2, 0, 0, 0, 1, 0, 1, 0], [2, 6, 8, 5, 7, 6, 5, 20, 2, 5], [0, 2, 0, 0, 1, 0, 0, 3, 0, 7], [0, 1, 1, 3, 2, 1, 0, 0, 2, 0]], [[0, 3, 2, 1, 0, 0, 1, 1, 0, 0], [8, 5, 10, 2, 4, 5, 6, 20, 2, 1], [0, 6, 0, 0, 0, 0, 1, 0, 1, 3], [0, 2, 0, 3, 6, 1, 1, 2, 2, 1]], [[1, 7, 2, 0, 0, 0, 1, 0, 1, 3], [3, 4, 13, 6, 4, 6, 3, 18, 3, 4], [0, 7, 0, 0, 0, 0, 0, 0, 0, 4], [0, 0, 0, 2, 2, 0, 5, 0, 1, 0]], [[1, 4, 4, 3, 1, 0, 1, 0, 1, 0], [4, 8, 13, 6, 0, 1, 1, 22, 3, 0], [0, 6, 0, 0, 0, 1, 1, 2, 0, 3], [0, 2, 3, 2, 4, 0, 1, 0, 0, 2]], [[3, 1, 2, 0, 0, 0, 0, 0, 0, 3], [5, 2, 14, 5, 5, 5, 4, 21, 3, 0], [0, 2, 0, 1, 0, 1, 1, 3, 2, 4], [0, 0, 0, 1, 6, 1, 1, 1, 2, 1]], [[4, 2, 0, 1, 0, 0, 0, 1, 1, 1], [3, 6, 13, 5, 3, 2, 1, 18, 2, 3], [0, 8, 0, 1, 0, 0, 1, 3, 0, 2], [0, 0, 1, 3, 5, 3, 1, 0, 4, 2]], [[6, 3, 3, 1, 1, 0, 0, 0, 2, 0], [5, 3, 9, 8, 3, 4, 3, 19, 1, 2], [0, 7, 1, 0, 0, 0, 0, 3, 0, 6], [0, 0, 0, 4, 1, 0, 1, 0, 2, 2]], [[2, 3, 5, 2, 0, 0, 0, 1, 2, 0], [8, 3, 10, 3, 7, 4, 0, 23, 2, 0], [0, 3, 0, 1, 0, 1, 0, 3, 1, 6], [0, 0, 1, 3, 1, 0, 0, 0, 3, 2]], [[3, 3, 3, 0, 0, 0, 0, 0, 0, 0], [3, 6, 14, 8, 3, 2, 0, 23, 1, 0], [0, 5, 0, 1, 0, 0, 0, 1, 1, 4], [1, 1, 0, 0, 5, 1, 1, 1, 8, 1]], [[0, 3, 2, 0, 2, 0, 1, 0, 2, 0], [8, 5, 7, 7, 5, 5, 2, 24, 4, 1], [0, 6, 1, 1, 0, 0, 0, 0, 0, 5], [0, 0, 0, 2, 4, 0, 2, 0, 1, 0]], [[4, 2, 5, 0, 0, 0, 1, 1, 0, 2], [0, 1, 2, 2, 1, 1, 0, 3, 2, 0], [0, 22, 1, 4, 1, 1, 4, 10, 7, 19], [0, 0, 0, 0, 2, 0, 0, 0, 1, 1]], [[2, 6, 2, 0, 0, 0, 1, 0, 0, 1], [0, 1, 2, 5, 2, 0, 1, 2, 0, 0], [0, 22, 1, 1, 1, 3, 2, 10, 3, 22], [0, 0, 1, 0, 7, 0, 0, 0, 1, 1]], [[3, 5, 2, 4, 0, 0, 2, 0, 2, 0], [0, 1, 1, 3, 1, 2, 0, 4, 0, 0], [0, 18, 0, 2, 0, 0, 1, 10, 1, 26], [0, 0, 0, 2, 3, 0, 2, 0, 2, 3]], [[4, 3, 4, 1, 0, 0, 2, 0, 2, 0], [0, 2, 5, 2, 1, 0, 1, 4, 0, 0], [0, 17, 0, 2, 0, 1, 2, 6, 7, 20], [0, 0, 2, 2, 6, 1, 1, 0, 2, 0]], [[2, 4, 2, 0, 0, 0, 2, 0, 2, 1], [0, 1, 1, 1, 0, 0, 0, 6, 1, 0], [0, 23, 2, 4, 1, 1, 0, 14, 3, 14], [0, 0, 2, 2, 7, 1, 0, 1, 1, 1]], [[3, 2, 2, 1, 0, 0, 0, 2, 1, 0], [2, 1, 2, 2, 0, 0, 1, 6, 0, 0], [1, 18, 0, 6, 0, 1, 2, 2, 4, 22], [0, 1, 1, 1, 7, 2, 3, 1, 1, 2]], [[2, 4, 2, 1, 1, 0, 0, 0, 1, 0], [1, 0, 3, 3, 1, 1, 0, 4, 1, 1], [1, 19, 0, 1, 0, 3, 4, 6, 2, 30], [0, 0, 0, 1, 2, 1, 1, 1, 2, 0]], [[2, 5, 1, 1, 0, 0, 1, 0, 1, 1], [0, 1, 4, 2, 1, 3, 0, 5, 0, 2], [0, 18, 1, 2, 0, 1, 1, 11, 1, 21], [0, 0, 0, 3, 6, 0, 3, 0, 2, 0]], [[1, 4, 4, 0, 1, 0, 0, 0, 0, 0], [3, 0, 0, 1, 2, 0, 0, 3, 0, 1], [0, 21, 0, 2, 0, 3, 3, 8, 2, 30], [0, 1, 0, 4, 3, 0, 1, 0, 2, 0]], [[2, 2, 4, 1, 0, 0, 3, 1, 2, 0], [1, 0, 0, 1, 1, 0, 0, 7, 0, 0], [1, 24, 0, 7, 1, 0, 4, 7, 2, 20], [0, 1, 2, 1, 0, 1, 0, 0, 4, 0]], [[3, 2, 3, 3, 0, 0, 1, 0, 3, 0], [2, 3, 2, 1, 1, 1, 1, 7, 1, 0], [1, 17, 1, 2, 0, 0, 0, 11, 1, 21], [0, 0, 1, 4, 3, 1, 0, 0, 3, 0]], [[0, 4, 1, 1, 0, 0, 2, 0, 2, 0], [0, 2, 0, 4, 1, 0, 0, 3, 0, 1], [0, 23, 0, 1, 0, 1, 4, 15, 0, 24], [0, 0, 0, 3, 2, 1, 0, 2, 3, 0]], [[2, 5, 4, 3, 0, 0, 1, 0, 2, 1], [1, 1, 1, 0, 2, 2, 0, 8, 0, 1], [1, 11, 1, 2, 0, 1, 1, 8, 3, 9], [0, 2, 0, 4, 10, 2, 0, 2, 7, 2]], [[5, 4, 3, 0, 0, 0, 2, 1, 2, 1], [1, 1, 4, 2, 0, 0, 1, 1, 2, 1], [0, 4, 0, 0, 0, 2, 0, 3, 0, 7], [0, 4, 3, 8, 25, 1, 0, 3, 5, 4]], [[2, 3, 3, 1, 0, 0, 0, 2, 0, 1], [1, 0, 0, 1, 1, 2, 0, 2, 0, 0], [0, 5, 0, 0, 0, 0, 1, 1, 0, 4], [0, 2, 4, 13, 21, 1, 6, 1, 10, 12]], [[2, 1, 4, 1, 1, 0, 1, 0, 1, 0], [0, 1, 2, 1, 1, 0, 1, 1, 0, 0], [0, 8, 0, 0, 0, 1, 1, 4, 2, 4], [0, 3, 1, 8, 19, 3, 5, 2, 9, 12]], [[2, 2, 1, 3, 0, 0, 2, 2, 0, 2], [0, 2, 0, 2, 0, 0, 1, 5, 0, 0], [0, 2, 0, 0, 0, 0, 0, 2, 0, 5], [1, 3, 2, 7, 24, 4, 4, 3, 15, 4]], [[2, 1, 1, 0, 0, 0, 2, 1, 0, 1], [2, 0, 3, 1, 1, 2, 0, 3, 0, 0], [0, 2, 1, 0, 0, 1, 1, 1, 1, 6], [0, 3, 5, 6, 20, 5, 3, 1, 12, 12]], [[4, 3, 1, 0, 0, 0, 0, 0, 1, 1], [1, 1, 2, 2, 2, 2, 0, 6, 1, 0], [0, 9, 0, 0, 0, 0, 0, 1, 0, 2], [0, 1, 5, 11, 24, 4, 5, 1, 9, 1]], [[3, 7, 3, 1, 0, 0, 0, 0, 0, 1], [2, 1, 0, 1, 1, 0, 0, 0, 0, 0], [0, 2, 0, 0, 0, 0, 1, 3, 1, 5], [0, 5, 1, 12, 26, 0, 3, 1, 16, 4]], [[8, 4, 1, 0, 0, 0, 2, 1, 1, 2], [0, 2, 0, 1, 1, 1, 0, 2, 0, 0], [0, 5, 0, 0, 1, 0, 0, 0, 0, 2], [0, 2, 4, 12, 21, 0, 3, 7, 12, 5]], [[3, 6, 4, 0, 0, 0, 0, 0, 0, 0], [0, 1, 3, 7, 0, 0, 1, 2, 0, 0], [0, 7, 0, 0, 0, 0, 2, 1, 1, 4], [0, 3, 6, 13, 15, 0, 3, 3, 8, 7]], [[1, 1, 3, 1, 0, 0, 0, 0, 0, 0], [1, 1, 3, 1, 3, 1, 1, 3, 0, 0], [0, 5, 0, 0, 0, 0, 0, 4, 0, 6], [0, 4, 1, 7, 21, 4, 3, 4, 16, 5]], [[5, 5, 0, 0, 0, 0, 0, 1, 1, 2], [1, 0, 2, 0, 1, 0, 0, 1, 0, 0], [0, 8, 0, 0, 0, 0, 0, 3, 0, 6], [0, 5, 2, 13, 20, 5, 6, 1, 8, 4]], [[0, 5, 2, 0, 1, 0, 1, 0, 0, 0], [1, 2, 0, 2, 2, 1, 0, 3, 0, 1], [0, 4, 0, 0, 0, 0, 1, 5, 0, 4], [0, 5, 4, 8, 25, 1, 5, 2, 13, 2]]],