{"M": 50, "G": 4, "I": 4, "J": 100, "p": [[0.5074912259446531, 0.09166315051755766, 0.39116873435159927, 0.009676889186190038], [0.04919830855266767, 0.3904602330151289, 0.32594651093818944, 0.23439494749401418], [0.12416321052879148, 0.2960589838125732, 0.1751931603367181, 0.4045846453219173], [0.10054693445790465, 0.11913033047675195, 0.14280407847917545, 0.6375186565861679]], "r": [[[27, 3, 29, 1], [0, 10, 4, 2], [0, 4, 2, 7], [0, 2, 1, 8]], [[32, 6, 18, 0], [0, 6, 3, 4], [0, 4, 1, 9], [1, 3, 4, 9]], [[26, 6, 29, 1], [0, 10, 5, 1], [2, 4, 3, 5], [0, 2, 2, 4]], [[30, 4, 29, 0], [1, 4, 4, 3], [1, 5, 1, 5], [1, 1, 1, 10]], [[26, 11, 26, 1], [0, 6, 2, 3], [3, 1, 0, 3], [3, 0, 2, 13]], [[32, 0, 29, 1], [0, 1, 4, 1], [1, 6, 2, 8], [0, 6, 1, 8]], [[39, 5, 26, 1], [1, 6, 2, 6], [2, 2, 0, 5], [0, 0, 1, 4]], [[31, 7, 25, 0], [1, 7, 4, 4], [0, 2, 2, 3], [5, 0, 0, 9]], [[33, 6, 21, 0], [0, 3, 4, 5], [1, 3, 4, 4], [4, 3, 1, 8]], [[43, 3, 32, 0], [0, 4, 1, 1], [0, 5, 0, 2], [3, 0, 0, 6]], [[31, 6, 18, 2], [1, 6, 6, 4], [2, 1, 4, 3], [1, 1, 2, 12]], [[33, 9, 19, 0], [2, 4, 6, 3], [2, 1, 2, 7], [0, 1, 0, 11]], [[25, 2, 12, 1], [0, 15, 10, 5], [0, 3, 3, 6], [2, 4, 0, 12]], [[4, 1, 3, 0], [3, 34, 16, 13], [1, 3, 2, 6], [1, 2, 3, 8]], [[5, 0, 8, 0], [2, 23, 20, 16], [2, 4, 1, 5], [2, 2, 1, 9]], [[7, 1, 3, 0], [3, 21, 21, 13], [2, 3, 1, 6], [2, 3, 1, 13]], [[6, 2, 9, 0], [3, 20, 20, 14], [2, 7, 3, 5], [2, 0, 0, 7]], [[9, 0, 6, 0], [2, 19, 20, 21], [2, 2, 2, 5], [1, 0, 1, 10]], [[3, 0, 4, 0], [1, 20, 25, 14], [5, 6, 3, 7], [0, 1, 3, 8]], [[4, 0, 4, 0], [3, 17, 30, 18], [1, 5, 4, 8], [0, 1, 2, 3]], [[9, 0, 5, 0], [2, 25, 21, 16], [1, 4, 2, 6], [1, 1, 0, 7]], [[10, 0, 5, 0], [1, 23, 25, 11], [3, 2, 3, 4], [3, 2, 2, 6]], [[0, 0, 8, 0], [4, 24, 25, 16], [1, 1, 3, 5], [1, 1, 1, 10]], [[9, 1, 2, 0], [3, 19, 18, 18], [4, 3, 1, 5], [4, 1, 1, 11]], [[7, 0, 5, 0], [2, 23, 23, 18], [0, 6, 3, 3], [0, 1, 1, 8]], [[8, 3, 2, 0], [3, 8, 3, 0], [4, 12, 15, 24], [1, 3, 2, 12]], [[7, 0, 4, 0], [0, 3, 3, 2], [9, 17, 11, 32], [2, 2, 1, 7]], [[5, 1, 9, 0], [0, 4, 3, 1], [7, 15, 9, 29], [2, 3, 2, 10]], [[4, 1, 2, 1], [1, 2, 9, 3], [6, 23, 10, 28], [1, 3, 1, 5]], [[6, 5, 5, 0], [0, 5, 2, 5], [11, 13, 12, 23], [1, 2, 2, 8]], [[5, 1, 2, 0], [0, 6, 7, 5], [10, 14, 17, 25], [1, 0, 3, 4]], [[5, 3, 4, 0], [0, 12, 4, 4], [3, 22, 9, 24], [1, 1, 0, 8]], [[9, 1, 4, 0], [1, 7, 1, 4], [5, 14, 14, 23], [1, 3, 3, 10]], [[5, 2, 2, 0], [3, 3, 2, 2], [10, 13, 10, 32], [2, 1, 7, 6]], [[5, 1, 8, 0], [1, 3, 4, 2], [7, 22, 5, 31], [0, 3, 1, 7]], [[5, 1, 6, 0], [0, 6, 6, 1], [8, 22, 14, 26], [0, 0, 3, 2]], [[5, 1, 4, 0], [1, 7, 5, 3], [9, 24, 11, 23], [1, 1, 1, 4]], [[5, 0, 8, 0], [0, 7, 6, 4], [6, 7, 5, 17], [3, 7, 4, 21]], [[10, 0, 4, 0], [2, 5, 4, 6], [2, 2, 2, 9], [8, 5, 5, 36]], [[9, 0, 3, 0], [1, 3, 3, 3], [3, 2, 0, 5], [6, 7, 21, 34]], [[5, 2, 8, 0], [0, 5, 4, 4], [1, 5, 1, 6], [8, 9, 7, 35]], [[12, 0, 10, 0], [0, 3, 3, 5], [1, 3, 2, 5], [4, 5, 8, 39]], [[8, 1, 8, 0], [1, 5, 3, 1], [1, 6, 1, 6], [9, 5, 11, 34]], [[6, 0, 6, 1], [0, 9, 5, 0], [1, 4, 1, 5], [12, 5, 7, 38]], [[7, 0, 4, 0], [1, 8, 1, 6], [2, 2, 3, 7], [10, 7, 6, 36]], [[9, 0, 4, 0], [1, 5, 3, 3], [0, 4, 4, 8], [5, 4, 9, 41]], [[4, 1, 6, 0], [1, 6, 3, 1], [1, 2, 2, 2], [5, 12, 12, 42]], [[6, 1, 6, 0], [0, 3, 6, 2], [0, 6, 1, 3], [4, 6, 4, 52]], [[3, 1, 4, 0], [0, 3, 5, 2], [1, 3, 3, 5], [9, 4, 7, 50]], [[5, 2, 4, 0], [1, 1, 2, 3], [2, 6, 2, 6], [2, 3, 12, 49]]], "n": [[27, 19, 36, 18], [33, 19, 26, 22], [28, 22, 39, 11], [33, 14, 35, 18], [32, 18, 30, 20], [33, 13, 36, 18], [42, 13, 29, 16], [37, 16, 31, 16], [38, 15, 30, 17], [46, 12, 33, 9], [35, 14, 30, 21], [37, 15, 27, 21], [27, 24, 25, 24], [9, 40, 24, 27], [11, 29, 30, 30], [14, 28, 26, 32], [13, 29, 32, 26], [14, 21, 29, 36], [9, 27, 35, 29], [8, 23, 40, 29], [13, 30, 28, 29], [17, 27, 35, 21], [6, 26, 37, 31], [20, 24, 22, 34], [9, 30, 32, 29], [16, 26, 22, 36], [18, 22, 19, 41], [14, 23, 23, 40], [12, 29, 22, 37], [18, 25, 21, 36], [16, 21, 29, 34], [9, 38, 17, 36], [16, 25, 22, 37], [20, 19, 21, 40], [13, 29, 18, 40], [13, 29, 29, 29], [16, 33, 21, 30], [14, 21, 23, 42], [22, 12, 15, 51], [19, 12, 27, 42], [14, 21, 20, 45], [17, 11, 23, 49], [19, 17, 23, 41], [19, 18, 19, 44], [20, 17, 14, 49], [15, 13, 20, 52], [11, 21, 23, 45], [10, 16, 17, 57], [13, 11, 19, 57], [10, 12, 20, 58]], "lambda_": 0.5, "b": [[60, 16, 13, 11], [56, 13, 14, 17], [62, 16, 14, 8], [63, 12, 12, 13], [64, 11, 7, 18], [62, 6, 17, 15], [71, 15, 9, 5], [63, 16, 7, 14], [60, 12, 12, 16], [78, 6, 7, 9], [57, 17, 10, 16], [61, 15, 12, 12], [40, 30, 12, 18], [8, 66, 12, 14], [13, 61, 12, 14], [11, 58, 12, 19], [17, 57, 17, 9], [15, 62, 11, 12], [7, 60, 21, 12], [8, 68, 18, 6], [14, 64, 13, 9], [15, 60, 12, 13], [8, 69, 10, 13], [12, 58, 13, 17], [12, 66, 12, 10], [13, 14, 55, 18], [11, 8, 69, 12], [15, 8, 60, 17], [8, 15, 67, 10], [16, 12, 59, 13], [8, 18, 66, 8], [12, 20, 58, 10], [14, 13, 56, 17], [9, 10, 65, 16], [14, 10, 65, 11], [12, 13, 70, 5], [10, 16, 67, 7], [13, 17, 35, 35], [14, 17, 15, 54], [12, 10, 10, 68], [15, 13, 13, 59], [22, 11, 11, 56], [17, 10, 14, 59], [13, 14, 11, 62], [11, 16, 14, 59], [13, 12, 16, 59], [11, 11, 7, 71], [13, 11, 10, 66], [8, 10, 12, 70], [11, 7, 16, 66]]}