{"M": 50, "G": 3, "I": 3, "J": 100, "p": [[0.2974927278529054, 0.7024442120019875, 6.306014510719398e-05], [0.5848101305057984, 0.2578102520728213, 0.15737961742138015], [0.18151185355367702, 0.37336871988100895, 0.445119426565314]], "r": [[[23, 46, 0], [11, 5, 2], [1, 4, 8]], [[23, 46, 0], [10, 3, 2], [6, 1, 9]], [[14, 48, 0], [14, 6, 0], [4, 9, 5]], [[23, 44, 0], [12, 5, 4], [1, 6, 5]], [[18, 46, 0], [12, 5, 1], [5, 6, 7]], [[14, 55, 0], [10, 4, 0], [4, 6, 7]], [[23, 44, 0], [11, 5, 3], [3, 4, 7]], [[18, 51, 0], [8, 2, 2], [3, 7, 9]], [[16, 47, 0], [12, 1, 4], [4, 7, 9]], [[18, 47, 0], [12, 2, 1], [1, 14, 5]], [[20, 50, 0], [7, 5, 2], [3, 4, 9]], [[20, 50, 0], [8, 8, 1], [2, 2, 9]], [[21, 47, 0], [8, 4, 2], [5, 7, 6]], [[23, 53, 0], [8, 1, 2], [3, 5, 5]], [[20, 46, 0], [9, 4, 3], [2, 8, 8]], [[21, 46, 0], [6, 4, 5], [5, 5, 8]], [[10, 42, 0], [12, 7, 12], [0, 9, 8]], [[5, 12, 0], [41, 15, 16], [2, 5, 4]], [[6, 7, 0], [31, 26, 9], [1, 8, 12]], [[3, 11, 0], [41, 17, 12], [4, 4, 8]], [[6, 9, 0], [38, 21, 6], [3, 8, 9]], [[5, 10, 0], [45, 18, 6], [4, 7, 5]], [[8, 15, 0], [33, 17, 9], [2, 5, 11]], [[5, 8, 0], [49, 13, 7], [1, 9, 8]], [[7, 10, 0], [42, 18, 8], [4, 3, 8]], [[4, 9, 0], [44, 14, 10], [3, 7, 9]], [[3, 7, 0], [36, 20, 14], [2, 6, 12]], [[5, 9, 0], [33, 17, 11], [9, 9, 7]], [[6, 9, 0], [43, 16, 11], [4, 7, 4]], [[8, 10, 0], [43, 19, 10], [1, 2, 7]], [[4, 15, 0], [31, 24, 10], [1, 7, 8]], [[5, 15, 0], [39, 16, 11], [1, 5, 8]], [[6, 11, 0], [40, 17, 11], [3, 4, 8]], [[1, 10, 0], [23, 11, 4], [11, 13, 27]], [[9, 12, 0], [10, 4, 2], [16, 27, 20]], [[5, 11, 0], [9, 2, 2], [13, 24, 34]], [[7, 8, 0], [7, 7, 2], [14, 26, 29]], [[1, 17, 0], [10, 3, 2], [10, 27, 30]], [[4, 12, 0], [5, 5, 3], [7, 24, 40]], [[8, 13, 0], [11, 5, 1], [11, 19, 32]], [[3, 15, 0], [8, 2, 5], [13, 22, 32]], [[2, 9, 0], [11, 3, 3], [10, 33, 29]], [[2, 14, 0], [9, 3, 3], [13, 27, 29]], [[7, 9, 0], [13, 2, 2], [16, 21, 30]], [[3, 10, 0], [11, 6, 1], [13, 32, 24]], [[9, 16, 0], [11, 2, 6], [10, 24, 22]], [[5, 8, 0], [12, 3, 4], [11, 28, 29]], [[3, 9, 0], [13, 6, 3], [9, 27, 30]], [[8, 14, 0], [9, 2, 3], [11, 27, 26]], [[6, 12, 0], [12, 4, 2], [10, 27, 27]]], "n": [[35, 55, 10], [39, 50, 11], [32, 63, 5], [36, 55, 9], [35, 57, 8], [28, 65, 7], [37, 53, 10], [29, 60, 11], [32, 55, 13], [31, 63, 6], [30, 59, 11], [30, 60, 10], [34, 58, 8], [34, 59, 7], [31, 58, 11], [32, 55, 13], [22, 58, 20], [48, 32, 20], [38, 41, 21], [48, 32, 20], [47, 38, 15], [54, 35, 11], [43, 37, 20], [55, 30, 15], [53, 31, 16], [51, 30, 19], [41, 33, 26], [47, 35, 18], [53, 32, 15], [52, 31, 17], [36, 46, 18], [45, 36, 19], [49, 32, 19], [35, 34, 31], [35, 43, 22], [27, 37, 36], [28, 41, 31], [21, 47, 32], [16, 41, 43], [30, 37, 33], [24, 39, 37], [23, 45, 32], [24, 44, 32], [36, 32, 32], [27, 48, 25], [30, 42, 28], [28, 39, 33], [25, 42, 33], [28, 43, 29], [28, 43, 29]], "lambda_": 0.5, "b": [[69, 18, 13], [69, 15, 16], [62, 20, 18], [67, 21, 12], [64, 18, 18], [69, 14, 17], [67, 19, 14], [69, 12, 19], [63, 17, 20], [65, 15, 20], [70, 14, 16], [70, 17, 13], [68, 14, 18], [76, 11, 13], [66, 16, 18], [67, 15, 18], [52, 31, 17], [17, 72, 11], [13, 66, 21], [14, 70, 16], [15, 65, 20], [15, 69, 16], [23, 59, 18], [13, 69, 18], [17, 68, 15], [13, 68, 19], [10, 70, 20], [14, 61, 25], [15, 70, 15], [18, 72, 10], [19, 65, 16], [20, 66, 14], [17, 68, 15], [11, 38, 51], [21, 16, 63], [16, 13, 71], [15, 16, 69], [18, 15, 67], [16, 13, 71], [21, 17, 62], [18, 15, 67], [11, 17, 72], [16, 15, 69], [16, 17, 67], [13, 18, 69], [25, 19, 56], [13, 19, 68], [12, 22, 66], [22, 14, 64], [18, 18, 64]]}