{"M": 50, "G": 2, "I": 5, "J": 100, "p": [[0.15028701708190306, 0.2312679172167543, 0.06455655858851063, 0.1342791950039283, 0.41960931210890373], [0.6937171075086516, 0.041081001690991485, 0.07109200280437748, 0.01617486353697531, 0.17793502445900408]], "r": [[[9, 24, 4, 12, 28], [16, 1, 2, 1, 3]], [[20, 20, 3, 8, 31], [13, 1, 1, 1, 2]], [[12, 18, 1, 17, 30], [11, 0, 4, 1, 6]], [[10, 17, 10, 12, 26], [20, 1, 1, 0, 3]], [[9, 19, 8, 14, 33], [10, 4, 1, 0, 2]], [[10, 16, 5, 5, 37], [18, 1, 3, 1, 4]], [[8, 21, 5, 17, 27], [14, 2, 1, 1, 4]], [[7, 15, 4, 12, 31], [23, 0, 2, 1, 5]], [[4, 21, 4, 16, 36], [15, 1, 0, 0, 3]], [[9, 20, 6, 7, 28], [18, 2, 3, 1, 6]], [[10, 16, 2, 9, 37], [17, 0, 2, 0, 7]], [[15, 16, 4, 7, 37], [10, 1, 3, 0, 7]], [[15, 12, 9, 16, 30], [7, 0, 0, 1, 10]], [[10, 22, 6, 9, 24], [19, 0, 1, 0, 9]], [[12, 19, 6, 14, 26], [15, 0, 0, 1, 7]], [[9, 18, 8, 15, 27], [17, 0, 1, 1, 4]], [[12, 16, 5, 7, 36], [13, 3, 5, 0, 3]], [[12, 20, 5, 11, 25], [20, 0, 5, 0, 2]], [[10, 15, 3, 7, 46], [14, 1, 2, 0, 2]], [[11, 15, 3, 9, 38], [17, 0, 2, 0, 5]], [[11, 21, 4, 17, 21], [16, 2, 1, 1, 6]], [[9, 22, 8, 10, 25], [16, 3, 1, 1, 5]], [[10, 24, 3, 9, 34], [11, 2, 1, 0, 6]], [[12, 14, 5, 9, 30], [21, 2, 4, 0, 3]], [[17, 13, 6, 7, 24], [25, 0, 3, 0, 5]], [[5, 3, 1, 2, 13], [51, 2, 3, 5, 15]], [[3, 8, 2, 4, 7], [55, 1, 2, 1, 17]], [[1, 7, 3, 4, 7], [52, 4, 7, 4, 11]], [[3, 7, 1, 5, 16], [49, 1, 6, 1, 11]], [[3, 5, 5, 6, 10], [48, 3, 8, 0, 12]], [[6, 10, 0, 3, 14], [44, 2, 6, 3, 12]], [[3, 7, 1, 1, 12], [52, 5, 6, 0, 13]], [[7, 4, 1, 2, 14], [51, 0, 6, 0, 15]], [[3, 7, 3, 0, 11], [58, 2, 5, 1, 10]], [[3, 8, 5, 2, 12], [49, 1, 5, 1, 14]], [[5, 8, 1, 5, 10], [48, 3, 6, 2, 12]], [[3, 8, 1, 6, 9], [49, 3, 12, 1, 8]], [[1, 5, 0, 2, 8], [55, 2, 6, 1, 20]], [[2, 4, 0, 2, 14], [55, 4, 6, 3, 10]], [[4, 3, 4, 0, 8], [66, 6, 0, 0, 9]], [[3, 8, 1, 1, 10], [60, 0, 4, 1, 12]], [[2, 6, 2, 4, 10], [49, 7, 6, 3, 11]], [[3, 3, 0, 0, 8], [58, 3, 1, 1, 23]], [[1, 8, 0, 1, 9], [59, 3, 6, 0, 13]], [[6, 8, 2, 2, 9], [51, 2, 8, 1, 11]], [[5, 5, 2, 3, 9], [54, 0, 4, 0, 18]], [[2, 7, 1, 2, 7], [58, 4, 4, 0, 15]], [[4, 3, 2, 4, 5], [55, 2, 9, 2, 14]], [[2, 7, 2, 4, 9], [51, 2, 6, 4, 13]], [[7, 6, 2, 3, 12], [51, 2, 4, 1, 12]]], "n": [[25, 25, 6, 13, 31], [33, 21, 4, 9, 33], [23, 18, 5, 18, 36], [30, 18, 11, 12, 29], [19, 23, 9, 14, 35], [28, 17, 8, 6, 41], [22, 23, 6, 18, 31], [30, 15, 6, 13, 36], [19, 22, 4, 16, 39], [27, 22, 9, 8, 34], [27, 16, 4, 9, 44], [25, 17, 7, 7, 44], [22, 12, 9, 17, 40], [29, 22, 7, 9, 33], [27, 19, 6, 15, 33], [26, 18, 9, 16, 31], [25, 19, 10, 7, 39], [32, 20, 10, 11, 27], [24, 16, 5, 7, 48], [28, 15, 5, 9, 43], [27, 23, 5, 18, 27], [25, 25, 9, 11, 30], [21, 26, 4, 9, 40], [33, 16, 9, 9, 33], [42, 13, 9, 7, 29], [56, 5, 4, 7, 28], [58, 9, 4, 5, 24], [53, 11, 10, 8, 18], [52, 8, 7, 6, 27], [51, 8, 13, 6, 22], [50, 12, 6, 6, 26], [55, 12, 7, 1, 25], [58, 4, 7, 2, 29], [61, 9, 8, 1, 21], [52, 9, 10, 3, 26], [53, 11, 7, 7, 22], [52, 11, 13, 7, 17], [56, 7, 6, 3, 28], [57, 8, 6, 5, 24], [70, 9, 4, 0, 17], [63, 8, 5, 2, 22], [51, 13, 8, 7, 21], [61, 6, 1, 1, 31], [60, 11, 6, 1, 22], [57, 10, 10, 3, 20], [59, 5, 6, 3, 27], [60, 11, 5, 2, 22], [59, 5, 11, 6, 19], [53, 9, 8, 8, 22], [58, 8, 6, 4, 24]], "lambda_": 0.5, "b": [[77, 23], [82, 18], [78, 22], [75, 25], [83, 17], [73, 27], [78, 22], [69, 31], [81, 19], [70, 30], [74, 26], [79, 21], [82, 18], [71, 29], [77, 23], [77, 23], [76, 24], [73, 27], [81, 19], [76, 24], [74, 26], [74, 26], [80, 20], [70, 30], [67, 33], [24, 76], [24, 76], [22, 78], [32, 68], [29, 71], [33, 67], [24, 76], [28, 72], [24, 76], [30, 70], [29, 71], [27, 73], [16, 84], [22, 78], [19, 81], [23, 77], [24, 76], [14, 86], [19, 81], [27, 73], [24, 76], [19, 81], [18, 82], [24, 76], [30, 70]]}