{"M": 50, "G": 3, "I": 10, "J": 100, "p": [[0.08221990705794884, 0.21132951055997232, 0.2058894477241089, 0.15682425779427028, 0.0033877396753867507, 0.10908302458583818, 0.0441117692532601, 0.06774392256656836, 0.09943722121544755, 0.019973199567198632], [0.03685156352271929, 0.14699395741819674, 0.1771202412705954, 0.2201788413615925, 0.17304768634872764, 0.004330219341507623, 0.01438446802344439, 0.16130282000057855, 0.03169515236916971, 0.03409505034346823], [0.15918532554909737, 0.24428049725138792, 0.06735744803937077, 0.01608475063339752, 0.12010770984818865, 0.055369517882249544, 0.08147069965854951, 0.14939832088464047, 0.05047697164363868, 0.056268758609479635]], "r": [[[2, 10, 16, 8, 1, 10, 5, 4, 6, 1], [0, 2, 5, 4, 6, 1, 0, 2, 0, 1], [2, 4, 1, 0, 2, 1, 0, 3, 2, 1]], [[4, 7, 14, 9, 0, 7, 5, 5, 7, 2], [1, 3, 6, 2, 2, 0, 0, 7, 0, 1], [1, 6, 0, 1, 3, 0, 0, 5, 0, 2]], [[7, 11, 16, 2, 1, 4, 2, 5, 9, 3], [0, 1, 3, 2, 5, 0, 0, 4, 1, 1], [2, 5, 6, 0, 2, 0, 2, 4, 1, 1]], [[5, 17, 10, 10, 0, 6, 1, 5, 4, 1], [1, 2, 4, 3, 9, 0, 0, 2, 1, 0], [5, 4, 2, 0, 2, 0, 3, 1, 2, 0]], [[6, 19, 12, 12, 0, 4, 3, 4, 3, 3], [1, 2, 1, 4, 3, 0, 1, 2, 4, 0], [0, 4, 2, 1, 2, 3, 2, 1, 0, 1]], [[7, 20, 12, 9, 0, 8, 3, 1, 6, 0], [0, 1, 1, 4, 2, 0, 0, 3, 1, 1], [7, 7, 1, 0, 0, 2, 0, 4, 0, 0]], [[9, 11, 12, 6, 0, 9, 1, 5, 9, 2], [0, 5, 1, 4, 6, 0, 0, 5, 0, 0], [2, 7, 1, 0, 1, 0, 0, 2, 1, 1]], [[4, 14, 9, 15, 0, 6, 4, 4, 1, 0], [1, 3, 3, 6, 3, 0, 0, 5, 1, 1], [3, 5, 2, 1, 1, 2, 3, 2, 1, 0]], [[9, 11, 12, 8, 0, 7, 3, 8, 7, 0], [0, 2, 4, 4, 1, 0, 0, 3, 0, 1], [4, 3, 3, 0, 2, 1, 2, 3, 1, 1]], [[10, 15, 17, 8, 0, 6, 4, 4, 3, 4], [2, 0, 4, 5, 2, 0, 1, 0, 0, 0], [0, 5, 3, 0, 0, 1, 0, 2, 2, 2]], [[10, 16, 13, 9, 1, 10, 2, 5, 4, 1], [1, 2, 4, 3, 2, 0, 0, 2, 0, 0], [3, 2, 1, 0, 2, 0, 2, 4, 0, 1]], [[6, 7, 18, 9, 0, 12, 3, 7, 4, 1], [0, 2, 2, 3, 1, 0, 0, 9, 0, 1], [4, 5, 0, 0, 1, 0, 2, 1, 2, 0]], [[7, 12, 13, 13, 1, 7, 3, 4, 8, 4], [0, 1, 2, 2, 2, 0, 0, 3, 0, 0], [3, 4, 1, 1, 1, 0, 0, 4, 1, 3]], [[5, 15, 13, 12, 0, 4, 4, 3, 9, 2], [1, 1, 3, 6, 4, 0, 0, 4, 0, 0], [4, 1, 2, 0, 3, 0, 1, 2, 0, 1]], [[6, 9, 19, 15, 0, 15, 2, 5, 9, 0], [0, 1, 1, 1, 2, 0, 0, 2, 1, 0], [3, 3, 1, 0, 0, 0, 1, 4, 0, 0]], [[6, 10, 13, 10, 1, 6, 5, 6, 9, 1], [0, 2, 6, 5, 3, 0, 1, 1, 0, 0], [2, 5, 0, 0, 1, 1, 2, 3, 0, 1]], [[7, 10, 7, 9, 0, 5, 2, 6, 6, 0], [2, 4, 7, 5, 2, 0, 1, 4, 0, 2], [4, 5, 1, 1, 2, 1, 3, 1, 1, 2]], [[0, 6, 5, 3, 0, 2, 1, 2, 3, 0], [3, 9, 10, 8, 15, 1, 1, 9, 3, 2], [4, 5, 0, 0, 3, 0, 1, 2, 1, 1]], [[1, 5, 1, 4, 0, 2, 0, 0, 1, 0], [5, 7, 14, 20, 9, 1, 2, 10, 0, 3], [2, 4, 0, 0, 1, 2, 3, 2, 0, 1]], [[4, 2, 2, 2, 1, 0, 0, 1, 2, 1], [1, 9, 15, 11, 11, 0, 3, 15, 4, 1], [4, 3, 1, 0, 2, 0, 0, 2, 1, 2]], [[0, 1, 6, 8, 0, 0, 2, 0, 2, 1], [2, 10, 12, 12, 8, 1, 2, 10, 1, 4], [0, 6, 2, 0, 2, 3, 1, 1, 1, 2]], [[2, 4, 4, 2, 0, 4, 1, 1, 1, 0], [2, 18, 9, 14, 14, 0, 2, 9, 1, 2], [1, 2, 0, 1, 1, 0, 1, 1, 1, 2]], [[0, 3, 7, 1, 0, 2, 0, 0, 0, 0], [3, 9, 12, 14, 13, 1, 1, 12, 3, 1], [3, 3, 1, 0, 3, 0, 5, 1, 2, 0]], [[1, 7, 2, 2, 0, 4, 4, 1, 3, 0], [2, 12, 13, 12, 5, 0, 0, 10, 2, 3], [0, 4, 3, 0, 2, 2, 2, 2, 2, 0]], [[3, 3, 2, 1, 0, 0, 1, 1, 1, 0], [5, 11, 9, 15, 7, 0, 0, 13, 3, 3], [5, 6, 1, 0, 1, 0, 2, 5, 2, 0]], [[1, 2, 3, 1, 0, 1, 2, 0, 0, 0], [3, 10, 12, 17, 17, 0, 1, 10, 2, 2], [3, 3, 2, 0, 0, 1, 0, 6, 0, 1]], [[0, 5, 6, 3, 0, 1, 0, 0, 0, 1], [3, 7, 8, 19, 13, 0, 0, 13, 2, 1], [2, 3, 1, 1, 1, 2, 0, 5, 1, 2]], [[1, 2, 7, 0, 0, 1, 1, 0, 2, 1], [2, 15, 12, 9, 10, 0, 1, 16, 3, 1], [5, 2, 0, 1, 2, 1, 0, 2, 0, 3]], [[2, 5, 5, 5, 0, 3, 0, 0, 1, 2], [3, 6, 12, 16, 8, 1, 0, 11, 1, 4], [2, 2, 1, 0, 2, 0, 4, 2, 1, 1]], [[1, 4, 4, 1, 0, 3, 3, 0, 2, 0], [1, 8, 15, 10, 9, 0, 1, 15, 2, 1], [2, 7, 0, 0, 1, 0, 2, 3, 3, 2]], [[0, 5, 3, 1, 0, 1, 0, 3, 3, 0], [3, 16, 6, 18, 13, 0, 0, 10, 0, 2], [4, 1, 1, 0, 1, 1, 1, 5, 1, 1]], [[2, 3, 6, 2, 0, 2, 1, 1, 0, 0], [1, 8, 13, 15, 9, 0, 2, 13, 2, 4], [2, 2, 0, 0, 3, 1, 1, 5, 1, 1]], [[1, 3, 3, 3, 0, 1, 0, 0, 3, 0], [4, 12, 8, 15, 15, 0, 1, 12, 2, 1], [3, 3, 0, 0, 2, 2, 1, 4, 0, 1]], [[5, 0, 3, 1, 0, 5, 0, 0, 0, 0], [3, 0, 4, 9, 5, 0, 0, 6, 2, 1], [11, 12, 4, 0, 6, 1, 4, 10, 4, 4]], [[3, 2, 2, 1, 0, 3, 0, 2, 1, 0], [1, 3, 3, 5, 5, 0, 0, 2, 1, 1], [8, 19, 3, 2, 9, 5, 3, 7, 5, 4]], [[1, 5, 3, 0, 0, 1, 0, 0, 3, 0], [0, 3, 5, 2, 5, 0, 1, 3, 2, 0], [7, 14, 5, 1, 12, 6, 10, 7, 2, 2]], [[3, 4, 4, 1, 0, 2, 1, 4, 0, 0], [1, 3, 4, 1, 4, 0, 0, 3, 0, 0], [9, 20, 1, 1, 11, 3, 8, 5, 3, 4]], [[1, 4, 4, 2, 0, 4, 1, 1, 0, 2], [0, 1, 1, 6, 1, 0, 0, 7, 0, 0], [8, 19, 4, 0, 7, 3, 5, 13, 4, 2]], [[1, 4, 1, 4, 0, 4, 0, 2, 4, 0], [0, 1, 1, 2, 3, 0, 0, 5, 0, 1], [8, 20, 4, 1, 8, 2, 9, 8, 4, 3]], [[1, 7, 2, 4, 0, 5, 1, 1, 3, 1], [1, 1, 2, 2, 2, 0, 0, 2, 1, 0], [8, 19, 2, 1, 6, 2, 5, 8, 6, 7]], [[0, 7, 6, 2, 0, 1, 2, 1, 2, 0], [0, 1, 3, 3, 5, 0, 0, 3, 1, 0], [5, 16, 7, 4, 9, 1, 6, 8, 5, 2]], [[0, 1, 3, 4, 0, 4, 2, 1, 1, 0], [0, 2, 5, 5, 1, 0, 0, 2, 0, 0], [17, 13, 2, 1, 7, 2, 10, 11, 0, 6]], [[2, 3, 4, 4, 0, 2, 0, 2, 0, 1], [0, 4, 2, 3, 6, 1, 0, 2, 1, 0], [11, 13, 5, 1, 7, 2, 5, 13, 2, 4]], [[1, 4, 7, 2, 0, 3, 0, 3, 0, 0], [0, 3, 6, 8, 2, 0, 1, 1, 0, 0], [12, 12, 7, 2, 7, 3, 6, 7, 0, 3]], [[2, 0, 0, 2, 0, 3, 2, 0, 1, 0], [0, 2, 4, 2, 4, 0, 0, 2, 0, 1], [10, 17, 3, 3, 10, 6, 4, 10, 3, 9]], [[2, 4, 3, 5, 0, 3, 0, 1, 0, 0], [0, 5, 1, 10, 4, 0, 0, 2, 0, 1], [11, 15, 8, 0, 6, 1, 6, 8, 3, 1]], [[1, 5, 2, 5, 0, 1, 2, 0, 2, 0], [0, 1, 1, 4, 5, 0, 1, 2, 0, 0], [9, 17, 8, 1, 3, 9, 6, 8, 3, 4]], [[1, 1, 5, 3, 0, 0, 2, 0, 1, 0], [1, 4, 5, 2, 2, 0, 0, 5, 0, 0], [6, 17, 4, 1, 13, 5, 2, 10, 2, 8]], [[1, 5, 2, 3, 0, 1, 0, 3, 3, 0], [0, 1, 2, 2, 0, 0, 0, 4, 1, 0], [6, 21, 2, 1, 7, 7, 6, 16, 3, 3]], [[0, 2, 9, 2, 0, 2, 1, 1, 0, 0], [0, 3, 3, 3, 6, 0, 0, 2, 2, 1], [8, 11, 5, 0, 7, 5, 8, 11, 5, 3]]], "n": [[4, 16, 22, 12, 9, 12, 5, 9, 8, 3], [6, 16, 20, 12, 5, 7, 5, 17, 7, 5], [9, 17, 25, 4, 8, 4, 4, 13, 11, 5], [11, 23, 16, 13, 11, 6, 4, 8, 7, 1], [7, 25, 15, 17, 5, 7, 6, 7, 7, 4], [14, 28, 14, 13, 2, 10, 3, 8, 7, 1], [11, 23, 14, 10, 7, 9, 1, 12, 10, 3], [8, 22, 14, 22, 4, 8, 7, 11, 3, 1], [13, 16, 19, 12, 3, 8, 5, 14, 8, 2], [12, 20, 24, 13, 2, 7, 5, 6, 5, 6], [14, 20, 18, 12, 5, 10, 4, 11, 4, 2], [10, 14, 20, 12, 2, 12, 5, 17, 6, 2], [10, 17, 16, 16, 4, 7, 3, 11, 9, 7], [10, 17, 18, 18, 7, 4, 5, 9, 9, 3], [9, 13, 21, 16, 2, 15, 3, 11, 10, 0], [8, 17, 19, 15, 5, 7, 8, 10, 9, 2], [13, 19, 15, 15, 4, 6, 6, 11, 7, 4], [7, 20, 15, 11, 18, 3, 3, 13, 7, 3], [8, 16, 15, 24, 10, 5, 5, 12, 1, 4], [9, 14, 18, 13, 14, 0, 3, 18, 7, 4], [2, 17, 20, 20, 10, 4, 5, 11, 4, 7], [5, 24, 13, 17, 15, 4, 4, 11, 3, 4], [6, 15, 20, 15, 16, 3, 6, 13, 5, 1], [3, 23, 18, 14, 7, 6, 6, 13, 7, 3], [13, 20, 12, 16, 8, 0, 3, 19, 6, 3], [7, 15, 17, 18, 17, 2, 3, 16, 2, 3], [5, 15, 15, 23, 14, 3, 0, 18, 3, 4], [8, 19, 19, 10, 12, 2, 2, 18, 5, 5], [7, 13, 18, 21, 10, 4, 4, 13, 3, 7], [4, 19, 19, 11, 10, 3, 6, 18, 7, 3], [7, 22, 10, 19, 14, 2, 1, 18, 4, 3], [5, 13, 19, 17, 12, 3, 4, 19, 3, 5], [8, 18, 11, 18, 17, 3, 2, 16, 5, 2], [19, 12, 11, 10, 11, 6, 4, 16, 6, 5], [12, 24, 8, 8, 14, 8, 3, 11, 7, 5], [8, 22, 13, 3, 17, 7, 11, 10, 7, 2], [13, 27, 9, 3, 15, 5, 9, 12, 3, 4], [9, 24, 9, 8, 8, 7, 6, 21, 4, 4], [9, 25, 6, 7, 11, 6, 9, 15, 8, 4], [10, 27, 6, 7, 8, 7, 6, 11, 10, 8], [5, 24, 16, 9, 14, 2, 8, 12, 8, 2], [17, 16, 10, 10, 8, 6, 12, 14, 1, 6], [13, 20, 11, 8, 13, 5, 5, 17, 3, 5], [13, 19, 20, 12, 9, 6, 7, 11, 0, 3], [12, 19, 7, 7, 14, 9, 6, 12, 4, 10], [13, 24, 12, 15, 10, 4, 6, 11, 3, 2], [10, 23, 11, 10, 8, 10, 9, 10, 5, 4], [8, 22, 14, 6, 15, 5, 4, 15, 3, 8], [7, 27, 6, 6, 7, 8, 6, 23, 7, 3], [8, 16, 17, 5, 13, 7, 9, 14, 7, 4]], "lambda_": 0.5,