{"M": 50, "G": 3, "I": 10, "J": 100, "p": [[0.054910088458875995, 0.1189603042476769, 0.03344167839223429, 0.011060521380987629, 0.2432453609081194, 0.16800779444181613, 0.15962455027817882, 0.1348181661404833, 0.006267763850691715, 0.06966377190093574], [0.26764821479172474, 0.005689670582752995, 0.18334443193306962, 0.19276480901552057, 0.004828508985390069, 0.09709804345455451, 0.07372765194530778, 0.08362216390249816, 0.06071040895748447, 0.03056609643169713], [0.06129331540092207, 0.1429731470989254, 0.0874505158885679, 0.26958345914998505, 0.09401595760035711, 0.026945286382059955, 0.028369706465992364, 0.009854931219971951, 0.21955082091383865, 0.059962859879379625]], "r": [[[4, 8, 2, 0, 13, 10, 9, 14, 0, 6], [6, 0, 5, 3, 0, 2, 0, 0, 1, 0], [2, 3, 1, 2, 2, 0, 0, 0, 7, 0]], [[0, 9, 4, 0, 13, 14, 6, 15, 2, 4], [6, 0, 4, 4, 0, 1, 3, 1, 0, 0], [1, 2, 0, 7, 1, 0, 0, 0, 3, 0]], [[0, 3, 2, 1, 21, 9, 8, 10, 0, 7], [3, 0, 0, 5, 0, 3, 1, 2, 0, 2], [2, 4, 2, 5, 0, 0, 0, 1, 7, 2]], [[1, 12, 2, 0, 18, 11, 8, 7, 0, 4], [5, 0, 1, 5, 0, 4, 1, 0, 2, 2], [2, 4, 1, 5, 1, 0, 0, 0, 3, 1]], [[2, 1, 1, 1, 24, 11, 12, 10, 0, 4], [8, 0, 4, 5, 0, 1, 0, 0, 0, 0], [1, 1, 1, 4, 3, 0, 1, 0, 4, 1]], [[3, 5, 1, 0, 13, 16, 5, 12, 0, 3], [6, 1, 4, 3, 0, 4, 3, 2, 0, 0], [0, 1, 3, 6, 2, 0, 0, 0, 7, 0]], [[5, 6, 0, 1, 19, 12, 18, 10, 1, 5], [2, 0, 2, 2, 0, 1, 2, 1, 4, 1], [1, 0, 1, 3, 0, 0, 0, 0, 3, 0]], [[2, 7, 0, 1, 19, 18, 13, 8, 0, 4], [4, 0, 1, 1, 1, 2, 2, 2, 0, 1], [1, 3, 2, 3, 1, 1, 0, 0, 3, 0]], [[8, 4, 0, 0, 21, 14, 13, 6, 0, 7], [4, 0, 3, 1, 0, 2, 0, 2, 0, 0], [1, 1, 2, 4, 3, 0, 0, 0, 3, 1]], [[5, 10, 6, 2, 15, 12, 9, 6, 0, 3], [3, 0, 4, 2, 0, 1, 4, 1, 0, 1], [1, 2, 1, 5, 0, 1, 0, 0, 6, 0]], [[3, 10, 2, 2, 17, 13, 7, 11, 0, 3], [6, 0, 1, 1, 0, 1, 0, 2, 1, 0], [2, 5, 1, 6, 1, 0, 0, 1, 3, 1]], [[4, 9, 1, 3, 12, 12, 20, 8, 0, 5], [1, 0, 3, 3, 0, 2, 2, 0, 2, 0], [0, 1, 1, 5, 0, 2, 3, 0, 1, 0]], [[1, 10, 1, 2, 21, 8, 14, 12, 0, 2], [9, 0, 2, 3, 0, 1, 0, 0, 0, 0], [1, 3, 2, 2, 3, 1, 1, 0, 1, 0]], [[7, 6, 2, 0, 14, 16, 16, 6, 0, 1], [4, 0, 1, 4, 0, 0, 1, 0, 1, 1], [1, 3, 2, 11, 1, 0, 1, 0, 1, 0]], [[2, 6, 4, 1, 18, 8, 14, 8, 0, 4], [4, 0, 5, 3, 0, 0, 1, 0, 0, 2], [2, 1, 2, 3, 3, 2, 1, 1, 4, 1]], [[4, 10, 2, 0, 19, 12, 8, 6, 0, 2], [3, 0, 3, 3, 0, 2, 1, 1, 1, 0], [1, 2, 3, 8, 1, 1, 0, 0, 6, 1]], [[2, 9, 7, 0, 14, 10, 7, 6, 0, 2], [9, 0, 1, 5, 1, 2, 4, 4, 0, 1], [1, 2, 2, 3, 1, 0, 1, 0, 3, 3]], [[0, 1, 1, 0, 7, 4, 3, 0, 0, 2], [9, 1, 11, 15, 0, 9, 3, 4, 8, 4], [0, 3, 2, 3, 3, 1, 1, 0, 2, 3]], [[6, 0, 0, 1, 4, 3, 3, 1, 0, 3], [18, 1, 14, 11, 0, 6, 8, 5, 3, 3], [1, 0, 1, 4, 0, 1, 0, 0, 2, 1]], [[1, 3, 0, 0, 2, 4, 5, 5, 0, 0], [11, 1, 10, 13, 0, 10, 6, 4, 5, 0], [1, 1, 1, 4, 4, 1, 0, 0, 4, 4]], [[0, 0, 1, 0, 4, 3, 2, 2, 0, 1], [22, 0, 17, 14, 0, 9, 4, 2, 4, 1], [0, 5, 0, 3, 1, 1, 0, 0, 3, 1]], [[1, 0, 0, 0, 3, 2, 4, 1, 0, 1], [18, 0, 11, 13, 1, 9, 9, 5, 4, 0], [1, 4, 2, 2, 3, 0, 2, 0, 4, 0]], [[0, 3, 1, 0, 4, 2, 1, 1, 0, 0], [20, 0, 9, 10, 0, 5, 7, 6, 4, 3], [3, 3, 3, 6, 1, 0, 0, 0, 5, 3]], [[2, 4, 0, 0, 3, 1, 2, 0, 0, 0], [18, 2, 15, 14, 0, 6, 6, 10, 5, 1], [0, 3, 0, 1, 3, 1, 0, 1, 2, 0]], [[0, 1, 1, 0, 3, 5, 1, 3, 0, 0], [14, 0, 9, 11, 1, 11, 7, 4, 5, 2], [0, 1, 4, 4, 5, 0, 0, 1, 5, 2]], [[3, 0, 1, 0, 2, 2, 1, 1, 1, 1], [21, 0, 9, 17, 0, 7, 5, 6, 2, 0], [1, 1, 0, 7, 2, 1, 0, 1, 3, 5]], [[2, 7, 2, 1, 1, 5, 2, 2, 0, 0], [16, 1, 14, 12, 0, 6, 5, 8, 1, 3], [0, 2, 1, 5, 0, 0, 1, 0, 1, 2]], [[0, 4, 0, 0, 4, 5, 4, 2, 0, 2], [14, 0, 16, 11, 0, 9, 7, 3, 4, 1], [1, 2, 1, 2, 2, 1, 1, 0, 4, 0]], [[1, 3, 1, 1, 0, 3, 4, 1, 0, 1], [14, 0, 15, 11, 1, 7, 6, 11, 3, 4], [0, 2, 1, 3, 1, 1, 0, 1, 4, 0]], [[0, 1, 0, 0, 1, 5, 3, 2, 0, 1], [23, 1, 9, 12, 0, 7, 2, 7, 4, 2], [1, 2, 3, 7, 4, 0, 1, 0, 1, 1]], [[0, 1, 0, 0, 2, 6, 4, 1, 0, 1], [15, 0, 10, 11, 0, 3, 7, 5, 5, 3], [3, 3, 2, 3, 3, 1, 2, 1, 8, 0]], [[0, 4, 3, 1, 4, 3, 4, 2, 0, 4], [19, 0, 9, 8, 0, 10, 4, 3, 1, 1], [0, 2, 3, 5, 0, 0, 2, 1, 5, 2]], [[4, 3, 2, 0, 5, 2, 3, 1, 0, 0], [20, 0, 18, 5, 0, 5, 6, 4, 3, 3], [0, 4, 0, 6, 0, 2, 1, 0, 3, 0]], [[2, 2, 0, 0, 3, 1, 3, 1, 0, 0], [8, 0, 7, 5, 0, 5, 1, 7, 4, 1], [2, 4, 3, 16, 5, 2, 2, 0, 12, 4]], [[1, 2, 1, 0, 5, 0, 3, 4, 0, 0], [12, 0, 3, 3, 0, 2, 0, 2, 0, 1], [2, 9, 3, 18, 3, 2, 0, 4, 13, 7]], [[2, 1, 0, 0, 3, 2, 3, 3, 0, 2], [7, 0, 1, 5, 0, 3, 0, 3, 1, 1], [6, 12, 5, 21, 2, 0, 0, 1, 14, 2]], [[2, 1, 0, 0, 7, 3, 6, 2, 0, 0], [3, 1, 6, 2, 0, 2, 2, 0, 0, 1], [3, 11, 2, 16, 7, 0, 3, 1, 15, 4]], [[0, 1, 0, 1, 3, 3, 0, 1, 0, 3], [9, 0, 4, 4, 0, 1, 1, 0, 1, 0], [2, 8, 7, 21, 5, 0, 3, 0, 13, 9]], [[1, 1, 0, 1, 4, 4, 5, 1, 0, 0], [7, 0, 4, 4, 0, 3, 1, 2, 3, 0], [5, 7, 5, 18, 3, 0, 2, 1, 14, 4]], [[0, 3, 0, 1, 2, 3, 1, 1, 0, 0], [3, 0, 2, 5, 0, 1, 1, 3, 1, 2], [8, 6, 9, 12, 10, 1, 2, 0, 17, 6]], [[0, 1, 0, 0, 3, 2, 2, 5, 0, 1], [5, 1, 5, 4, 0, 4, 4, 3, 1, 0], [3, 6, 4, 22, 5, 2, 1, 1, 9, 6]], [[0, 2, 1, 1, 2, 5, 4, 2, 0, 4], [6, 0, 1, 8, 0, 2, 1, 1, 0, 0], [7, 6, 4, 20, 7, 2, 0, 0, 12, 2]], [[0, 2, 0, 0, 5, 6, 5, 0, 1, 1], [3, 0, 2, 3, 0, 3, 1, 0, 1, 0], [2, 12, 5, 22, 6, 3, 2, 1, 11, 3]], [[1, 2, 1, 0, 3, 3, 5, 2, 0, 0], [4, 0, 2, 2, 0, 2, 3, 2, 1, 1], [5, 11, 6, 23, 3, 1, 2, 1, 11, 3]], [[0, 3, 0, 0, 5, 2, 0, 1, 0, 0], [5, 0, 2, 4, 0, 2, 1, 2, 3, 2], [5, 11, 7, 16, 6, 4, 1, 1, 11, 6]], [[1, 3, 0, 0, 6, 3, 2, 0, 0, 1], [4, 0, 1, 2, 0, 0, 1, 1, 3, 1], [5, 9, 6, 14, 10, 3, 3, 3, 14, 4]], [[1, 1, 0, 0, 1, 4, 5, 3, 0, 2], [5, 0, 4, 5, 0, 3, 0, 2, 0, 0], [5, 10, 9, 17, 2, 1, 1, 1, 17, 1]], [[2, 1, 0, 0, 1, 3, 3, 0, 0, 1], [3, 0, 3, 2, 0, 1, 2, 0, 1, 0], [3, 6, 6, 19, 7, 4, 2, 3, 24, 3]], [[2, 3, 0, 1, 4, 4, 0, 3, 0, 1], [4, 0, 3, 3, 1, 1, 0, 1, 0, 1], [5, 10, 7, 8, 8, 4, 5, 1, 13, 7]], [[3, 1, 0, 0, 6, 1, 4, 1, 0, 0], [4, 0, 4, 4, 0, 1, 1, 1, 1, 1], [3, 13, 7, 12, 4, 0, 0, 2, 21, 5]]], "n": [[12, 11, 8, 5, 15, 12, 9, 14, 8, 6], [7, 11, 8, 11, 14, 15, 9, 16, 5, 4], [5, 7, 4, 11, 21, 12, 9, 13, 7, 11], [8, 16, 4, 10, 19, 15, 9, 7, 5, 7], [11, 2, 6, 10, 27, 12, 13, 10, 4, 5], [9, 7, 8, 9, 15, 20, 8, 14, 7, 3], [8, 6, 3, 6, 19, 13, 20, 11, 8, 6], [7, 10, 3, 5, 21, 21, 15, 10, 3, 5], [13, 5, 5, 5, 24, 16, 13, 8, 3, 8], [9, 12, 11, 9, 15, 14, 13, 7, 6, 4], [11, 15, 4, 9, 18, 14, 7, 14, 4, 4], [5, 10, 5, 11, 12, 16, 25, 8, 3, 5], [11, 13, 5, 7, 24, 10, 15, 12, 1, 2], [12, 9, 5, 15, 15, 16, 18, 6, 2, 2], [8, 7, 11, 7, 21, 10, 16, 9, 4, 7], [8, 12, 8, 11, 20, 15, 9, 7, 7, 3], [12, 11, 10, 8, 16, 12, 12, 10, 3, 6], [9, 5, 14, 18, 10, 14, 7, 4, 10, 9], [25, 1, 15, 16, 4, 10, 11, 6, 5, 7], [13, 5, 11, 17, 6, 15, 11, 9, 9, 4], [22, 5, 18, 17, 5, 13, 6, 4, 7, 3], [20, 4, 13, 15, 7, 11, 15, 6, 8, 1], [23, 6, 13, 16, 5, 7, 8, 7, 9, 6], [20, 9, 15, 15, 6, 8, 8, 11, 7, 1], [14, 2, 14, 15, 9, 16, 8, 8, 10, 4], [25, 1, 10, 24, 4, 10, 6, 8, 6, 6], [18, 10, 17, 18, 1, 11, 8, 10, 2, 5], [15, 6, 17, 13, 6, 15, 12, 5, 8, 3], [15, 5, 17, 15, 2, 11, 10, 13, 7, 5], [24, 4, 12, 19, 5, 12, 6, 9, 5, 4], [18, 4, 12, 14, 5, 10, 13, 7, 13, 4], [19, 6, 15, 14, 4, 13, 10, 6, 6, 7], [24, 7, 20, 11, 5, 9, 10, 5, 6, 3], [12, 6, 10, 21, 8, 8, 6, 8, 16, 5], [15, 11, 7, 21, 8, 4, 3, 10, 13, 8], [15, 13, 6, 26, 5, 5, 3, 7, 15, 5], [8, 13, 8, 18, 14, 5, 11, 3, 15, 5], [11, 9, 11, 26, 8, 4, 4, 1, 14, 12], [13, 8, 9, 23, 7, 7, 8, 4, 17, 4], [11, 9, 11, 18, 12, 5, 4, 4, 18, 8], [8, 8, 9, 26, 8, 8, 7, 9, 10, 7], [13, 8, 6, 29, 9, 9, 5, 3, 12, 6], [5, 14, 7, 25, 11, 12, 8, 1, 13, 4], [10, 13, 9, 25, 6, 6, 10, 5, 12, 4], [10, 14, 9, 20, 11, 8, 2, 4, 14, 8], [10, 12, 7, 16, 16, 6, 6, 4, 17, 6], [11, 11, 13, 22, 3, 8, 6, 6, 17, 3], [8, 7, 9, 21, 8, 8, 7, 3, 25, 4], [11, 13, 10, 12, 13, 9, 5, 5, 13, 9], [10, 14, 11, 16, 10, 2, 5, 4, 22, 6]], "lambda_": 0.5,