{"M": 50, "G": 4, "I": 2, "J": 100, "p": [[0.8472026960159116, 0.15279730398408845], [0.3400917229559595, 0.6599082770440405], [0.8562072558119481, 0.1437927441880519], [0.3859830991979069, 0.6140169008020931]], "r": [[[49, 11], [4, 8], [16, 1], [5, 6]], [[58, 9], [4, 6], [7, 0], [7, 9]], [[48, 8], [1, 5], [12, 4], [6, 16]], [[55, 11], [4, 5], [13, 1], [4, 7]], [[57, 15], [10, 5], [6, 0], [4, 3]], [[61, 6], [3, 6], [8, 0], [6, 10]], [[66, 4], [2, 5], [11, 2], [3, 7]], [[59, 6], [2, 6], [9, 2], [9, 7]], [[53, 13], [3, 11], [3, 2], [6, 9]], [[53, 9], [7, 9], [10, 2], [1, 9]], [[47, 12], [7, 8], [12, 1], [7, 6]], [[52, 7], [4, 7], [6, 5], [11, 8]], [[41, 6], [12, 20], [8, 1], [3, 9]], [[12, 1], [21, 42], [6, 3], [6, 9]], [[11, 0], [19, 37], [17, 4], [6, 6]], [[9, 2], [23, 48], [6, 3], [4, 5]], [[14, 5], [16, 42], [11, 0], [2, 10]], [[7, 2], [20, 49], [10, 1], [4, 7]], [[11, 0], [23, 37], [13, 3], [2, 11]], [[9, 3], [26, 39], [9, 3], [6, 5]], [[9, 2], [19, 42], [10, 0], [7, 11]], [[11, 1], [21, 37], [13, 1], [4, 12]], [[10, 1], [22, 41], [18, 0], [4, 4]], [[7, 4], [16, 49], [10, 4], [3, 7]], [[11, 0], [23, 37], [19, 0], [2, 8]], [[9, 3], [4, 8], [53, 10], [4, 9]], [[18, 1], [3, 10], [46, 9], [6, 7]], [[9, 0], [3, 12], [54, 10], [2, 10]], [[12, 1], [4, 8], [49, 11], [4, 11]], [[4, 1], [5, 4], [58, 14], [7, 7]], [[9, 4], [2, 7], [61, 7], [5, 5]], [[10, 3], [6, 8], [56, 8], [2, 7]], [[11, 1], [5, 13], [48, 12], [5, 5]], [[11, 1], [9, 8], [52, 11], [2, 6]], [[13, 1], [4, 8], [50, 11], [10, 3]], [[12, 2], [6, 15], [35, 13], [8, 9]], [[11, 3], [5, 8], [50, 10], [3, 10]], [[9, 3], [9, 4], [40, 4], [14, 17]], [[8, 3], [2, 6], [8, 1], [20, 52]], [[4, 1], [3, 6], [19, 3], [26, 38]], [[6, 1], [4, 13], [12, 1], [24, 39]], [[15, 4], [5, 6], [10, 2], [28, 30]], [[12, 2], [3, 8], [11, 3], [21, 40]], [[12, 3], [6, 13], [9, 2], [27, 28]], [[5, 1], [4, 12], [9, 5], [26, 38]], [[12, 0], [4, 7], [8, 1], [33, 35]], [[9, 2], [2, 11], [10, 4], [30, 32]], [[7, 1], [4, 8], [16, 2], [21, 41]], [[13, 3], [1, 8], [9, 0], [16, 50]], [[6, 2], [7, 16], [15, 2], [12, 40]]], "n": [[74, 26], [76, 24], [67, 33], [76, 24], [77, 23], [78, 22], [82, 18], [79, 21], [65, 35], [71, 29], [73, 27], [73, 27], [64, 36], [45, 55], [53, 47], [42, 58], [43, 57], [41, 59], [49, 51], [50, 50], [45, 55], [49, 51], [54, 46], [36, 64], [55, 45], [70, 30], [73, 27], [68, 32], [69, 31], [74, 26], [77, 23], [74, 26], [69, 31], [74, 26], [77, 23], [61, 39], [69, 31], [72, 28], [38, 62], [52, 48], [46, 54], [58, 42], [47, 53], [54, 46], [44, 56], [57, 43], [51, 49], [48, 52], [39, 61], [40, 60]], "lambda_": 0.5, "b": [[60, 12, 17, 11], [67, 10, 7, 16], [56, 6, 16, 22], [66, 9, 14, 11], [72, 15, 6, 7], [67, 9, 8, 16], [70, 7, 13, 10], [65, 8, 11, 16], [66, 14, 5, 15], [62, 16, 12, 10], [59, 15, 13, 13], [59, 11, 11, 19], [47, 32, 9, 12], [13, 63, 9, 15], [11, 56, 21, 12], [11, 71, 9, 9], [19, 58, 11, 12], [9, 69, 11, 11], [11, 60, 16, 13], [12, 65, 12, 11], [11, 61, 10, 18], [12, 58, 14, 16], [11, 63, 18, 8], [11, 65, 14, 10], [11, 60, 19, 10], [12, 12, 63, 13], [19, 13, 55, 13], [9, 15, 64, 12], [13, 12, 60, 15], [5, 9, 72, 14], [13, 9, 68, 10], [13, 14, 64, 9], [12, 18, 60, 10], [12, 17, 63, 8], [14, 12, 61, 13], [14, 21, 48, 17], [14, 13, 60, 13], [12, 13, 44, 31], [11, 8, 9, 72], [5, 9, 22, 64], [7, 17, 13, 63], [19, 11, 12, 58], [14, 11, 14, 61], [15, 19, 11, 55], [6, 16, 14, 64], [12, 11, 9, 68], [11, 13, 14, 62], [8, 12, 18, 62], [16, 9, 9, 66], [8, 23, 17, 52]]}