{"M": 50, "G": 3, "I": 2, "J": 100, "p": [[0.9099673653101796, 0.0900326346898204], [0.3252452051574129, 0.6747547948425872], [0.45066551343952227, 0.5493344865604778]], "r": [[[59, 5], [5, 11], [10, 10]], [[58, 9], [4, 7], [10, 12]], [[65, 5], [4, 10], [5, 11]], [[70, 6], [4, 8], [7, 5]], [[60, 6], [5, 12], [4, 13]], [[62, 4], [5, 13], [6, 10]], [[54, 9], [7, 13], [8, 9]], [[60, 10], [5, 11], [3, 11]], [[58, 3], [4, 10], [9, 16]], [[60, 7], [4, 13], [5, 11]], [[64, 7], [6, 13], [5, 5]], [[69, 7], [2, 10], [7, 5]], [[63, 8], [4, 7], [7, 11]], [[69, 4], [5, 11], [3, 8]], [[55, 2], [7, 15], [11, 10]], [[57, 3], [9, 14], [7, 10]], [[43, 3], [14, 26], [6, 8]], [[11, 1], [21, 58], [3, 6]], [[13, 1], [20, 47], [10, 9]], [[17, 3], [20, 46], [7, 7]], [[13, 1], [22, 42], [10, 12]], [[14, 1], [16, 55], [9, 5]], [[18, 5], [20, 38], [6, 13]], [[14, 4], [16, 45], [11, 10]], [[11, 4], [16, 50], [6, 13]], [[16, 2], [17, 50], [5, 10]], [[16, 2], [18, 43], [6, 15]], [[13, 3], [17, 51], [8, 8]], [[8, 4], [26, 40], [9, 13]], [[9, 2], [24, 46], [11, 8]], [[15, 1], [25, 39], [13, 7]], [[14, 0], [24, 47], [6, 9]], [[18, 1], [30, 32], [7, 12]], [[10, 0], [13, 22], [27, 28]], [[19, 1], [1, 8], [26, 45]], [[13, 3], [1, 12], [32, 39]], [[13, 2], [5, 12], [35, 33]], [[20, 1], [4, 8], [28, 39]], [[18, 0], [6, 10], [28, 38]], [[17, 3], [10, 9], [26, 35]], [[19, 0], [6, 16], [25, 34]], [[13, 1], [5, 10], [37, 34]], [[14, 1], [4, 10], [37, 34]], [[16, 2], [5, 12], [35, 30]], [[15, 1], [7, 15], [25, 37]], [[17, 1], [6, 23], [20, 33]], [[15, 1], [4, 16], [30, 34]], [[12, 2], [7, 6], [31, 42]], [[18, 2], [5, 10], [35, 30]], [[19, 0], [6, 14], [33, 28]]], "n": [[74, 26], [72, 28], [74, 26], [81, 19], [69, 31], [73, 27], [69, 31], [68, 32], [71, 29], [69, 31], [75, 25], [78, 22], [74, 26], [77, 23], [73, 27], [73, 27], [63, 37], [35, 65], [43, 57], [44, 56], [45, 55], [39, 61], [44, 56], [41, 59], [33, 67], [38, 62], [40, 60], [38, 62], [43, 57], [44, 56], [53, 47], [44, 56], [55, 45], [50, 50], [46, 54], [46, 54], [53, 47], [52, 48], [52, 48], [53, 47], [50, 50], [55, 45], [55, 45], [56, 44], [47, 53], [43, 57], [49, 51], [50, 50], [58, 42], [58, 42]], "lambda_": 0.5, "b": [[64, 16, 20], [67, 11, 22], [70, 14, 16], [76, 12, 12], [66, 17, 17], [66, 18, 16], [63, 20, 17], [70, 16, 14], [61, 14, 25], [67, 17, 16], [71, 19, 10], [76, 12, 12], [71, 11, 18], [73, 16, 11], [57, 22, 21], [60, 23, 17], [46, 40, 14], [12, 79, 9], [14, 67, 19], [20, 66, 14], [14, 64, 22], [15, 71, 14], [23, 58, 19], [18, 61, 21], [15, 66, 19], [18, 67, 15], [18, 61, 21], [16, 68, 16], [12, 66, 22], [11, 70, 19], [16, 64, 20], [14, 71, 15], [19, 62, 19], [10, 35, 55], [20, 9, 71], [16, 13, 71], [15, 17, 68], [21, 12, 67], [18, 16, 66], [20, 19, 61], [19, 22, 59], [14, 15, 71], [15, 14, 71], [18, 17, 65], [16, 22, 62], [18, 29, 53], [16, 20, 64], [14, 13, 73], [20, 15, 65], [19, 20, 61]]}