{"M": 50, "G": 3, "I": 10, "J": 100, "p": [[0.022670189430670222, 0.0022430000911789036, 0.07095577431831715, 0.14720508768109594, 0.06216437873241497, 0.07577468444987846, 0.0014670045756580005, 0.07620646956734935, 0.3243470150634821, 0.21696639608995485], [0.17475220147373904, 0.01536550337500047, 0.29945062630790814, 0.2597506605011623, 0.02408342870132735, 0.1335574362557338, 0.002762542934114848, 0.016569212220284096, 0.05076703704335756, 0.022941351187372273], [0.20286311633434817, 0.24312411956007066, 0.060243706866737655, 0.05473336022465846, 0.016880923775346772, 0.012501891955236983, 0.17783373523956272, 0.1304755028070759, 0.008167069591176381, 0.09317657364578615]], "r": [[[1, 0, 1, 6, 5, 12, 0, 7, 24, 11], [1, 0, 4, 2, 0, 2, 0, 1, 2, 0], [5, 5, 2, 2, 0, 0, 2, 3, 0, 2]], [[0, 0, 9, 11, 3, 5, 0, 3, 22, 11], [0, 0, 6, 3, 1, 2, 0, 0, 2, 0], [6, 6, 1, 1, 1, 0, 2, 2, 1, 2]], [[2, 0, 3, 10, 4, 7, 0, 6, 23, 14], [0, 0, 4, 6, 0, 3, 0, 0, 2, 1], [2, 2, 1, 0, 0, 0, 3, 4, 0, 3]], [[0, 1, 6, 18, 2, 3, 0, 6, 22, 16], [3, 0, 3, 6, 2, 1, 0, 0, 0, 0], [5, 2, 0, 0, 0, 0, 1, 2, 0, 1]], [[1, 0, 4, 11, 6, 6, 1, 4, 19, 15], [2, 0, 6, 7, 0, 0, 0, 0, 1, 0], [2, 5, 0, 2, 0, 0, 6, 1, 0, 1]], [[0, 0, 2, 15, 3, 4, 0, 9, 21, 16], [2, 0, 5, 5, 0, 4, 0, 1, 0, 0], [4, 2, 0, 0, 2, 0, 3, 1, 0, 1]], [[0, 1, 4, 9, 4, 6, 0, 3, 22, 13], [5, 0, 2, 5, 0, 2, 0, 2, 2, 0], [1, 8, 1, 0, 0, 0, 4, 4, 0, 2]], [[2, 0, 7, 5, 3, 2, 0, 2, 24, 15], [4, 0, 6, 2, 0, 6, 1, 0, 0, 0], [2, 3, 2, 1, 1, 0, 3, 5, 0, 4]], [[1, 0, 3, 12, 4, 6, 0, 8, 11, 16], [2, 0, 6, 6, 0, 4, 0, 1, 1, 0], [5, 5, 2, 1, 1, 1, 1, 2, 0, 1]], [[0, 0, 0, 13, 1, 7, 0, 4, 27, 15], [4, 0, 6, 5, 1, 3, 0, 1, 0, 0], [3, 3, 1, 0, 0, 0, 2, 1, 0, 3]], [[1, 0, 7, 7, 5, 4, 0, 6, 27, 13], [2, 0, 5, 2, 0, 3, 0, 2, 1, 1], [3, 5, 0, 1, 1, 0, 0, 2, 0, 2]], [[2, 0, 2, 9, 2, 6, 0, 4, 24, 23], [3, 0, 2, 4, 0, 1, 0, 0, 0, 0], [2, 3, 0, 2, 0, 0, 5, 4, 0, 2]], [[0, 1, 1, 10, 4, 7, 1, 12, 20, 11], [2, 1, 5, 2, 2, 3, 0, 0, 1, 0], [3, 5, 0, 2, 1, 0, 3, 1, 0, 2]], [[0, 0, 6, 11, 4, 6, 0, 8, 20, 16], [7, 0, 3, 1, 1, 3, 0, 1, 0, 1], [2, 3, 2, 1, 0, 0, 1, 1, 0, 2]], [[2, 0, 7, 6, 5, 0, 0, 6, 20, 16], [2, 0, 7, 6, 0, 3, 0, 0, 1, 0], [4, 7, 0, 0, 2, 0, 3, 1, 0, 2]], [[0, 0, 6, 10, 6, 3, 0, 5, 17, 14], [4, 1, 7, 8, 1, 3, 0, 0, 0, 1], [1, 5, 1, 0, 0, 0, 4, 2, 0, 1]], [[0, 0, 4, 9, 2, 5, 0, 2, 15, 11], [5, 0, 8, 12, 2, 6, 0, 0, 4, 0], [3, 0, 4, 1, 0, 0, 1, 4, 1, 1]], [[0, 0, 1, 1, 2, 0, 0, 4, 7, 3], [10, 1, 12, 21, 5, 10, 0, 0, 2, 3], [3, 5, 1, 0, 0, 0, 2, 4, 0, 3]], [[2, 0, 1, 3, 1, 1, 0, 2, 3, 4], [6, 1, 21, 16, 2, 13, 0, 0, 4, 0], [4, 5, 1, 1, 0, 0, 4, 5, 0, 0]], [[0, 0, 0, 1, 3, 2, 0, 0, 1, 5], [9, 0, 23, 20, 0, 10, 0, 1, 6, 2], [2, 4, 2, 2, 0, 0, 1, 2, 0, 4]], [[2, 1, 1, 3, 0, 3, 0, 1, 4, 3], [12, 1, 22, 18, 0, 5, 0, 1, 4, 4], [2, 2, 0, 1, 1, 0, 5, 2, 0, 2]], [[1, 1, 1, 1, 1, 3, 1, 1, 0, 5], [12, 0, 15, 25, 3, 10, 0, 0, 2, 1], [3, 2, 0, 2, 0, 0, 6, 3, 0, 1]], [[0, 0, 2, 3, 2, 0, 0, 1, 5, 8], [5, 2, 20, 17, 2, 9, 0, 3, 4, 1], [4, 4, 0, 1, 1, 0, 1, 1, 0, 4]], [[0, 0, 1, 4, 2, 4, 0, 1, 5, 2], [14, 0, 18, 23, 3, 6, 0, 0, 1, 4], [1, 4, 1, 0, 0, 0, 5, 0, 0, 1]], [[0, 0, 1, 2, 3, 1, 0, 3, 7, 1], [10, 1, 20, 21, 2, 4, 1, 0, 3, 0], [3, 6, 0, 0, 0, 0, 5, 5, 1, 0]], [[0, 0, 0, 3, 1, 1, 0, 2, 2, 3], [16, 1, 24, 15, 3, 6, 0, 1, 3, 1], [3, 2, 1, 1, 1, 0, 4, 3, 0, 3]], [[0, 0, 4, 3, 2, 2, 0, 3, 4, 3], [12, 1, 13, 17, 0, 11, 0, 0, 3, 1], [2, 2, 5, 0, 0, 1, 6, 1, 1, 3]], [[0, 0, 1, 2, 1, 4, 0, 4, 6, 2], [14, 2, 16, 14, 1, 9, 0, 0, 3, 1], [3, 6, 2, 0, 0, 0, 4, 2, 0, 3]], [[0, 0, 2, 1, 3, 0, 0, 2, 6, 2], [9, 1, 29, 16, 1, 8, 1, 1, 3, 0], [2, 4, 0, 0, 0, 0, 3, 5, 0, 1]], [[0, 0, 0, 3, 1, 1, 0, 0, 4, 1], [11, 1, 20, 24, 0, 14, 0, 2, 1, 3], [4, 1, 0, 0, 0, 0, 6, 2, 0, 1]], [[0, 0, 0, 0, 1, 2, 0, 4, 4, 2], [17, 1, 21, 15, 1, 4, 0, 1, 1, 2], [4, 4, 2, 2, 0, 0, 7, 5, 0, 0]], [[0, 0, 3, 0, 0, 0, 0, 1, 7, 1], [11, 1, 26, 18, 0, 8, 0, 2, 3, 3], [3, 6, 0, 0, 1, 0, 3, 1, 0, 2]], [[1, 1, 0, 2, 2, 0, 0, 3, 5, 4], [13, 3, 17, 16, 0, 11, 0, 0, 3, 0], [6, 5, 0, 3, 1, 0, 0, 2, 1, 1]], [[0, 0, 0, 2, 0, 2, 0, 2, 5, 5], [6, 0, 10, 9, 0, 2, 0, 0, 3, 0], [12, 16, 0, 2, 2, 1, 8, 11, 0, 2]], [[0, 0, 1, 1, 1, 0, 0, 2, 6, 5], [4, 0, 5, 6, 0, 4, 0, 0, 1, 0], [19, 15, 4, 3, 0, 0, 11, 8, 0, 4]], [[1, 0, 3, 2, 0, 2, 0, 0, 7, 4], [2, 0, 7, 2, 0, 0, 0, 2, 0, 0], [14, 18, 4, 5, 1, 1, 13, 7, 0, 5]], [[1, 0, 2, 1, 1, 2, 0, 0, 4, 4], [3, 0, 4, 4, 1, 1, 0, 0, 1, 0], [12, 20, 3, 1, 1, 0, 14, 10, 0, 10]], [[0, 0, 2, 4, 1, 2, 0, 3, 5, 5], [3, 0, 6, 1, 1, 1, 0, 0, 1, 1], [16, 15, 8, 0, 1, 1, 3, 10, 0, 10]], [[0, 0, 0, 0, 0, 3, 0, 3, 2, 5], [2, 0, 5, 1, 0, 3, 0, 0, 1, 0], [12, 19, 7, 5, 0, 3, 11, 11, 1, 6]], [[2, 0, 3, 3, 2, 1, 0, 1, 8, 6], [3, 1, 2, 3, 0, 2, 0, 0, 1, 2], [11, 8, 3, 6, 0, 1, 16, 11, 0, 4]], [[0, 0, 2, 0, 3, 1, 0, 3, 4, 4], [3, 0, 4, 6, 0, 4, 0, 0, 3, 0], [18, 19, 3, 3, 0, 0, 5, 5, 2, 8]], [[1, 0, 0, 3, 2, 0, 0, 2, 5, 6], [2, 1, 5, 4, 0, 0, 1, 0, 0, 0], [11, 20, 2, 6, 5, 0, 13, 7, 0, 4]], [[2, 0, 1, 1, 0, 0, 0, 2, 3, 3], [3, 0, 4, 4, 0, 2, 0, 0, 0, 0], [16, 15, 7, 3, 4, 1, 14, 8, 1, 6]], [[0, 0, 1, 3, 1, 1, 0, 3, 9, 5], [2, 1, 5, 8, 0, 0, 0, 0, 1, 0], [14, 11, 4, 2, 3, 0, 11, 10, 0, 5]], [[0, 0, 2, 2, 1, 1, 0, 1, 4, 4], [1, 0, 5, 5, 1, 2, 0, 0, 3, 3], [11, 21, 5, 2, 0, 2, 13, 5, 0, 6]], [[0, 0, 2, 1, 1, 2, 0, 1, 4, 3], [6, 0, 8, 7, 0, 2, 0, 1, 0, 0], [13, 16, 4, 2, 0, 1, 15, 7, 1, 3]], [[0, 0, 1, 6, 0, 2, 0, 2, 8, 3], [5, 1, 3, 7, 0, 7, 0, 0, 0, 1], [13, 14, 3, 2, 0, 0, 6, 7, 0, 9]], [[0, 0, 0, 1, 0, 1, 0, 0, 5, 4], [3, 0, 6, 5, 0, 3, 0, 0, 2, 0], [16, 18, 4, 3, 5, 0, 8, 8, 1, 7]], [[0, 0, 2, 3, 1, 2, 0, 0, 4, 5], [2, 0, 4, 5, 0, 3, 0, 2, 0, 0], [15, 15, 5, 6, 0, 1, 8, 10, 2, 5]], [[1, 0, 0, 3, 1, 1, 0, 2, 5, 6], [4, 0, 7, 5, 0, 3, 0, 0, 0, 0], [11, 17, 3, 4, 1, 1, 12, 4, 2, 7]]], "n": [[7, 5, 7, 10, 5, 14, 2, 11, 26, 13], [6, 6, 16, 15, 5, 7, 2, 5, 25, 13], [4, 2, 8, 16, 4, 10, 3, 10, 25, 18], [8, 3, 9, 24, 4, 4, 1, 8, 22, 17], [5, 5, 10, 20, 6, 6, 7, 5, 20, 16], [6, 2, 7, 20, 5, 8, 3, 11, 21, 17], [6, 9, 7, 14, 4, 8, 4, 9, 24, 15], [8, 3, 15, 8, 4, 8, 4, 7, 24, 19], [8, 5, 11, 19, 5, 11, 1, 11, 12, 17], [7, 3, 7, 18, 2, 10, 2, 6, 27, 18], [6, 5, 12, 10, 6, 7, 0, 10, 28, 16], [7, 3, 4, 15, 2, 7, 5, 8, 24, 25], [5, 7, 6, 14, 7, 10, 4, 13, 21, 13], [9, 3, 11, 13, 5, 9, 1, 10, 20, 19], [8, 7, 14, 12, 7, 3, 3, 7, 21, 18], [5, 6, 14, 18, 7, 6, 4, 7, 17, 16], [8, 0, 16, 22, 4, 11, 1, 6, 20, 12], [13, 6, 14, 22, 7, 10, 2, 8, 9, 9], [12, 6, 23, 20, 3, 14, 4, 7, 7, 4], [11, 4, 25, 23, 3, 12, 1, 3, 7, 11], [16, 4, 23, 22, 1, 8, 5, 4, 8, 9], [16, 3, 16, 28, 4, 13, 7, 4, 2, 7], [9, 6, 22, 21, 5, 9, 1, 5, 9, 13], [15, 4, 20, 27, 5, 10, 5, 1, 6, 7], [13, 7, 21, 23, 5, 5, 6, 8, 11, 1], [19, 3, 25, 19, 5, 7, 4, 6, 5, 7], [14, 3, 22, 20, 2, 14, 6, 4, 8, 7], [17, 8, 19, 16, 2, 13, 4, 6, 9, 6], [11, 5, 31, 17, 4, 8, 4, 8, 9, 3], [15, 2, 20, 27, 1, 15, 6, 4, 5, 5], [21, 5, 23, 17, 2, 6, 7, 10, 5, 4], [14, 7, 29, 18, 1, 8, 3, 4, 10, 6], [20, 9, 17, 21, 3, 11, 0, 5, 9, 5], [18, 16, 10, 13, 2, 5, 8, 13, 8, 7], [23, 15, 10, 10, 1, 4, 11, 10, 7, 9], [17, 18, 14, 9, 1, 3, 13, 9, 7, 9], [16, 20, 9, 6, 3, 3, 14, 10, 5, 14], [19, 15, 16, 5, 3, 4, 3, 13, 6, 16], [14, 19, 12, 6, 0, 9, 11, 14, 4, 11], [16, 9, 8, 12, 2, 4, 16, 12, 9, 12], [21, 19, 9, 9, 3, 5, 5, 8, 9, 12], [14, 21, 7, 13, 7, 0, 14, 9, 5, 10], [21, 15, 12, 8, 4, 3, 14, 10, 4, 9], [16, 12, 10, 13, 4, 1, 11, 13, 10, 10], [12, 21, 12, 9, 2, 5, 13, 6, 7, 13], [19, 16, 14, 10, 1, 5, 15, 9, 5, 6], [18, 15, 7, 15, 0, 9, 6, 9, 8, 13], [19, 18, 10, 9, 5, 4, 8, 8, 8, 11], [17, 15, 11, 14, 1, 6, 8, 12, 6, 10], [16, 17, 10, 12, 2, 5, 12, 6, 7, 13]], "lambda_": 0.5,