{"M": 50, "G": 3, "I": 4, "J": 100, "p": [[0.248524592823477, 0.41590713024020765, 0.2445674774618472, 0.09100079947446818], [0.195642639627116, 0.008466509492057473, 0.41573970330401455, 0.380151147576812], [0.24777481565370346, 0.21805134881656238, 0.27153704946869556, 0.26263678606103863]], "r": [[[16, 29, 13, 5], [3, 1, 4, 5], [8, 3, 5, 8]], [[22, 28, 14, 4], [5, 0, 7, 5], [0, 7, 2, 6]], [[19, 34, 16, 7], [5, 0, 4, 4], [3, 2, 1, 5]], [[17, 26, 19, 5], [2, 1, 5, 7], [6, 6, 3, 3]], [[15, 31, 15, 3], [4, 0, 10, 6], [1, 4, 8, 3]], [[11, 25, 22, 4], [0, 1, 10, 12], [5, 2, 4, 4]], [[14, 27, 22, 5], [3, 0, 8, 7], [1, 5, 2, 6]], [[17, 21, 18, 4], [3, 0, 12, 8], [4, 4, 1, 8]], [[14, 40, 10, 9], [6, 0, 3, 3], [5, 1, 2, 7]], [[12, 19, 15, 8], [5, 0, 10, 7], [5, 7, 5, 7]], [[16, 32, 15, 3], [3, 0, 7, 4], [2, 7, 4, 7]], [[14, 32, 14, 7], [3, 0, 10, 4], [1, 7, 5, 3]], [[20, 23, 16, 6], [1, 0, 11, 5], [2, 6, 4, 6]], [[16, 30, 20, 5], [1, 1, 1, 6], [5, 5, 3, 7]], [[12, 27, 18, 6], [7, 1, 8, 5], [2, 4, 4, 6]], [[17, 33, 13, 5], [2, 0, 8, 8], [3, 5, 6, 0]], [[10, 23, 21, 1], [11, 1, 12, 8], [6, 1, 3, 3]], [[5, 6, 5, 1], [11, 0, 26, 33], [4, 5, 2, 2]], [[3, 11, 6, 1], [10, 0, 27, 24], [3, 3, 7, 5]], [[2, 6, 3, 2], [12, 1, 23, 32], [3, 10, 5, 1]], [[3, 7, 4, 2], [16, 1, 31, 19], [7, 3, 5, 2]], [[3, 8, 7, 0], [14, 0, 30, 24], [6, 2, 2, 4]], [[3, 8, 4, 2], [16, 1, 18, 26], [7, 3, 6, 6]], [[4, 5, 6, 1], [14, 1, 34, 21], [4, 5, 4, 1]], [[4, 7, 7, 1], [11, 0, 32, 25], [4, 2, 5, 2]], [[4, 8, 3, 0], [12, 0, 32, 26], [4, 1, 4, 6]], [[4, 10, 2, 1], [16, 0, 28, 27], [1, 2, 5, 4]], [[2, 15, 4, 2], [8, 0, 23, 29], [5, 4, 3, 5]], [[4, 2, 5, 1], [18, 0, 24, 26], [2, 4, 5, 9]], [[1, 9, 5, 1], [8, 0, 30, 30], [5, 6, 2, 3]], [[6, 6, 6, 2], [13, 0, 32, 22], [2, 0, 3, 8]], [[2, 10, 2, 0], [14, 1, 25, 30], [5, 2, 6, 3]], [[2, 7, 3, 3], [19, 1, 26, 22], [1, 6, 4, 6]], [[4, 9, 2, 3], [6, 0, 12, 11], [17, 12, 10, 14]], [[6, 10, 4, 1], [3, 0, 7, 8], [15, 13, 15, 18]], [[4, 8, 3, 3], [4, 0, 7, 5], [20, 13, 15, 18]], [[7, 11, 3, 1], [4, 0, 7, 5], [14, 16, 16, 16]], [[8, 6, 2, 2], [3, 0, 8, 11], [17, 12, 13, 18]], [[3, 8, 7, 1], [5, 0, 3, 10], [16, 19, 16, 12]], [[1, 5, 2, 1], [8, 0, 9, 1], [21, 15, 14, 23]], [[3, 4, 3, 2], [3, 0, 7, 7], [12, 18, 21, 20]], [[2, 6, 3, 4], [3, 0, 3, 10], [22, 17, 13, 17]], [[6, 7, 4, 3], [4, 0, 9, 5], [18, 15, 16, 13]], [[9, 5, 4, 2], [2, 0, 6, 5], [12, 21, 19, 15]], [[4, 10, 5, 0], [1, 0, 6, 9], [18, 15, 14, 18]], [[3, 11, 2, 4], [1, 0, 3, 5], [19, 15, 19, 18]], [[2, 4, 4, 1], [3, 0, 9, 4], [22, 21, 19, 11]], [[4, 10, 3, 1], [1, 0, 4, 11], [21, 13, 17, 15]], [[5, 8, 0, 1], [5, 0, 6, 8], [22, 15, 18, 12]], [[6, 5, 2, 2], [1, 1, 6, 3], [12, 24, 28, 10]]], "n": [[27, 33, 22, 18], [27, 35, 23, 15], [27, 36, 21, 16], [25, 33, 27, 15], [20, 35, 33, 12], [16, 28, 36, 20], [18, 32, 32, 18], [24, 25, 31, 20], [25, 41, 15, 19], [22, 26, 30, 22], [21, 39, 26, 14], [18, 39, 29, 14], [23, 29, 31, 17], [22, 36, 24, 18], [21, 32, 30, 17], [22, 38, 27, 13], [27, 25, 36, 12], [20, 11, 33, 36], [16, 14, 40, 30], [17, 17, 31, 35], [26, 11, 40, 23], [23, 10, 39, 28], [26, 12, 28, 34], [22, 11, 44, 23], [19, 9, 44, 28], [20, 9, 39, 32], [21, 12, 35, 32], [15, 19, 30, 36], [24, 6, 34, 36], [14, 15, 37, 34], [21, 6, 41, 32], [21, 13, 33, 33], [22, 14, 33, 31], [27, 21, 24, 28], [24, 23, 26, 27], [28, 21, 25, 26], [25, 27, 26, 22], [28, 18, 23, 31], [24, 27, 26, 23], [30, 20, 25, 25], [18, 22, 31, 29], [27, 23, 19, 31], [28, 22, 29, 21], [23, 26, 29, 22], [23, 25, 25, 27], [23, 26, 24, 27], [27, 25, 32, 16], [26, 23, 24, 27], [32, 23, 24, 21], [19, 30, 36, 15]], "lambda_": 0.5, "b": [[63, 13, 24], [68, 17, 15], [76, 13, 11], [67, 15, 18], [64, 20, 16], [62, 23, 15], [68, 18, 14], [60, 23, 17], [73, 12, 15], [54, 22, 24], [66, 14, 20], [67, 17, 16], [65, 17, 18], [71, 9, 20], [63, 21, 16], [68, 18, 14], [55, 32, 13], [17, 70, 13], [21, 61, 18], [13, 68, 19], [16, 67, 17], [18, 68, 14], [17, 61, 22], [16, 70, 14], [19, 68, 13], [15, 70, 15], [17, 71, 12], [23, 60, 17], [12, 68, 20], [16, 68, 16], [20, 67, 13], [14, 70, 16], [15, 68, 17], [18, 29, 53], [21, 18, 61], [18, 16, 66], [22, 16, 62], [18, 22, 60], [19, 18, 63], [9, 18, 73], [12, 17, 71], [15, 16, 69], [20, 18, 62], [20, 13, 67], [19, 16, 65], [20, 9, 71], [11, 16, 73], [18, 16, 66], [14, 19, 67], [15, 11, 74]]}