{"M": 50, "G": 3, "I": 5, "J": 100, "p": [[0.17583738578154742, 0.11781376416577459, 0.35282805535055234, 0.03358113809648584, 0.31993965660563983], [0.1919856498243737, 0.15185075922920055, 0.6110713721045119, 0.04111719099206785, 0.003975027849845818], [0.23155809514120673, 0.4309450870170965, 0.30554024270356456, 0.004821490958546575, 0.027135084179585732]], "r": [[[10, 5, 22, 7, 24], [0, 0, 7, 0, 0], [5, 13, 6, 0, 1]], [[9, 8, 32, 2, 21], [3, 4, 6, 0, 0], [4, 6, 4, 0, 1]], [[9, 9, 30, 4, 22], [3, 3, 7, 1, 0], [2, 6, 4, 0, 0]], [[14, 9, 20, 2, 23], [1, 1, 9, 1, 0], [5, 9, 5, 0, 1]], [[12, 8, 30, 1, 14], [6, 2, 15, 0, 0], [4, 5, 3, 0, 0]], [[17, 4, 16, 4, 17], [9, 0, 11, 1, 0], [6, 10, 5, 0, 0]], [[10, 11, 25, 1, 21], [2, 1, 6, 0, 0], [4, 13, 6, 0, 0]], [[12, 8, 33, 1, 19], [3, 1, 6, 2, 0], [5, 5, 5, 0, 0]], [[12, 7, 28, 1, 16], [6, 7, 11, 3, 0], [2, 6, 1, 0, 0]], [[12, 12, 25, 6, 22], [2, 0, 8, 1, 0], [1, 3, 8, 0, 0]], [[11, 10, 22, 4, 16], [5, 2, 7, 1, 0], [10, 6, 6, 0, 0]], [[9, 8, 24, 1, 22], [3, 2, 8, 0, 0], [5, 11, 6, 0, 1]], [[8, 8, 20, 4, 24], [3, 4, 13, 1, 0], [3, 8, 4, 0, 0]], [[15, 14, 19, 2, 21], [2, 3, 7, 1, 0], [4, 5, 7, 0, 0]], [[8, 3, 26, 4, 24], [4, 3, 14, 2, 0], [4, 7, 1, 0, 0]], [[16, 5, 24, 2, 24], [6, 3, 6, 0, 0], [2, 9, 3, 0, 0]], [[12, 8, 10, 2, 15], [8, 3, 23, 3, 0], [6, 6, 4, 0, 0]], [[3, 1, 9, 1, 2], [11, 9, 42, 0, 0], [9, 5, 6, 0, 2]], [[2, 3, 6, 0, 4], [11, 9, 43, 1, 0], [2, 13, 6, 0, 0]], [[2, 1, 5, 0, 7], [23, 10, 38, 2, 0], [1, 7, 4, 0, 0]], [[3, 2, 4, 0, 4], [11, 16, 37, 1, 0], [10, 8, 4, 0, 0]], [[0, 1, 5, 0, 8], [14, 10, 48, 2, 0], [1, 8, 2, 0, 1]], [[3, 4, 5, 1, 4], [12, 10, 44, 2, 0], [4, 9, 2, 0, 0]], [[1, 0, 7, 1, 6], [11, 15, 44, 2, 0], [2, 5, 6, 0, 0]], [[4, 2, 4, 0, 3], [13, 14, 44, 1, 0], [2, 8, 4, 0, 1]], [[3, 1, 8, 1, 2], [10, 15, 46, 1, 0], [3, 8, 1, 0, 1]], [[4, 2, 3, 0, 2], [15, 10, 46, 0, 0], [7, 8, 2, 0, 1]], [[0, 3, 5, 1, 2], [16, 6, 41, 2, 0], [8, 10, 6, 0, 0]], [[3, 2, 7, 1, 9], [11, 8, 45, 1, 0], [4, 6, 3, 0, 0]], [[3, 1, 12, 0, 3], [13, 8, 40, 2, 0], [3, 7, 7, 0, 1]], [[6, 0, 8, 0, 5], [11, 8, 38, 4, 1], [7, 10, 2, 0, 0]], [[2, 2, 7, 0, 5], [16, 10, 36, 2, 0], [7, 5, 5, 0, 3]], [[3, 2, 8, 0, 8], [14, 14, 37, 1, 1], [1, 10, 1, 0, 0]], [[3, 2, 6, 0, 3], [3, 4, 27, 3, 0], [9, 23, 16, 0, 1]], [[5, 3, 4, 0, 7], [3, 0, 12, 1, 0], [16, 28, 19, 0, 2]], [[0, 2, 4, 1, 4], [3, 2, 7, 1, 0], [13, 38, 23, 0, 2]], [[2, 6, 6, 0, 2], [4, 2, 10, 1, 0], [16, 30, 19, 1, 1]], [[3, 4, 7, 1, 7], [6, 0, 8, 0, 0], [12, 24, 24, 0, 4]], [[0, 1, 6, 1, 0], [4, 2, 14, 0, 0], [13, 36, 22, 0, 1]], [[4, 1, 8, 1, 6], [4, 3, 7, 1, 0], [18, 27, 19, 0, 1]], [[2, 2, 5, 0, 5], [5, 3, 13, 0, 0], [15, 27, 22, 0, 1]], [[3, 1, 5, 1, 4], [5, 3, 13, 0, 0], [13, 31, 18, 1, 2]], [[7, 2, 6, 0, 2], [5, 2, 11, 0, 0], [15, 26, 20, 1, 3]], [[3, 3, 4, 1, 7], [3, 3, 7, 0, 0], [14, 29, 24, 1, 1]], [[3, 4, 5, 0, 7], [3, 4, 12, 0, 0], [15, 21, 25, 0, 1]], [[2, 1, 9, 1, 5], [1, 2, 7, 0, 0], [16, 31, 21, 1, 3]], [[4, 1, 8, 1, 5], [7, 3, 12, 1, 0], [13, 28, 16, 0, 1]], [[3, 4, 9, 0, 6], [3, 2, 13, 0, 0], [14, 28, 18, 0, 0]], [[2, 0, 7, 1, 4], [0, 1, 12, 0, 0], [13, 33, 26, 0, 1]], [[6, 1, 5, 1, 6], [2, 1, 10, 1, 0], [20, 29, 15, 0, 3]]], "n": [[15, 18, 35, 7, 25], [16, 18, 42, 2, 22], [14, 18, 41, 5, 22], [20, 19, 34, 3, 24], [22, 15, 48, 1, 14], [32, 14, 32, 5, 17], [16, 25, 37, 1, 21], [20, 14, 44, 3, 19], [20, 20, 40, 4, 16], [15, 15, 41, 7, 22], [26, 18, 35, 5, 16], [17, 21, 38, 1, 23], [14, 20, 37, 5, 24], [21, 22, 33, 3, 21], [16, 13, 41, 6, 24], [24, 17, 33, 2, 24], [26, 17, 37, 5, 15], [23, 15, 57, 1, 4], [15, 25, 55, 1, 4], [26, 18, 47, 2, 7], [24, 26, 45, 1, 4], [15, 19, 55, 2, 9], [19, 23, 51, 3, 4], [14, 20, 57, 3, 6], [19, 24, 52, 1, 4], [16, 24, 55, 2, 3], [26, 20, 51, 0, 3], [24, 19, 52, 3, 2], [18, 16, 55, 2, 9], [19, 16, 59, 2, 4], [24, 18, 48, 4, 6], [25, 17, 48, 2, 8], [18, 26, 46, 1, 9], [15, 29, 49, 3, 4], [24, 31, 35, 1, 9], [16, 42, 34, 2, 6], [22, 38, 35, 2, 3], [21, 28, 39, 1, 11], [17, 39, 42, 1, 1], [26, 31, 34, 2, 7], [22, 32, 40, 0, 6], [21, 35, 36, 2, 6], [27, 30, 37, 1, 5], [20, 35, 35, 2, 8], [21, 29, 42, 0, 8], [19, 34, 37, 2, 8], [24, 32, 36, 2, 6], [20, 34, 40, 0, 6], [15, 34, 45, 1, 5], [28, 31, 30, 2, 9]], "lambda_": 0.5, "b": [[68, 7, 25], [72, 13, 15], [74, 14, 12], [68, 12, 20], [65, 23, 12], [58, 21, 21], [68, 9, 23], [73, 12, 15], [64, 27, 9], [77, 11, 12], [63, 15, 22], [64, 13, 23], [64, 21, 15], [71, 13, 16], [65, 23, 12], [71, 15, 14], [47, 37, 16], [16, 62, 22], [15, 64, 21], [15, 73, 12], [13, 65, 22], [14, 74, 12], [17, 68, 15], [15, 72, 13], [13, 72, 15], [15, 72, 13], [11, 71, 18], [11, 65, 24], [22, 65, 13], [19, 63, 18], [19, 62, 19], [16, 64, 20], [21, 67, 12], [14, 37, 49], [19, 16, 65], [11, 13, 76], [16, 17, 67], [22, 14, 64], [8, 20, 72], [20, 15, 65], [14, 21, 65], [14, 21, 65], [17, 18, 65], [18, 13, 69], [19, 19, 62], [18, 10, 72], [19, 23, 58], [22, 18, 60], [14, 13, 73], [19, 14, 67]]}