{"M": 50, "G": 2, "I": 5, "J": 100, "p": [[0.23133554027621162, 0.5462328859941928, 4.903667005091315e-05, 0.15434181656277288, 0.06804072049677173], [0.04828772164529685, 0.10272923560641152, 0.2113133794944018, 0.2519217205343371, 0.3857479427195527]], "r": [[[20, 36, 0, 11, 3], [0, 3, 3, 10, 14]], [[24, 42, 0, 7, 5], [0, 1, 7, 8, 6]], [[13, 45, 0, 12, 6], [1, 2, 3, 7, 11]], [[15, 47, 0, 11, 7], [0, 2, 10, 0, 8]], [[17, 46, 0, 13, 5], [0, 2, 6, 4, 7]], [[18, 39, 0, 11, 5], [1, 2, 10, 5, 9]], [[20, 37, 0, 13, 4], [2, 0, 6, 6, 12]], [[13, 52, 0, 14, 6], [1, 1, 3, 2, 8]], [[13, 48, 0, 7, 7], [2, 2, 3, 8, 10]], [[21, 43, 0, 10, 4], [2, 0, 3, 7, 10]], [[17, 36, 0, 12, 7], [1, 4, 7, 8, 8]], [[19, 36, 0, 12, 3], [1, 4, 6, 6, 13]], [[19, 46, 0, 11, 2], [1, 2, 3, 6, 10]], [[16, 39, 0, 14, 8], [1, 3, 2, 8, 9]], [[20, 33, 0, 12, 8], [3, 1, 3, 9, 11]], [[17, 31, 0, 19, 5], [3, 4, 7, 7, 7]], [[18, 39, 0, 13, 8], [1, 1, 5, 9, 6]], [[14, 47, 0, 13, 7], [3, 1, 4, 4, 7]], [[17, 38, 0, 11, 6], [0, 1, 7, 8, 12]], [[11, 45, 0, 15, 7], [1, 4, 3, 5, 9]], [[13, 40, 0, 11, 3], [3, 5, 12, 5, 8]], [[16, 45, 0, 12, 3], [2, 3, 3, 6, 10]], [[14, 42, 0, 11, 2], [0, 1, 10, 7, 13]], [[15, 39, 0, 11, 3], [0, 3, 9, 7, 13]], [[18, 50, 0, 11, 1], [0, 5, 5, 1, 9]], [[6, 14, 0, 6, 4], [6, 4, 18, 17, 25]], [[6, 11, 0, 4, 2], [3, 5, 16, 17, 36]], [[7, 21, 0, 0, 0], [3, 5, 19, 15, 30]], [[5, 8, 0, 4, 0], [5, 10, 19, 19, 30]], [[4, 18, 0, 6, 2], [2, 9, 12, 15, 32]], [[6, 13, 0, 6, 1], [2, 3, 17, 21, 31]], [[5, 16, 0, 6, 1], [5, 11, 20, 15, 21]], [[7, 9, 0, 6, 1], [6, 7, 13, 19, 32]], [[5, 11, 0, 3, 1], [5, 5, 17, 20, 33]], [[4, 17, 0, 4, 1], [0, 9, 20, 20, 25]], [[3, 9, 0, 5, 2], [7, 7, 20, 22, 25]], [[4, 14, 0, 4, 1], [6, 12, 17, 13, 29]], [[3, 16, 0, 4, 4], [5, 7, 13, 15, 33]], [[3, 12, 0, 3, 3], [1, 2, 17, 20, 39]], [[7, 19, 0, 3, 1], [5, 13, 13, 19, 20]], [[6, 19, 0, 3, 0], [3, 7, 13, 19, 30]], [[7, 9, 0, 1, 0], [4, 8, 21, 20, 30]], [[9, 10, 0, 2, 1], [3, 4, 21, 19, 31]], [[5, 11, 0, 4, 4], [4, 9, 18, 20, 25]], [[7, 10, 0, 3, 2], [9, 10, 17, 18, 24]], [[6, 21, 0, 2, 2], [3, 8, 21, 15, 22]], [[8, 12, 0, 1, 1], [2, 7, 17, 20, 32]], [[5, 13, 0, 2, 3], [3, 10, 11, 28, 25]], [[7, 17, 0, 5, 1], [1, 12, 17, 14, 26]], [[8, 16, 0, 5, 2], [2, 9, 10, 20, 28]]], "n": [[20, 39, 3, 21, 17], [24, 43, 7, 15, 11], [14, 47, 3, 19, 17], [15, 49, 10, 11, 15], [17, 48, 6, 17, 12], [19, 41, 10, 16, 14], [22, 37, 6, 19, 16], [14, 53, 3, 16, 14], [15, 50, 3, 15, 17], [23, 43, 3, 17, 14], [18, 40, 7, 20, 15], [20, 40, 6, 18, 16], [20, 48, 3, 17, 12], [17, 42, 2, 22, 17], [23, 34, 3, 21, 19], [20, 35, 7, 26, 12], [19, 40, 5, 22, 14], [17, 48, 4, 17, 14], [17, 39, 7, 19, 18], [12, 49, 3, 20, 16], [16, 45, 12, 16, 11], [18, 48, 3, 18, 13], [14, 43, 10, 18, 15], [15, 42, 9, 18, 16], [18, 55, 5, 12, 10], [12, 18, 18, 23, 29], [9, 16, 16, 21, 38], [10, 26, 19, 15, 30], [10, 18, 19, 23, 30], [6, 27, 12, 21, 34], [8, 16, 17, 27, 32], [10, 27, 20, 21, 22], [13, 16, 13, 25, 33], [10, 16, 17, 23, 34], [4, 26, 20, 24, 26], [10, 16, 20, 27, 27], [10, 26, 17, 17, 30], [8, 23, 13, 19, 37], [4, 14, 17, 23, 42], [12, 32, 13, 22, 21], [9, 26, 13, 22, 30], [11, 17, 21, 21, 30], [12, 14, 21, 21, 32], [9, 20, 18, 24, 29], [16, 20, 17, 21, 26], [9, 29, 21, 17, 24], [10, 19, 17, 21, 33], [8, 23, 11, 30, 28], [8, 29, 17, 19, 27], [10, 25, 10, 25, 30]], "lambda_": 0.5, "b": [[70, 30], [78, 22], [76, 24], [80, 20], [81, 19], [73, 27], [74, 26], [85, 15], [75, 25], [78, 22], [72, 28], [70, 30], [78, 22], [77, 23], [73, 27], [72, 28], [78, 22], [81, 19], [72, 28], [78, 22], [67, 33], [76, 24], [69, 31], [68, 32], [80, 20], [30, 70], [23, 77], [28, 72], [17, 83], [30, 70], [26, 74], [28, 72], [23, 77], [20, 80], [26, 74], [19, 81], [23, 77], [27, 73], [21, 79], [30, 70], [28, 72], [17, 83], [22, 78], [24, 76], [22, 78], [31, 69], [22, 78], [23, 77], [30, 70], [31, 69]]}