{"M": 50, "G": 3, "I": 4, "J": 100, "p": [[0.04983539454067374, 0.40616979444752377, 0.04597554104672593, 0.4980192699650766], [0.17642180632607257, 0.24903375337454553, 0.3822121397853614, 0.19233230051402056], [0.17736032732383658, 0.10472522126556412, 0.04240536774113345, 0.6755090836694659]], "r": [[[1, 31, 2, 32], [4, 7, 1, 5], [5, 1, 1, 10]], [[1, 31, 2, 29], [5, 6, 7, 4], [1, 2, 0, 12]], [[3, 31, 2, 35], [3, 3, 7, 2], [5, 1, 2, 6]], [[4, 25, 3, 35], [1, 4, 6, 3], [2, 0, 2, 15]], [[7, 28, 3, 34], [4, 5, 4, 2], [2, 0, 1, 10]], [[5, 24, 3, 36], [2, 3, 3, 1], [6, 2, 0, 15]], [[2, 30, 3, 37], [1, 3, 9, 5], [1, 3, 0, 6]], [[3, 26, 2, 42], [2, 2, 8, 2], [4, 1, 0, 8]], [[4, 29, 2, 35], [3, 3, 3, 2], [1, 1, 1, 16]], [[3, 21, 4, 41], [5, 3, 7, 2], [4, 1, 2, 7]], [[1, 22, 4, 37], [8, 5, 10, 4], [0, 1, 0, 8]], [[3, 17, 5, 34], [4, 5, 7, 7], [3, 2, 0, 13]], [[2, 26, 3, 36], [4, 3, 7, 2], [1, 2, 1, 13]], [[2, 27, 2, 38], [1, 8, 6, 0], [2, 2, 1, 11]], [[0, 25, 2, 40], [6, 1, 8, 0], [2, 0, 0, 16]], [[3, 26, 2, 36], [4, 2, 3, 3], [3, 1, 2, 15]], [[2, 26, 1, 24], [1, 14, 12, 6], [3, 0, 0, 11]], [[3, 8, 0, 8], [10, 14, 26, 15], [3, 1, 0, 12]], [[0, 12, 0, 13], [7, 15, 21, 15], [2, 1, 4, 10]], [[0, 5, 1, 12], [15, 13, 22, 12], [4, 2, 0, 14]], [[1, 5, 1, 5], [14, 17, 27, 14], [2, 1, 1, 12]], [[1, 7, 0, 10], [13, 17, 24, 7], [2, 2, 0, 17]], [[2, 6, 0, 9], [12, 14, 28, 7], [2, 1, 2, 17]], [[0, 9, 0, 8], [14, 12, 22, 17], [2, 1, 1, 14]], [[1, 5, 1, 11], [10, 18, 27, 13], [2, 0, 0, 12]], [[0, 5, 0, 10], [10, 20, 31, 9], [3, 3, 0, 9]], [[1, 3, 0, 7], [13, 22, 22, 13], [7, 0, 2, 10]], [[3, 3, 0, 4], [12, 16, 23, 17], [3, 0, 3, 16]], [[0, 5, 1, 9], [8, 19, 30, 8], [7, 0, 1, 12]], [[2, 7, 1, 10], [12, 24, 20, 9], [2, 3, 0, 10]], [[0, 7, 1, 7], [12, 18, 26, 13], [3, 5, 0, 8]], [[0, 3, 0, 7], [12, 10, 35, 18], [4, 0, 2, 9]], [[0, 4, 1, 8], [14, 15, 26, 14], [0, 3, 0, 15]], [[2, 10, 1, 7], [6, 8, 15, 4], [5, 1, 1, 40]], [[1, 10, 1, 3], [2, 6, 7, 4], [14, 6, 1, 45]], [[0, 6, 2, 7], [2, 3, 11, 1], [9, 9, 0, 50]], [[1, 5, 0, 8], [9, 10, 5, 3], [18, 6, 1, 34]], [[1, 3, 1, 6], [2, 7, 6, 4], [10, 5, 2, 53]], [[1, 7, 0, 8], [1, 4, 6, 2], [15, 8, 2, 46]], [[0, 12, 1, 7], [3, 4, 7, 1], [13, 6, 3, 43]], [[0, 4, 1, 11], [1, 7, 5, 6], [9, 8, 6, 42]], [[2, 10, 1, 13], [2, 8, 2, 0], [12, 5, 0, 45]], [[0, 5, 0, 12], [2, 3, 8, 0], [10, 5, 4, 51]], [[3, 10, 2, 6], [3, 4, 7, 4], [11, 4, 3, 43]], [[1, 6, 0, 11], [5, 3, 3, 1], [7, 8, 1, 54]], [[1, 4, 0, 7], [5, 3, 7, 3], [14, 5, 4, 47]], [[1, 7, 0, 10], [1, 7, 4, 3], [13, 3, 4, 47]], [[2, 8, 0, 7], [3, 4, 7, 6], [11, 3, 3, 46]], [[0, 7, 0, 4], [2, 7, 6, 6], [9, 11, 4, 44]], [[1, 2, 0, 8], [3, 6, 7, 4], [11, 11, 0, 47]]], "n": [[10, 39, 4, 47], [7, 39, 9, 45], [11, 35, 11, 43], [7, 29, 11, 53], [13, 33, 8, 46], [13, 29, 6, 52], [4, 36, 12, 48], [9, 29, 10, 52], [8, 33, 6, 53], [12, 25, 13, 50], [9, 28, 14, 49], [10, 24, 12, 54], [7, 31, 11, 51], [5, 37, 9, 49], [8, 26, 10, 56], [10, 29, 7, 54], [6, 40, 13, 41], [16, 23, 26, 35], [9, 28, 25, 38], [19, 20, 23, 38], [17, 23, 29, 31], [16, 26, 24, 34], [16, 21, 30, 33], [16, 22, 23, 39], [13, 23, 28, 36], [13, 28, 31, 28], [21, 25, 24, 30], [18, 19, 26, 37], [15, 24, 32, 29], [16, 34, 21, 29], [15, 30, 27, 28], [16, 13, 37, 34], [14, 22, 27, 37], [13, 19, 17, 51], [17, 22, 9, 52], [11, 18, 13, 58], [28, 21, 6, 45], [13, 15, 9, 63], [17, 19, 8, 56], [16, 22, 11, 51], [10, 19, 12, 59], [16, 23, 3, 58], [12, 13, 12, 63], [17, 18, 12, 53], [13, 17, 4, 66], [20, 12, 11, 57], [15, 17, 8, 60], [16, 15, 10, 59], [11, 25, 10, 54], [15, 19, 7, 59]], "lambda_": 0.5, "b": [[66, 17, 17], [63, 22, 15], [71, 15, 14], [67, 14, 19], [72, 15, 13], [68, 9, 23], [72, 18, 10], [73, 14, 13], [70, 11, 19], [69, 17, 14], [64, 27, 9], [59, 23, 18], [67, 16, 17], [69, 15, 16], [67, 15, 18], [67, 12, 21], [53, 33, 14], [19, 65, 16], [25, 58, 17], [18, 62, 20], [12, 72, 16], [18, 61, 21], [17, 61, 22], [17, 65, 18], [18, 68, 14], [15, 70, 15], [11, 70, 19], [10, 68, 22], [15, 65, 20], [20, 65, 15], [15, 69, 16], [10, 75, 15], [13, 69, 18], [20, 33, 47], [15, 19, 66], [15, 17, 68], [14, 27, 59], [11, 19, 70], [16, 13, 71], [20, 15, 65], [16, 19, 65], [26, 12, 62], [17, 13, 70], [21, 18, 61], [18, 12, 70], [12, 18, 70], [18, 15, 67], [17, 20, 63], [11, 21, 68], [11, 20, 69]]}