{"M": 50, "G": 2, "I": 4, "J": 100, "p": [[0.29096972519164355, 0.013346201755036091, 0.4053198048712896, 0.2903642681820308], [0.25472546786309014, 0.1872870721984784, 0.10694707564706017, 0.4510403842913713]], "r": [[[18, 0, 41, 13], [9, 2, 2, 15]], [[24, 0, 32, 21], [6, 8, 2, 7]], [[22, 1, 32, 25], [3, 5, 2, 10]], [[25, 2, 22, 24], [5, 7, 2, 13]], [[17, 1, 45, 20], [3, 5, 2, 7]], [[30, 1, 28, 17], [6, 5, 3, 10]], [[23, 0, 35, 18], [9, 2, 2, 11]], [[17, 0, 33, 24], [7, 3, 5, 11]], [[26, 1, 29, 20], [4, 3, 2, 15]], [[25, 2, 30, 16], [6, 6, 1, 14]], [[18, 1, 35, 17], [2, 7, 4, 16]], [[20, 2, 26, 20], [8, 6, 2, 16]], [[31, 0, 22, 21], [10, 6, 1, 9]], [[17, 1, 34, 23], [3, 7, 2, 13]], [[21, 3, 28, 23], [6, 4, 3, 12]], [[26, 0, 24, 24], [5, 7, 1, 13]], [[12, 0, 35, 22], [11, 6, 1, 13]], [[28, 3, 27, 22], [1, 7, 1, 11]], [[27, 0, 32, 19], [5, 1, 2, 14]], [[25, 0, 31, 16], [3, 4, 6, 15]], [[27, 2, 24, 19], [11, 4, 2, 11]], [[18, 1, 31, 24], [6, 6, 4, 10]], [[25, 1, 30, 22], [10, 1, 3, 8]], [[26, 2, 35, 22], [3, 4, 1, 7]], [[15, 1, 29, 30], [3, 10, 3, 9]], [[10, 1, 10, 5], [17, 13, 6, 38]], [[11, 2, 7, 7], [19, 12, 9, 33]], [[9, 1, 9, 9], [16, 11, 6, 39]], [[14, 0, 11, 9], [16, 20, 5, 25]], [[9, 1, 7, 5], [18, 21, 12, 27]], [[10, 0, 7, 2], [17, 13, 10, 41]], [[4, 0, 11, 6], [19, 18, 10, 32]], [[10, 1, 10, 7], [16, 18, 10, 28]], [[7, 0, 8, 5], [24, 11, 5, 40]], [[7, 0, 13, 5], [22, 18, 9, 26]], [[5, 1, 12, 7], [14, 11, 8, 42]], [[14, 0, 7, 5], [21, 15, 7, 31]], [[5, 1, 18, 6], [19, 15, 8, 28]], [[7, 0, 11, 8], [16, 15, 10, 33]], [[11, 0, 5, 10], [18, 15, 7, 34]], [[9, 0, 6, 9], [22, 12, 9, 33]], [[6, 0, 10, 6], [26, 14, 12, 26]], [[4, 0, 12, 5], [28, 8, 9, 34]], [[8, 0, 15, 11], [17, 13, 11, 25]], [[9, 0, 5, 7], [22, 17, 12, 28]], [[7, 0, 11, 7], [18, 11, 10, 36]], [[4, 0, 6, 9], [20, 18, 5, 38]], [[4, 1, 8, 5], [29, 11, 11, 31]], [[4, 1, 14, 4], [24, 17, 6, 30]], [[11, 0, 15, 6], [12, 16, 8, 32]]], "n": [[27, 2, 43, 28], [30, 8, 34, 28], [25, 6, 34, 35], [30, 9, 24, 37], [20, 6, 47, 27], [36, 6, 31, 27], [32, 2, 37, 29], [24, 3, 38, 35], [30, 4, 31, 35], [31, 8, 31, 30], [20, 8, 39, 33], [28, 8, 28, 36], [41, 6, 23, 30], [20, 8, 36, 36], [27, 7, 31, 35], [31, 7, 25, 37], [23, 6, 36, 35], [29, 10, 28, 33], [32, 1, 34, 33], [28, 4, 37, 31], [38, 6, 26, 30], [24, 7, 35, 34], [35, 2, 33, 30], [29, 6, 36, 29], [18, 11, 32, 39], [27, 14, 16, 43], [30, 14, 16, 40], [25, 12, 15, 48], [30, 20, 16, 34], [27, 22, 19, 32], [27, 13, 17, 43], [23, 18, 21, 38], [26, 19, 20, 35], [31, 11, 13, 45], [29, 18, 22, 31], [19, 12, 20, 49], [35, 15, 14, 36], [24, 16, 26, 34], [23, 15, 21, 41], [29, 15, 12, 44], [31, 12, 15, 42], [32, 14, 22, 32], [32, 8, 21, 39], [25, 13, 26, 36], [31, 17, 17, 35], [25, 11, 21, 43], [24, 18, 11, 47], [33, 12, 19, 36], [28, 18, 20, 34], [23, 16, 23, 38]], "lambda_": 0.5, "b": [[72, 28], [77, 23], [80, 20], [73, 27], [83, 17], [76, 24], [76, 24], [74, 26], [76, 24], [73, 27], [71, 29], [68, 32], [74, 26], [75, 25], [75, 25], [74, 26], [69, 31], [80, 20], [78, 22], [72, 28], [72, 28], [74, 26], [78, 22], [85, 15], [75, 25], [26, 74], [27, 73], [28, 72], [34, 66], [22, 78], [19, 81], [21, 79], [28, 72], [20, 80], [25, 75], [25, 75], [26, 74], [30, 70], [26, 74], [26, 74], [24, 76], [22, 78], [21, 79], [34, 66], [21, 79], [25, 75], [19, 81], [18, 82], [23, 77], [32, 68]]}