{"M": 50, "G": 4, "I": 10, "J": 100, "p": [[0.022670189430670222, 0.0022430000911789036, 0.07095577431831715, 0.14720508768109594, 0.06216437873241497, 0.07577468444987846, 0.0014670045756580005, 0.07620646956734935, 0.3243470150634821, 0.21696639608995485], [0.17475220147373904, 0.01536550337500047, 0.29945062630790814, 0.2597506605011623, 0.02408342870132735, 0.1335574362557338, 0.002762542934114848, 0.016569212220284096, 0.05076703704335756, 0.022941351187372273], [0.20286311633434817, 0.24312411956007066, 0.060243706866737655, 0.05473336022465846, 0.016880923775346772, 0.012501891955236983, 0.17783373523956272, 0.1304755028070759, 0.008167069591176381, 0.09317657364578615], [0.034327392756617905, 0.1258971690736347, 0.08456564014742358, 0.06158490365408481, 0.05372224376145938, 0.19902684345401958, 0.288587305178316, 0.027573689441473526, 0.018330622154757868, 0.10638419037821256]], "r": [[[2, 0, 2, 4, 4, 6, 0, 7, 20, 16], [3, 0, 7, 5, 0, 0, 0, 0, 0, 0], [1, 1, 1, 2, 0, 0, 1, 0, 0, 2], [0, 4, 0, 1, 1, 3, 6, 0, 0, 1]], [[0, 1, 5, 10, 7, 5, 0, 4, 16, 16], [0, 0, 2, 3, 0, 0, 0, 1, 2, 0], [1, 5, 1, 0, 0, 0, 2, 1, 0, 2], [1, 1, 2, 0, 1, 2, 3, 0, 1, 5]], [[1, 0, 4, 8, 6, 8, 0, 6, 22, 8], [1, 1, 3, 1, 1, 1, 0, 0, 1, 0], [3, 6, 0, 1, 0, 1, 1, 2, 0, 3], [1, 0, 1, 1, 1, 3, 3, 0, 0, 1]], [[0, 0, 4, 15, 3, 5, 0, 7, 22, 9], [3, 0, 2, 4, 0, 1, 1, 0, 0, 0], [2, 4, 1, 0, 1, 0, 2, 3, 0, 1], [0, 2, 1, 1, 0, 3, 3, 0, 0, 0]], [[1, 1, 4, 13, 4, 4, 1, 5, 16, 15], [0, 0, 4, 5, 1, 4, 1, 0, 0, 0], [2, 5, 0, 0, 1, 0, 0, 0, 0, 0], [0, 1, 0, 2, 0, 3, 6, 0, 0, 1]], [[0, 1, 4, 9, 5, 5, 0, 6, 17, 14], [2, 1, 5, 4, 1, 2, 0, 0, 0, 0], [6, 4, 0, 1, 0, 0, 2, 1, 0, 0], [1, 1, 1, 0, 0, 1, 6, 0, 0, 0]], [[0, 1, 6, 9, 2, 4, 0, 3, 21, 12], [1, 0, 6, 4, 1, 3, 0, 0, 1, 0], [1, 3, 1, 0, 0, 0, 3, 0, 0, 1], [1, 4, 1, 1, 0, 4, 4, 0, 2, 0]], [[1, 0, 6, 8, 4, 0, 0, 8, 19, 12], [5, 1, 5, 3, 0, 2, 0, 0, 0, 0], [4, 4, 0, 0, 0, 0, 3, 0, 0, 2], [0, 3, 0, 2, 2, 1, 4, 1, 0, 0]], [[2, 0, 4, 10, 5, 3, 0, 7, 18, 12], [4, 2, 8, 2, 0, 1, 0, 1, 2, 0], [1, 1, 0, 0, 0, 1, 2, 0, 0, 0], [0, 2, 0, 2, 1, 2, 5, 0, 0, 2]], [[0, 0, 4, 17, 0, 5, 0, 4, 16, 17], [2, 0, 1, 3, 0, 0, 0, 0, 1, 1], [3, 3, 0, 0, 0, 0, 5, 2, 0, 2], [0, 1, 0, 1, 0, 2, 7, 0, 0, 3]], [[3, 0, 9, 6, 4, 6, 1, 10, 11, 11], [1, 1, 4, 5, 0, 0, 0, 0, 2, 0], [4, 2, 1, 0, 0, 1, 4, 1, 0, 3], [1, 1, 1, 0, 0, 3, 4, 0, 0, 0]], [[2, 0, 3, 10, 2, 6, 0, 6, 25, 15], [5, 0, 2, 3, 0, 2, 0, 0, 0, 0], [4, 3, 0, 0, 0, 0, 1, 1, 0, 0], [0, 2, 1, 1, 0, 4, 1, 0, 1, 0]], [[1, 0, 1, 6, 4, 4, 0, 4, 10, 6], [10, 1, 10, 9, 0, 7, 0, 2, 1, 0], [5, 3, 2, 1, 0, 0, 2, 1, 1, 0], [0, 1, 0, 1, 1, 3, 2, 0, 1, 0]], [[0, 0, 1, 0, 1, 1, 0, 1, 5, 7], [9, 2, 20, 11, 1, 15, 0, 1, 2, 0], [2, 6, 0, 0, 1, 0, 1, 1, 0, 0], [0, 6, 1, 0, 1, 2, 1, 0, 0, 1]], [[0, 0, 0, 0, 1, 2, 0, 2, 2, 3], [11, 1, 24, 12, 3, 12, 1, 1, 1, 1], [3, 4, 0, 1, 0, 0, 0, 1, 0, 1], [0, 1, 2, 1, 0, 3, 4, 1, 0, 1]], [[1, 0, 0, 2, 3, 2, 0, 0, 2, 3], [11, 1, 20, 16, 2, 7, 0, 0, 2, 1], [5, 4, 1, 0, 1, 0, 3, 0, 0, 2], [2, 0, 2, 0, 0, 1, 5, 0, 0, 1]], [[0, 0, 2, 1, 1, 0, 0, 0, 4, 3], [13, 0, 14, 17, 2, 13, 0, 1, 4, 1], [1, 2, 1, 0, 1, 0, 5, 2, 0, 1], [1, 0, 1, 1, 0, 2, 3, 0, 0, 3]], [[0, 0, 1, 1, 0, 2, 0, 0, 0, 4], [7, 1, 19, 20, 4, 9, 0, 0, 4, 2], [4, 4, 1, 1, 1, 0, 0, 1, 0, 0], [0, 0, 0, 0, 2, 5, 4, 0, 0, 3]], [[0, 0, 0, 3, 0, 0, 0, 1, 4, 3], [7, 1, 21, 14, 0, 14, 0, 0, 4, 2], [2, 3, 0, 2, 0, 0, 0, 1, 0, 0], [1, 3, 1, 1, 1, 5, 5, 0, 0, 1]], [[0, 0, 1, 3, 0, 3, 0, 0, 6, 2], [9, 0, 23, 15, 1, 8, 0, 1, 3, 4], [4, 2, 0, 0, 1, 0, 2, 2, 0, 0], [0, 0, 3, 1, 0, 0, 4, 0, 0, 2]], [[1, 0, 1, 0, 0, 2, 0, 2, 1, 4], [15, 1, 16, 17, 1, 5, 1, 1, 4, 3], [2, 4, 0, 0, 0, 0, 0, 1, 0, 1], [2, 2, 5, 1, 1, 3, 3, 0, 0, 0]], [[0, 0, 0, 1, 0, 0, 0, 1, 4, 4], [12, 0, 20, 24, 5, 8, 0, 1, 0, 1], [3, 6, 0, 1, 0, 0, 0, 0, 0, 1], [0, 0, 2, 0, 1, 1, 3, 0, 0, 1]], [[0, 0, 0, 1, 1, 2, 0, 3, 3, 5], [5, 2, 22, 13, 1, 10, 0, 0, 5, 2], [4, 4, 0, 0, 0, 0, 3, 2, 0, 0], [1, 1, 2, 1, 0, 2, 4, 0, 0, 1]], [[0, 0, 1, 5, 0, 4, 0, 0, 4, 1], [13, 1, 17, 18, 2, 13, 0, 0, 3, 3], [0, 4, 1, 1, 0, 0, 1, 0, 0, 1], [0, 1, 2, 0, 1, 2, 1, 0, 0, 0]], [[0, 0, 1, 2, 0, 0, 0, 3, 5, 5], [13, 1, 12, 14, 1, 8, 0, 0, 3, 0], [3, 5, 2, 0, 1, 0, 0, 2, 0, 0], [0, 1, 2, 0, 1, 6, 6, 0, 0, 3]], [[0, 0, 0, 0, 0, 0, 0, 1, 6, 2], [1, 0, 6, 5, 0, 2, 0, 1, 0, 0], [13, 14, 4, 3, 1, 1, 15, 11, 0, 2], [0, 1, 1, 0, 0, 4, 4, 0, 0, 2]], [[0, 0, 0, 0, 2, 2, 0, 1, 6, 3], [1, 0, 2, 2, 0, 2, 0, 1, 0, 0], [14, 16, 3, 1, 1, 0, 15, 6, 1, 5], [0, 1, 1, 1, 0, 2, 5, 0, 0, 6]], [[1, 0, 1, 4, 0, 1, 0, 0, 9, 1], [1, 0, 2, 2, 0, 4, 0, 0, 0, 0], [8, 13, 2, 1, 1, 2, 11, 13, 0, 9], [1, 3, 1, 1, 1, 1, 5, 0, 0, 1]], [[0, 0, 1, 2, 0, 0, 0, 1, 4, 2], [2, 0, 4, 5, 0, 0, 0, 0, 0, 0], [17, 19, 6, 2, 1, 2, 10, 8, 1, 5], [0, 1, 1, 1, 0, 1, 4, 0, 0, 0]], [[0, 0, 1, 0, 1, 1, 0, 0, 3, 3], [0, 0, 2, 2, 0, 0, 0, 0, 0, 0], [12, 14, 1, 7, 2, 3, 13, 13, 0, 5], [1, 2, 2, 1, 1, 5, 3, 1, 0, 1]], [[0, 0, 2, 1, 1, 0, 0, 0, 3, 1], [2, 0, 1, 6, 1, 1, 0, 0, 0, 0], [16, 17, 2, 4, 2, 1, 10, 9, 0, 6], [1, 1, 0, 0, 1, 3, 6, 1, 0, 1]], [[0, 0, 2, 3, 1, 1, 0, 0, 3, 2], [3, 0, 2, 3, 1, 0, 0, 1, 0, 1], [12, 17, 2, 4, 1, 2, 12, 7, 0, 8], [0, 1, 1, 0, 0, 4, 4, 0, 0, 2]], [[0, 0, 0, 0, 1, 0, 0, 1, 7, 2], [0, 0, 1, 3, 1, 2, 0, 0, 1, 0], [17, 10, 6, 7, 3, 0, 6, 7, 0, 9], [0, 1, 2, 0, 0, 2, 5, 3, 0, 3]], [[1, 0, 1, 1, 0, 1, 0, 0, 4, 1], [1, 0, 4, 2, 0, 1, 0, 0, 1, 1], [13, 15, 2, 4, 4, 2, 8, 9, 1, 6], [0, 1, 2, 0, 2, 3, 4, 2, 1, 2]], [[0, 0, 1, 2, 0, 2, 0, 1, 3, 3], [3, 0, 4, 3, 1, 2, 0, 2, 0, 0], [10, 19, 2, 3, 0, 0, 11, 10, 0, 4], [0, 2, 0, 0, 2, 2, 6, 1, 0, 1]], [[0, 0, 0, 1, 0, 4, 0, 4, 5, 3], [0, 0, 2, 3, 1, 2, 0, 0, 1, 0], [11, 15, 5, 4, 2, 0, 14, 6, 1, 3], [0, 2, 0, 0, 0, 5, 2, 0, 0, 4]], [[0, 0, 2, 1, 0, 0, 0, 1, 6, 3], [1, 0, 3, 0, 0, 1, 0, 0, 0, 0], [17, 12, 3, 1, 0, 0, 16, 11, 1, 6], [1, 2, 0, 0, 0, 4, 2, 3, 0, 3]], [[0, 0, 1, 0, 0, 0, 0, 2, 4, 5], [1, 0, 6, 5, 1, 2, 0, 0, 2, 0], [9, 6, 5, 0, 1, 0, 2, 3, 0, 7], [1, 6, 3, 2, 1, 8, 9, 1, 1, 6]], [[0, 0, 0, 3, 1, 1, 0, 1, 5, 4], [0, 0, 2, 3, 0, 3, 0, 0, 1, 0], [1, 0, 0, 2, 0, 0, 3, 1, 0, 3], [4, 9, 2, 8, 5, 10, 15, 1, 2, 10]], [[0, 0, 1, 2, 0, 1, 0, 2, 5, 3], [0, 0, 4, 0, 0, 1, 0, 0, 0, 2], [3, 5, 0, 0, 0, 0, 3, 3, 0, 0], [3, 7, 2, 4, 3, 12, 22, 4, 2, 6]], [[0, 0, 0, 0, 1, 2, 0, 1, 6, 4], [2, 0, 6, 4, 0, 1, 0, 0, 1, 0], [1, 6, 1, 0, 0, 0, 4, 3, 0, 0], [2, 9, 7, 2, 3, 11, 11, 2, 1, 9]], [[0, 0, 1, 1, 1, 4, 0, 2, 7, 1], [2, 0, 6, 4, 0, 1, 0, 0, 0, 0], [3, 2, 0, 0, 0, 0, 1, 1, 0, 0], [2, 12, 4, 3, 4, 10, 21, 0, 1, 6]], [[1, 0, 1, 0, 4, 1, 0, 0, 5, 4], [3, 1, 1, 3, 1, 2, 0, 0, 0, 0], [3, 2, 1, 1, 1, 0, 3, 1, 0, 1], [1, 7, 8, 5, 3, 6, 20, 3, 0, 7]], [[1, 0, 0, 3, 1, 0, 0, 1, 2, 6], [3, 0, 3, 4, 1, 0, 0, 0, 1, 1], [4, 2, 2, 0, 0, 0, 1, 0, 0, 2], [1, 14, 6, 1, 3, 14, 17, 1, 1, 4]], [[1, 0, 0, 0, 1, 0, 0, 2, 7, 3], [3, 0, 2, 4, 0, 6, 0, 1, 1, 1], [6, 3, 0, 0, 0, 0, 1, 1, 0, 1], [1, 6, 5, 4, 5, 14, 13, 2, 1, 5]], [[0, 0, 0, 2, 0, 3, 0, 1, 1, 3], [5, 0, 10, 4, 0, 3, 0, 0, 0, 0], [0, 3, 2, 0, 1, 1, 1, 2, 0, 0], [1, 9, 6, 2, 2, 8, 22, 2, 1, 5]], [[1, 0, 0, 1, 0, 0, 0, 2, 6, 4], [3, 0, 4, 5, 1, 3, 0, 0, 0, 0], [4, 2, 0, 1, 2, 0, 1, 1, 0, 3], [2, 2, 5, 4, 1, 11, 17, 3, 0, 11]], [[0, 0, 0, 1, 0, 0, 0, 1, 2, 3], [4, 0, 8, 1, 0, 0, 0, 0, 1, 1], [5, 5, 1, 0, 0, 0, 5, 1, 0, 1], [0, 8, 4, 5, 5, 12, 18, 1, 1, 6]], [[0, 0, 0, 2, 0, 0, 0, 2, 5, 2], [1, 0, 0, 4, 0, 1, 0, 0, 2, 0], [1, 3, 1, 2, 0, 0, 2, 6, 0, 1], [0, 8, 4, 9, 7, 10, 19, 0, 2, 6]], [[1, 0, 1, 0, 3, 4, 0, 0, 6, 3], [2, 0, 5, 3, 0, 0, 0, 0, 0, 0], [2, 0, 0, 4, 0, 0, 2, 2, 0, 3], [5, 12, 7, 3, 3, 9, 15, 0, 0, 5]]],