{"M": 50, "G": 2, "I": 4, "J": 100, "p": [[0.2589411240004297, 0.3984693794055998, 0.11122948719780965, 0.23136000939616086], [0.4590928673412436, 0.4656174904115947, 0.027573246650422822, 0.047716395596738945]], "r": [[[22, 38, 10, 10], [10, 9, 0, 1]], [[24, 31, 10, 19], [3, 12, 0, 1]], [[25, 31, 9, 15], [8, 12, 0, 0]], [[19, 28, 10, 15], [18, 7, 1, 2]], [[16, 38, 7, 20], [7, 10, 0, 2]], [[23, 27, 11, 16], [13, 10, 0, 0]], [[14, 39, 8, 16], [10, 13, 0, 0]], [[19, 23, 9, 14], [19, 15, 0, 1]], [[14, 31, 7, 20], [11, 15, 0, 2]], [[21, 26, 9, 15], [16, 13, 0, 0]], [[15, 40, 11, 13], [7, 10, 3, 1]], [[10, 33, 9, 18], [17, 10, 1, 2]], [[17, 35, 10, 19], [10, 8, 0, 1]], [[19, 26, 5, 18], [13, 16, 2, 1]], [[21, 36, 9, 14], [8, 11, 0, 1]], [[20, 33, 7, 15], [7, 17, 0, 1]], [[18, 37, 10, 13], [14, 7, 0, 1]], [[23, 33, 6, 15], [10, 12, 0, 1]], [[16, 39, 10, 12], [8, 12, 0, 3]], [[22, 29, 6, 19], [12, 11, 0, 1]], [[23, 38, 4, 11], [11, 10, 0, 3]], [[21, 29, 10, 16], [12, 11, 0, 1]], [[24, 24, 11, 16], [13, 11, 0, 1]], [[20, 25, 8, 20], [11, 9, 2, 5]], [[19, 32, 5, 14], [14, 15, 0, 1]], [[4, 12, 1, 4], [32, 36, 4, 7]], [[4, 9, 5, 8], [39, 30, 2, 3]], [[9, 4, 3, 9], [32, 38, 2, 3]], [[6, 9, 2, 13], [33, 30, 3, 4]], [[10, 9, 3, 13], [23, 36, 1, 5]], [[7, 13, 4, 12], [29, 31, 1, 3]], [[6, 9, 3, 5], [30, 38, 4, 5]], [[5, 11, 4, 7], [25, 40, 4, 4]], [[4, 8, 3, 5], [43, 30, 1, 6]], [[8, 11, 2, 9], [28, 36, 0, 6]], [[9, 11, 4, 6], [32, 33, 1, 4]], [[8, 8, 3, 3], [35, 35, 3, 5]], [[5, 5, 5, 5], [38, 34, 5, 3]], [[8, 14, 0, 1], [33, 35, 5, 4]], [[4, 11, 3, 4], [35, 36, 4, 3]], [[9, 6, 1, 6], [36, 40, 1, 1]], [[7, 9, 2, 8], [34, 38, 1, 1]], [[2, 9, 3, 4], [36, 35, 3, 8]], [[3, 10, 2, 5], [51, 25, 0, 4]], [[8, 8, 3, 5], [40, 28, 2, 6]], [[1, 14, 3, 3], [41, 33, 4, 1]], [[5, 6, 2, 5], [38, 38, 3, 3]], [[5, 6, 4, 3], [36, 38, 1, 7]], [[6, 7, 1, 11], [36, 32, 3, 4]], [[9, 11, 1, 9], [29, 36, 1, 4]]], "n": [[32, 47, 10, 11], [27, 43, 10, 20], [33, 43, 9, 15], [37, 35, 11, 17], [23, 48, 7, 22], [36, 37, 11, 16], [24, 52, 8, 16], [38, 38, 9, 15], [25, 46, 7, 22], [37, 39, 9, 15], [22, 50, 14, 14], [27, 43, 10, 20], [27, 43, 10, 20], [32, 42, 7, 19], [29, 47, 9, 15], [27, 50, 7, 16], [32, 44, 10, 14], [33, 45, 6, 16], [24, 51, 10, 15], [34, 40, 6, 20], [34, 48, 4, 14], [33, 40, 10, 17], [37, 35, 11, 17], [31, 34, 10, 25], [33, 47, 5, 15], [36, 48, 5, 11], [43, 39, 7, 11], [41, 42, 5, 12], [39, 39, 5, 17], [33, 45, 4, 18], [36, 44, 5, 15], [36, 47, 7, 10], [30, 51, 8, 11], [47, 38, 4, 11], [36, 47, 2, 15], [41, 44, 5, 10], [43, 43, 6, 8], [43, 39, 10, 8], [41, 49, 5, 5], [39, 47, 7, 7], [45, 46, 2, 7], [41, 47, 3, 9], [38, 44, 6, 12], [54, 35, 2, 9], [48, 36, 5, 11], [42, 47, 7, 4], [43, 44, 5, 8], [41, 44, 5, 10], [42, 39, 4, 15], [38, 47, 2, 13]], "lambda_": 0.5, "b": [[80, 20], [84, 16], [80, 20], [72, 28], [81, 19], [77, 23], [77, 23], [65, 35], [72, 28], [71, 29], [79, 21], [70, 30], [81, 19], [68, 32], [80, 20], [75, 25], [78, 22], [77, 23], [77, 23], [76, 24], [76, 24], [76, 24], [75, 25], [73, 27], [70, 30], [21, 79], [26, 74], [25, 75], [30, 70], [35, 65], [36, 64], [23, 77], [27, 73], [20, 80], [30, 70], [30, 70], [22, 78], [20, 80], [23, 77], [22, 78], [22, 78], [26, 74], [18, 82], [20, 80], [24, 76], [21, 79], [18, 82], [18, 82], [25, 75], [30, 70]]}