{"M": 50, "G": 3, "I": 2, "J": 100, "p": [[0.04982432776885802, 0.950175672231142], [0.30980548916967027, 0.6901945108303298], [0.831514501677034, 0.16848549832296594]], "r": [[[3, 66], [5, 12], [12, 2]], [[6, 67], [8, 14], [5, 0]], [[2, 66], [8, 9], [10, 5]], [[3, 61], [9, 13], [11, 3]], [[3, 65], [6, 9], [15, 2]], [[4, 73], [6, 5], [11, 1]], [[4, 56], [8, 11], [19, 2]], [[3, 61], [4, 13], [16, 3]], [[2, 62], [4, 16], [13, 3]], [[4, 61], [5, 10], [17, 3]], [[5, 66], [2, 8], [16, 3]], [[6, 61], [5, 12], [14, 2]], [[2, 62], [5, 15], [15, 1]], [[4, 64], [2, 11], [14, 5]], [[1, 60], [10, 14], [13, 2]], [[3, 61], [7, 9], [17, 3]], [[1, 35], [14, 27], [19, 4]], [[1, 21], [23, 41], [12, 2]], [[2, 13], [18, 50], [16, 1]], [[1, 16], [21, 44], [16, 2]], [[0, 18], [24, 44], [11, 3]], [[1, 20], [20, 45], [11, 3]], [[1, 18], [26, 37], [17, 1]], [[0, 15], [23, 45], [13, 4]], [[0, 16], [23, 46], [13, 2]], [[1, 12], [19, 45], [20, 3]], [[0, 10], [23, 48], [15, 4]], [[2, 9], [16, 47], [22, 4]], [[2, 17], [14, 41], [22, 4]], [[1, 14], [19, 43], [22, 1]], [[1, 15], [14, 56], [12, 2]], [[0, 14], [23, 44], [15, 4]], [[2, 19], [15, 52], [12, 0]], [[0, 21], [12, 28], [34, 5]], [[1, 17], [5, 20], [49, 8]], [[0, 17], [4, 14], [56, 9]], [[1, 18], [7, 11], [52, 11]], [[0, 15], [2, 11], [67, 5]], [[0, 18], [3, 13], [54, 12]], [[1, 12], [4, 10], [60, 13]], [[0, 22], [4, 6], [54, 14]], [[0, 12], [4, 17], [54, 13]], [[2, 10], [5, 12], [50, 21]], [[1, 21], [3, 8], [58, 9]], [[3, 17], [3, 16], [49, 12]], [[1, 18], [7, 9], [55, 10]], [[0, 15], [8, 12], [52, 13]], [[0, 17], [4, 9], [64, 6]], [[0, 25], [5, 7], [46, 17]], [[1, 17], [4, 15], [54, 9]]], "n": [[20, 80], [19, 81], [20, 80], [23, 77], [24, 76], [21, 79], [31, 69], [23, 77], [19, 81], [26, 74], [23, 77], [25, 75], [22, 78], [20, 80], [24, 76], [27, 73], [34, 66], [36, 64], [36, 64], [38, 62], [35, 65], [32, 68], [44, 56], [36, 64], [36, 64], [40, 60], [38, 62], [40, 60], [38, 62], [42, 58], [27, 73], [38, 62], [29, 71], [46, 54], [55, 45], [60, 40], [60, 40], [69, 31], [57, 43], [65, 35], [58, 42], [58, 42], [57, 43], [62, 38], [55, 45], [63, 37], [60, 40], [68, 32], [51, 49], [59, 41]], "lambda_": 0.5, "b": [[69, 17, 14], [73, 22, 5], [68, 17, 15], [64, 22, 14], [68, 15, 17], [77, 11, 12], [60, 19, 21], [64, 17, 19], [64, 20, 16], [65, 15, 20], [71, 10, 19], [67, 17, 16], [64, 20, 16], [68, 13, 19], [61, 24, 15], [64, 16, 20], [36, 41, 23], [22, 64, 14], [15, 68, 17], [17, 65, 18], [18, 68, 14], [21, 65, 14], [19, 63, 18], [15, 68, 17], [16, 69, 15], [13, 64, 23], [10, 71, 19], [11, 63, 26], [19, 55, 26], [15, 62, 23], [16, 70, 14], [14, 67, 19], [21, 67, 12], [21, 40, 39], [18, 25, 57], [17, 18, 65], [19, 18, 63], [15, 13, 72], [18, 16, 66], [13, 14, 73], [22, 10, 68], [12, 21, 67], [12, 17, 71], [22, 11, 67], [20, 19, 61], [19, 16, 65], [15, 20, 65], [17, 13, 70], [25, 12, 63], [18, 19, 63]]}