{"M": 50, "G": 3, "I": 2, "J": 100, "p": [[0.8115422428232664, 0.1884577571767336], [0.7415772925179525, 0.25842270748204754], [0.8309174845551371, 0.16908251544486275]], "r": [[[56, 13], [14, 5], [9, 3]], [[54, 15], [8, 4], [16, 3]], [[48, 12], [14, 8], [15, 3]], [[57, 15], [13, 3], [11, 1]], [[50, 13], [16, 2], [17, 2]], [[61, 13], [7, 4], [14, 1]], [[52, 8], [26, 3], [9, 2]], [[56, 14], [9, 5], [13, 3]], [[52, 17], [8, 4], [15, 4]], [[49, 16], [10, 5], [15, 5]], [[59, 14], [11, 2], [9, 5]], [[53, 16], [8, 4], [15, 4]], [[54, 9], [12, 5], [17, 3]], [[43, 17], [15, 8], [15, 2]], [[55, 10], [11, 4], [16, 4]], [[58, 9], [13, 7], [9, 4]], [[44, 10], [21, 8], [17, 0]], [[16, 2], [52, 17], [13, 0]], [[4, 5], [55, 23], [8, 5]], [[14, 3], [42, 21], [16, 4]], [[15, 2], [52, 17], [9, 5]], [[14, 2], [45, 15], [19, 5]], [[16, 3], [50, 18], [11, 2]], [[14, 2], [57, 16], [9, 2]], [[11, 4], [59, 13], [10, 3]], [[9, 0], [63, 14], [12, 2]], [[19, 4], [49, 17], [11, 0]], [[9, 3], [49, 25], [12, 2]], [[10, 3], [49, 21], [11, 6]], [[22, 2], [41, 18], [13, 4]], [[27, 4], [45, 12], [11, 1]], [[10, 4], [47, 24], [14, 1]], [[13, 5], [45, 22], [14, 1]], [[17, 2], [24, 6], [46, 5]], [[13, 4], [10, 4], [55, 14]], [[12, 4], [7, 8], [60, 9]], [[13, 2], [11, 4], [62, 8]], [[13, 2], [7, 6], [56, 16]], [[9, 4], [10, 6], [63, 8]], [[12, 2], [17, 7], [55, 7]], [[22, 0], [12, 4], [51, 11]], [[18, 4], [10, 3], [54, 11]], [[16, 0], [13, 4], [60, 7]], [[13, 4], [9, 4], [59, 11]], [[9, 5], [11, 4], [64, 7]], [[12, 7], [7, 4], [58, 12]], [[16, 3], [8, 4], [52, 17]], [[11, 1], [14, 6], [60, 8]], [[9, 2], [7, 4], [65, 13]], [[11, 3], [12, 10], [52, 12]]], "n": [[79, 21], [78, 22], [77, 23], [81, 19], [83, 17], [82, 18], [87, 13], [78, 22], [75, 25], [74, 26], [79, 21], [76, 24], [83, 17], [73, 27], [82, 18], [80, 20], [82, 18], [81, 19], [67, 33], [72, 28], [76, 24], [78, 22], [77, 23], [80, 20], [80, 20], [84, 16], [79, 21], [70, 30], [70, 30], [76, 24], [83, 17], [71, 29], [72, 28], [87, 13], [78, 22], [79, 21], [86, 14], [76, 24], [82, 18], [84, 16], [85, 15], [82, 18], [89, 11], [81, 19], [84, 16], [77, 23], [76, 24], [85, 15], [81, 19], [75, 25]], "lambda_": 0.5, "b": [[69, 19, 12], [69, 12, 19], [60, 22, 18], [72, 16, 12], [63, 18, 19], [74, 11, 15], [60, 29, 11], [70, 14, 16], [69, 12, 19], [65, 15, 20], [73, 13, 14], [69, 12, 19], [63, 17, 20], [60, 23, 17], [65, 15, 20], [67, 20, 13], [54, 29, 17], [18, 69, 13], [9, 78, 13], [17, 63, 20], [17, 69, 14], [16, 60, 24], [19, 68, 13], [16, 73, 11], [15, 72, 13], [9, 77, 14], [23, 66, 11], [12, 74, 14], [13, 70, 17], [24, 59, 17], [31, 57, 12], [14, 71, 15], [18, 67, 15], [19, 30, 51], [17, 14, 69], [16, 15, 69], [15, 15, 70], [15, 13, 72], [13, 16, 71], [14, 24, 62], [22, 16, 62], [22, 13, 65], [16, 17, 67], [17, 13, 70], [14, 15, 71], [19, 11, 70], [19, 12, 69], [12, 20, 68], [11, 11, 78], [14, 22, 64]]}