{"M": 50, "G": 3, "I": 2, "J": 100, "p": [[0.9859862131506245, 0.014013786849375551], [0.4209115244526765, 0.5790884755473235], [0.7304920705946455, 0.2695079294053545]], "r": [[[65, 1], [5, 10], [14, 5]], [[70, 0], [5, 11], [12, 2]], [[60, 0], [5, 16], [13, 6]], [[72, 1], [6, 6], [12, 3]], [[68, 0], [4, 14], [11, 3]], [[54, 1], [8, 8], [25, 4]], [[66, 2], [5, 11], [12, 4]], [[70, 1], [9, 4], [12, 4]], [[57, 2], [5, 13], [16, 7]], [[66, 0], [9, 9], [11, 5]], [[67, 3], [8, 8], [13, 1]], [[69, 0], [4, 11], [15, 1]], [[69, 1], [6, 10], [12, 2]], [[58, 0], [9, 14], [14, 5]], [[63, 1], [3, 16], [14, 3]], [[63, 1], [10, 11], [10, 5]], [[52, 1], [16, 23], [6, 2]], [[22, 0], [24, 37], [14, 3]], [[16, 0], [29, 41], [11, 3]], [[18, 0], [32, 32], [12, 6]], [[19, 0], [33, 37], [10, 1]], [[18, 0], [29, 35], [15, 3]], [[5, 0], [31, 50], [10, 4]], [[21, 0], [27, 27], [18, 7]], [[14, 0], [22, 43], [12, 9]], [[13, 0], [35, 38], [11, 3]], [[13, 0], [32, 37], [13, 5]], [[11, 1], [33, 31], [19, 5]], [[17, 0], [30, 35], [13, 5]], [[15, 1], [30, 34], [14, 6]], [[13, 0], [38, 35], [11, 3]], [[18, 1], [25, 41], [13, 2]], [[16, 0], [31, 39], [11, 3]], [[19, 0], [18, 21], [30, 12]], [[18, 0], [6, 11], [45, 20]], [[22, 1], [9, 8], [42, 18]], [[18, 0], [9, 7], [52, 14]], [[19, 0], [8, 7], [47, 19]], [[17, 0], [4, 6], [59, 14]], [[13, 0], [15, 4], [53, 15]], [[17, 0], [3, 7], [52, 21]], [[17, 0], [7, 15], [53, 8]], [[21, 0], [6, 15], [47, 11]], [[25, 1], [3, 2], [50, 19]], [[21, 1], [10, 10], [43, 15]], [[17, 0], [9, 7], [48, 19]], [[13, 0], [9, 5], [53, 20]], [[17, 0], [7, 11], [48, 17]], [[19, 0], [4, 11], [57, 9]], [[15, 1], [3, 5], [54, 22]]], "n": [[84, 16], [87, 13], [78, 22], [90, 10], [83, 17], [87, 13], [83, 17], [91, 9], [78, 22], [86, 14], [88, 12], [88, 12], [87, 13], [81, 19], [80, 20], [83, 17], [74, 26], [60, 40], [56, 44], [62, 38], [62, 38], [62, 38], [46, 54], [66, 34], [48, 52], [59, 41], [58, 42], [63, 37], [60, 40], [59, 41], [62, 38], [56, 44], [58, 42], [67, 33], [69, 31], [73, 27], [79, 21], [74, 26], [80, 20], [81, 19], [72, 28], [77, 23], [74, 26], [78, 22], [74, 26], [74, 26], [75, 25], [72, 28], [80, 20], [72, 28]], "lambda_": 0.5, "b": [[66, 15, 19], [70, 16, 14], [60, 21, 19], [73, 12, 15], [68, 18, 14], [55, 16, 29], [68, 16, 16], [71, 13, 16], [59, 18, 23], [66, 18, 16], [70, 16, 14], [69, 15, 16], [70, 16, 14], [58, 23, 19], [64, 19, 17], [64, 21, 15], [53, 39, 8], [22, 61, 17], [16, 70, 14], [18, 64, 18], [19, 70, 11], [18, 64, 18], [5, 81, 14], [21, 54, 25], [14, 65, 21], [13, 73, 14], [13, 69, 18], [12, 64, 24], [17, 65, 18], [16, 64, 20], [13, 73, 14], [19, 66, 15], [16, 70, 14], [19, 39, 42], [18, 17, 65], [23, 17, 60], [18, 16, 66], [19, 15, 66], [17, 10, 73], [13, 19, 68], [17, 10, 73], [17, 22, 61], [21, 21, 58], [26, 5, 69], [22, 20, 58], [17, 16, 67], [13, 14, 73], [17, 18, 65], [19, 15, 66], [16, 8, 76]]}