{"M": 50, "G": 4, "I": 4, "J": 100, "p": [[0.24822494433396575, 0.5861123956889586, 5.261675175019628e-05, 0.16561004322532558], [0.17919426202962502, 0.10938868480049078, 0.2327178750757981, 0.478699178094086], [0.16969288050778514, 0.2598373788936986, 0.18241242309601466, 0.3880573175025016], [0.06589066791325614, 0.6063188086152786, 0.007999842008454112, 0.3197906814630112]], "r": [[[19, 28, 0, 13], [3, 1, 3, 6], [1, 2, 3, 9], [2, 9, 0, 1]], [[18, 38, 0, 13], [3, 0, 3, 9], [2, 2, 2, 1], [1, 5, 0, 3]], [[10, 37, 0, 14], [5, 1, 2, 10], [0, 4, 1, 3], [1, 9, 0, 3]], [[12, 41, 0, 13], [1, 2, 4, 2], [1, 6, 3, 1], [1, 7, 0, 6]], [[15, 34, 0, 10], [1, 2, 4, 6], [3, 6, 1, 5], [1, 8, 0, 4]], [[20, 34, 0, 9], [1, 0, 5, 7], [3, 3, 5, 4], [1, 7, 0, 1]], [[13, 48, 0, 4], [3, 0, 1, 8], [3, 3, 1, 5], [0, 7, 0, 4]], [[9, 40, 0, 12], [3, 1, 1, 4], [2, 6, 3, 9], [0, 5, 0, 5]], [[17, 31, 0, 8], [3, 1, 4, 8], [3, 3, 3, 6], [0, 10, 0, 3]], [[19, 36, 0, 7], [5, 1, 6, 9], [5, 1, 1, 4], [0, 1, 1, 4]], [[18, 33, 0, 10], [2, 0, 3, 6], [4, 3, 1, 5], [1, 12, 0, 2]], [[15, 33, 0, 14], [1, 3, 5, 3], [4, 1, 5, 6], [0, 5, 1, 4]], [[11, 23, 0, 7], [5, 3, 11, 21], [0, 4, 1, 5], [1, 6, 0, 2]], [[3, 11, 0, 3], [11, 3, 9, 38], [2, 1, 2, 5], [0, 8, 0, 4]], [[2, 14, 0, 2], [10, 13, 16, 28], [1, 1, 1, 1], [0, 6, 0, 5]], [[2, 11, 0, 1], [14, 6, 9, 31], [1, 2, 1, 12], [1, 8, 0, 1]], [[3, 7, 0, 1], [12, 8, 10, 39], [2, 2, 3, 3], [0, 6, 0, 4]], [[2, 4, 0, 1], [8, 7, 17, 37], [0, 1, 5, 4], [0, 8, 0, 6]], [[3, 6, 0, 2], [10, 9, 15, 33], [2, 5, 2, 1], [0, 8, 0, 4]], [[4, 2, 0, 2], [11, 9, 14, 31], [4, 7, 2, 8], [1, 3, 0, 2]], [[2, 8, 0, 1], [7, 12, 14, 26], [5, 4, 2, 5], [2, 10, 0, 2]], [[2, 3, 0, 3], [6, 11, 19, 31], [5, 4, 1, 7], [1, 4, 0, 3]], [[2, 9, 0, 5], [6, 8, 15, 28], [1, 6, 4, 2], [3, 7, 0, 4]], [[1, 6, 0, 2], [8, 8, 14, 29], [3, 5, 1, 7], [0, 10, 1, 5]], [[2, 7, 0, 2], [15, 5, 16, 29], [2, 2, 2, 11], [0, 6, 0, 1]], [[5, 8, 0, 0], [6, 4, 2, 4], [16, 20, 10, 14], [0, 10, 0, 1]], [[1, 6, 0, 1], [4, 0, 4, 7], [6, 17, 8, 30], [4, 7, 0, 5]], [[4, 5, 0, 1], [4, 1, 2, 3], [9, 24, 8, 22], [2, 7, 0, 8]], [[4, 5, 0, 3], [4, 2, 2, 3], [7, 21, 12, 23], [0, 7, 0, 7]], [[2, 6, 0, 4], [2, 4, 0, 3], [9, 18, 11, 30], [1, 7, 0, 3]], [[3, 9, 0, 4], [2, 2, 1, 7], [9, 15, 9, 25], [1, 6, 0, 7]], [[6, 2, 0, 5], [3, 0, 2, 9], [12, 21, 9, 20], [2, 6, 0, 3]], [[1, 12, 0, 3], [1, 4, 4, 5], [6, 16, 12, 20], [1, 8, 1, 6]], [[3, 5, 0, 2], [0, 2, 2, 6], [12, 17, 9, 29], [2, 8, 0, 3]], [[5, 9, 0, 2], [2, 2, 2, 7], [9, 20, 9, 19], [2, 10, 0, 2]], [[5, 9, 0, 2], [0, 2, 2, 3], [9, 19, 11, 26], [1, 8, 0, 3]], [[3, 7, 0, 1], [1, 0, 1, 8], [13, 18, 10, 26], [2, 6, 0, 4]], [[0, 14, 0, 3], [2, 2, 1, 6], [8, 6, 6, 12], [4, 22, 0, 14]], [[8, 4, 0, 2], [1, 3, 4, 2], [2, 2, 2, 7], [2, 37, 0, 24]], [[3, 11, 0, 4], [3, 0, 1, 8], [1, 3, 2, 6], [6, 34, 0, 18]], [[5, 7, 0, 0], [1, 2, 2, 5], [0, 4, 3, 4], [5, 30, 1, 31]], [[4, 3, 0, 0], [3, 0, 2, 5], [2, 1, 4, 7], [3, 45, 1, 20]], [[8, 3, 0, 1], [0, 1, 2, 2], [3, 1, 2, 5], [4, 36, 0, 32]], [[2, 7, 0, 2], [1, 1, 3, 6], [2, 2, 4, 5], [2, 47, 0, 16]], [[1, 9, 0, 0], [0, 1, 2, 8], [4, 1, 2, 1], [5, 46, 0, 20]], [[2, 17, 0, 4], [3, 1, 2, 3], [2, 0, 1, 4], [5, 36, 0, 20]], [[3, 5, 0, 2], [3, 0, 3, 6], [4, 5, 4, 7], [2, 32, 0, 24]], [[1, 5, 0, 1], [1, 5, 4, 5], [5, 8, 2, 2], [5, 38, 0, 18]], [[5, 5, 0, 4], [3, 2, 4, 4], [2, 4, 4, 1], [3, 44, 0, 15]], [[2, 11, 0, 4], [1, 3, 3, 6], [0, 3, 1, 4], [5, 29, 2, 26]]], "n": [[25, 40, 6, 29], [24, 45, 5, 26], [16, 51, 3, 30], [15, 56, 7, 22], [20, 50, 5, 25], [25, 44, 10, 21], [19, 58, 2, 21], [14, 52, 4, 30], [23, 45, 7, 25], [29, 39, 8, 24], [25, 48, 4, 23], [20, 42, 11, 27], [17, 36, 12, 35], [16, 23, 11, 50], [13, 34, 17, 36], [18, 27, 10, 45], [17, 23, 13, 47], [10, 20, 22, 48], [15, 28, 17, 40], [20, 21, 16, 43], [16, 34, 16, 34], [14, 22, 20, 44], [12, 30, 19, 39], [12, 29, 16, 43], [19, 20, 18, 43], [27, 42, 12, 19], [15, 30, 12, 43], [19, 37, 10, 34], [15, 35, 14, 36], [14, 35, 11, 40], [15, 32, 10, 43], [23, 29, 11, 37], [9, 40, 17, 34], [17, 32, 11, 40], [18, 41, 11, 30], [15, 38, 13, 34], [19, 31, 11, 39], [14, 44, 7, 35], [13, 46, 6, 35], [13, 48, 3, 36], [11, 43, 6, 40], [12, 49, 7, 32], [15, 41, 4, 40], [7, 57, 7, 29], [10, 57, 4, 29], [12, 54, 3, 31], [12, 42, 7, 39], [12, 56, 6, 26], [13, 55, 8, 24], [8, 46, 6, 40]], "lambda_": 0.5, "b": [[60, 13, 15, 12], [69, 15, 7, 9], [61, 18, 8, 13], [66, 9, 11, 14], [59, 13, 15, 13], [63, 13, 15, 9], [65, 12, 12, 11], [61, 9, 20, 10], [56, 16, 15, 13], [62, 21, 11, 6], [61, 11, 13, 15], [62, 12, 16, 10], [41, 40, 10, 9], [17, 61, 10, 12], [18, 67, 4, 11], [14, 60, 16, 10], [11, 69, 10, 10], [7, 69, 10, 14], [11, 67, 10, 12], [8, 65, 21, 6], [11, 59, 16, 14], [8, 67, 17, 8], [16, 57, 13, 14], [9, 59, 16, 16], [11, 65, 17, 7], [13, 16, 60, 11], [8, 15, 61, 16], [10, 10, 63, 17], [12, 11, 63, 14], [12, 9, 68, 11], [16, 12, 58, 14], [13, 14, 62, 11], [16, 14, 54, 16], [10, 10, 67, 13], [16, 13, 57, 14], [16, 7, 65, 12], [11, 10, 67, 12], [17, 11, 32, 40], [14, 10, 13, 63], [18, 12, 12, 58], [12, 10, 11, 67], [7, 10, 14, 69], [12, 5, 11, 72], [11, 11, 13, 65], [10, 11, 8, 71], [23, 9, 7, 61], [10, 12, 20, 58], [7, 15, 17, 61], [14, 13, 11, 62], [17, 13, 8, 62]]}