{"M": 50, "G": 4, "I": 10, "J": 100, "p": [[0.0931453723690264, 0.14333597595076422, 0.040011072182719966, 0.08322399275007042, 0.26006681338677834, 0.2637628802420162, 0.01561968590937181, 0.02703037191802603, 0.0061499544235774336, 0.06765388086764923], [0.005307343565036329, 0.10679549657807895, 0.18326772703150396, 0.057113539992176665, 0.1973392812162813, 0.156378119637341, 0.00424742361571192, 0.14319791739638402, 0.052509906307626246, 0.09384324465985967], [0.03954634881692821, 0.1401219686035122, 0.0688690139110761, 0.02023877259293767, 0.09330973624958891, 0.1797620899999953, 0.04338878186118846, 0.02976836114487416, 0.05823517816972787, 0.3267597486501711], [0.30577533984047445, 0.09149146506996234, 0.19114167175880473, 0.1532509505184738, 0.03892838925034183, 0.007932338432361099, 0.08687580463782905, 0.066909239758589, 0.03679091404738853, 0.02090388668577518]], "r": [[[8, 15, 4, 4, 11, 20, 2, 1, 0, 5], [1, 2, 1, 0, 2, 0, 0, 2, 2, 0], [1, 1, 0, 0, 2, 2, 2, 0, 0, 5], [2, 1, 1, 0, 0, 0, 1, 2, 0, 0]], [[8, 9, 1, 4, 20, 18, 0, 1, 0, 3], [0, 1, 1, 0, 4, 2, 0, 1, 0, 0], [0, 3, 1, 0, 1, 4, 1, 2, 0, 2], [0, 2, 4, 1, 0, 0, 3, 1, 1, 1]], [[4, 6, 5, 3, 18, 18, 1, 0, 0, 5], [0, 3, 2, 1, 5, 3, 0, 1, 0, 0], [0, 1, 3, 1, 0, 1, 0, 0, 0, 7], [3, 0, 3, 3, 0, 0, 2, 0, 1, 0]], [[4, 3, 0, 9, 21, 11, 0, 3, 0, 3], [0, 2, 6, 1, 3, 1, 0, 5, 2, 3], [2, 1, 4, 0, 0, 4, 0, 0, 0, 5], [4, 0, 1, 0, 0, 0, 1, 1, 0, 0]], [[6, 10, 2, 8, 13, 23, 1, 4, 1, 2], [0, 4, 0, 0, 0, 3, 0, 0, 1, 0], [1, 2, 0, 0, 0, 1, 0, 0, 1, 6], [3, 0, 1, 3, 0, 0, 0, 1, 2, 1]], [[4, 13, 6, 7, 13, 20, 1, 0, 0, 4], [0, 3, 1, 0, 1, 1, 0, 1, 0, 1], [1, 3, 2, 0, 0, 3, 1, 1, 0, 1], [3, 1, 2, 2, 0, 0, 1, 2, 1, 0]], [[7, 7, 2, 12, 17, 16, 1, 2, 0, 5], [0, 1, 0, 3, 0, 3, 0, 1, 0, 1], [1, 1, 0, 0, 0, 1, 1, 0, 1, 5], [4, 0, 1, 1, 0, 0, 4, 2, 0, 0]], [[6, 4, 3, 6, 12, 22, 0, 3, 0, 5], [0, 1, 3, 1, 2, 2, 0, 0, 1, 0], [0, 5, 1, 0, 0, 4, 0, 0, 1, 3], [4, 1, 4, 4, 1, 0, 1, 0, 0, 0]], [[2, 6, 1, 5, 15, 14, 0, 3, 1, 8], [0, 0, 3, 1, 1, 5, 0, 1, 1, 2], [0, 4, 0, 1, 2, 2, 1, 0, 3, 7], [5, 0, 2, 2, 0, 0, 0, 2, 0, 0]], [[3, 5, 5, 6, 14, 20, 2, 3, 0, 2], [0, 3, 0, 1, 1, 1, 0, 1, 0, 2], [0, 2, 1, 0, 2, 4, 2, 2, 1, 5], [4, 3, 1, 1, 0, 0, 0, 2, 1, 0]], [[3, 10, 2, 4, 19, 17, 1, 2, 0, 2], [0, 0, 2, 1, 2, 2, 0, 3, 0, 0], [0, 2, 1, 0, 2, 4, 1, 0, 0, 6], [6, 2, 2, 1, 1, 0, 1, 0, 1, 0]], [[3, 7, 2, 5, 21, 13, 1, 1, 0, 6], [0, 1, 3, 0, 4, 2, 0, 0, 0, 5], [0, 0, 0, 0, 2, 4, 0, 0, 0, 6], [2, 2, 5, 1, 2, 0, 0, 0, 1, 1]], [[6, 4, 1, 3, 10, 15, 0, 2, 1, 4], [0, 5, 4, 1, 11, 6, 0, 1, 2, 6], [0, 5, 1, 1, 1, 0, 0, 0, 0, 0], [3, 2, 0, 2, 0, 0, 1, 1, 1, 0]], [[0, 3, 0, 3, 5, 2, 1, 1, 0, 0], [0, 2, 12, 5, 17, 8, 0, 7, 5, 5], [0, 2, 2, 1, 0, 2, 0, 0, 0, 6], [1, 1, 2, 0, 3, 0, 2, 2, 0, 0]], [[3, 2, 0, 0, 3, 3, 0, 0, 0, 1], [0, 9, 13, 3, 17, 11, 0, 9, 4, 9], [0, 0, 1, 1, 1, 3, 0, 0, 1, 1], [2, 0, 0, 1, 1, 0, 0, 0, 1, 0]], [[0, 1, 0, 1, 3, 4, 0, 1, 0, 0], [0, 9, 12, 3, 21, 7, 0, 6, 3, 4], [0, 1, 1, 0, 1, 5, 1, 0, 0, 6], [3, 4, 1, 0, 0, 0, 1, 0, 1, 0]], [[1, 3, 2, 0, 2, 4, 0, 1, 0, 1], [0, 8, 12, 4, 13, 11, 0, 9, 6, 1], [0, 2, 0, 0, 2, 1, 0, 0, 0, 5], [5, 1, 0, 4, 1, 0, 0, 0, 1, 0]], [[3, 3, 1, 0, 6, 0, 0, 0, 0, 4], [0, 9, 12, 2, 18, 14, 0, 7, 6, 3], [2, 0, 0, 0, 0, 3, 0, 0, 0, 0], [0, 0, 1, 1, 1, 0, 1, 0, 3, 0]], [[0, 1, 0, 1, 5, 5, 0, 0, 0, 0], [0, 5, 7, 4, 18, 11, 0, 10, 6, 3], [1, 3, 0, 0, 2, 2, 1, 1, 0, 4], [3, 1, 0, 1, 2, 0, 1, 1, 1, 0]], [[2, 2, 0, 2, 3, 5, 0, 0, 0, 1], [1, 7, 19, 1, 5, 9, 2, 5, 1, 6], [0, 4, 3, 0, 3, 1, 0, 0, 1, 6], [3, 1, 2, 3, 0, 0, 1, 1, 0, 0]], [[1, 1, 0, 0, 5, 1, 1, 1, 0, 1], [0, 6, 16, 6, 10, 8, 0, 11, 1, 7], [0, 2, 0, 1, 2, 1, 0, 0, 0, 6], [6, 1, 1, 2, 0, 0, 1, 1, 0, 0]], [[0, 3, 1, 2, 4, 2, 0, 0, 0, 4], [0, 10, 14, 5, 13, 6, 0, 8, 0, 7], [2, 2, 1, 0, 0, 1, 0, 0, 2, 1], [2, 1, 4, 2, 1, 0, 0, 2, 0, 0]], [[2, 2, 0, 1, 4, 2, 0, 0, 0, 0], [0, 5, 7, 3, 12, 8, 2, 14, 4, 8], [1, 1, 1, 0, 2, 1, 1, 1, 0, 1], [10, 1, 1, 0, 1, 0, 3, 1, 0, 0]], [[1, 2, 0, 2, 2, 1, 0, 1, 0, 1], [1, 7, 14, 5, 9, 7, 0, 6, 7, 6], [2, 0, 1, 0, 1, 2, 2, 0, 1, 5], [0, 3, 2, 3, 1, 0, 2, 1, 2, 0]], [[2, 2, 0, 3, 3, 3, 0, 0, 0, 1], [0, 8, 8, 5, 12, 7, 1, 6, 3, 7], [0, 2, 2, 0, 1, 3, 0, 0, 0, 4], [5, 2, 2, 2, 0, 0, 2, 0, 3, 1]], [[4, 1, 1, 2, 3, 0, 0, 0, 0, 0], [0, 1, 6, 0, 5, 0, 0, 1, 0, 1], [2, 4, 6, 1, 4, 17, 2, 2, 1, 24], [2, 0, 2, 3, 1, 0, 1, 2, 1, 0]], [[0, 2, 0, 0, 5, 5, 0, 0, 0, 0], [0, 1, 2, 0, 4, 2, 0, 1, 1, 2], [3, 6, 4, 0, 3, 14, 4, 1, 7, 19], [3, 0, 5, 2, 2, 0, 1, 0, 0, 1]], [[2, 1, 1, 1, 3, 2, 1, 0, 0, 0], [0, 2, 1, 0, 1, 2, 0, 2, 1, 2], [2, 10, 5, 2, 4, 16, 5, 2, 5, 19], [3, 2, 2, 1, 0, 0, 0, 0, 0, 0]], [[1, 1, 1, 1, 2, 3, 0, 1, 1, 2], [0, 2, 1, 1, 7, 3, 0, 0, 0, 1], [5, 8, 5, 0, 4, 4, 2, 2, 4, 27], [4, 2, 1, 3, 0, 0, 1, 0, 0, 0]], [[1, 1, 0, 2, 6, 5, 0, 0, 0, 0], [0, 2, 2, 0, 0, 2, 0, 0, 1, 1], [2, 6, 5, 0, 4, 7, 1, 5, 3, 28], [2, 3, 3, 3, 1, 1, 3, 0, 0, 0]], [[2, 1, 0, 0, 4, 3, 0, 1, 1, 1], [0, 2, 4, 2, 4, 0, 0, 3, 2, 1], [1, 9, 8, 0, 6, 6, 1, 4, 2, 17], [3, 3, 4, 1, 0, 0, 1, 3, 0, 0]], [[0, 4, 0, 1, 1, 8, 1, 0, 1, 5], [1, 0, 4, 1, 2, 2, 0, 1, 0, 0], [1, 6, 6, 2, 4, 7, 4, 2, 0, 21], [4, 1, 6, 0, 2, 0, 0, 1, 1, 0]], [[2, 0, 0, 0, 5, 5, 0, 0, 0, 1], [0, 0, 6, 0, 2, 1, 0, 3, 0, 1], [3, 8, 6, 0, 8, 6, 1, 1, 2, 22], [7, 2, 4, 2, 0, 0, 0, 1, 0, 1]], [[0, 2, 0, 1, 1, 8, 0, 0, 0, 1], [0, 2, 0, 1, 3, 0, 0, 3, 0, 2], [2, 7, 7, 2, 10, 14, 2, 1, 4, 22], [3, 0, 1, 1, 0, 0, 0, 0, 0, 0]], [[1, 3, 0, 2, 3, 2, 0, 1, 0, 0], [0, 1, 5, 0, 1, 3, 0, 2, 0, 2], [1, 9, 9, 2, 6, 5, 1, 2, 6, 20], [4, 3, 3, 3, 0, 0, 0, 0, 0, 0]], [[4, 2, 0, 1, 6, 2, 0, 1, 0, 1], [0, 1, 7, 1, 2, 1, 0, 5, 1, 2], [0, 10, 4, 1, 6, 9, 1, 0, 4, 16], [2, 2, 1, 3, 0, 0, 1, 1, 2, 0]], [[1, 1, 0, 1, 2, 3, 1, 0, 0, 0], [0, 2, 4, 1, 1, 3, 0, 0, 1, 3], [2, 14, 7, 3, 4, 15, 1, 1, 8, 12], [1, 1, 2, 1, 1, 0, 1, 2, 0, 0]], [[1, 3, 0, 3, 4, 4, 0, 1, 0, 1], [0, 2, 4, 0, 2, 1, 0, 3, 2, 0], [1, 4, 2, 0, 8, 6, 1, 1, 1, 15], [11, 2, 3, 4, 3, 0, 4, 3, 0, 0]], [[0, 2, 0, 0, 2, 2, 0, 0, 1, 1], [0, 0, 2, 0, 1, 0, 0, 2, 1, 2], [1, 1, 0, 0, 2, 3, 2, 0, 1, 5], [23, 10, 13, 9, 2, 0, 5, 3, 4, 0]], [[0, 1, 0, 0, 3, 3, 0, 0, 1, 0], [0, 0, 2, 1, 2, 3, 0, 1, 0, 2], [0, 3, 1, 0, 3, 1, 0, 0, 0, 5], [10, 8, 13, 11, 4, 0, 8, 9, 3, 2]], [[0, 5, 0, 0, 3, 2, 0, 0, 0, 0], [0, 2, 1, 1, 3, 2, 0, 1, 1, 1], [0, 0, 0, 0, 1, 3, 0, 1, 1, 1], [24, 6, 14, 17, 1, 0, 7, 1, 0, 1]], [[1, 2, 0, 0, 3, 3, 0, 1, 0, 0], [0, 0, 1, 0, 3, 0, 0, 1, 1, 0], [1, 3, 0, 0, 0, 3, 0, 2, 5, 6], [23, 3, 13, 6, 2, 0, 7, 7, 2, 1]], [[1, 1, 2, 0, 5, 5, 0, 1, 0, 2], [0, 0, 0, 0, 0, 3, 0, 1, 1, 2], [0, 0, 0, 0, 1, 5, 0, 0, 1, 7], [20, 6, 11, 10, 2, 0, 3, 3, 6, 1]], [[0, 0, 0, 0, 2, 2, 0, 0, 0, 0], [0, 1, 3, 0, 2, 1, 0, 2, 1, 1], [1, 0, 0, 0, 2, 3, 0, 0, 2, 4], [28, 7, 11, 6, 4, 2, 7, 2, 3, 3]], [[2, 0, 1, 1, 3, 4, 0, 0, 0, 1], [0, 1, 0, 1, 1, 2, 0, 2, 1, 1], [2, 1, 1, 0, 3, 4, 1, 0, 1, 2], [14, 6, 14, 11, 5, 0, 3, 3, 4, 4]], [[2, 1, 0, 1, 2, 2, 0, 0, 1, 0], [0, 1, 6, 0, 1, 3, 0, 3, 2, 1], [0, 2, 1, 0, 3, 1, 0, 0, 0, 1], [24, 1, 15, 8, 5, 1, 4, 5, 3, 0]], [[1, 3, 0, 0, 2, 3, 0, 0, 0, 1], [1, 0, 5, 1, 2, 2, 0, 2, 1, 0], [0, 1, 0, 1, 3, 3, 0, 0, 1, 6], [18, 4, 13, 11, 2, 1, 5, 3, 2, 2]], [[0, 0, 1, 0, 3, 5, 0, 0, 0, 0], [0, 1, 5, 2, 3, 1, 0, 1, 0, 2], [1, 2, 0, 1, 1, 4, 0, 2, 0, 7], [14, 9, 17, 7, 1, 0, 2, 3, 4, 1]], [[1, 0, 2, 0, 4, 4, 1, 0, 0, 1], [0, 1, 2, 1, 1, 1, 0, 1, 0, 0], [0, 2, 2, 2, 0, 4, 1, 0, 0, 2], [19, 12, 11, 10, 2, 0, 2, 7, 4, 0]], [[0, 3, 1, 2, 2, 3, 0, 0, 0, 1], [0, 3, 3, 2, 4, 0, 0, 2, 0, 0], [1, 1, 1, 0, 0, 3, 2, 0, 1, 5], [23, 5, 11, 8, 3, 1, 3, 4, 2, 0]]],