{"M": 50, "G": 2, "I": 3, "J": 100, "p": [[0.09197907715627632, 0.7401382118614593, 0.16788271098226437], [0.23206761290778644, 0.004465558007663243, 0.7634668290845503]], "r": [[[10, 55, 19], [4, 0, 12]], [[8, 52, 8], [7, 1, 24]], [[4, 60, 8], [10, 0, 18]], [[7, 50, 16], [2, 0, 25]], [[6, 60, 10], [3, 0, 21]], [[7, 49, 15], [4, 0, 25]], [[6, 57, 16], [4, 0, 17]], [[4, 69, 8], [3, 0, 16]], [[9, 54, 14], [8, 0, 15]], [[4, 57, 17], [5, 0, 17]], [[6, 54, 12], [7, 0, 21]], [[3, 47, 14], [6, 0, 30]], [[6, 57, 10], [10, 0, 17]], [[10, 55, 12], [4, 0, 19]], [[8, 59, 10], [7, 0, 16]], [[3, 58, 15], [4, 0, 20]], [[6, 60, 13], [2, 0, 19]], [[7, 57, 10], [4, 0, 22]], [[5, 60, 13], [6, 0, 16]], [[7, 62, 9], [7, 1, 14]], [[3, 59, 18], [5, 0, 15]], [[7, 54, 11], [3, 0, 25]], [[6, 61, 13], [4, 0, 16]], [[7, 62, 11], [3, 0, 17]], [[3, 65, 13], [6, 0, 13]], [[2, 16, 6], [28, 0, 48]], [[2, 18, 5], [20, 0, 55]], [[3, 14, 4], [18, 0, 61]], [[2, 16, 6], [16, 1, 59]], [[2, 22, 5], [12, 1, 58]], [[5, 20, 5], [15, 1, 54]], [[0, 19, 3], [24, 0, 54]], [[4, 16, 4], [14, 1, 61]], [[3, 18, 0], [15, 0, 64]], [[3, 17, 4], [13, 1, 62]], [[1, 25, 5], [13, 0, 56]], [[2, 15, 2], [25, 0, 56]], [[4, 15, 11], [20, 0, 50]], [[2, 15, 8], [14, 0, 61]], [[3, 19, 7], [18, 0, 53]], [[2, 12, 4], [16, 1, 65]], [[2, 18, 1], [13, 0, 66]], [[2, 19, 2], [20, 1, 56]], [[1, 26, 4], [11, 0, 58]], [[1, 15, 3], [24, 1, 56]], [[4, 18, 7], [20, 1, 50]], [[0, 14, 1], [23, 1, 61]], [[2, 14, 4], [22, 0, 58]], [[5, 21, 4], [15, 0, 55]], [[1, 14, 3], [22, 0, 60]]], "n": [[14, 55, 31], [15, 53, 32], [14, 60, 26], [9, 50, 41], [9, 60, 31], [11, 49, 40], [10, 57, 33], [7, 69, 24], [17, 54, 29], [9, 57, 34], [13, 54, 33], [9, 47, 44], [16, 57, 27], [14, 55, 31], [15, 59, 26], [7, 58, 35], [8, 60, 32], [11, 57, 32], [11, 60, 29], [14, 63, 23], [8, 59, 33], [10, 54, 36], [10, 61, 29], [10, 62, 28], [9, 65, 26], [30, 16, 54], [22, 18, 60], [21, 14, 65], [18, 17, 65], [14, 23, 63], [20, 21, 59], [24, 19, 57], [18, 17, 65], [18, 18, 64], [16, 18, 66], [14, 25, 61], [27, 15, 58], [24, 15, 61], [16, 15, 69], [21, 19, 60], [18, 13, 69], [15, 18, 67], [22, 20, 58], [12, 26, 62], [25, 16, 59], [24, 19, 57], [23, 15, 62], [24, 14, 62], [20, 21, 59], [23, 14, 63]], "lambda_": 0.5, "b": [[84, 16], [68, 32], [72, 28], [73, 27], [76, 24], [71, 29], [79, 21], [81, 19], [77, 23], [78, 22], [72, 28], [64, 36], [73, 27], [77, 23], [77, 23], [76, 24], [79, 21], [74, 26], [78, 22], [78, 22], [80, 20], [72, 28], [80, 20], [80, 20], [81, 19], [24, 76], [25, 75], [21, 79], [24, 76], [29, 71], [30, 70], [22, 78], [24, 76], [21, 79], [24, 76], [31, 69], [19, 81], [30, 70], [25, 75], [29, 71], [18, 82], [21, 79], [23, 77], [31, 69], [19, 81], [29, 71], [15, 85], [20, 80], [30, 70], [18, 82]]}