{"M": 50, "G": 4, "I": 5, "J": 100, "p": [[0.043982912303551426, 0.35847073378653804, 0.04057634555930091, 0.4395337506252747, 0.11743625772533485], [0.2564738925372311, 0.39363112002854944, 0.198078425534879, 0.09545414590110726, 0.05636241599823328], [0.019580703375263634, 0.31191671477471344, 0.13540090275600683, 0.04008430593036894, 0.4930173731636471], [0.1045326451941551, 0.17453523184552874, 0.11457266309294029, 0.3233907575230467, 0.28296870234432914]], "r": [[[5, 23, 1, 24, 10], [5, 2, 7, 0, 2], [0, 1, 1, 1, 5], [0, 2, 1, 7, 3]], [[1, 26, 1, 31, 5], [3, 3, 0, 1, 1], [0, 8, 1, 1, 8], [3, 1, 0, 3, 3]], [[6, 25, 5, 23, 11], [2, 2, 5, 0, 1], [0, 5, 2, 1, 6], [2, 2, 1, 0, 1]], [[3, 16, 1, 24, 12], [6, 6, 3, 1, 1], [1, 4, 1, 0, 9], [1, 0, 0, 5, 6]], [[4, 23, 4, 27, 5], [2, 3, 0, 1, 2], [0, 5, 3, 0, 8], [0, 2, 1, 7, 3]], [[5, 20, 3, 24, 8], [1, 4, 2, 2, 1], [0, 3, 2, 0, 5], [3, 3, 0, 4, 10]], [[4, 27, 3, 23, 8], [7, 7, 2, 2, 2], [0, 2, 2, 0, 1], [2, 3, 1, 3, 1]], [[2, 25, 4, 25, 8], [6, 3, 4, 0, 1], [0, 7, 1, 0, 6], [2, 0, 0, 4, 2]], [[2, 20, 2, 37, 9], [2, 7, 2, 1, 0], [0, 3, 3, 0, 4], [2, 1, 0, 2, 3]], [[2, 22, 1, 29, 4], [4, 8, 1, 2, 1], [1, 3, 1, 2, 7], [0, 4, 2, 3, 3]], [[2, 22, 2, 32, 4], [5, 5, 3, 1, 1], [0, 1, 1, 2, 7], [0, 2, 0, 6, 4]], [[0, 24, 3, 25, 9], [4, 4, 6, 1, 2], [0, 3, 3, 0, 9], [0, 1, 0, 1, 5]], [[1, 8, 3, 22, 6], [9, 13, 8, 2, 3], [0, 7, 0, 1, 4], [1, 2, 1, 4, 5]], [[0, 3, 0, 7, 3], [18, 22, 11, 8, 3], [0, 4, 1, 0, 7], [2, 0, 1, 6, 4]], [[0, 5, 1, 9, 0], [15, 21, 15, 4, 3], [0, 3, 2, 0, 5], [1, 0, 4, 8, 4]], [[0, 4, 2, 6, 1], [8, 28, 18, 4, 5], [0, 4, 1, 3, 6], [1, 2, 2, 2, 3]], [[1, 3, 0, 2, 3], [12, 35, 16, 5, 3], [0, 3, 0, 1, 6], [2, 0, 2, 2, 4]], [[0, 5, 1, 8, 1], [11, 23, 17, 6, 4], [0, 1, 1, 1, 8], [1, 2, 1, 4, 5]], [[0, 4, 3, 9, 0], [17, 27, 8, 9, 5], [0, 3, 4, 1, 3], [1, 0, 0, 4, 2]], [[0, 2, 1, 11, 1], [15, 27, 9, 4, 5], [0, 3, 1, 0, 5], [1, 2, 2, 6, 5]], [[0, 2, 0, 3, 5], [21, 20, 19, 3, 2], [0, 4, 3, 1, 5], [2, 4, 1, 1, 4]], [[1, 4, 0, 8, 3], [22, 22, 9, 6, 0], [0, 1, 2, 1, 4], [2, 1, 2, 8, 4]], [[1, 4, 0, 7, 1], [14, 26, 13, 7, 2], [1, 1, 4, 0, 5], [0, 3, 2, 6, 3]], [[1, 4, 1, 7, 1], [17, 27, 11, 7, 3], [0, 5, 1, 0, 3], [1, 0, 2, 4, 5]], [[0, 8, 0, 4, 0], [16, 21, 18, 5, 4], [0, 6, 1, 0, 3], [2, 4, 2, 5, 1]], [[1, 4, 1, 7, 0], [5, 4, 0, 1, 1], [0, 13, 15, 3, 30], [2, 5, 2, 4, 2]], [[0, 1, 1, 4, 2], [1, 4, 3, 0, 0], [2, 21, 13, 5, 31], [0, 0, 1, 10, 1]], [[0, 3, 2, 3, 1], [6, 3, 2, 2, 0], [4, 25, 5, 2, 23], [1, 5, 2, 8, 3]], [[1, 1, 0, 7, 1], [2, 6, 2, 1, 1], [1, 14, 13, 0, 32], [1, 4, 2, 5, 6]], [[0, 7, 0, 7, 2], [4, 3, 3, 1, 2], [3, 16, 14, 3, 28], [0, 1, 0, 4, 2]], [[0, 4, 0, 10, 1], [6, 4, 0, 1, 2], [0, 17, 8, 1, 31], [0, 1, 1, 5, 8]], [[1, 1, 1, 6, 0], [5, 3, 1, 0, 2], [0, 14, 6, 2, 43], [1, 6, 2, 4, 2]], [[0, 4, 0, 7, 0], [2, 4, 4, 2, 0], [0, 24, 7, 3, 34], [1, 1, 1, 5, 1]], [[1, 3, 1, 7, 2], [1, 2, 6, 0, 1], [1, 15, 9, 1, 38], [0, 2, 1, 5, 4]], [[0, 8, 0, 8, 0], [2, 1, 0, 1, 1], [3, 20, 9, 2, 30], [0, 2, 4, 5, 4]], [[0, 3, 1, 4, 0], [3, 7, 0, 4, 0], [2, 23, 12, 2, 26], [3, 2, 2, 2, 4]], [[0, 5, 1, 3, 0], [5, 8, 4, 2, 2], [1, 29, 3, 1, 24], [0, 0, 4, 2, 6]], [[0, 4, 0, 5, 3], [3, 3, 4, 0, 2], [1, 6, 3, 1, 22], [6, 5, 4, 15, 13]], [[1, 5, 0, 4, 2], [5, 3, 2, 2, 0], [1, 4, 1, 1, 6], [9, 11, 9, 20, 14]], [[0, 3, 2, 7, 1], [3, 2, 2, 2, 0], [0, 1, 4, 0, 7], [5, 11, 8, 25, 17]], [[0, 7, 0, 5, 1], [0, 5, 4, 2, 0], [0, 6, 4, 0, 7], [3, 16, 4, 12, 24]], [[1, 5, 0, 2, 2], [5, 9, 2, 0, 1], [1, 4, 1, 0, 7], [9, 5, 5, 17, 24]], [[1, 8, 1, 9, 0], [1, 4, 2, 1, 0], [0, 6, 1, 0, 10], [6, 9, 3, 19, 19]], [[2, 3, 2, 6, 3], [1, 4, 0, 3, 0], [0, 5, 4, 1, 4], [7, 15, 4, 22, 14]], [[0, 6, 0, 6, 2], [3, 5, 2, 1, 0], [0, 1, 4, 0, 10], [7, 9, 3, 25, 16]], [[0, 2, 0, 4, 0], [2, 5, 1, 2, 2], [1, 5, 3, 0, 3], [8, 10, 10, 18, 24]], [[1, 3, 0, 7, 3], [7, 5, 2, 1, 0], [1, 3, 1, 0, 6], [5, 8, 8, 19, 20]], [[1, 4, 0, 6, 0], [2, 6, 6, 0, 0], [0, 9, 1, 1, 5], [7, 3, 7, 27, 15]], [[0, 5, 0, 2, 1], [2, 5, 3, 3, 1], [0, 4, 3, 2, 4], [10, 7, 13, 17, 18]], [[0, 4, 0, 3, 2], [5, 3, 1, 0, 1], [0, 4, 2, 2, 9], [6, 10, 3, 25, 20]]], "n": [[10, 28, 10, 32, 20], [7, 38, 2, 36, 17], [10, 34, 13, 24, 19], [11, 26, 5, 30, 28], [6, 33, 8, 35, 18], [9, 30, 7, 30, 24], [13, 39, 8, 28, 12], [10, 35, 9, 29, 17], [6, 31, 7, 40, 16], [7, 37, 5, 36, 15], [7, 30, 6, 41, 16], [4, 32, 12, 27, 25], [11, 30, 12, 29, 18], [20, 29, 13, 21, 17], [16, 29, 22, 21, 12], [9, 38, 23, 15, 15], [15, 41, 18, 10, 16], [12, 31, 20, 19, 18], [18, 34, 15, 23, 10], [16, 34, 13, 21, 16], [23, 30, 23, 8, 16], [25, 28, 13, 23, 11], [16, 34, 19, 20, 11], [19, 36, 15, 18, 12], [18, 39, 21, 14, 8], [8, 26, 18, 15, 33], [3, 26, 18, 19, 34], [11, 36, 11, 15, 27], [5, 25, 17, 13, 40], [7, 27, 17, 15, 34], [6, 26, 9, 17, 42], [7, 24, 10, 12, 47], [3, 33, 12, 17, 35], [3, 22, 17, 13, 45], [5, 31, 13, 16, 35], [8, 35, 15, 12, 30], [6, 42, 12, 8, 32], [10, 18, 11, 21, 40], [16, 23, 12, 27, 22], [8, 17, 16, 34, 25], [3, 34, 12, 19, 32], [16, 23, 8, 19, 34], [8, 27, 7, 29, 29], [10, 27, 10, 32, 21], [10, 21, 9, 32, 28], [11, 22, 14, 24, 29], [14, 19, 11, 27, 29], [10, 22, 14, 34, 20], [12, 21, 19, 24, 24], [11, 21, 6, 30, 32]], "lambda_": 0.5, "b": [[63, 16, 8, 13], [64, 8, 18, 10], [70, 10, 14, 6], [56, 17, 15, 12], [63, 8, 16, 13], [60, 10, 10, 20], [65, 20, 5, 10], [64, 14, 14, 8], [70, 12, 10, 8], [58, 16, 14, 12], [62, 15, 11, 12], [61, 17, 15, 7], [40, 35, 12, 13], [13, 62, 12, 13], [15, 58, 10, 17], [13, 63, 14, 10], [9, 71, 10, 10], [15, 61, 11, 13], [16, 66, 11, 7], [15, 60, 9, 16], [10, 65, 13, 12], [16, 59, 8, 17], [13, 62, 11, 14], [14, 65, 9, 12], [12, 64, 10, 14], [13, 11, 61, 15], [8, 8, 72, 12], [9, 13, 59, 19], [10, 12, 60, 18], [16, 13, 64, 7], [15, 13, 57, 15], [9, 11, 65, 15], [11, 12, 68, 9], [14, 10, 64, 12], [16, 5, 64, 15], [8, 14, 65, 13], [9, 21, 58, 12], [12, 12, 33, 43], [12, 12, 13, 63], [13, 9, 12, 66], [13, 11, 17, 59], [10, 17, 13, 60], [19, 8, 17, 56], [16, 8, 14, 62], [14, 11, 15, 60], [6, 12, 12, 70], [14, 15, 11, 60], [11, 14, 16, 59], [8, 14, 13, 65], [9, 10, 17, 64]]}