{"M": 50, "G": 2, "I": 10, "J": 100, "p": [[0.08221990705794884, 0.21132951055997232, 0.2058894477241089, 0.15682425779427028, 0.0033877396753867507, 0.10908302458583818, 0.0441117692532601, 0.06774392256656836, 0.09943722121544755, 0.019973199567198632], [0.03685156352271929, 0.14699395741819674, 0.1771202412705954, 0.2201788413615925, 0.17304768634872764, 0.004330219341507623, 0.01438446802344439, 0.16130282000057855, 0.03169515236916971, 0.03409505034346823]], "r": [[[0, 14, 19, 14, 0, 8, 3, 9, 8, 0], [1, 3, 7, 6, 2, 0, 1, 4, 0, 1]], [[4, 8, 21, 8, 0, 11, 7, 4, 7, 1], [1, 5, 5, 3, 6, 1, 0, 5, 2, 1]], [[7, 13, 15, 14, 0, 4, 4, 5, 10, 1], [1, 5, 5, 4, 5, 0, 0, 5, 0, 2]], [[2, 14, 15, 8, 1, 13, 4, 6, 8, 1], [1, 6, 5, 2, 6, 0, 1, 4, 1, 2]], [[10, 18, 13, 12, 0, 7, 2, 5, 5, 2], [1, 1, 4, 7, 4, 0, 0, 4, 4, 1]], [[5, 19, 10, 11, 0, 8, 2, 4, 6, 3], [0, 3, 4, 10, 6, 1, 1, 6, 0, 1]], [[17, 16, 12, 8, 0, 7, 1, 6, 6, 0], [0, 2, 6, 5, 7, 0, 1, 6, 0, 0]], [[6, 14, 17, 8, 0, 9, 3, 10, 3, 2], [1, 3, 8, 3, 6, 0, 1, 5, 0, 1]], [[7, 14, 21, 10, 1, 6, 6, 5, 7, 1], [0, 2, 5, 5, 4, 0, 1, 3, 1, 1]], [[8, 22, 9, 12, 0, 7, 2, 4, 9, 2], [2, 3, 6, 6, 3, 0, 1, 4, 0, 0]], [[12, 18, 18, 10, 0, 13, 1, 4, 3, 0], [0, 3, 5, 4, 4, 0, 0, 5, 0, 0]], [[6, 12, 17, 12, 0, 12, 6, 6, 6, 1], [1, 3, 4, 4, 3, 0, 1, 6, 0, 0]], [[6, 10, 15, 11, 2, 13, 3, 3, 7, 1], [3, 7, 2, 6, 6, 0, 1, 4, 0, 0]], [[9, 15, 12, 10, 0, 16, 2, 5, 6, 1], [1, 3, 4, 7, 6, 0, 0, 3, 0, 0]], [[5, 11, 23, 13, 0, 10, 2, 3, 10, 1], [0, 2, 2, 5, 8, 0, 0, 3, 1, 1]], [[4, 14, 13, 13, 1, 9, 9, 7, 9, 0], [0, 5, 6, 2, 5, 0, 1, 2, 0, 0]], [[6, 26, 13, 15, 0, 8, 1, 3, 7, 3], [1, 1, 1, 3, 5, 0, 0, 5, 2, 0]], [[6, 15, 14, 13, 0, 6, 5, 4, 9, 3], [0, 4, 3, 5, 6, 0, 0, 5, 1, 1]], [[11, 16, 15, 15, 0, 2, 4, 5, 7, 2], [0, 4, 3, 5, 5, 0, 1, 3, 0, 2]], [[2, 16, 12, 11, 0, 11, 5, 4, 8, 1], [1, 5, 6, 6, 2, 0, 1, 7, 1, 1]], [[4, 13, 15, 11, 0, 10, 6, 5, 7, 1], [2, 3, 7, 5, 4, 0, 0, 2, 4, 1]], [[6, 16, 19, 8, 0, 12, 3, 5, 6, 2], [0, 5, 3, 5, 3, 0, 0, 4, 2, 1]], [[5, 12, 19, 12, 1, 7, 3, 6, 5, 2], [2, 6, 2, 3, 8, 0, 0, 6, 1, 0]], [[4, 13, 15, 8, 0, 10, 2, 5, 8, 4], [0, 5, 9, 6, 3, 0, 0, 5, 0, 3]], [[6, 15, 16, 9, 0, 4, 4, 4, 5, 0], [2, 4, 5, 9, 6, 1, 1, 6, 2, 1]], [[1, 5, 5, 3, 0, 1, 0, 2, 1, 0], [3, 11, 14, 25, 9, 0, 1, 11, 3, 5]], [[0, 9, 2, 4, 0, 2, 2, 2, 3, 0], [6, 17, 11, 13, 10, 1, 0, 12, 4, 2]], [[3, 9, 2, 7, 0, 3, 2, 1, 3, 0], [2, 10, 9, 14, 11, 0, 2, 19, 0, 3]], [[1, 6, 6, 2, 1, 4, 2, 1, 2, 0], [0, 5, 15, 15, 16, 1, 0, 11, 7, 5]], [[2, 8, 8, 3, 0, 2, 2, 3, 3, 1], [1, 9, 12, 19, 11, 0, 1, 10, 1, 4]], [[1, 8, 5, 3, 0, 1, 0, 2, 4, 0], [1, 12, 10, 18, 13, 1, 2, 13, 4, 2]], [[4, 4, 4, 3, 1, 3, 0, 2, 3, 0], [2, 10, 11, 17, 9, 1, 0, 16, 4, 6]], [[5, 6, 10, 2, 0, 3, 0, 1, 1, 0], [1, 10, 11, 18, 11, 1, 2, 14, 1, 3]], [[3, 1, 9, 1, 0, 7, 1, 0, 5, 0], [4, 14, 10, 13, 12, 0, 0, 16, 3, 1]], [[6, 3, 6, 2, 0, 3, 0, 2, 1, 0], [3, 11, 24, 12, 10, 0, 0, 13, 2, 2]], [[5, 4, 3, 2, 0, 1, 2, 3, 4, 2], [3, 6, 11, 17, 16, 1, 2, 15, 1, 2]], [[1, 4, 6, 7, 0, 4, 1, 2, 2, 0], [2, 13, 14, 11, 16, 0, 0, 11, 4, 2]], [[0, 7, 6, 5, 0, 6, 0, 2, 1, 0], [3, 11, 18, 17, 7, 0, 0, 16, 1, 0]], [[7, 7, 5, 2, 0, 0, 3, 0, 1, 1], [1, 9, 13, 20, 11, 1, 0, 14, 2, 3]], [[1, 10, 6, 4, 0, 5, 2, 3, 1, 2], [2, 6, 11, 18, 11, 0, 1, 10, 4, 3]], [[3, 3, 9, 2, 0, 1, 1, 2, 2, 1], [0, 12, 15, 20, 12, 0, 1, 11, 3, 2]], [[1, 6, 3, 6, 0, 2, 2, 2, 1, 0], [1, 17, 8, 18, 14, 0, 2, 13, 1, 3]], [[2, 6, 7, 9, 0, 5, 1, 1, 2, 1], [1, 11, 14, 8, 12, 0, 1, 14, 3, 2]], [[2, 6, 3, 6, 0, 3, 1, 3, 2, 0], [1, 11, 18, 13, 12, 0, 1, 14, 1, 3]], [[3, 5, 6, 2, 0, 0, 1, 1, 2, 1], [3, 12, 13, 17, 16, 0, 2, 9, 1, 6]], [[4, 8, 6, 6, 0, 0, 1, 2, 1, 1], [6, 12, 10, 14, 15, 1, 3, 9, 1, 0]], [[1, 7, 7, 0, 0, 1, 2, 0, 4, 0], [1, 7, 13, 21, 15, 0, 0, 15, 3, 3]], [[0, 0, 4, 4, 0, 2, 2, 3, 4, 2], [1, 12, 16, 12, 12, 0, 0, 17, 4, 5]], [[0, 5, 6, 5, 0, 3, 1, 2, 2, 3], [1, 14, 9, 13, 16, 0, 2, 12, 4, 2]], [[2, 6, 6, 2, 0, 8, 3, 2, 2, 0], [0, 9, 13, 15, 16, 0, 1, 12, 2, 1]]], "n": [[1, 17, 26, 20, 2, 8, 4, 13, 8, 1], [5, 13, 26, 11, 6, 12, 7, 9, 9, 2], [8, 18, 20, 18, 5, 4, 4, 10, 10, 3], [3, 20, 20, 10, 7, 13, 5, 10, 9, 3], [11, 19, 17, 19, 4, 7, 2, 9, 9, 3], [5, 22, 14, 21, 6, 9, 3, 10, 6, 4], [17, 18, 18, 13, 7, 7, 2, 12, 6, 0], [7, 17, 25, 11, 6, 9, 4, 15, 3, 3], [7, 16, 26, 15, 5, 6, 7, 8, 8, 2], [10, 25, 15, 18, 3, 7, 3, 8, 9, 2], [12, 21, 23, 14, 4, 13, 1, 9, 3, 0], [7, 15, 21, 16, 3, 12, 7, 12, 6, 1], [9, 17, 17, 17, 8, 13, 4, 7, 7, 1], [10, 18, 16, 17, 6, 16, 2, 8, 6, 1], [5, 13, 25, 18, 8, 10, 2, 6, 11, 2], [4, 19, 19, 15, 6, 9, 10, 9, 9, 0], [7, 27, 14, 18, 5, 8, 1, 8, 9, 3], [6, 19, 17, 18, 6, 6, 5, 9, 10, 4], [11, 20, 18, 20, 5, 2, 5, 8, 7, 4], [3, 21, 18, 17, 2, 11, 6, 11, 9, 2], [6, 16, 22, 16, 4, 10, 6, 7, 11, 2], [6, 21, 22, 13, 3, 12, 3, 9, 8, 3], [7, 18, 21, 15, 9, 7, 3, 12, 6, 2], [4, 18, 24, 14, 3, 10, 2, 10, 8, 7], [8, 19, 21, 18, 6, 5, 5, 10, 7, 1], [4, 16, 19, 28, 9, 1, 1, 13, 4, 5], [6, 26, 13, 17, 10, 3, 2, 14, 7, 2], [5, 19, 11, 21, 11, 3, 4, 20, 3, 3], [1, 11, 21, 17, 17, 5, 2, 12, 9, 5], [3, 17, 20, 22, 11, 2, 3, 13, 4, 5], [2, 20, 15, 21, 13, 2, 2, 15, 8, 2], [6, 14, 15, 20, 10, 4, 0, 18, 7, 6], [6, 16, 21, 20, 11, 4, 2, 15, 2, 3], [7, 15, 19, 14, 12, 7, 1, 16, 8, 1], [9, 14, 30, 14, 10, 3, 0, 15, 3, 2], [8, 10, 14, 19, 16, 2, 4, 18, 5, 4], [3, 17, 20, 18, 16, 4, 1, 13, 6, 2], [3, 18, 24, 22, 7, 6, 0, 18, 2, 0], [8, 16, 18, 22, 11, 1, 3, 14, 3, 4], [3, 16, 17, 22, 11, 5, 3, 13, 5, 5], [3, 15, 24, 22, 12, 1, 2, 13, 5, 3], [2, 23, 11, 24, 14, 2, 4, 15, 2, 3], [3, 17, 21, 17, 12, 5, 2, 15, 5, 3], [3, 17, 21, 19, 12, 3, 2, 17, 3, 3], [6, 17, 19, 19, 16, 0, 3, 10, 3, 7], [10, 20, 16, 20, 15, 1, 4, 11, 2, 1], [2, 14, 20, 21, 15, 1, 2, 15, 7, 3], [1, 12, 20, 16, 12, 2, 2, 20, 8, 7], [1, 19, 15, 18, 16, 3, 3, 14, 6, 5], [2, 15, 19, 17, 16, 8, 4, 14, 4, 1]], "lambda_": 0.5, "b": [[75, 25], [71, 29], [73, 27], [72, 28], [74, 26], [68, 32], [73, 27], [72, 28], [78, 22], [75, 25], [79, 21], [78, 22], [71, 29], [76, 24], [78, 22], [79, 21], [82, 18], [75, 25], [77, 23], [70, 30], [72, 28], [77, 23], [72, 28], [69, 31], [63, 37], [18, 82], [24, 76], [30, 70], [25, 75], [32, 68], [24, 76], [24, 76], [28, 72], [27, 73], [23, 77], [26, 74], [27, 73], [27, 73], [26, 74], [34, 66], [24, 76], [23, 77], [34, 66], [26, 74], [21, 79], [29, 71], [22, 78], [21, 79], [27, 73], [31, 69]]}