{"M": 50, "G": 3, "I": 4, "J": 100, "p": [[0.5074912259446531, 0.09166315051755766, 0.39116873435159927, 0.009676889186190038], [0.04919830855266767, 0.3904602330151289, 0.32594651093818944, 0.23439494749401418], [0.12416321052879148, 0.2960589838125732, 0.1751931603367181, 0.4045846453219173]], "r": [[[29, 6, 27, 2], [2, 8, 3, 5], [1, 6, 2, 9]], [[38, 4, 24, 0], [0, 5, 8, 4], [2, 4, 1, 10]], [[37, 7, 26, 1], [0, 3, 6, 3], [2, 5, 5, 5]], [[34, 5, 33, 0], [0, 7, 4, 2], [5, 4, 2, 4]], [[36, 12, 22, 1], [1, 5, 5, 6], [1, 4, 1, 6]], [[33, 1, 32, 1], [0, 9, 6, 0], [2, 6, 1, 9]], [[44, 7, 21, 0], [2, 2, 4, 3], [3, 5, 2, 7]], [[29, 7, 26, 0], [0, 6, 7, 6], [8, 4, 2, 5]], [[41, 7, 17, 0], [2, 4, 5, 2], [2, 11, 2, 7]], [[38, 5, 25, 1], [0, 3, 5, 2], [3, 4, 3, 11]], [[32, 5, 24, 1], [1, 8, 5, 6], [0, 8, 2, 8]], [[39, 7, 27, 0], [0, 11, 5, 6], [2, 1, 0, 2]], [[36, 6, 25, 1], [0, 5, 6, 2], [3, 3, 3, 10]], [[33, 7, 24, 0], [1, 9, 3, 4], [3, 4, 6, 6]], [[34, 5, 30, 0], [2, 5, 5, 2], [1, 3, 3, 10]], [[28, 9, 22, 1], [1, 9, 5, 5], [1, 7, 2, 10]], [[20, 6, 16, 1], [0, 19, 11, 10], [1, 5, 3, 8]], [[8, 1, 4, 0], [6, 26, 19, 19], [3, 3, 3, 8]], [[5, 0, 8, 0], [4, 21, 26, 14], [1, 7, 3, 11]], [[5, 0, 5, 0], [3, 21, 34, 19], [2, 2, 2, 7]], [[8, 1, 12, 0], [2, 23, 25, 14], [3, 4, 2, 6]], [[10, 2, 7, 0], [2, 25, 24, 13], [3, 5, 5, 4]], [[4, 2, 6, 0], [1, 33, 23, 13], [1, 4, 2, 11]], [[4, 2, 5, 0], [2, 25, 23, 19], [1, 7, 4, 8]], [[7, 1, 10, 0], [2, 26, 18, 22], [2, 8, 1, 3]], [[10, 0, 7, 0], [2, 28, 18, 16], [2, 5, 2, 10]], [[8, 2, 6, 0], [2, 22, 25, 22], [3, 4, 1, 5]], [[7, 2, 13, 0], [2, 25, 16, 22], [1, 5, 3, 4]], [[4, 2, 8, 0], [1, 27, 30, 17], [3, 2, 4, 2]], [[9, 3, 9, 0], [3, 27, 20, 14], [3, 2, 4, 6]], [[6, 1, 6, 0], [4, 26, 22, 18], [4, 6, 3, 4]], [[10, 0, 10, 0], [5, 19, 20, 18], [6, 4, 2, 6]], [[8, 0, 7, 0], [5, 19, 26, 15], [6, 10, 0, 4]], [[2, 1, 5, 1], [3, 16, 11, 8], [6, 13, 9, 25]], [[8, 2, 5, 0], [1, 4, 11, 2], [4, 18, 9, 36]], [[11, 0, 6, 0], [1, 6, 7, 4], [7, 17, 15, 26]], [[13, 0, 8, 0], [1, 3, 8, 1], [8, 23, 9, 26]], [[9, 1, 10, 0], [0, 5, 5, 2], [11, 20, 9, 28]], [[8, 4, 10, 1], [1, 2, 5, 8], [7, 21, 7, 26]], [[11, 0, 7, 0], [1, 3, 2, 9], [11, 24, 12, 20]], [[10, 4, 7, 0], [0, 4, 9, 7], [10, 17, 7, 25]], [[9, 1, 10, 2], [0, 8, 6, 2], [6, 16, 10, 30]], [[17, 1, 8, 0], [0, 5, 5, 4], [10, 18, 12, 20]], [[8, 0, 10, 0], [0, 4, 7, 5], [11, 22, 6, 27]], [[5, 0, 9, 0], [1, 9, 5, 4], [7, 27, 9, 24]], [[8, 1, 7, 0], [1, 8, 8, 1], [9, 16, 14, 27]], [[5, 1, 10, 0], [0, 8, 2, 4], [5, 20, 11, 34]], [[12, 0, 5, 0], [0, 4, 1, 8], [6, 13, 13, 38]], [[6, 1, 4, 0], [0, 10, 5, 4], [10, 16, 9, 35]], [[4, 0, 7, 0], [0, 3, 9, 2], [11, 16, 9, 39]]], "n": [[32, 20, 32, 16], [40, 13, 33, 14], [39, 15, 37, 9], [39, 16, 39, 6], [38, 21, 28, 13], [35, 16, 39, 10], [49, 14, 27, 10], [37, 17, 35, 11], [45, 22, 24, 9], [41, 12, 33, 14], [33, 21, 31, 15], [41, 19, 32, 8], [39, 14, 34, 13], [37, 20, 33, 10], [37, 13, 38, 12], [30, 25, 29, 16], [21, 30, 30, 19], [17, 30, 26, 27], [10, 28, 37, 25], [10, 23, 41, 26], [13, 28, 39, 20], [15, 32, 36, 17], [6, 39, 31, 24], [7, 34, 32, 27], [11, 35, 29, 25], [14, 33, 27, 26], [13, 28, 32, 27], [10, 32, 32, 26], [8, 31, 42, 19], [15, 32, 33, 20], [14, 33, 31, 22], [21, 23, 32, 24], [19, 29, 33, 19], [11, 30, 25, 34], [13, 24, 25, 38], [19, 23, 28, 30], [22, 26, 25, 27], [20, 26, 24, 30], [16, 27, 22, 35], [23, 27, 21, 29], [20, 25, 23, 32], [15, 25, 26, 34], [27, 24, 25, 24], [19, 26, 23, 32], [13, 36, 23, 28], [18, 25, 29, 28], [10, 29, 23, 38], [18, 17, 19, 46], [16, 27, 18, 39], [15, 19, 25, 41]], "lambda_": 0.5, "b": [[64, 18, 18], [66, 17, 17], [71, 12, 17], [72, 13, 15], [71, 17, 12], [67, 15, 18], [72, 11, 17], [62, 19, 19], [65, 13, 22], [69, 10, 21], [62, 20, 18], [73, 22, 5], [68, 13, 19], [64, 17, 19], [69, 14, 17], [60, 20, 20], [43, 40, 17], [13, 70, 17], [13, 65, 22], [10, 77, 13], [21, 64, 15], [19, 64, 17], [12, 70, 18], [11, 69, 20], [18, 68, 14], [17, 64, 19], [16, 71, 13], [22, 65, 13], [14, 75, 11], [21, 64, 15], [13, 70, 17], [20, 62, 18], [15, 65, 20], [9, 38, 53], [15, 18, 67], [17, 18, 65], [21, 13, 66], [20, 12, 68], [23, 16, 61], [18, 15, 67], [21, 20, 59], [22, 16, 62], [26, 14, 60], [18, 16, 66], [14, 19, 67], [16, 18, 66], [16, 14, 70], [17, 13, 70], [11, 19, 70], [11, 14, 75]]}