{"M": 50, "G": 4, "I": 2, "J": 100, "p": [[0.9859862131506245, 0.014013786849375551], [0.4209115244526765, 0.5790884755473235], [0.7304920705946455, 0.2695079294053545], [0.13376829088294734, 0.8662317091170526]], "r": [[[66, 2], [6, 3], [8, 4], [1, 10]], [[60, 0], [10, 5], [12, 3], [2, 8]], [[61, 1], [4, 8], [11, 2], [2, 11]], [[63, 1], [11, 6], [8, 3], [1, 7]], [[59, 0], [8, 5], [8, 3], [2, 15]], [[59, 0], [5, 5], [10, 6], [1, 14]], [[62, 3], [5, 5], [8, 2], [0, 15]], [[60, 1], [9, 7], [8, 1], [1, 13]], [[58, 2], [5, 8], [5, 7], [3, 12]], [[57, 0], [8, 8], [9, 4], [4, 10]], [[61, 2], [4, 9], [7, 1], [3, 13]], [[62, 0], [6, 9], [6, 7], [3, 7]], [[36, 0], [13, 22], [11, 2], [5, 11]], [[15, 1], [24, 33], [8, 5], [3, 11]], [[11, 0], [24, 39], [11, 4], [2, 9]], [[10, 0], [23, 35], [13, 6], [2, 11]], [[16, 1], [30, 32], [6, 3], [0, 12]], [[16, 0], [24, 37], [10, 2], [1, 10]], [[18, 1], [18, 41], [9, 6], [0, 7]], [[10, 0], [32, 38], [8, 3], [0, 9]], [[13, 0], [28, 30], [12, 3], [1, 13]], [[15, 0], [25, 32], [6, 4], [3, 15]], [[3, 0], [29, 40], [14, 4], [2, 8]], [[15, 0], [24, 27], [10, 5], [2, 17]], [[11, 1], [23, 40], [13, 0], [2, 10]], [[9, 0], [6, 7], [49, 20], [1, 8]], [[12, 0], [3, 8], [44, 19], [3, 11]], [[10, 0], [4, 6], [54, 14], [2, 10]], [[11, 0], [3, 8], [43, 23], [0, 12]], [[14, 0], [5, 9], [44, 14], [4, 10]], [[11, 1], [3, 6], [52, 15], [2, 10]], [[10, 0], [8, 8], [43, 24], [0, 7]], [[12, 0], [5, 11], [48, 14], [2, 8]], [[14, 0], [6, 14], [42, 13], [2, 9]], [[12, 0], [5, 6], [51, 19], [1, 6]], [[14, 0], [4, 10], [49, 12], [2, 9]], [[12, 1], [6, 6], [50, 15], [2, 8]], [[17, 0], [8, 8], [30, 6], [5, 26]], [[9, 0], [5, 9], [7, 1], [1, 68]], [[12, 0], [5, 6], [14, 3], [5, 55]], [[10, 0], [6, 5], [9, 2], [6, 62]], [[11, 0], [6, 8], [5, 1], [8, 61]], [[18, 0], [5, 8], [12, 3], [7, 47]], [[23, 0], [3, 3], [5, 4], [10, 52]], [[13, 0], [8, 10], [9, 1], [6, 53]], [[14, 0], [10, 7], [11, 1], [10, 47]], [[10, 0], [3, 10], [4, 4], [14, 55]], [[11, 0], [9, 6], [4, 1], [11, 58]], [[14, 0], [4, 9], [11, 2], [11, 49]], [[14, 0], [2, 8], [5, 3], [7, 61]]], "n": [[81, 19], [84, 16], [78, 22], [83, 17], [77, 23], [75, 25], [75, 25], [78, 22], [71, 29], [78, 22], [75, 25], [77, 23], [65, 35], [50, 50], [48, 52], [48, 52], [52, 48], [51, 49], [45, 55], [50, 50], [54, 46], [49, 51], [48, 52], [51, 49], [49, 51], [65, 35], [62, 38], [70, 30], [57, 43], [67, 33], [68, 32], [61, 39], [67, 33], [64, 36], [69, 31], [69, 31], [70, 30], [60, 40], [22, 78], [36, 64], [31, 69], [30, 70], [42, 58], [41, 59], [36, 64], [45, 55], [31, 69], [35, 65], [40, 60], [28, 72]], "lambda_": 0.5, "b": [[68, 9, 12, 11], [60, 15, 15, 10], [62, 12, 13, 13], [64, 17, 11, 8], [59, 13, 11, 17], [59, 10, 16, 15], [65, 10, 10, 15], [61, 16, 9, 14], [60, 13, 12, 15], [57, 16, 13, 14], [63, 13, 8, 16], [62, 15, 13, 10], [36, 35, 13, 16], [16, 57, 13, 14], [11, 63, 15, 11], [10, 58, 19, 13], [17, 62, 9, 12], [16, 61, 12, 11], [19, 59, 15, 7], [10, 70, 11, 9], [13, 58, 15, 14], [15, 57, 10, 18], [3, 69, 18, 10], [15, 51, 15, 19], [12, 63, 13, 12], [9, 13, 69, 9], [12, 11, 63, 14], [10, 10, 68, 12], [11, 11, 66, 12], [14, 14, 58, 14], [12, 9, 67, 12], [10, 16, 67, 7], [12, 16, 62, 10], [14, 20, 55, 11], [12, 11, 70, 7], [14, 14, 61, 11], [13, 12, 65, 10], [17, 16, 36, 31], [9, 14, 8, 69], [12, 11, 17, 60], [10, 11, 11, 68], [11, 14, 6, 69], [18, 13, 15, 54], [23, 6, 9, 62], [13, 18, 10, 59], [14, 17, 12, 57], [10, 13, 8, 69], [11, 15, 5, 69], [14, 13, 13, 60], [14, 10, 8, 68]]}