{"M": 50, "G": 2, "I": 5, "J": 100, "p": [[0.6485420421682908, 0.06766170140398764, 0.0191880471746618, 0.15402614754092744, 0.1105820617121324], [0.39962760023412636, 0.1932796691291607, 0.19217922484338035, 0.06271697510372443, 0.15219653068960812]], "r": [[[55, 5, 1, 8, 8], [7, 7, 2, 2, 5]], [[59, 0, 2, 12, 3], [8, 1, 9, 2, 4]], [[53, 5, 0, 11, 15], [6, 4, 3, 0, 3]], [[42, 10, 1, 11, 8], [11, 7, 5, 1, 4]], [[43, 3, 0, 10, 8], [11, 7, 7, 3, 8]], [[47, 5, 1, 16, 2], [12, 4, 8, 1, 4]], [[53, 2, 0, 13, 7], [11, 5, 5, 1, 3]], [[52, 7, 1, 10, 12], [8, 4, 3, 1, 2]], [[39, 4, 2, 20, 10], [11, 5, 4, 1, 4]], [[44, 3, 2, 15, 10], [12, 5, 2, 1, 6]], [[42, 3, 2, 14, 11], [12, 6, 7, 2, 1]], [[50, 4, 1, 11, 12], [11, 2, 6, 0, 3]], [[37, 15, 3, 14, 8], [6, 6, 5, 2, 4]], [[53, 1, 2, 12, 7], [13, 4, 5, 2, 1]], [[49, 4, 0, 11, 8], [11, 4, 3, 3, 7]], [[47, 4, 1, 17, 11], [7, 3, 4, 2, 4]], [[49, 4, 1, 14, 9], [11, 4, 4, 0, 4]], [[51, 4, 0, 17, 7], [10, 5, 3, 1, 2]], [[49, 5, 0, 17, 5], [12, 4, 4, 1, 3]], [[47, 4, 1, 10, 5], [14, 6, 8, 1, 4]], [[52, 5, 1, 11, 7], [9, 6, 6, 1, 2]], [[56, 4, 1, 11, 6], [12, 4, 2, 3, 1]], [[46, 3, 2, 15, 6], [14, 5, 3, 1, 5]], [[43, 4, 3, 17, 10], [12, 2, 3, 2, 4]], [[54, 6, 0, 9, 11], [7, 5, 3, 2, 3]], [[18, 4, 0, 3, 0], [28, 16, 16, 6, 9]], [[18, 0, 0, 3, 3], [32, 15, 20, 1, 8]], [[9, 3, 2, 3, 3], [28, 25, 15, 2, 10]], [[13, 6, 0, 3, 4], [27, 8, 18, 4, 17]], [[16, 0, 0, 7, 0], [31, 16, 18, 4, 8]], [[17, 1, 1, 3, 4], [31, 14, 13, 6, 10]], [[14, 2, 0, 0, 3], [29, 15, 17, 7, 13]], [[19, 4, 0, 0, 7], [21, 16, 18, 4, 11]], [[10, 2, 1, 7, 2], [31, 16, 13, 4, 14]], [[18, 0, 0, 3, 3], [36, 18, 13, 4, 5]], [[22, 2, 0, 1, 6], [22, 20, 16, 4, 7]], [[8, 3, 1, 6, 3], [28, 11, 16, 4, 20]], [[15, 3, 0, 4, 2], [31, 12, 15, 5, 13]], [[18, 2, 0, 4, 3], [27, 15, 14, 2, 15]], [[16, 0, 0, 5, 4], [35, 17, 12, 3, 8]], [[15, 2, 1, 2, 3], [35, 15, 9, 1, 17]], [[24, 0, 1, 4, 1], [26, 13, 14, 7, 10]], [[18, 3, 0, 7, 1], [27, 16, 13, 5, 10]], [[14, 0, 0, 2, 5], [34, 11, 22, 2, 10]], [[19, 2, 1, 3, 2], [30, 18, 14, 3, 8]], [[13, 2, 0, 2, 5], [33, 22, 9, 1, 13]], [[18, 0, 1, 5, 4], [24, 12, 17, 6, 13]], [[15, 0, 1, 2, 2], [35, 9, 18, 5, 13]], [[11, 5, 0, 2, 4], [31, 16, 16, 7, 8]], [[17, 3, 0, 5, 2], [25, 18, 9, 8, 13]]], "n": [[62, 12, 3, 10, 13], [67, 1, 11, 14, 7], [59, 9, 3, 11, 18], [53, 17, 6, 12, 12], [54, 10, 7, 13, 16], [59, 9, 9, 17, 6], [64, 7, 5, 14, 10], [60, 11, 4, 11, 14], [50, 9, 6, 21, 14], [56, 8, 4, 16, 16], [54, 9, 9, 16, 12], [61, 6, 7, 11, 15], [43, 21, 8, 16, 12], [66, 5, 7, 14, 8], [60, 8, 3, 14, 15], [54, 7, 5, 19, 15], [60, 8, 5, 14, 13], [61, 9, 3, 18, 9], [61, 9, 4, 18, 8], [61, 10, 9, 11, 9], [61, 11, 7, 12, 9], [68, 8, 3, 14, 7], [60, 8, 5, 16, 11], [55, 6, 6, 19, 14], [61, 11, 3, 11, 14], [46, 20, 16, 9, 9], [50, 15, 20, 4, 11], [37, 28, 17, 5, 13], [40, 14, 18, 7, 21], [47, 16, 18, 11, 8], [48, 15, 14, 9, 14], [43, 17, 17, 7, 16], [40, 20, 18, 4, 18], [41, 18, 14, 11, 16], [54, 18, 13, 7, 8], [44, 22, 16, 5, 13], [36, 14, 17, 10, 23], [46, 15, 15, 9, 15], [45, 17, 14, 6, 18], [51, 17, 12, 8, 12], [50, 17, 10, 3, 20], [50, 13, 15, 11, 11], [45, 19, 13, 12, 11], [48, 11, 22, 4, 15], [49, 20, 15, 6, 10], [46, 24, 9, 3, 18], [42, 12, 18, 11, 17], [50, 9, 19, 7, 15], [42, 21, 16, 9, 12], [42, 21, 9, 13, 15]], "lambda_": 0.5, "b": [[77, 23], [76, 24], [84, 16], [72, 28], [64, 36], [71, 29], [75, 25], [82, 18], [75, 25], [74, 26], [72, 28], [78, 22], [77, 23], [75, 25], [72, 28], [80, 20], [77, 23], [79, 21], [76, 24], [67, 33], [76, 24], [78, 22], [72, 28], [77, 23], [80, 20], [25, 75], [24, 76], [20, 80], [26, 74], [23, 77], [26, 74], [19, 81], [30, 70], [22, 78], [24, 76], [31, 69], [21, 79], [24, 76], [27, 73], [25, 75], [23, 77], [30, 70], [29, 71], [21, 79], [27, 73], [22, 78], [28, 72], [20, 80], [22, 78], [27, 73]]}