{"M": 50, "G": 4, "I": 5, "J": 100, "p": [[0.23133554027621162, 0.5462328859941928, 4.903667005091315e-05, 0.15434181656277288, 0.06804072049677173], [0.04828772164529685, 0.10272923560641152, 0.2113133794944018, 0.2519217205343371, 0.3857479427195527], [0.13381390465004245, 0.284670660044346, 0.05633036682967912, 0.5183459507497479, 0.006839117726184664], [0.39084241309322565, 0.19015784970136257, 0.28800794398615154, 0.053260896093577, 0.07773089712568303]], "r": [[[15, 33, 0, 5, 4], [1, 2, 2, 6, 3], [2, 6, 0, 9, 0], [3, 1, 7, 0, 1]], [[22, 31, 0, 10, 7], [0, 0, 1, 6, 5], [2, 3, 0, 6, 0], [3, 2, 1, 0, 1]], [[10, 33, 0, 16, 1], [2, 1, 2, 4, 8], [2, 4, 0, 7, 0], [3, 3, 0, 2, 2]], [[14, 36, 0, 14, 3], [0, 1, 1, 5, 6], [1, 5, 0, 5, 0], [2, 2, 4, 0, 1]], [[17, 31, 0, 10, 3], [1, 1, 6, 5, 4], [1, 8, 0, 1, 1], [7, 1, 3, 0, 0]], [[8, 44, 0, 6, 6], [0, 2, 2, 4, 4], [1, 2, 0, 6, 0], [7, 2, 4, 1, 1]], [[14, 36, 0, 6, 3], [0, 0, 2, 4, 4], [0, 5, 1, 8, 0], [4, 5, 6, 0, 2]], [[11, 36, 0, 11, 4], [0, 2, 4, 3, 4], [1, 3, 0, 12, 0], [3, 2, 4, 0, 0]], [[14, 33, 0, 5, 8], [1, 1, 3, 4, 4], [2, 7, 1, 7, 0], [4, 1, 3, 0, 2]], [[10, 42, 0, 9, 5], [0, 2, 2, 4, 1], [1, 3, 0, 3, 1], [3, 6, 7, 0, 1]], [[16, 33, 0, 16, 3], [0, 2, 1, 2, 5], [1, 6, 0, 5, 0], [4, 0, 3, 1, 2]], [[12, 35, 0, 11, 5], [0, 1, 1, 4, 5], [2, 5, 0, 8, 0], [6, 3, 2, 0, 0]], [[6, 19, 0, 10, 4], [1, 4, 10, 12, 12], [1, 3, 1, 8, 0], [4, 1, 4, 0, 0]], [[5, 6, 0, 2, 0], [5, 5, 7, 13, 35], [3, 2, 0, 4, 0], [6, 1, 4, 2, 0]], [[3, 6, 0, 5, 2], [3, 7, 16, 7, 29], [3, 4, 0, 1, 0], [5, 4, 3, 1, 1]], [[5, 7, 0, 0, 4], [5, 5, 14, 17, 20], [2, 5, 0, 5, 1], [5, 3, 1, 0, 1]], [[3, 2, 0, 1, 1], [2, 5, 18, 19, 27], [3, 1, 0, 6, 0], [2, 4, 4, 0, 2]], [[1, 6, 0, 1, 1], [3, 5, 7, 19, 33], [4, 1, 1, 13, 0], [2, 0, 2, 0, 1]], [[3, 6, 0, 2, 0], [2, 8, 15, 14, 26], [0, 4, 1, 6, 0], [6, 1, 4, 2, 0]], [[1, 4, 0, 1, 1], [3, 8, 11, 11, 31], [4, 5, 1, 6, 0], [6, 1, 3, 0, 3]], [[3, 6, 0, 1, 1], [4, 4, 15, 13, 22], [1, 8, 0, 10, 0], [4, 2, 5, 1, 0]], [[1, 4, 0, 1, 0], [4, 4, 9, 31, 17], [1, 3, 1, 9, 0], [6, 3, 6, 0, 0]], [[5, 10, 0, 1, 0], [5, 4, 15, 12, 24], [4, 3, 0, 7, 0], [4, 3, 2, 0, 1]], [[4, 5, 0, 2, 0], [3, 6, 14, 17, 22], [0, 5, 2, 7, 0], [5, 3, 3, 0, 2]], [[2, 5, 0, 1, 1], [2, 8, 18, 20, 20], [1, 4, 0, 8, 0], [3, 3, 3, 1, 0]], [[1, 10, 0, 1, 0], [0, 0, 2, 4, 6], [15, 15, 1, 29, 0], [7, 2, 3, 2, 2]], [[2, 6, 0, 1, 0], [1, 2, 3, 1, 3], [9, 23, 3, 33, 0], [5, 6, 1, 1, 0]], [[2, 6, 0, 1, 0], [0, 1, 4, 2, 6], [14, 26, 2, 23, 0], [5, 2, 4, 1, 1]], [[4, 3, 0, 1, 1], [1, 2, 2, 0, 5], [7, 17, 3, 34, 2], [6, 7, 3, 2, 0]], [[5, 3, 0, 4, 1], [0, 1, 4, 3, 7], [6, 15, 4, 35, 1], [3, 1, 5, 0, 2]], [[4, 7, 0, 5, 0], [2, 0, 4, 2, 5], [6, 19, 2, 32, 1], [6, 1, 4, 0, 0]], [[4, 7, 0, 3, 0], [0, 1, 1, 3, 8], [13, 16, 1, 28, 0], [6, 5, 2, 0, 2]], [[1, 10, 0, 1, 1], [1, 2, 2, 3, 6], [6, 17, 3, 33, 0], [4, 2, 6, 1, 1]], [[3, 7, 0, 3, 0], [1, 1, 2, 2, 7], [11, 15, 3, 35, 0], [0, 3, 3, 3, 1]], [[8, 3, 0, 5, 0], [1, 0, 4, 2, 3], [7, 15, 2, 34, 1], [4, 6, 4, 1, 0]], [[2, 7, 0, 5, 0], [0, 0, 1, 2, 4], [11, 22, 2, 29, 0], [8, 4, 2, 1, 0]], [[6, 7, 0, 2, 1], [0, 1, 3, 4, 1], [6, 18, 7, 34, 0], [4, 1, 5, 0, 0]], [[4, 9, 0, 0, 0], [0, 1, 0, 1, 8], [3, 13, 0, 24, 0], [11, 7, 13, 5, 1]], [[2, 7, 0, 3, 1], [0, 2, 3, 2, 2], [1, 3, 3, 5, 0], [20, 13, 25, 4, 4]], [[4, 10, 0, 3, 0], [0, 0, 6, 5, 3], [1, 2, 0, 5, 0], [26, 9, 16, 7, 3]], [[4, 7, 0, 5, 0], [0, 0, 5, 4, 3], [1, 3, 2, 4, 0], [26, 12, 17, 5, 2]], [[1, 4, 0, 1, 0], [0, 2, 2, 4, 4], [1, 5, 0, 10, 0], [29, 15, 11, 5, 6]], [[5, 7, 0, 1, 2], [1, 0, 2, 1, 7], [0, 2, 0, 5, 1], [22, 12, 23, 2, 7]], [[2, 3, 0, 4, 0], [0, 1, 1, 3, 3], [1, 6, 0, 5, 0], [38, 9, 15, 2, 7]], [[2, 6, 0, 2, 1], [1, 1, 3, 2, 2], [0, 3, 0, 7, 0], [34, 11, 14, 6, 5]], [[3, 13, 0, 1, 0], [3, 1, 5, 1, 3], [4, 0, 0, 2, 0], [28, 11, 13, 10, 2]], [[2, 9, 0, 3, 1], [0, 1, 4, 3, 5], [0, 1, 0, 6, 0], [16, 19, 19, 5, 6]], [[1, 4, 0, 0, 1], [3, 1, 5, 1, 3], [3, 8, 0, 14, 0], [16, 20, 16, 1, 3]], [[7, 9, 0, 1, 0], [2, 1, 2, 5, 6], [3, 6, 0, 4, 0], [24, 10, 17, 0, 3]], [[2, 11, 0, 1, 1], [0, 1, 2, 4, 6], [1, 4, 1, 4, 0], [24, 9, 17, 8, 4]]], "n": [[21, 42, 9, 20, 8], [27, 36, 2, 22, 13], [17, 41, 2, 29, 11], [17, 44, 5, 24, 10], [26, 41, 9, 16, 8], [16, 50, 6, 17, 11], [18, 46, 9, 18, 9], [15, 43, 8, 26, 8], [21, 42, 7, 16, 14], [14, 53, 9, 16, 8], [21, 41, 4, 24, 10], [20, 44, 3, 23, 10], [12, 27, 15, 30, 16], [19, 14, 11, 21, 35], [14, 21, 19, 14, 32], [17, 20, 15, 22, 26], [10, 12, 22, 26, 30], [10, 12, 10, 33, 35], [11, 19, 20, 24, 26], [14, 18, 15, 18, 35], [12, 20, 20, 25, 23], [12, 14, 16, 41, 17], [18, 20, 17, 20, 25], [12, 19, 19, 26, 24], [8, 20, 21, 30, 21], [23, 27, 6, 36, 8], [17, 37, 7, 36, 3], [21, 35, 10, 27, 7], [18, 29, 8, 37, 8], [14, 20, 13, 42, 11], [18, 27, 10, 39, 6], [23, 29, 4, 34, 10], [12, 31, 11, 38, 8], [15, 26, 8, 43, 8], [20, 24, 10, 42, 4], [21, 33, 5, 37, 4], [16, 27, 15, 40, 2], [18, 30, 13, 30, 9], [23, 25, 31, 14, 7], [31, 21, 22, 20, 6], [31, 22, 24, 18, 5], [31, 26, 13, 20, 10], [28, 21, 25, 9, 17], [41, 19, 16, 14, 10], [37, 21, 17, 17, 8], [38, 25, 18, 14, 5], [18, 30, 23, 17, 12], [23, 33, 21, 16, 7], [36, 26, 19, 10, 9], [27, 25, 20, 17, 11]], "lambda_": 0.5, "b": [[57, 14, 17, 12], [70, 12, 11, 7], [60, 17, 13, 10], [67, 13, 11, 9], [61, 17, 11, 11], [64, 12, 9, 15], [59, 10, 14, 17], [62, 13, 16, 9], [60, 13, 17, 10], [66, 9, 8, 17], [68, 10, 12, 10], [63, 11, 15, 11], [39, 39, 13, 9], [13, 65, 9, 13], [16, 62, 8, 14], [16, 61, 13, 10], [7, 71, 10, 12], [9, 67, 19, 5], [11, 65, 11, 13], [7, 64, 16, 13], [11, 58, 19, 12], [6, 65, 14, 15], [16, 60, 14, 10], [11, 62, 14, 13], [9, 68, 13, 10], [12, 12, 60, 16], [9, 10, 68, 13], [9, 13, 65, 13], [9, 10, 63, 18], [13, 15, 61, 11], [16, 13, 60, 11], [14, 13, 58, 15], [13, 14, 59, 14], [13, 13, 64, 10], [16, 10, 59, 15], [14, 7, 64, 15], [16, 9, 65, 10], [13, 10, 40, 37], [13, 9, 12, 66], [17, 14, 8, 61], [16, 12, 10, 62], [6, 12, 16, 66], [15, 11, 8, 66], [9, 8, 12, 71], [11, 9, 10, 70], [17, 13, 6, 64], [15, 13, 7, 65], [6, 13, 25, 56], [17, 16, 13, 54], [15, 13, 10, 62]]}