{"M": 50, "G": 3, "I": 3, "J": 100, "p": [[0.05643109664837008, 0.7876178552869836, 0.15595104806464638], [0.23302035588171555, 0.63115580747276, 0.13582383664552442], [0.16351092624063165, 0.24100577544256716, 0.595483298316801]], "r": [[[2, 54, 10], [3, 15, 1], [4, 3, 8]], [[6, 60, 10], [4, 7, 1], [3, 3, 6]], [[2, 57, 9], [3, 11, 5], [4, 4, 5]], [[2, 49, 7], [5, 8, 3], [7, 8, 11]], [[7, 48, 3], [8, 15, 2], [2, 5, 10]], [[4, 54, 4], [0, 15, 3], [4, 8, 8]], [[3, 55, 10], [0, 9, 3], [2, 8, 10]], [[3, 49, 8], [5, 12, 4], [2, 3, 14]], [[1, 51, 10], [4, 12, 4], [2, 4, 12]], [[4, 51, 13], [2, 8, 4], [4, 2, 12]], [[2, 53, 7], [2, 15, 4], [2, 3, 12]], [[8, 48, 10], [4, 9, 5], [3, 5, 8]], [[4, 52, 15], [2, 14, 2], [0, 2, 9]], [[2, 50, 17], [3, 11, 2], [1, 7, 7]], [[4, 59, 10], [2, 13, 1], [1, 2, 8]], [[2, 52, 14], [2, 5, 2], [4, 6, 13]], [[5, 36, 10], [6, 16, 4], [6, 6, 11]], [[2, 13, 5], [11, 44, 11], [1, 3, 10]], [[1, 15, 1], [15, 43, 11], [0, 1, 13]], [[0, 10, 1], [15, 51, 7], [5, 2, 9]], [[1, 10, 3], [21, 41, 8], [5, 3, 8]], [[2, 11, 2], [12, 45, 6], [2, 6, 14]], [[2, 15, 2], [8, 51, 7], [2, 2, 11]], [[1, 17, 3], [15, 44, 9], [1, 1, 9]], [[1, 12, 1], [19, 41, 4], [2, 2, 18]], [[0, 19, 4], [11, 42, 7], [3, 5, 9]], [[0, 10, 7], [17, 40, 10], [1, 5, 10]], [[2, 16, 1], [17, 44, 3], [1, 3, 13]], [[1, 20, 3], [17, 31, 7], [7, 4, 10]], [[1, 15, 3], [11, 47, 9], [4, 3, 7]], [[0, 12, 2], [15, 49, 9], [2, 5, 6]], [[0, 12, 4], [11, 50, 10], [1, 3, 9]], [[3, 10, 2], [15, 42, 6], [4, 2, 16]], [[0, 9, 3], [4, 21, 6], [6, 14, 37]], [[0, 16, 1], [4, 11, 2], [16, 15, 35]], [[1, 15, 1], [2, 13, 1], [11, 8, 48]], [[0, 13, 4], [6, 12, 2], [7, 17, 39]], [[1, 15, 1], [6, 14, 0], [7, 16, 40]], [[1, 15, 4], [4, 19, 0], [8, 18, 31]], [[1, 12, 3], [4, 7, 1], [17, 21, 34]], [[1, 14, 3], [3, 15, 0], [10, 26, 28]], [[0, 18, 4], [3, 10, 5], [7, 14, 39]], [[0, 17, 3], [5, 9, 1], [13, 15, 37]], [[0, 12, 2], [7, 8, 1], [10, 18, 42]], [[0, 12, 3], [3, 5, 3], [6, 24, 44]], [[0, 7, 3], [1, 17, 1], [13, 18, 40]], [[0, 16, 1], [1, 17, 2], [17, 16, 30]], [[1, 16, 2], [7, 5, 3], [12, 16, 38]], [[0, 18, 1], [2, 10, 1], [13, 16, 39]], [[1, 10, 3], [6, 16, 2], [11, 15, 36]]], "n": [[9, 72, 19], [13, 70, 17], [9, 72, 19], [14, 65, 21], [17, 68, 15], [8, 77, 15], [5, 72, 23], [10, 64, 26], [7, 67, 26], [10, 61, 29], [6, 71, 23], [15, 62, 23], [6, 68, 26], [6, 68, 26], [7, 74, 19], [8, 63, 29], [17, 58, 25], [14, 60, 26], [16, 59, 25], [20, 63, 17], [27, 54, 19], [16, 62, 22], [12, 68, 20], [17, 62, 21], [22, 55, 23], [14, 66, 20], [18, 55, 27], [20, 63, 17], [25, 55, 20], [16, 65, 19], [17, 66, 17], [12, 65, 23], [22, 54, 24], [10, 44, 46], [20, 42, 38], [14, 36, 50], [13, 42, 45], [14, 45, 41], [13, 52, 35], [22, 40, 38], [14, 55, 31], [10, 42, 48], [18, 41, 41], [17, 38, 45], [9, 41, 50], [14, 42, 44], [18, 49, 33], [20, 37, 43], [15, 44, 41], [18, 41, 41]], "lambda_": 0.5, "b": [[66, 19, 15], [76, 12, 12], [68, 19, 13], [58, 16, 26], [58, 25, 17], [62, 18, 20], [68, 12, 20], [60, 21, 19], [62, 20, 18], [68, 14, 18], [62, 21, 17], [66, 18, 16], [71, 18, 11], [69, 16, 15], [73, 16, 11], [68, 9, 23], [51, 26, 23], [20, 66, 14], [17, 69, 14], [11, 73, 16], [14, 70, 16], [15, 63, 22], [19, 66, 15], [21, 68, 11], [14, 64, 22], [23, 60, 17], [17, 67, 16], [19, 64, 17], [24, 55, 21], [19, 67, 14], [14, 73, 13], [16, 71, 13], [15, 63, 22], [12, 31, 57], [17, 17, 66], [17, 16, 67], [17, 20, 63], [17, 20, 63], [20, 23, 57], [16, 12, 72], [18, 18, 64], [22, 18, 60], [20, 15, 65], [14, 16, 70], [15, 11, 74], [10, 19, 71], [17, 20, 63], [19, 15, 66], [19, 13, 68], [14, 24, 62]]}