{"M": 50, "G": 3, "I": 3, "J": 100, "p": [[0.007491295386115966, 0.5006270462506499, 0.49188165836323405], [0.2643149851472051, 0.28198911632292084, 0.4536958985298739], [0.5924477648098716, 0.31160369262214915, 0.09594854256797923]], "r": [[[1, 25, 36], [7, 5, 6], [13, 4, 3]], [[0, 20, 43], [4, 3, 5], [17, 5, 3]], [[0, 38, 32], [5, 4, 12], [4, 4, 1]], [[0, 28, 37], [4, 4, 5], [17, 4, 1]], [[0, 28, 40], [4, 7, 11], [6, 2, 2]], [[0, 42, 28], [6, 5, 4], [7, 6, 2]], [[0, 36, 34], [4, 8, 5], [6, 5, 2]], [[0, 34, 40], [4, 5, 2], [11, 2, 2]], [[0, 37, 26], [5, 7, 4], [14, 6, 1]], [[0, 33, 34], [2, 1, 6], [15, 8, 1]], [[0, 33, 34], [2, 3, 5], [17, 6, 0]], [[0, 34, 33], [9, 5, 6], [8, 4, 1]], [[0, 32, 32], [2, 4, 9], [11, 7, 3]], [[0, 38, 37], [4, 5, 6], [3, 7, 0]], [[2, 40, 24], [4, 5, 9], [10, 5, 1]], [[0, 26, 39], [4, 8, 8], [8, 5, 2]], [[0, 27, 25], [11, 12, 11], [8, 4, 2]], [[0, 11, 4], [25, 13, 27], [12, 5, 3]], [[0, 9, 6], [12, 23, 28], [10, 8, 4]], [[0, 10, 12], [14, 21, 28], [10, 3, 2]], [[0, 11, 7], [19, 22, 28], [7, 5, 1]], [[0, 8, 6], [18, 17, 38], [6, 5, 2]], [[1, 10, 4], [18, 18, 31], [11, 6, 1]], [[0, 5, 8], [28, 17, 26], [11, 3, 2]], [[0, 4, 6], [19, 24, 28], [12, 5, 2]], [[0, 7, 8], [16, 20, 29], [9, 10, 1]], [[0, 10, 4], [13, 23, 36], [8, 4, 2]], [[0, 9, 6], [19, 16, 35], [9, 6, 0]], [[0, 13, 4], [17, 15, 29], [8, 10, 4]], [[0, 10, 7], [15, 16, 28], [12, 9, 3]], [[0, 11, 10], [19, 16, 29], [11, 4, 0]], [[0, 8, 10], [17, 15, 33], [12, 5, 0]], [[0, 7, 3], [17, 20, 37], [12, 4, 0]], [[0, 5, 10], [8, 9, 23], [30, 12, 3]], [[1, 10, 2], [2, 9, 10], [44, 15, 7]], [[0, 10, 12], [2, 5, 4], [42, 19, 6]], [[1, 6, 8], [4, 6, 9], [44, 18, 4]], [[0, 12, 6], [7, 5, 5], [40, 20, 5]], [[0, 5, 8], [3, 4, 13], [45, 16, 6]], [[0, 6, 11], [4, 4, 8], [38, 17, 12]], [[0, 9, 5], [8, 2, 8], [39, 25, 4]], [[0, 8, 11], [3, 4, 3], [34, 24, 13]], [[0, 8, 11], [6, 5, 5], [33, 28, 4]], [[1, 11, 10], [3, 8, 6], [37, 17, 7]], [[0, 8, 9], [8, 4, 7], [43, 18, 3]], [[0, 9, 12], [6, 7, 6], [35, 22, 3]], [[0, 7, 9], [3, 2, 5], [47, 21, 6]], [[0, 7, 10], [7, 5, 9], [38, 18, 6]], [[1, 9, 9], [2, 2, 10], [48, 13, 6]], [[0, 2, 12], [5, 9, 7], [37, 23, 5]]], "n": [[21, 34, 45], [21, 28, 51], [9, 46, 45], [21, 36, 43], [10, 37, 53], [13, 53, 34], [10, 49, 41], [15, 41, 44], [19, 50, 31], [17, 42, 41], [19, 42, 39], [17, 43, 40], [13, 43, 44], [7, 50, 43], [16, 50, 34], [12, 39, 49], [19, 43, 38], [37, 29, 34], [22, 40, 38], [24, 34, 42], [26, 38, 36], [24, 30, 46], [30, 34, 36], [39, 25, 36], [31, 33, 36], [25, 37, 38], [21, 37, 42], [28, 31, 41], [25, 38, 37], [27, 35, 38], [30, 31, 39], [29, 28, 43], [29, 31, 40], [38, 26, 36], [47, 34, 19], [44, 34, 22], [49, 30, 21], [47, 37, 16], [48, 25, 27], [42, 27, 31], [47, 36, 17], [37, 36, 27], [39, 41, 20], [41, 36, 23], [51, 30, 19], [41, 38, 21], [50, 30, 20], [45, 30, 25], [51, 24, 25], [42, 34, 24]], "lambda_": 0.5, "b": [[62, 18, 20], [63, 12, 25], [70, 21, 9], [65, 13, 22], [68, 22, 10], [70, 15, 15], [70, 17, 13], [74, 11, 15], [63, 16, 21], [67, 9, 24], [67, 10, 23], [67, 20, 13], [64, 15, 21], [75, 15, 10], [66, 18, 16], [65, 20, 15], [52, 34, 14], [15, 65, 20], [15, 63, 22], [22, 63, 15], [18, 69, 13], [14, 73, 13], [15, 67, 18], [13, 71, 16], [10, 71, 19], [15, 65, 20], [14, 72, 14], [15, 70, 15], [17, 61, 22], [17, 59, 24], [21, 64, 15], [18, 65, 17], [10, 74, 16], [15, 40, 45], [13, 21, 66], [22, 11, 67], [15, 19, 66], [18, 17, 65], [13, 20, 67], [17, 16, 67], [14, 18, 68], [19, 10, 71], [19, 16, 65], [22, 17, 61], [17, 19, 64], [21, 19, 60], [16, 10, 74], [17, 21, 62], [19, 14, 67], [14, 21, 65]]}