{"M": 50, "G": 4, "I": 4, "J": 100, "p": [[0.16948671322645967, 0.34852867125185555, 0.48008648579103436, 0.0018981297306503366], [0.07998728129993206, 0.6820295165991593, 0.15530687378570474, 0.08267632831520381], [0.2510516819110494, 0.08102944132224103, 0.5321726791732969, 0.13574619759341275], [0.3627498793244377, 0.002760564129002297, 0.5240159692146851, 0.1104735873318748]], "r": [[[15, 19, 26, 0], [1, 11, 2, 1], [3, 0, 6, 1], [6, 0, 6, 3]], [[9, 32, 25, 0], [0, 7, 1, 0], [1, 0, 9, 0], [5, 0, 7, 4]], [[9, 25, 30, 0], [0, 8, 3, 1], [1, 1, 10, 1], [2, 1, 6, 2]], [[7, 21, 32, 0], [2, 9, 2, 1], [8, 1, 5, 0], [3, 0, 8, 1]], [[10, 18, 31, 0], [2, 12, 1, 1], [2, 1, 9, 2], [6, 0, 4, 1]], [[13, 29, 28, 1], [1, 11, 1, 0], [0, 2, 4, 0], [4, 0, 5, 1]], [[6, 26, 26, 0], [1, 7, 1, 3], [4, 1, 2, 2], [8, 0, 8, 5]], [[9, 22, 31, 0], [0, 7, 3, 1], [1, 1, 9, 2], [8, 1, 4, 1]], [[9, 29, 30, 0], [1, 8, 0, 2], [3, 0, 6, 2], [4, 0, 5, 1]], [[10, 25, 21, 0], [0, 8, 4, 0], [8, 1, 3, 4], [9, 0, 7, 0]], [[8, 24, 31, 0], [3, 7, 3, 1], [5, 1, 8, 0], [3, 0, 5, 1]], [[11, 24, 30, 0], [1, 11, 0, 0], [3, 0, 4, 0], [8, 0, 8, 0]], [[6, 9, 16, 1], [2, 29, 5, 4], [4, 3, 4, 3], [5, 0, 7, 2]], [[3, 3, 4, 0], [6, 38, 13, 3], [4, 4, 7, 1], [2, 0, 9, 3]], [[5, 3, 10, 0], [3, 40, 9, 7], [3, 1, 3, 2], [4, 0, 8, 2]], [[2, 2, 9, 0], [6, 42, 6, 7], [4, 0, 10, 1], [5, 0, 4, 2]], [[1, 5, 7, 0], [9, 38, 8, 5], [3, 1, 3, 3], [4, 0, 12, 1]], [[0, 2, 7, 0], [3, 41, 16, 6], [3, 1, 7, 3], [2, 0, 8, 1]], [[5, 3, 1, 0], [3, 47, 7, 3], [3, 1, 8, 1], [6, 0, 10, 2]], [[1, 6, 2, 0], [5, 45, 9, 4], [4, 0, 9, 0], [6, 0, 9, 0]], [[4, 4, 7, 0], [5, 49, 11, 3], [0, 1, 9, 2], [4, 0, 0, 1]], [[1, 6, 6, 0], [5, 46, 6, 3], [5, 1, 7, 1], [6, 0, 7, 0]], [[3, 6, 8, 0], [7, 40, 8, 4], [0, 0, 9, 2], [8, 0, 4, 1]], [[1, 3, 9, 0], [5, 43, 13, 5], [2, 0, 9, 2], [1, 0, 7, 0]], [[0, 6, 6, 1], [5, 42, 8, 7], [5, 1, 8, 0], [3, 0, 8, 0]], [[2, 3, 4, 0], [0, 5, 1, 0], [23, 4, 36, 12], [3, 0, 7, 0]], [[1, 5, 4, 0], [0, 9, 2, 1], [17, 6, 34, 8], [7, 0, 4, 2]], [[2, 6, 5, 0], [1, 10, 3, 0], [12, 8, 30, 10], [4, 0, 8, 1]], [[1, 5, 5, 0], [1, 6, 4, 0], [16, 2, 39, 7], [5, 0, 7, 2]], [[1, 4, 3, 0], [0, 5, 4, 1], [18, 3, 39, 5], [5, 0, 11, 1]], [[2, 8, 8, 0], [1, 6, 3, 0], [18, 4, 24, 9], [5, 0, 11, 1]], [[1, 7, 4, 0], [0, 14, 1, 1], [16, 4, 30, 9], [3, 0, 9, 1]], [[4, 7, 3, 0], [1, 11, 3, 0], [15, 5, 27, 10], [4, 0, 7, 3]], [[1, 7, 4, 0], [0, 9, 2, 1], [22, 4, 30, 6], [5, 0, 8, 1]], [[2, 5, 4, 0], [2, 8, 1, 0], [8, 8, 36, 11], [7, 0, 8, 0]], [[3, 3, 10, 0], [1, 10, 0, 0], [13, 1, 44, 9], [2, 0, 3, 1]], [[2, 6, 3, 1], [0, 10, 4, 0], [13, 8, 39, 8], [3, 0, 1, 2]], [[1, 4, 6, 0], [0, 7, 2, 1], [7, 6, 26, 5], [12, 0, 21, 2]], [[2, 2, 2, 0], [1, 13, 0, 4], [4, 1, 5, 4], [30, 1, 18, 13]], [[2, 6, 5, 0], [3, 10, 3, 0], [3, 2, 7, 4], [23, 0, 27, 5]], [[3, 6, 5, 0], [0, 7, 6, 0], [1, 0, 5, 1], [22, 0, 36, 8]], [[5, 4, 2, 0], [0, 6, 2, 2], [1, 4, 11, 2], [31, 0, 24, 6]], [[1, 5, 10, 0], [0, 10, 3, 2], [4, 0, 5, 2], [18, 0, 32, 8]], [[2, 3, 2, 0], [0, 5, 3, 1], [2, 1, 8, 2], [22, 0, 38, 11]], [[4, 5, 6, 0], [1, 9, 4, 0], [2, 2, 9, 1], [22, 0, 29, 6]], [[1, 8, 9, 1], [0, 10, 1, 0], [3, 1, 6, 2], [26, 1, 24, 7]], [[2, 4, 8, 0], [1, 4, 2, 2], [5, 1, 3, 0], [24, 0, 39, 5]], [[0, 3, 10, 0], [0, 15, 2, 2], [1, 0, 5, 3], [23, 0, 28, 8]], [[2, 5, 7, 1], [1, 13, 2, 1], [2, 0, 4, 2], [21, 0, 33, 6]], [[1, 5, 10, 0], [0, 9, 0, 4], [3, 2, 5, 0], [16, 0, 32, 13]]], "n": [[25, 30, 40, 5], [15, 39, 42, 4], [12, 35, 49, 4], [20, 31, 47, 2], [20, 31, 45, 4], [18, 42, 38, 2], [19, 34, 37, 10], [18, 31, 47, 4], [17, 37, 41, 5], [27, 34, 35, 4], [19, 32, 47, 2], [23, 35, 42, 0], [17, 41, 32, 10], [15, 45, 33, 7], [15, 44, 30, 11], [17, 44, 29, 10], [17, 44, 30, 9], [8, 44, 38, 10], [17, 51, 26, 6], [16, 51, 29, 4], [13, 54, 27, 6], [17, 53, 26, 4], [18, 46, 29, 7], [9, 46, 38, 7], [13, 49, 30, 8], [28, 12, 48, 12], [25, 20, 44, 11], [19, 24, 46, 11], [23, 13, 55, 9], [24, 12, 57, 7], [26, 18, 46, 10], [20, 25, 44, 11], [24, 23, 40, 13], [28, 20, 44, 8], [19, 21, 49, 11], [19, 14, 57, 10], [18, 24, 47, 11], [20, 17, 55, 8], [37, 17, 25, 21], [31, 18, 42, 9], [26, 13, 52, 9], [37, 14, 39, 10], [23, 15, 50, 12], [26, 9, 51, 14], [29, 16, 48, 7], [30, 20, 40, 10], [32, 9, 52, 7], [24, 18, 45, 13], [26, 18, 46, 10], [20, 16, 47, 17]], "lambda_": 0.5, "b": [[60, 15, 10, 15], [66, 8, 10, 16], [64, 12, 13, 11], [60, 14, 14, 12], [59, 16, 14, 11], [71, 13, 6, 10], [58, 12, 9, 21], [62, 11, 13, 14], [68, 11, 11, 10], [56, 12, 16, 16], [63, 14, 14, 9], [65, 12, 7, 16], [32, 40, 14, 14], [10, 60, 16, 14], [18, 59, 9, 14], [13, 61, 15, 11], [13, 60, 10, 17], [9, 66, 14, 11], [9, 60, 13, 18], [9, 63, 13, 15], [15, 68, 12, 5], [13, 60, 14, 13], [17, 59, 11, 13], [13, 66, 13, 8], [13, 62, 14, 11], [9, 6, 75, 10], [10, 12, 65, 13], [13, 14, 60, 13], [11, 11, 64, 14], [8, 10, 65, 17], [18, 10, 55, 17], [12, 16, 59, 13], [14, 15, 57, 14], [12, 12, 62, 14], [11, 11, 63, 15], [16, 11, 67, 6], [12, 14, 68, 6], [11, 10, 44, 35], [6, 18, 14, 62], [13, 16, 16, 55], [14, 13, 7, 66], [11, 10, 18, 61], [16, 15, 11, 58], [7, 9, 13, 71], [15, 14, 14, 57], [19, 11, 12, 58], [14, 9, 9, 68], [13, 19, 9, 59], [15, 17, 8, 60], [16, 13, 10, 61]]}