{"M": 50, "G": 2, "I": 10, "J": 100, "p": [[0.22583551318107506, 0.05244391734544701, 0.23828791306220862, 0.0830378819242122, 0.07918654317132136, 0.016113585473482447, 0.2476139412938715, 0.0004136433711557334, 0.019304135128980132, 0.03776292604824567], [0.12006391970874336, 0.01749758429826078, 0.15791029373823773, 0.3255875480637148, 0.014215320954268749, 0.07226489473409196, 0.0007171069516003187, 0.03882296273202765, 0.003588015258526528, 0.24933235356052796]], "r": [[[17, 3, 14, 7, 10, 1, 16, 1, 1, 1], [6, 2, 3, 10, 0, 3, 0, 1, 0, 4]], [[14, 5, 21, 7, 6, 2, 17, 0, 4, 5], [3, 0, 3, 5, 0, 3, 0, 0, 0, 5]], [[19, 4, 15, 4, 7, 1, 25, 0, 2, 1], [1, 0, 6, 7, 0, 3, 0, 1, 0, 4]], [[11, 2, 18, 8, 6, 2, 22, 0, 2, 1], [5, 1, 3, 7, 0, 3, 0, 1, 0, 8]], [[14, 2, 24, 5, 5, 1, 17, 0, 2, 2], [8, 0, 5, 5, 0, 0, 0, 3, 0, 7]], [[28, 2, 13, 6, 8, 2, 15, 0, 3, 4], [3, 1, 6, 4, 1, 0, 0, 0, 0, 4]], [[22, 5, 17, 7, 4, 3, 11, 0, 1, 1], [4, 0, 6, 9, 0, 2, 0, 1, 0, 7]], [[26, 2, 12, 7, 7, 2, 16, 0, 2, 3], [3, 0, 3, 3, 0, 4, 0, 1, 1, 8]], [[10, 7, 12, 6, 6, 1, 30, 1, 2, 1], [6, 0, 5, 7, 0, 4, 0, 0, 0, 2]], [[18, 2, 23, 2, 7, 0, 19, 0, 1, 6], [1, 0, 4, 8, 0, 4, 0, 1, 0, 4]], [[17, 2, 16, 13, 4, 2, 24, 0, 2, 0], [4, 0, 3, 8, 2, 1, 0, 1, 0, 1]], [[13, 5, 22, 9, 3, 0, 25, 0, 1, 7], [1, 0, 3, 6, 0, 0, 0, 0, 0, 5]], [[19, 3, 22, 2, 6, 0, 10, 0, 1, 3], [4, 1, 8, 12, 0, 2, 0, 1, 0, 6]], [[16, 5, 18, 4, 3, 0, 24, 0, 0, 3], [3, 1, 3, 8, 0, 5, 0, 0, 0, 7]], [[14, 3, 12, 8, 9, 0, 19, 0, 1, 2], [4, 0, 3, 9, 1, 7, 0, 0, 0, 8]], [[22, 3, 13, 5, 9, 1, 15, 0, 1, 2], [4, 0, 11, 8, 0, 1, 0, 1, 1, 3]], [[20, 3, 22, 7, 5, 1, 17, 0, 0, 1], [5, 2, 4, 4, 0, 3, 0, 0, 0, 6]], [[17, 4, 13, 5, 5, 3, 17, 0, 1, 1], [7, 0, 3, 13, 1, 2, 0, 0, 0, 8]], [[20, 6, 19, 5, 8, 1, 17, 0, 1, 3], [5, 0, 3, 4, 0, 0, 0, 0, 0, 8]], [[13, 3, 22, 5, 5, 1, 17, 0, 4, 3], [2, 0, 5, 13, 0, 2, 0, 1, 0, 4]], [[18, 3, 15, 4, 9, 3, 17, 0, 5, 6], [3, 1, 2, 7, 1, 2, 0, 1, 0, 3]], [[18, 4, 23, 4, 5, 1, 17, 0, 2, 4], [1, 0, 4, 7, 0, 2, 0, 1, 0, 7]], [[11, 3, 12, 8, 8, 1, 18, 0, 2, 8], [2, 0, 5, 12, 1, 2, 0, 1, 0, 6]], [[20, 4, 14, 8, 5, 1, 20, 0, 2, 2], [2, 0, 3, 10, 0, 3, 0, 1, 0, 5]], [[17, 4, 17, 7, 6, 0, 19, 0, 1, 1], [2, 1, 5, 7, 0, 1, 0, 0, 0, 12]], [[4, 1, 4, 1, 3, 1, 7, 0, 1, 2], [15, 1, 10, 19, 0, 4, 0, 5, 0, 22]], [[10, 1, 6, 1, 0, 0, 5, 1, 1, 1], [8, 1, 13, 28, 1, 4, 0, 2, 0, 17]], [[5, 0, 8, 2, 2, 1, 7, 0, 1, 2], [9, 1, 12, 19, 1, 7, 0, 3, 0, 20]], [[4, 0, 6, 2, 4, 1, 1, 0, 1, 2], [11, 0, 11, 17, 4, 5, 0, 7, 1, 23]], [[5, 1, 10, 2, 0, 1, 4, 0, 0, 2], [10, 2, 12, 24, 0, 5, 0, 1, 0, 21]], [[4, 4, 5, 3, 6, 0, 13, 0, 1, 4], [9, 0, 9, 24, 0, 5, 0, 3, 0, 10]], [[8, 2, 5, 0, 3, 2, 3, 0, 0, 0], [6, 3, 19, 14, 1, 5, 0, 3, 0, 26]], [[7, 2, 9, 1, 2, 0, 7, 0, 1, 0], [12, 1, 8, 20, 1, 7, 0, 1, 0, 21]], [[7, 2, 7, 2, 4, 0, 7, 0, 1, 2], [9, 0, 10, 24, 1, 6, 0, 3, 0, 15]], [[8, 1, 8, 3, 2, 1, 2, 0, 0, 1], [10, 0, 12, 16, 1, 6, 0, 5, 1, 23]], [[0, 2, 5, 1, 2, 0, 12, 0, 0, 0], [8, 1, 10, 28, 1, 6, 0, 2, 0, 22]], [[7, 1, 1, 1, 3, 0, 7, 0, 1, 1], [8, 1, 12, 29, 0, 5, 0, 3, 0, 20]], [[7, 0, 4, 2, 2, 1, 2, 0, 0, 0], [9, 0, 10, 30, 2, 6, 0, 2, 0, 23]], [[4, 3, 4, 0, 1, 0, 1, 0, 1, 2], [12, 1, 12, 27, 0, 6, 0, 4, 0, 22]], [[3, 1, 4, 1, 4, 1, 10, 0, 0, 3], [9, 2, 9, 23, 1, 8, 0, 6, 1, 14]], [[7, 1, 3, 3, 4, 1, 8, 0, 0, 1], [7, 1, 8, 30, 1, 3, 0, 3, 1, 18]], [[4, 1, 12, 3, 5, 1, 4, 0, 2, 2], [13, 3, 10, 19, 1, 6, 2, 0, 0, 12]], [[3, 0, 7, 5, 2, 1, 3, 0, 2, 1], [12, 1, 11, 27, 0, 4, 0, 1, 2, 18]], [[4, 0, 4, 1, 1, 2, 7, 0, 2, 1], [13, 0, 11, 30, 0, 6, 0, 3, 0, 15]], [[6, 1, 6, 3, 4, 0, 4, 0, 2, 4], [6, 2, 11, 25, 0, 6, 0, 3, 2, 15]], [[5, 1, 7, 3, 0, 0, 6, 0, 0, 0], [9, 1, 16, 24, 0, 7, 0, 2, 0, 19]], [[7, 4, 9, 2, 1, 2, 4, 0, 1, 0], [11, 2, 8, 25, 1, 4, 0, 3, 0, 16]], [[2, 1, 5, 3, 2, 0, 7, 0, 0, 0], [7, 1, 15, 22, 2, 9, 0, 4, 0, 20]], [[5, 0, 6, 2, 0, 1, 6, 0, 0, 0], [9, 0, 13, 28, 1, 6, 0, 8, 0, 15]], [[4, 2, 5, 0, 1, 0, 8, 0, 1, 0], [9, 3, 8, 24, 0, 8, 0, 6, 0, 21]]], "n": [[23, 5, 17, 17, 10, 4, 16, 2, 1, 5], [17, 5, 24, 12, 6, 5, 17, 0, 4, 10], [20, 4, 21, 11, 7, 4, 25, 1, 2, 5], [16, 3, 21, 15, 6, 5, 22, 1, 2, 9], [22, 2, 29, 10, 5, 1, 17, 3, 2, 9], [31, 3, 19, 10, 9, 2, 15, 0, 3, 8], [26, 5, 23, 16, 4, 5, 11, 1, 1, 8], [29, 2, 15, 10, 7, 6, 16, 1, 3, 11], [16, 7, 17, 13, 6, 5, 30, 1, 2, 3], [19, 2, 27, 10, 7, 4, 19, 1, 1, 10], [21, 2, 19, 21, 6, 3, 24, 1, 2, 1], [14, 5, 25, 15, 3, 0, 25, 0, 1, 12], [23, 4, 30, 14, 6, 2, 10, 1, 1, 9], [19, 6, 21, 12, 3, 5, 24, 0, 0, 10], [18, 3, 15, 17, 10, 7, 19, 0, 1, 10], [26, 3, 24, 13, 9, 2, 15, 1, 2, 5], [25, 5, 26, 11, 5, 4, 17, 0, 0, 7], [24, 4, 16, 18, 6, 5, 17, 0, 1, 9], [25, 6, 22, 9, 8, 1, 17, 0, 1, 11], [15, 3, 27, 18, 5, 3, 17, 1, 4, 7], [21, 4, 17, 11, 10, 5, 17, 1, 5, 9], [19, 4, 27, 11, 5, 3, 17, 1, 2, 11], [13, 3, 17, 20, 9, 3, 18, 1, 2, 14], [22, 4, 17, 18, 5, 4, 20, 1, 2, 7], [19, 5, 22, 14, 6, 1, 19, 0, 1, 13], [19, 2, 14, 20, 3, 5, 7, 5, 1, 24], [18, 2, 19, 29, 1, 4, 5, 3, 1, 18], [14, 1, 20, 21, 3, 8, 7, 3, 1, 22], [15, 0, 17, 19, 8, 6, 1, 7, 2, 25], [15, 3, 22, 26, 0, 6, 4, 1, 0, 23], [13, 4, 14, 27, 6, 5, 13, 3, 1, 14], [14, 5, 24, 14, 4, 7, 3, 3, 0, 26], [19, 3, 17, 21, 3, 7, 7, 1, 1, 21], [16, 2, 17, 26, 5, 6, 7, 3, 1, 17], [18, 1, 20, 19, 3, 7, 2, 5, 1, 24], [8, 3, 15, 29, 3, 6, 12, 2, 0, 22], [15, 2, 13, 30, 3, 5, 7, 3, 1, 21], [16, 0, 14, 32, 4, 7, 2, 2, 0, 23], [16, 4, 16, 27, 1, 6, 1, 4, 1, 24], [12, 3, 13, 24, 5, 9, 10, 6, 1, 17], [14, 2, 11, 33, 5, 4, 8, 3, 1, 19], [17, 4, 22, 22, 6, 7, 6, 0, 2, 14], [15, 1, 18, 32, 2, 5, 3, 1, 4, 19], [17, 0, 15, 31, 1, 8, 7, 3, 2, 16], [12, 3, 17, 28, 4, 6, 4, 3, 4, 19], [14, 2, 23, 27, 0, 7, 6, 2, 0, 19], [18, 6, 17, 27, 2, 6, 4, 3, 1, 16], [9, 2, 20, 25, 4, 9, 7, 4, 0, 20], [14, 0, 19, 30, 1, 7, 6, 8, 0, 15], [13, 5, 13, 24, 1, 8, 8, 6, 1, 21]], "lambda_": 0.5, "b": [[71, 29], [81, 19], [78, 22], [72, 28], [72, 28], [81, 19], [71, 29], [77, 23], [76, 24], [78, 22], [80, 20], [85, 15], [66, 34], [73, 27], [68, 32], [71, 29], [76, 24], [66, 34], [80, 20], [73, 27], [80, 20], [78, 22], [71, 29], [76, 24], [72, 28], [24, 76], [26, 74], [28, 72], [21, 79], [25, 75], [40, 60], [23, 77], [29, 71], [32, 68], [26, 74], [22, 78], [22, 78], [18, 82], [16, 84], [27, 73], [28, 72], [34, 66], [24, 76], [22, 78], [30, 70], [22, 78], [30, 70], [20, 80], [20, 80], [21, 79]]}