{"M": 50, "G": 4, "I": 5, "J": 100, "p": [[0.33270219763981995, 0.07726068547811304, 0.351047145907638, 0.12233189286483045, 0.1166580781095984], [0.05016554341549052, 0.7708829262550136, 0.0012877732599235222, 0.06009850697133879, 0.11756525009823347], [0.18899528973896992, 0.02754333710080453, 0.2485701099066379, 0.5125146099758849, 0.022376653277702586], [0.19813511195609393, 0.001966156135183468, 0.1064443820984169, 0.0098375816856057, 0.6836167681247001]], "r": [[[18, 9, 23, 9, 5], [0, 5, 0, 1, 1], [7, 0, 2, 5, 0], [4, 0, 0, 0, 11]], [[18, 10, 18, 9, 8], [1, 12, 0, 0, 5], [4, 0, 2, 5, 0], [0, 0, 1, 0, 7]], [[19, 7, 18, 9, 5], [1, 15, 0, 2, 2], [1, 0, 3, 9, 0], [2, 0, 2, 0, 5]], [[17, 3, 29, 7, 7], [0, 5, 0, 3, 1], [4, 0, 4, 8, 0], [3, 0, 0, 0, 9]], [[22, 7, 18, 4, 6], [3, 8, 0, 1, 3], [6, 1, 1, 4, 1], [4, 0, 2, 0, 9]], [[29, 3, 19, 9, 7], [1, 11, 0, 0, 2], [5, 0, 4, 7, 0], [2, 0, 1, 0, 0]], [[25, 3, 20, 5, 5], [1, 11, 0, 1, 0], [1, 1, 6, 10, 0], [5, 0, 0, 0, 6]], [[26, 5, 22, 6, 6], [0, 7, 0, 1, 4], [4, 1, 1, 6, 0], [1, 0, 0, 0, 10]], [[15, 3, 23, 11, 11], [2, 11, 0, 0, 0], [7, 1, 2, 2, 0], [1, 0, 1, 0, 10]], [[17, 4, 20, 8, 10], [1, 16, 0, 0, 2], [1, 0, 2, 6, 0], [4, 0, 0, 0, 9]], [[20, 4, 29, 9, 8], [0, 8, 0, 2, 0], [1, 0, 6, 4, 0], [3, 0, 2, 0, 4]], [[21, 6, 21, 13, 12], [1, 8, 1, 1, 1], [1, 0, 1, 3, 0], [2, 0, 1, 0, 7]], [[10, 2, 15, 1, 3], [1, 30, 0, 2, 2], [6, 0, 6, 6, 1], [2, 0, 3, 1, 9]], [[5, 1, 4, 6, 4], [2, 43, 0, 4, 4], [2, 0, 1, 9, 1], [4, 0, 1, 0, 9]], [[4, 0, 6, 0, 0], [3, 43, 0, 6, 6], [4, 0, 2, 9, 0], [3, 0, 1, 0, 13]], [[4, 0, 7, 0, 5], [2, 45, 0, 5, 3], [3, 2, 3, 9, 0], [5, 1, 2, 0, 4]], [[4, 1, 3, 2, 0], [5, 50, 0, 6, 5], [6, 0, 4, 5, 0], [2, 0, 2, 0, 5]], [[3, 1, 5, 2, 0], [2, 46, 0, 3, 4], [3, 0, 8, 6, 0], [4, 0, 1, 0, 12]], [[5, 0, 6, 0, 1], [2, 57, 0, 2, 7], [2, 1, 3, 5, 0], [3, 0, 0, 0, 6]], [[3, 1, 4, 1, 2], [2, 47, 0, 6, 7], [1, 0, 7, 8, 0], [2, 0, 0, 0, 9]], [[5, 0, 5, 3, 0], [1, 48, 0, 5, 13], [1, 0, 3, 7, 0], [3, 0, 1, 0, 5]], [[6, 4, 1, 0, 2], [1, 50, 0, 4, 10], [2, 0, 6, 4, 1], [1, 0, 0, 0, 8]], [[3, 1, 6, 4, 2], [0, 40, 0, 2, 13], [0, 0, 1, 9, 1], [4, 0, 3, 0, 11]], [[3, 1, 6, 0, 3], [3, 50, 0, 5, 5], [2, 0, 2, 6, 0], [1, 0, 1, 1, 11]], [[4, 1, 4, 0, 1], [5, 44, 0, 5, 8], [2, 2, 2, 7, 2], [3, 0, 1, 0, 9]], [[3, 0, 2, 2, 2], [0, 12, 0, 1, 2], [17, 3, 11, 34, 6], [1, 0, 0, 0, 4]], [[7, 1, 2, 2, 0], [1, 8, 0, 1, 4], [11, 3, 17, 27, 0], [0, 0, 1, 0, 15]], [[4, 2, 4, 0, 3], [0, 11, 0, 2, 2], [10, 2, 17, 32, 0], [2, 0, 1, 0, 8]], [[2, 0, 3, 0, 1], [0, 13, 0, 0, 2], [10, 0, 9, 43, 1], [5, 0, 2, 0, 9]], [[5, 3, 4, 1, 3], [0, 8, 0, 0, 1], [15, 2, 19, 28, 3], [1, 0, 1, 0, 6]], [[3, 2, 10, 3, 6], [0, 14, 0, 0, 2], [10, 2, 17, 21, 1], [2, 0, 1, 1, 5]], [[5, 1, 3, 1, 0], [0, 13, 0, 0, 0], [13, 5, 13, 37, 1], [3, 0, 1, 0, 4]], [[4, 1, 6, 3, 0], [1, 11, 0, 1, 2], [13, 0, 10, 29, 1], [3, 0, 1, 0, 14]], [[6, 1, 4, 0, 3], [1, 13, 0, 2, 2], [12, 2, 15, 33, 1], [0, 0, 0, 1, 4]], [[5, 2, 3, 2, 0], [0, 13, 0, 0, 1], [11, 4, 12, 33, 1], [3, 0, 1, 0, 9]], [[4, 0, 1, 5, 2], [0, 8, 0, 0, 2], [12, 2, 12, 36, 3], [1, 0, 1, 0, 11]], [[3, 1, 1, 0, 3], [2, 8, 0, 3, 1], [10, 1, 20, 32, 1], [6, 0, 1, 0, 7]], [[3, 0, 3, 0, 1], [0, 11, 0, 0, 0], [7, 2, 7, 22, 4], [5, 0, 5, 0, 30]], [[6, 0, 1, 0, 2], [1, 4, 0, 1, 1], [3, 0, 2, 7, 1], [15, 0, 7, 1, 48]], [[1, 1, 6, 1, 2], [1, 11, 0, 0, 4], [2, 0, 3, 4, 0], [12, 0, 6, 0, 46]], [[3, 1, 4, 1, 1], [1, 13, 0, 1, 3], [1, 0, 3, 7, 0], [10, 0, 5, 1, 45]], [[3, 2, 10, 1, 4], [0, 11, 0, 1, 2], [3, 0, 2, 10, 0], [20, 0, 3, 0, 28]], [[2, 0, 7, 1, 2], [0, 11, 0, 0, 1], [2, 0, 1, 4, 0], [14, 0, 9, 0, 46]], [[4, 1, 5, 2, 0], [0, 5, 0, 0, 5], [0, 0, 2, 8, 0], [15, 0, 9, 1, 43]], [[4, 1, 6, 1, 6], [1, 9, 0, 1, 1], [3, 0, 1, 3, 0], [10, 0, 7, 0, 46]], [[2, 2, 4, 1, 1], [1, 10, 0, 0, 1], [3, 0, 1, 6, 0], [14, 1, 8, 0, 45]], [[9, 0, 2, 2, 2], [0, 14, 0, 0, 1], [0, 0, 1, 6, 0], [17, 0, 4, 1, 41]], [[2, 1, 4, 4, 1], [2, 6, 0, 0, 0], [1, 3, 3, 7, 1], [12, 0, 6, 0, 47]], [[4, 0, 3, 0, 0], [0, 11, 0, 0, 2], [1, 0, 2, 4, 1], [12, 0, 10, 0, 50]], [[3, 2, 5, 2, 1], [0, 8, 0, 0, 0], [3, 1, 2, 11, 0], [11, 0, 5, 1, 45]]], "n": [[29, 14, 25, 15, 17], [23, 22, 21, 14, 20], [23, 22, 23, 20, 12], [24, 8, 33, 18, 17], [35, 16, 21, 9, 19], [37, 14, 24, 16, 9], [32, 15, 26, 16, 11], [31, 13, 23, 13, 20], [25, 15, 26, 13, 21], [23, 20, 22, 14, 21], [24, 12, 37, 15, 12], [25, 14, 24, 17, 20], [19, 32, 24, 10, 15], [13, 44, 6, 19, 18], [14, 43, 9, 15, 19], [14, 48, 12, 14, 12], [17, 51, 9, 13, 10], [12, 47, 14, 11, 16], [12, 58, 9, 7, 14], [8, 48, 11, 15, 18], [10, 48, 9, 15, 18], [10, 54, 7, 8, 21], [7, 41, 10, 15, 27], [9, 51, 9, 12, 19], [14, 47, 7, 12, 20], [21, 15, 13, 37, 14], [19, 12, 20, 30, 19], [16, 15, 22, 34, 13], [17, 13, 14, 43, 13], [21, 13, 24, 29, 13], [15, 18, 28, 25, 14], [21, 19, 17, 38, 5], [21, 12, 17, 33, 17], [19, 16, 19, 36, 10], [19, 19, 16, 35, 11], [17, 10, 14, 41, 18], [21, 10, 22, 35, 12], [15, 13, 15, 22, 35], [25, 4, 10, 9, 52], [16, 12, 15, 5, 52], [15, 14, 12, 10, 49], [26, 13, 15, 12, 34], [18, 11, 17, 5, 49], [19, 6, 16, 11, 48], [18, 10, 14, 5, 53], [20, 13, 13, 7, 47], [26, 14, 7, 9, 44], [17, 10, 13, 11, 49], [17, 11, 15, 4, 53], [17, 11, 12, 14, 46]], "lambda_": 0.5, "b": [[64, 7, 14, 15], [63, 18, 11, 8], [58, 20, 13, 9], [63, 9, 16, 12], [57, 15, 13, 15], [67, 14, 16, 3], [58, 13, 18, 11], [65, 12, 12, 11], [63, 13, 12, 12], [59, 19, 9, 13], [70, 10, 11, 9], [73, 12, 5, 10], [31, 35, 19, 15], [20, 53, 13, 14], [10, 58, 15, 17], [16, 55, 17, 12], [10, 66, 15, 9], [11, 55, 17, 17], [12, 68, 11, 9], [11, 62, 16, 11], [13, 67, 11, 9], [13, 65, 13, 9], [16, 55, 11, 18], [13, 63, 10, 14], [10, 62, 15, 13], [9, 15, 71, 5], [12, 14, 58, 16], [13, 15, 61, 11], [6, 15, 63, 16], [16, 9, 67, 8], [24, 16, 51, 9], [10, 13, 69, 8], [14, 15, 53, 18], [14, 18, 63, 5], [12, 14, 61, 13], [12, 10, 65, 13], [8, 14, 64, 14], [7, 11, 42, 40], [9, 7, 13, 71], [11, 16, 9, 64], [10, 18, 11, 61], [20, 14, 15, 51], [12, 12, 7, 69], [12, 10, 10, 68], [18, 12, 7, 63], [10, 12, 10, 68], [15, 15, 7, 63], [12, 8, 15, 65], [7, 13, 8, 72], [13, 8, 17, 62]]}