{"M": 50, "G": 2, "I": 2, "J": 100, "p": [[0.956143597579845, 0.04385640242015506], [0.582620503431051, 0.41737949656894896]], "r": [[[70, 5], [17, 8]], [[78, 2], [15, 5]], [[77, 2], [14, 7]], [[74, 0], [22, 4]], [[75, 2], [11, 12]], [[71, 5], [11, 13]], [[73, 1], [17, 9]], [[68, 2], [15, 15]], [[72, 3], [19, 6]], [[71, 4], [18, 7]], [[70, 3], [20, 7]], [[68, 5], [10, 17]], [[73, 3], [15, 9]], [[65, 6], [13, 16]], [[75, 1], [16, 8]], [[75, 4], [9, 12]], [[67, 4], [20, 9]], [[64, 7], [19, 10]], [[72, 2], [13, 13]], [[70, 3], [19, 8]], [[69, 4], [14, 13]], [[72, 3], [15, 10]], [[75, 3], [10, 12]], [[73, 1], [16, 10]], [[72, 2], [13, 13]], [[27, 0], [39, 34]], [[25, 1], [36, 38]], [[26, 0], [42, 32]], [[27, 2], [40, 31]], [[23, 2], [47, 28]], [[15, 1], [53, 31]], [[23, 1], [48, 28]], [[32, 1], [39, 28]], [[24, 1], [47, 28]], [[24, 1], [40, 35]], [[28, 0], [47, 25]], [[22, 0], [47, 31]], [[27, 1], [43, 29]], [[25, 2], [40, 33]], [[22, 2], [45, 31]], [[22, 2], [38, 38]], [[25, 1], [46, 28]], [[18, 3], [50, 29]], [[31, 1], [43, 25]], [[20, 0], [51, 29]], [[25, 1], [44, 30]], [[20, 3], [48, 29]], [[14, 4], [52, 30]], [[28, 1], [46, 25]], [[31, 1], [40, 28]]], "n": [[87, 13], [93, 7], [91, 9], [96, 4], [86, 14], [82, 18], [90, 10], [83, 17], [91, 9], [89, 11], [90, 10], [78, 22], [88, 12], [78, 22], [91, 9], [84, 16], [87, 13], [83, 17], [85, 15], [89, 11], [83, 17], [87, 13], [85, 15], [89, 11], [85, 15], [66, 34], [61, 39], [68, 32], [67, 33], [70, 30], [68, 32], [71, 29], [71, 29], [71, 29], [64, 36], [75, 25], [69, 31], [70, 30], [65, 35], [67, 33], [60, 40], [71, 29], [68, 32], [74, 26], [71, 29], [69, 31], [68, 32], [66, 34], [74, 26], [71, 29]], "lambda_": 0.5, "b": [[75, 25], [80, 20], [79, 21], [74, 26], [77, 23], [76, 24], [74, 26], [70, 30], [75, 25], [75, 25], [73, 27], [73, 27], [76, 24], [71, 29], [76, 24], [79, 21], [71, 29], [71, 29], [74, 26], [73, 27], [73, 27], [75, 25], [78, 22], [74, 26], [74, 26], [27, 73], [26, 74], [26, 74], [29, 71], [25, 75], [16, 84], [24, 76], [33, 67], [25, 75], [25, 75], [28, 72], [22, 78], [28, 72], [27, 73], [24, 76], [24, 76], [26, 74], [21, 79], [32, 68], [20, 80], [26, 74], [23, 77], [18, 82], [29, 71], [32, 68]]}