{"M": 50, "G": 4, "I": 10, "J": 100, "p": [[0.015582156525603087, 0.1253866621015372, 0.028440975506022707, 0.0710115388820721, 0.0013664386086365743, 0.2336170641797074, 0.2149636867065295, 0.003163616866523588, 0.2927326537484272, 0.013735206874940618], [0.03368547224040415, 0.09400413427504466, 0.2912537774121661, 0.19328498797955979, 0.0002282245769971257, 0.07431880442283115, 0.08103090532955448, 0.06703298209526573, 0.14748154604349473, 0.017679165624682143], [0.20048479434601485, 0.002915070470011006, 0.02013701171867049, 0.017134292221539584, 0.05141589885777045, 0.15429323352817573, 0.08832820057182307, 0.23478377805692366, 0.047395008217637064, 0.18311271201143423], [0.08575477815766332, 0.0280620670905269, 0.028810319901014445, 0.2700700037876394, 0.06927653543005455, 0.21227562261024174, 0.10315021172868229, 0.1232506144474226, 0.03690785596159827, 0.04244199088515647]], "r": [[[2, 10, 0, 5, 0, 20, 19, 0, 18, 1], [1, 0, 1, 1, 0, 0, 3, 0, 3, 0], [3, 0, 0, 0, 1, 2, 0, 2, 0, 1], [0, 0, 0, 3, 1, 2, 1, 0, 0, 0]], [[1, 6, 3, 2, 1, 8, 11, 0, 20, 2], [1, 2, 6, 3, 0, 1, 0, 2, 3, 0], [3, 0, 0, 0, 2, 1, 2, 6, 1, 2], [0, 0, 0, 3, 3, 2, 1, 2, 0, 0]], [[1, 4, 6, 4, 0, 14, 15, 0, 12, 0], [0, 1, 5, 3, 0, 1, 1, 0, 0, 0], [4, 0, 0, 1, 0, 2, 1, 6, 0, 1], [1, 0, 0, 3, 0, 5, 4, 2, 3, 0]], [[0, 8, 3, 4, 0, 14, 8, 0, 23, 1], [1, 1, 5, 1, 0, 1, 1, 1, 2, 1], [4, 0, 1, 0, 2, 2, 3, 1, 2, 2], [1, 0, 0, 2, 1, 1, 0, 2, 1, 0]], [[1, 6, 1, 1, 0, 16, 16, 0, 19, 0], [0, 1, 4, 4, 0, 1, 1, 0, 2, 0], [1, 0, 0, 0, 1, 2, 0, 4, 2, 1], [3, 1, 0, 2, 0, 6, 2, 2, 0, 0]], [[0, 9, 2, 1, 0, 12, 15, 0, 20, 2], [0, 1, 3, 2, 0, 1, 1, 1, 1, 0], [5, 0, 0, 0, 0, 1, 1, 4, 1, 3], [2, 0, 0, 5, 1, 2, 1, 3, 0, 0]], [[1, 5, 1, 4, 0, 12, 8, 3, 20, 2], [2, 2, 3, 1, 0, 1, 1, 0, 6, 0], [5, 0, 0, 0, 0, 0, 2, 3, 0, 3], [2, 0, 0, 3, 0, 3, 3, 3, 1, 0]], [[2, 10, 1, 3, 0, 17, 12, 0, 18, 2], [0, 1, 2, 2, 0, 1, 0, 0, 3, 0], [4, 0, 0, 0, 1, 2, 2, 4, 1, 2], [0, 0, 0, 3, 0, 2, 4, 0, 0, 1]], [[1, 7, 1, 5, 0, 17, 15, 0, 21, 0], [0, 2, 4, 5, 0, 1, 0, 2, 0, 0], [0, 0, 0, 0, 0, 2, 2, 1, 1, 0], [0, 0, 0, 8, 0, 2, 1, 1, 0, 1]], [[0, 9, 2, 8, 1, 11, 19, 0, 17, 0], [3, 2, 3, 1, 0, 0, 0, 2, 2, 0], [2, 0, 1, 0, 2, 2, 0, 4, 0, 0], [1, 0, 0, 2, 1, 2, 1, 1, 0, 1]], [[0, 3, 1, 3, 0, 16, 19, 0, 18, 1], [1, 2, 5, 3, 0, 1, 0, 1, 0, 0], [4, 0, 0, 0, 1, 3, 1, 2, 2, 0], [1, 0, 0, 4, 3, 3, 1, 1, 0, 0]], [[2, 2, 1, 4, 0, 15, 12, 0, 22, 1], [0, 2, 4, 4, 0, 1, 0, 0, 3, 0], [2, 0, 0, 0, 0, 2, 2, 3, 1, 3], [2, 1, 0, 2, 0, 2, 2, 4, 0, 1]], [[2, 3, 1, 3, 0, 9, 9, 0, 10, 0], [1, 7, 15, 5, 0, 3, 3, 2, 3, 0], [4, 0, 0, 0, 0, 2, 0, 7, 0, 5], [2, 0, 0, 2, 0, 1, 0, 1, 0, 0]], [[0, 1, 0, 0, 0, 2, 5, 0, 2, 0], [1, 4, 26, 14, 0, 8, 4, 2, 11, 0], [3, 0, 1, 0, 0, 3, 2, 2, 1, 0], [1, 0, 0, 2, 0, 2, 2, 1, 0, 0]], [[0, 1, 0, 2, 0, 3, 5, 0, 4, 0], [2, 8, 19, 8, 0, 3, 2, 6, 15, 0], [1, 0, 0, 0, 2, 1, 1, 4, 1, 3], [0, 2, 0, 3, 1, 2, 0, 1, 0, 0]], [[0, 0, 2, 0, 0, 2, 1, 0, 3, 0], [3, 4, 22, 13, 0, 7, 7, 4, 5, 4], [3, 0, 0, 1, 3, 1, 1, 3, 1, 1], [1, 1, 0, 3, 0, 1, 1, 2, 0, 0]], [[1, 1, 0, 0, 0, 1, 2, 0, 3, 0], [1, 5, 23, 10, 0, 3, 3, 6, 9, 2], [3, 0, 0, 0, 1, 2, 3, 2, 0, 4], [2, 2, 2, 4, 0, 2, 0, 3, 0, 0]], [[1, 0, 0, 1, 0, 4, 5, 0, 4, 0], [1, 6, 20, 10, 0, 4, 3, 2, 13, 3], [3, 0, 0, 0, 0, 2, 1, 6, 0, 2], [0, 1, 0, 1, 0, 2, 0, 5, 0, 0]], [[0, 5, 1, 1, 0, 3, 1, 0, 6, 0], [1, 5, 20, 12, 0, 7, 4, 3, 10, 1], [3, 0, 0, 0, 0, 1, 3, 4, 0, 1], [1, 1, 0, 0, 1, 2, 0, 2, 1, 0]], [[0, 2, 1, 2, 0, 3, 1, 0, 4, 0], [4, 8, 18, 13, 0, 4, 3, 5, 9, 1], [3, 0, 1, 0, 0, 4, 0, 4, 0, 0], [0, 1, 0, 4, 0, 3, 1, 0, 1, 0]], [[0, 2, 2, 0, 0, 3, 6, 0, 1, 0], [2, 5, 29, 10, 0, 2, 5, 4, 7, 1], [4, 0, 0, 1, 0, 1, 2, 1, 0, 1], [0, 1, 1, 0, 0, 4, 2, 2, 0, 1]], [[0, 2, 0, 1, 0, 2, 3, 0, 6, 0], [3, 4, 14, 10, 0, 7, 5, 3, 8, 1], [2, 0, 0, 1, 0, 3, 1, 1, 1, 1], [3, 0, 0, 7, 1, 3, 3, 3, 1, 0]], [[0, 1, 1, 1, 0, 2, 5, 0, 2, 0], [4, 4, 11, 20, 0, 4, 5, 3, 12, 0], [5, 1, 1, 0, 1, 0, 0, 4, 2, 3], [0, 0, 0, 5, 0, 1, 0, 0, 1, 1]], [[0, 0, 0, 3, 0, 5, 4, 0, 6, 0], [2, 8, 23, 11, 0, 4, 7, 2, 2, 1], [2, 0, 0, 0, 1, 0, 0, 3, 0, 1], [2, 0, 1, 5, 1, 1, 2, 2, 0, 1]], [[0, 1, 0, 1, 0, 4, 3, 0, 4, 0], [0, 4, 30, 4, 0, 5, 8, 2, 9, 1], [3, 0, 0, 1, 0, 4, 0, 1, 0, 2], [2, 0, 0, 3, 1, 2, 3, 1, 1, 0]], [[1, 0, 1, 1, 0, 6, 2, 0, 5, 1], [0, 3, 6, 1, 0, 1, 0, 0, 1, 0], [17, 0, 1, 2, 3, 10, 5, 10, 5, 7], [2, 1, 0, 2, 0, 1, 2, 2, 1, 0]], [[0, 2, 0, 1, 0, 6, 3, 0, 2, 0], [1, 1, 3, 2, 0, 2, 1, 2, 1, 0], [11, 1, 0, 2, 1, 13, 5, 13, 1, 12], [1, 0, 0, 5, 0, 2, 4, 0, 2, 0]], [[0, 0, 1, 1, 0, 1, 3, 0, 1, 0], [1, 1, 4, 3, 0, 0, 2, 2, 0, 0], [13, 1, 1, 2, 5, 11, 7, 13, 1, 11], [3, 0, 0, 4, 0, 4, 3, 1, 0, 0]], [[0, 2, 0, 0, 0, 1, 2, 0, 2, 0], [0, 1, 3, 2, 0, 3, 0, 0, 1, 1], [14, 0, 0, 3, 1, 10, 7, 11, 6, 13], [5, 1, 1, 2, 0, 5, 3, 0, 0, 0]], [[0, 1, 1, 0, 0, 5, 2, 1, 3, 1], [0, 1, 2, 4, 0, 1, 1, 0, 2, 0], [14, 0, 2, 2, 4, 15, 6, 11, 2, 11], [1, 1, 0, 1, 1, 2, 0, 1, 1, 0]], [[1, 1, 1, 2, 0, 7, 6, 0, 5, 1], [0, 1, 6, 1, 0, 1, 1, 0, 2, 0], [6, 0, 1, 0, 4, 10, 10, 14, 0, 9], [1, 0, 0, 3, 1, 3, 0, 1, 1, 0]], [[0, 2, 0, 1, 0, 2, 2, 0, 2, 0], [0, 1, 3, 4, 0, 1, 0, 3, 3, 0], [12, 0, 1, 1, 4, 16, 2, 18, 0, 9], [1, 0, 0, 4, 1, 3, 0, 2, 0, 2]], [[2, 2, 1, 3, 0, 3, 1, 0, 5, 0], [0, 4, 5, 0, 0, 0, 0, 2, 0, 1], [18, 0, 1, 3, 3, 6, 2, 9, 7, 13], [1, 0, 0, 1, 0, 3, 3, 0, 0, 1]], [[1, 0, 0, 0, 0, 1, 5, 0, 3, 0], [1, 1, 6, 2, 0, 1, 0, 1, 1, 0], [10, 0, 3, 1, 2, 13, 4, 15, 4, 14], [0, 1, 0, 2, 0, 4, 0, 1, 3, 0]], [[0, 2, 0, 0, 0, 3, 2, 0, 3, 0], [1, 5, 5, 1, 0, 0, 0, 0, 3, 0], [8, 0, 0, 1, 5, 13, 6, 15, 3, 10], [1, 2, 0, 2, 3, 3, 2, 1, 0, 0]], [[0, 0, 0, 0, 0, 3, 4, 0, 2, 0], [0, 1, 2, 4, 0, 0, 1, 0, 1, 0], [18, 0, 0, 1, 0, 12, 2, 21, 4, 7], [1, 0, 1, 3, 1, 3, 2, 3, 1, 2]], [[0, 2, 0, 0, 0, 4, 4, 0, 4, 0], [2, 1, 2, 1, 0, 2, 0, 0, 1, 0], [20, 0, 1, 2, 4, 8, 4, 15, 2, 12], [1, 0, 2, 2, 1, 0, 1, 1, 0, 1]], [[0, 1, 1, 2, 1, 1, 4, 0, 0, 0], [0, 0, 5, 2, 0, 1, 2, 1, 0, 0], [4, 0, 0, 0, 3, 10, 2, 9, 0, 10], [5, 1, 1, 8, 2, 7, 6, 8, 2, 1]], [[0, 3, 0, 0, 0, 1, 3, 0, 4, 0], [1, 2, 3, 3, 0, 1, 0, 0, 0, 0], [2, 0, 0, 0, 0, 1, 1, 3, 2, 2], [7, 2, 1, 16, 6, 10, 9, 10, 1, 6]], [[0, 0, 0, 1, 0, 4, 3, 0, 6, 0], [2, 0, 2, 2, 0, 3, 1, 0, 3, 0], [1, 0, 0, 0, 1, 5, 2, 2, 0, 1], [6, 1, 1, 16, 3, 15, 5, 10, 1, 3]], [[0, 2, 0, 1, 0, 4, 3, 0, 4, 1], [0, 0, 3, 3, 0, 0, 1, 1, 4, 0], [1, 0, 0, 0, 0, 3, 2, 2, 1, 1], [1, 1, 1, 17, 5, 18, 7, 6, 2, 5]], [[0, 1, 2, 0, 0, 6, 1, 0, 2, 1], [0, 1, 4, 1, 0, 0, 0, 0, 0, 1], [0, 0, 0, 0, 0, 2, 0, 3, 0, 6], [4, 2, 2, 18, 4, 16, 5, 10, 4, 4]], [[0, 3, 0, 0, 0, 3, 1, 1, 3, 0], [0, 0, 4, 1, 0, 1, 0, 0, 5, 0], [2, 0, 0, 1, 2, 1, 0, 3, 0, 3], [7, 2, 0, 18, 7, 9, 9, 8, 0, 6]], [[0, 2, 0, 2, 0, 2, 2, 0, 5, 0], [1, 2, 8, 3, 0, 0, 0, 1, 0, 0], [2, 0, 0, 0, 1, 2, 0, 8, 0, 3], [2, 1, 2, 20, 4, 9, 4, 6, 4, 4]], [[0, 1, 2, 0, 0, 4, 4, 0, 5, 0], [0, 1, 3, 3, 0, 2, 1, 1, 1, 1], [2, 0, 0, 0, 0, 4, 1, 1, 0, 2], [6, 2, 0, 17, 3, 11, 11, 7, 0, 4]], [[0, 0, 0, 1, 0, 6, 3, 0, 4, 0], [1, 1, 5, 3, 0, 0, 1, 1, 1, 0], [3, 1, 0, 1, 0, 4, 2, 2, 0, 1], [4, 4, 3, 15, 6, 6, 5, 10, 3, 3]], [[0, 0, 0, 0, 0, 2, 2, 0, 4, 0], [1, 0, 6, 1, 0, 0, 1, 0, 2, 0], [1, 1, 0, 0, 0, 1, 2, 4, 0, 1], [5, 2, 2, 20, 1, 16, 10, 11, 0, 4]], [[0, 2, 0, 1, 0, 7, 2, 0, 6, 1], [0, 0, 2, 3, 0, 1, 1, 1, 0, 0], [2, 0, 0, 0, 2, 2, 1, 4, 1, 0], [1, 5, 2, 16, 7, 13, 6, 5, 3, 3]], [[0, 0, 0, 1, 0, 0, 3, 0, 3, 0], [0, 0, 3, 2, 0, 2, 1, 1, 1, 1], [0, 0, 0, 0, 0, 2, 1, 2, 3, 3], [4, 5, 3, 20, 3, 21, 4, 7, 2, 2]], [[0, 0, 0, 2, 0, 5, 2, 0, 4, 0], [0, 1, 5, 4, 0, 2, 2, 1, 2, 0], [1, 0, 0, 1, 0, 0, 1, 2, 1, 1], [3, 4, 2, 17, 7, 14, 6, 7, 1, 2]]],