{"M": 50, "G": 2, "I": 5, "J": 100, "p": [[0.33270219763981995, 0.07726068547811304, 0.351047145907638, 0.12233189286483045, 0.1166580781095984], [0.05016554341549052, 0.7708829262550136, 0.0012877732599235222, 0.06009850697133879, 0.11756525009823347]], "r": [[[21, 6, 33, 8, 10], [2, 15, 0, 0, 5]], [[21, 6, 19, 10, 9], [0, 32, 0, 0, 3]], [[30, 8, 27, 12, 4], [1, 17, 0, 0, 1]], [[24, 5, 33, 13, 10], [2, 11, 0, 2, 0]], [[27, 6, 17, 10, 16], [1, 15, 0, 3, 5]], [[30, 7, 23, 7, 6], [1, 19, 0, 3, 4]], [[27, 4, 30, 8, 10], [0, 19, 0, 1, 1]], [[33, 6, 30, 4, 8], [0, 19, 0, 0, 0]], [[22, 2, 31, 12, 11], [0, 16, 0, 5, 1]], [[19, 6, 23, 15, 13], [1, 21, 0, 0, 2]], [[28, 5, 29, 7, 6], [1, 22, 0, 1, 1]], [[24, 7, 24, 5, 15], [5, 17, 0, 1, 2]], [[25, 11, 28, 3, 5], [4, 19, 0, 2, 3]], [[24, 7, 20, 9, 7], [1, 27, 0, 1, 4]], [[23, 4, 29, 10, 9], [2, 18, 0, 1, 4]], [[30, 6, 19, 8, 6], [6, 18, 0, 2, 5]], [[30, 1, 24, 8, 9], [2, 20, 0, 5, 1]], [[26, 8, 28, 13, 5], [1, 18, 0, 0, 1]], [[29, 9, 19, 9, 11], [1, 19, 0, 1, 2]], [[19, 3, 30, 11, 12], [1, 16, 0, 2, 6]], [[21, 6, 34, 10, 10], [0, 16, 0, 1, 2]], [[21, 6, 20, 11, 9], [2, 26, 0, 3, 2]], [[27, 4, 21, 8, 14], [2, 18, 0, 1, 5]], [[24, 6, 29, 10, 8], [2, 19, 0, 2, 0]], [[17, 10, 26, 13, 12], [2, 18, 0, 1, 1]], [[2, 2, 9, 2, 2], [7, 60, 0, 4, 12]], [[14, 2, 7, 3, 2], [6, 48, 0, 5, 13]], [[16, 1, 3, 1, 2], [4, 59, 0, 5, 9]], [[6, 2, 5, 4, 4], [5, 57, 0, 3, 14]], [[8, 4, 16, 2, 1], [6, 56, 0, 2, 5]], [[16, 4, 16, 8, 0], [2, 45, 0, 2, 7]], [[7, 0, 11, 2, 4], [3, 58, 0, 7, 8]], [[7, 2, 9, 5, 1], [2, 55, 0, 8, 11]], [[6, 2, 11, 2, 4], [4, 62, 1, 2, 6]], [[12, 2, 5, 3, 3], [3, 56, 0, 5, 11]], [[5, 3, 10, 1, 2], [7, 63, 0, 2, 7]], [[8, 4, 8, 1, 3], [3, 57, 0, 8, 8]], [[9, 2, 7, 1, 3], [3, 60, 0, 4, 11]], [[5, 3, 9, 2, 2], [6, 59, 0, 4, 10]], [[11, 0, 9, 4, 4], [5, 56, 0, 1, 10]], [[11, 3, 8, 3, 6], [3, 53, 1, 4, 8]], [[8, 1, 13, 5, 3], [6, 53, 0, 6, 5]], [[5, 5, 6, 3, 3], [4, 58, 0, 4, 12]], [[6, 2, 6, 6, 3], [2, 61, 0, 2, 12]], [[10, 3, 10, 3, 1], [4, 56, 0, 2, 11]], [[8, 2, 10, 3, 3], [4, 56, 0, 5, 9]], [[8, 2, 5, 1, 6], [5, 56, 0, 2, 15]], [[5, 3, 5, 2, 7], [3, 67, 0, 3, 5]], [[6, 0, 7, 2, 1], [2, 65, 0, 7, 10]], [[6, 1, 7, 2, 3], [6, 59, 0, 3, 13]]], "n": [[23, 21, 33, 8, 15], [21, 38, 19, 10, 12], [31, 25, 27, 12, 5], [26, 16, 33, 15, 10], [28, 21, 17, 13, 21], [31, 26, 23, 10, 10], [27, 23, 30, 9, 11], [33, 25, 30, 4, 8], [22, 18, 31, 17, 12], [20, 27, 23, 15, 15], [29, 27, 29, 8, 7], [29, 24, 24, 6, 17], [29, 30, 28, 5, 8], [25, 34, 20, 10, 11], [25, 22, 29, 11, 13], [36, 24, 19, 10, 11], [32, 21, 24, 13, 10], [27, 26, 28, 13, 6], [30, 28, 19, 10, 13], [20, 19, 30, 13, 18], [21, 22, 34, 11, 12], [23, 32, 20, 14, 11], [29, 22, 21, 9, 19], [26, 25, 29, 12, 8], [19, 28, 26, 14, 13], [9, 62, 9, 6, 14], [20, 50, 7, 8, 15], [20, 60, 3, 6, 11], [11, 59, 5, 7, 18], [14, 60, 16, 4, 6], [18, 49, 16, 10, 7], [10, 58, 11, 9, 12], [9, 57, 9, 13, 12], [10, 64, 12, 4, 10], [15, 58, 5, 8, 14], [12, 66, 10, 3, 9], [11, 61, 8, 9, 11], [12, 62, 7, 5, 14], [11, 62, 9, 6, 12], [16, 56, 9, 5, 14], [14, 56, 9, 7, 14], [14, 54, 13, 11, 8], [9, 63, 6, 7, 15], [8, 63, 6, 8, 15], [14, 59, 10, 5, 12], [12, 58, 10, 8, 12], [13, 58, 5, 3, 21], [8, 70, 5, 5, 12], [8, 65, 7, 9, 11], [12, 60, 7, 5, 16]], "lambda_": 0.5, "b": [[78, 22], [65, 35], [81, 19], [85, 15], [76, 24], [73, 27], [79, 21], [81, 19], [78, 22], [76, 24], [75, 25], [75, 25], [72, 28], [67, 33], [75, 25], [69, 31], [72, 28], [80, 20], [77, 23], [75, 25], [81, 19], [67, 33], [74, 26], [77, 23], [78, 22], [17, 83], [28, 72], [23, 77], [21, 79], [31, 69], [44, 56], [24, 76], [24, 76], [25, 75], [25, 75], [21, 79], [24, 76], [22, 78], [21, 79], [28, 72], [31, 69], [30, 70], [22, 78], [23, 77], [27, 73], [26, 74], [22, 78], [22, 78], [16, 84], [19, 81]]}