{"M": 50, "G": 2, "I": 2, "J": 100, "p": [[0.8470124660378928, 0.15298753396210726], [0.9758588129245778, 0.02414118707542222]], "r": [[[64, 10], [25, 1]], [[61, 10], [29, 0]], [[65, 14], [21, 0]], [[57, 19], [24, 0]], [[64, 14], [22, 0]], [[66, 11], [21, 2]], [[68, 12], [18, 2]], [[60, 14], [26, 0]], [[66, 11], [21, 2]], [[61, 18], [21, 0]], [[60, 9], [30, 1]], [[59, 13], [28, 0]], [[67, 8], [25, 0]], [[61, 15], [22, 2]], [[60, 19], [21, 0]], [[55, 12], [32, 1]], [[61, 11], [26, 2]], [[65, 15], [20, 0]], [[61, 12], [27, 0]], [[64, 15], [21, 0]], [[66, 7], [26, 1]], [[65, 10], [23, 2]], [[65, 12], [22, 1]], [[57, 12], [30, 1]], [[65, 10], [23, 2]], [[29, 6], [65, 0]], [[15, 1], [80, 4]], [[16, 4], [79, 1]], [[19, 4], [77, 0]], [[28, 2], [69, 1]], [[27, 5], [67, 1]], [[23, 3], [73, 1]], [[14, 2], [81, 3]], [[13, 5], [80, 2]], [[23, 4], [71, 2]], [[21, 2], [76, 1]], [[31, 1], [66, 2]], [[23, 2], [75, 0]], [[30, 4], [62, 4]], [[24, 2], [73, 1]], [[26, 5], [66, 3]], [[20, 2], [76, 2]], [[30, 3], [66, 1]], [[26, 0], [74, 0]], [[19, 1], [77, 3]], [[23, 2], [75, 0]], [[16, 9], [72, 3]], [[18, 6], [73, 3]], [[15, 5], [79, 1]], [[17, 0], [78, 5]]], "n": [[89, 11], [90, 10], [86, 14], [81, 19], [86, 14], [87, 13], [86, 14], [86, 14], [87, 13], [82, 18], [90, 10], [87, 13], [92, 8], [83, 17], [81, 19], [87, 13], [87, 13], [85, 15], [88, 12], [85, 15], [92, 8], [88, 12], [87, 13], [87, 13], [88, 12], [94, 6], [95, 5], [95, 5], [96, 4], [97, 3], [94, 6], [96, 4], [95, 5], [93, 7], [94, 6], [97, 3], [97, 3], [98, 2], [92, 8], [97, 3], [92, 8], [96, 4], [96, 4], [100, 0], [96, 4], [98, 2], [88, 12], [91, 9], [94, 6], [95, 5]], "lambda_": 0.5, "b": [[74, 26], [71, 29], [79, 21], [76, 24], [78, 22], [77, 23], [80, 20], [74, 26], [77, 23], [79, 21], [69, 31], [72, 28], [75, 25], [76, 24], [79, 21], [67, 33], [72, 28], [80, 20], [73, 27], [79, 21], [73, 27], [75, 25], [77, 23], [69, 31], [75, 25], [35, 65], [16, 84], [20, 80], [23, 77], [30, 70], [32, 68], [26, 74], [16, 84], [18, 82], [27, 73], [23, 77], [32, 68], [25, 75], [34, 66], [26, 74], [31, 69], [22, 78], [33, 67], [26, 74], [20, 80], [25, 75], [25, 75], [24, 76], [20, 80], [17, 83]]}