{"M": 50, "G": 4, "I": 4, "J": 100, "p": [[0.05216688931614263, 0.7281016304927765, 0.14416663056927898, 0.07556484962180193], [0.12400640059949905, 0.02668600193265709, 0.34330120696457905, 0.5060063905032649], [0.664535329822959, 0.1652827843843414, 0.03981972017986964, 0.1303621656128299], [0.422084773790076, 0.14271573291742995, 0.06461080343819006, 0.3705886898543041]], "r": [[[2, 44, 10, 6], [1, 1, 4, 11], [5, 3, 1, 3], [4, 3, 2, 0]], [[3, 56, 9, 2], [1, 0, 3, 4], [7, 2, 0, 0], [9, 2, 0, 2]], [[2, 37, 7, 6], [2, 0, 7, 3], [17, 2, 0, 1], [7, 2, 2, 5]], [[4, 42, 7, 3], [4, 0, 4, 6], [15, 3, 1, 2], [3, 2, 0, 4]], [[5, 50, 5, 4], [1, 0, 4, 7], [11, 0, 2, 0], [5, 1, 0, 5]], [[0, 43, 6, 3], [0, 0, 4, 6], [5, 4, 5, 4], [11, 1, 1, 7]], [[2, 43, 8, 8], [1, 0, 2, 9], [10, 1, 1, 2], [2, 1, 0, 10]], [[2, 45, 7, 4], [3, 0, 4, 6], [9, 0, 0, 4], [7, 2, 2, 5]], [[3, 48, 5, 4], [2, 0, 4, 7], [11, 0, 0, 0], [7, 4, 1, 4]], [[3, 49, 14, 4], [1, 0, 5, 8], [5, 3, 0, 0], [2, 1, 0, 5]], [[3, 51, 6, 5], [2, 0, 2, 9], [8, 1, 0, 3], [3, 0, 1, 6]], [[6, 41, 7, 6], [3, 0, 3, 10], [4, 2, 0, 1], [7, 2, 0, 8]], [[1, 27, 8, 3], [4, 0, 18, 18], [7, 0, 0, 1], [7, 1, 0, 5]], [[0, 14, 1, 0], [7, 0, 20, 36], [5, 3, 0, 2], [6, 1, 0, 5]], [[1, 11, 1, 2], [5, 0, 34, 30], [3, 0, 1, 3], [4, 2, 1, 2]], [[0, 5, 2, 0], [7, 1, 28, 35], [8, 0, 0, 2], [8, 1, 0, 3]], [[0, 6, 1, 2], [5, 3, 20, 35], [9, 4, 0, 2], [5, 3, 0, 5]], [[1, 7, 2, 3], [4, 1, 24, 34], [6, 1, 2, 1], [6, 2, 1, 5]], [[2, 8, 3, 2], [8, 1, 22, 29], [8, 1, 0, 0], [9, 1, 2, 4]], [[0, 6, 2, 0], [7, 5, 25, 34], [6, 2, 0, 1], [5, 2, 1, 4]], [[0, 6, 2, 0], [7, 1, 26, 34], [8, 1, 0, 4], [5, 4, 0, 2]], [[0, 9, 2, 0], [6, 3, 17, 33], [9, 1, 1, 2], [5, 1, 0, 11]], [[0, 15, 2, 0], [4, 1, 22, 30], [4, 3, 2, 1], [3, 5, 3, 5]], [[2, 11, 1, 0], [12, 0, 18, 34], [9, 1, 0, 1], [5, 0, 0, 6]], [[2, 9, 3, 0], [9, 3, 14, 33], [7, 4, 0, 2], [7, 3, 0, 4]], [[3, 9, 2, 0], [2, 1, 5, 6], [43, 8, 2, 4], [8, 1, 2, 4]], [[2, 9, 3, 0], [1, 0, 3, 9], [45, 10, 1, 4], [5, 0, 0, 8]], [[2, 12, 1, 0], [0, 0, 6, 5], [55, 6, 1, 5], [3, 0, 0, 4]], [[1, 16, 1, 2], [2, 0, 4, 5], [39, 10, 2, 9], [4, 1, 1, 3]], [[1, 10, 2, 1], [0, 1, 5, 7], [36, 13, 3, 11], [4, 0, 1, 5]], [[0, 7, 3, 1], [1, 0, 4, 4], [49, 12, 1, 10], [2, 3, 1, 2]], [[1, 7, 1, 2], [2, 0, 2, 4], [47, 12, 4, 5], [5, 2, 0, 6]], [[1, 12, 0, 1], [2, 1, 5, 3], [38, 10, 2, 9], [9, 0, 0, 7]], [[0, 8, 2, 1], [1, 0, 4, 6], [40, 9, 1, 12], [8, 2, 1, 5]], [[0, 11, 3, 0], [0, 0, 5, 3], [36, 15, 3, 14], [6, 2, 0, 2]], [[1, 10, 0, 3], [1, 0, 4, 7], [39, 13, 2, 7], [4, 1, 2, 6]], [[1, 9, 2, 0], [1, 1, 4, 2], [47, 8, 1, 8], [9, 2, 0, 5]], [[0, 10, 2, 3], [4, 0, 9, 5], [26, 3, 2, 0], [15, 6, 2, 13]], [[1, 12, 3, 0], [2, 2, 4, 3], [8, 3, 1, 1], [27, 4, 2, 27]], [[0, 9, 2, 2], [1, 0, 4, 9], [9, 1, 0, 1], [31, 9, 3, 19]], [[0, 5, 3, 0], [1, 0, 4, 10], [10, 4, 0, 4], [23, 9, 2, 25]], [[0, 9, 2, 1], [2, 0, 3, 7], [9, 1, 0, 3], [25, 7, 3, 28]], [[1, 14, 0, 1], [1, 0, 5, 4], [7, 0, 1, 2], [25, 8, 5, 26]], [[1, 12, 0, 0], [2, 0, 5, 3], [11, 7, 1, 3], [22, 16, 0, 17]], [[0, 15, 1, 0], [1, 0, 2, 5], [2, 1, 1, 2], [29, 9, 3, 29]], [[0, 5, 2, 0], [2, 0, 3, 10], [6, 3, 0, 1], [26, 7, 2, 33]], [[1, 9, 3, 0], [0, 0, 8, 2], [10, 2, 1, 2], [36, 6, 4, 16]], [[0, 11, 1, 1], [4, 1, 4, 9], [7, 2, 1, 2], [32, 5, 2, 18]], [[2, 11, 3, 1], [4, 0, 2, 3], [9, 2, 0, 0], [29, 6, 5, 23]], [[0, 10, 4, 0], [2, 0, 2, 6], [14, 3, 1, 3], [22, 6, 4, 23]]], "n": [[12, 51, 17, 20], [20, 60, 12, 8], [28, 41, 16, 15], [26, 47, 12, 15], [22, 51, 11, 16], [16, 48, 16, 20], [15, 45, 11, 29], [21, 47, 13, 19], [23, 52, 10, 15], [11, 53, 19, 17], [16, 52, 9, 23], [20, 45, 10, 25], [19, 28, 26, 27], [18, 18, 21, 43], [13, 13, 37, 37], [23, 7, 30, 40], [19, 16, 21, 44], [17, 11, 29, 43], [27, 11, 27, 35], [18, 15, 28, 39], [20, 12, 28, 40], [20, 14, 20, 46], [11, 24, 29, 36], [28, 12, 19, 41], [25, 19, 17, 39], [56, 19, 11, 14], [53, 19, 7, 21], [60, 18, 8, 14], [46, 27, 8, 19], [41, 24, 11, 24], [52, 22, 9, 17], [55, 21, 7, 17], [50, 23, 7, 20], [49, 19, 8, 24], [42, 28, 11, 19], [45, 24, 8, 23], [58, 20, 7, 15], [45, 19, 15, 21], [38, 21, 10, 31], [41, 19, 9, 31], [34, 18, 9, 39], [36, 17, 8, 39], [34, 22, 11, 33], [36, 35, 6, 23], [32, 25, 7, 36], [34, 15, 7, 44], [47, 17, 16, 20], [43, 19, 8, 30], [44, 19, 10, 27], [38, 19, 11, 32]], "lambda_": 0.5, "b": [[62, 17, 12, 9], [70, 8, 9, 13], [52, 12, 20, 16], [56, 14, 21, 9], [64, 12, 13, 11], [52, 10, 18, 20], [61, 12, 14, 13], [58, 13, 13, 16], [60, 13, 11, 16], [70, 14, 8, 8], [65, 13, 12, 10], [60, 16, 7, 17], [39, 40, 8, 13], [15, 63, 10, 12], [15, 69, 7, 9], [7, 71, 10, 12], [9, 63, 15, 13], [13, 63, 10, 14], [15, 60, 9, 16], [8, 71, 9, 12], [8, 68, 13, 11], [11, 59, 13, 17], [17, 57, 10, 16], [14, 64, 11, 11], [14, 59, 13, 14], [14, 14, 57, 15], [14, 13, 60, 13], [15, 11, 67, 7], [20, 11, 60, 9], [14, 13, 63, 10], [11, 9, 72, 8], [11, 8, 68, 13], [14, 11, 59, 16], [11, 11, 62, 16], [14, 8, 68, 10], [14, 12, 61, 13], [12, 8, 64, 16], [15, 18, 31, 36], [16, 11, 13, 60], [13, 14, 11, 62], [8, 15, 18, 59], [12, 12, 13, 63], [16, 10, 10, 64], [13, 10, 22, 55], [16, 8, 6, 70], [7, 15, 10, 68], [13, 10, 15, 62], [13, 18, 12, 57], [17, 9, 11, 63], [14, 10, 21, 55]]}