{"M": 50, "G": 4, "I": 2, "J": 100, "p": [[0.37404082947384554, 0.6259591705261546], [0.7288158454509142, 0.2711841545490858], [0.9585196963066358, 0.04148030369336419], [0.5223576861625034, 0.47764231383749667]], "r": [[[21, 41], [12, 1], [9, 2], [8, 6]], [[27, 32], [11, 8], [11, 1], [7, 3]], [[21, 41], [11, 6], [8, 1], [7, 5]], [[23, 41], [8, 4], [10, 1], [8, 5]], [[22, 41], [10, 5], [8, 0], [8, 6]], [[18, 41], [8, 2], [18, 2], [9, 2]], [[27, 33], [8, 2], [11, 1], [9, 9]], [[18, 40], [9, 1], [15, 0], [10, 7]], [[19, 49], [10, 2], [8, 0], [8, 4]], [[22, 32], [12, 7], [16, 3], [5, 3]], [[21, 45], [13, 2], [9, 0], [1, 9]], [[21, 42], [5, 6], [9, 1], [10, 6]], [[16, 22], [29, 8], [13, 0], [4, 8]], [[4, 6], [60, 10], [10, 0], [4, 6]], [[9, 9], [42, 12], [16, 0], [9, 3]], [[4, 6], [51, 15], [14, 0], [6, 4]], [[4, 13], [53, 7], [8, 3], [6, 6]], [[5, 6], [36, 22], [15, 0], [9, 7]], [[4, 6], [48, 15], [12, 0], [5, 10]], [[5, 8], [46, 16], [15, 0], [4, 6]], [[9, 3], [45, 12], [12, 2], [4, 13]], [[7, 9], [41, 18], [13, 0], [6, 6]], [[0, 11], [46, 13], [17, 1], [4, 8]], [[5, 6], [53, 13], [15, 1], [4, 3]], [[3, 12], [44, 19], [13, 0], [6, 3]], [[7, 8], [15, 1], [54, 2], [5, 8]], [[9, 6], [9, 1], [62, 3], [8, 2]], [[6, 9], [10, 4], [53, 2], [9, 7]], [[8, 4], [15, 2], [59, 0], [6, 6]], [[1, 7], [10, 5], [57, 1], [10, 9]], [[3, 12], [10, 4], [59, 1], [7, 4]], [[3, 8], [11, 3], [57, 8], [7, 3]], [[5, 5], [12, 2], [64, 3], [7, 2]], [[3, 12], [8, 3], [63, 3], [2, 6]], [[4, 10], [10, 4], [58, 4], [4, 6]], [[1, 10], [12, 1], [57, 2], [7, 10]], [[6, 11], [11, 7], [55, 1], [4, 5]], [[8, 8], [9, 4], [33, 3], [21, 14]], [[4, 9], [6, 2], [20, 0], [39, 20]], [[3, 5], [9, 4], [14, 1], [39, 25]], [[6, 7], [7, 3], [9, 1], [38, 29]], [[4, 7], [8, 4], [11, 0], [41, 25]], [[5, 6], [14, 3], [10, 1], [22, 39]], [[6, 11], [6, 3], [13, 0], [30, 31]], [[6, 9], [4, 4], [13, 0], [45, 19]], [[7, 11], [5, 2], [10, 0], [29, 36]], [[1, 4], [8, 6], [13, 1], [43, 24]], [[8, 4], [7, 2], [20, 0], [38, 21]], [[3, 8], [11, 1], [16, 0], [32, 29]], [[8, 6], [9, 2], [9, 0], [39, 27]]], "n": [[50, 50], [56, 44], [47, 53], [49, 51], [48, 52], [53, 47], [55, 45], [52, 48], [45, 55], [55, 45], [44, 56], [45, 55], [62, 38], [78, 22], [76, 24], [75, 25], [71, 29], [65, 35], [69, 31], [70, 30], [70, 30], [67, 33], [67, 33], [77, 23], [66, 34], [81, 19], [88, 12], [78, 22], [88, 12], [78, 22], [79, 21], [78, 22], [88, 12], [76, 24], [76, 24], [77, 23], [76, 24], [71, 29], [69, 31], [65, 35], [60, 40], [64, 36], [51, 49], [55, 45], [68, 32], [51, 49], [65, 35], [73, 27], [62, 38], [65, 35]], "lambda_": 0.5, "b": [[62, 13, 11, 14], [59, 19, 12, 10], [62, 17, 9, 12], [64, 12, 11, 13], [63, 15, 8, 14], [59, 10, 20, 11], [60, 10, 12, 18], [58, 10, 15, 17], [68, 12, 8, 12], [54, 19, 19, 8], [66, 15, 9, 10], [63, 11, 10, 16], [38, 37, 13, 12], [10, 70, 10, 10], [18, 54, 16, 12], [10, 66, 14, 10], [17, 60, 11, 12], [11, 58, 15, 16], [10, 63, 12, 15], [13, 62, 15, 10], [12, 57, 14, 17], [16, 59, 13, 12], [11, 59, 18, 12], [11, 66, 16, 7], [15, 63, 13, 9], [15, 16, 56, 13], [15, 10, 65, 10], [15, 14, 55, 16], [12, 17, 59, 12], [8, 15, 58, 19], [15, 14, 60, 11], [11, 14, 65, 10], [10, 14, 67, 9], [15, 11, 66, 8], [14, 14, 62, 10], [11, 13, 59, 17], [17, 18, 56, 9], [16, 13, 36, 35], [13, 8, 20, 59], [8, 13, 15, 64], [13, 10, 10, 67], [11, 12, 11, 66], [11, 17, 11, 61], [17, 9, 13, 61], [15, 8, 13, 64], [18, 7, 10, 65], [5, 14, 14, 67], [12, 9, 20, 59], [11, 12, 16, 61], [14, 11, 9, 66]]}