{"M": 50, "G": 4, "I": 4, "J": 100, "p": [[0.37664033529374275, 0.0874640765523398, 0.39740799933549775, 0.1384875888184196], [0.23064419241874784, 0.04693354147889885, 0.72121745986295, 0.0012048062394032465], [0.11244721555034376, 0.21997027355988638, 0.5826671754210357, 0.08491533546873392], [0.2770462681204555, 0.5712282144637615, 0.024940119654536592, 0.12678539776124645]], "r": [[[18, 8, 30, 8], [0, 1, 6, 0], [3, 3, 9, 2], [6, 4, 1, 1]], [[21, 7, 26, 9], [7, 0, 11, 0], [0, 2, 8, 1], [4, 2, 0, 2]], [[23, 4, 27, 4], [3, 0, 17, 0], [1, 4, 4, 3], [2, 6, 0, 2]], [[25, 2, 31, 5], [1, 2, 6, 0], [4, 2, 10, 1], [3, 7, 0, 1]], [[23, 4, 23, 7], [5, 0, 10, 0], [2, 1, 11, 1], [4, 6, 1, 2]], [[28, 3, 23, 13], [6, 1, 7, 0], [2, 4, 8, 2], [2, 1, 0, 0]], [[24, 2, 25, 7], [2, 0, 11, 0], [3, 4, 7, 1], [3, 7, 1, 3]], [[25, 7, 24, 9], [2, 2, 8, 0], [1, 4, 6, 2], [5, 5, 0, 0]], [[24, 1, 25, 13], [3, 0, 10, 0], [2, 2, 5, 2], [4, 7, 0, 2]], [[21, 5, 26, 7], [6, 0, 13, 0], [2, 1, 4, 1], [3, 9, 0, 2]], [[21, 3, 30, 16], [0, 1, 9, 0], [3, 4, 6, 1], [2, 4, 0, 0]], [[30, 9, 23, 11], [1, 0, 11, 0], [0, 0, 3, 2], [3, 7, 0, 0]], [[10, 6, 12, 3], [12, 0, 23, 0], [3, 5, 8, 1], [5, 11, 0, 1]], [[4, 1, 11, 4], [13, 4, 36, 0], [2, 2, 8, 2], [3, 9, 0, 1]], [[2, 1, 5, 2], [14, 3, 41, 0], [3, 2, 7, 2], [4, 11, 1, 2]], [[4, 3, 6, 3], [15, 1, 39, 0], [3, 3, 12, 0], [4, 6, 0, 1]], [[3, 1, 4, 2], [15, 4, 48, 0], [1, 2, 8, 2], [4, 6, 0, 0]], [[6, 2, 2, 1], [16, 2, 36, 0], [3, 3, 9, 2], [3, 11, 0, 4]], [[4, 3, 3, 1], [26, 3, 39, 1], [1, 3, 7, 1], [2, 4, 0, 2]], [[5, 0, 4, 2], [12, 3, 47, 0], [2, 4, 10, 0], [3, 6, 0, 2]], [[8, 0, 5, 1], [15, 1, 52, 0], [0, 4, 7, 0], [3, 4, 0, 0]], [[4, 2, 1, 6], [9, 4, 50, 0], [0, 4, 3, 3], [2, 9, 0, 3]], [[2, 5, 8, 1], [15, 3, 38, 0], [2, 2, 7, 2], [6, 7, 0, 2]], [[3, 1, 7, 2], [15, 3, 45, 0], [1, 1, 7, 0], [3, 10, 0, 2]], [[5, 1, 1, 3], [10, 1, 51, 0], [1, 5, 8, 0], [7, 6, 0, 1]], [[5, 0, 2, 2], [1, 1, 13, 0], [12, 14, 36, 9], [1, 4, 0, 0]], [[5, 2, 4, 0], [3, 1, 11, 0], [9, 10, 37, 4], [6, 8, 0, 0]], [[5, 1, 5, 2], [4, 0, 11, 0], [8, 12, 36, 4], [4, 5, 1, 2]], [[3, 0, 3, 1], [4, 1, 10, 0], [5, 13, 35, 11], [4, 10, 0, 0]], [[5, 0, 7, 3], [0, 1, 8, 0], [10, 13, 36, 5], [3, 8, 0, 1]], [[11, 1, 7, 4], [3, 0, 13, 0], [4, 11, 27, 6], [2, 11, 0, 0]], [[5, 2, 3, 2], [4, 0, 9, 0], [4, 17, 39, 4], [1, 8, 0, 2]], [[5, 2, 2, 5], [3, 1, 11, 0], [6, 12, 31, 6], [5, 8, 1, 2]], [[5, 2, 5, 2], [6, 1, 11, 0], [6, 14, 38, 4], [3, 2, 0, 1]], [[3, 0, 6, 1], [1, 0, 11, 0], [13, 9, 39, 5], [4, 7, 0, 1]], [[5, 0, 3, 2], [1, 1, 9, 0], [6, 13, 42, 5], [4, 7, 1, 1]], [[6, 2, 3, 0], [3, 2, 7, 0], [6, 9, 42, 6], [5, 8, 0, 1]], [[1, 1, 3, 3], [5, 2, 6, 0], [5, 10, 22, 4], [8, 21, 0, 9]], [[5, 0, 4, 1], [3, 0, 6, 0], [0, 2, 8, 2], [21, 40, 1, 7]], [[6, 0, 4, 0], [7, 0, 12, 0], [3, 0, 5, 0], [13, 41, 2, 7]], [[5, 0, 7, 0], [3, 1, 11, 0], [1, 5, 6, 1], [19, 31, 1, 9]], [[6, 1, 7, 4], [2, 1, 11, 0], [3, 4, 10, 0], [16, 28, 0, 7]], [[4, 1, 5, 2], [0, 1, 9, 0], [1, 1, 4, 1], [17, 45, 0, 9]], [[5, 1, 4, 1], [2, 0, 7, 0], [1, 2, 8, 2], [18, 36, 1, 12]], [[5, 2, 7, 5], [3, 0, 11, 0], [1, 2, 6, 0], [16, 35, 0, 7]], [[6, 1, 2, 2], [0, 0, 13, 0], [0, 4, 3, 1], [22, 35, 2, 9]], [[7, 1, 4, 2], [2, 1, 10, 0], [3, 2, 3, 0], [13, 39, 0, 13]], [[2, 0, 8, 2], [4, 0, 4, 0], [2, 4, 9, 1], [24, 30, 2, 8]], [[2, 0, 5, 0], [4, 0, 8, 0], [1, 1, 4, 0], [23, 42, 1, 9]], [[4, 1, 6, 2], [3, 0, 5, 0], [2, 6, 8, 1], [16, 37, 2, 7]]], "n": [[27, 16, 46, 11], [32, 11, 45, 12], [29, 14, 48, 9], [33, 13, 47, 7], [34, 11, 45, 10], [38, 9, 38, 15], [32, 13, 44, 11], [33, 18, 38, 11], [33, 10, 40, 17], [32, 15, 43, 10], [26, 12, 45, 17], [34, 16, 37, 13], [30, 22, 43, 5], [22, 16, 55, 7], [23, 17, 54, 6], [26, 13, 57, 4], [23, 13, 60, 4], [28, 18, 47, 7], [33, 13, 49, 5], [22, 13, 61, 4], [26, 9, 64, 1], [15, 19, 54, 12], [25, 17, 53, 5], [22, 15, 59, 4], [23, 13, 60, 4], [19, 19, 51, 11], [23, 21, 52, 4], [21, 18, 53, 8], [16, 24, 48, 12], [18, 22, 51, 9], [20, 23, 47, 10], [14, 27, 51, 8], [19, 23, 45, 13], [20, 19, 54, 7], [21, 16, 56, 7], [16, 21, 55, 8], [20, 21, 52, 7], [19, 34, 31, 16], [29, 42, 19, 10], [29, 41, 23, 7], [28, 37, 25, 10], [27, 34, 28, 11], [22, 48, 18, 12], [26, 39, 20, 15], [25, 39, 24, 12], [28, 40, 20, 12], [25, 43, 17, 15], [32, 34, 23, 11], [30, 43, 18, 9], [25, 44, 21, 10]], "lambda_": 0.5, "b": [[64, 7, 17, 12], [63, 18, 11, 8], [58, 20, 12, 10], [63, 9, 17, 11], [57, 15, 15, 13], [67, 14, 16, 3], [58, 13, 15, 14], [65, 12, 13, 10], [63, 13, 11, 13], [59, 19, 8, 14], [70, 10, 14, 6], [73, 12, 5, 10], [31, 35, 17, 17], [20, 53, 14, 13], [10, 58, 14, 18], [16, 55, 18, 11], [10, 67, 13, 10], [11, 54, 17, 18], [11, 69, 12, 8], [11, 62, 16, 11], [14, 68, 11, 7], [13, 63, 10, 14], [16, 56, 13, 15], [13, 63, 9, 15], [10, 62, 14, 14], [9, 15, 71, 5], [11, 15, 60, 14], [13, 15, 60, 12], [7, 15, 64, 14], [15, 9, 64, 12], [23, 16, 48, 13], [12, 13, 64, 11], [14, 15, 55, 16], [14, 18, 62, 6], [10, 12, 66, 12], [10, 11, 66, 13], [11, 12, 63, 14], [8, 13, 41, 38], [10, 9, 12, 69], [10, 19, 8, 63], [12, 15, 13, 60], [18, 14, 17, 51], [12, 10, 7, 71], [11, 9, 13, 67], [19, 14, 9, 58], [11, 13, 8, 68], [14, 13, 8, 65], [12, 8, 16, 64], [7, 12, 6, 75], [13, 8, 17, 62]]}