{"M": 50, "G": 2, "I": 5, "J": 100, "p": [[0.0433037419557625, 0.6043972630484711, 0.11967273975203206, 0.06272639200543513, 0.16989986323829925], [0.010949408191273125, 0.14085830680435835, 0.2076171069384817, 0.5129857133078594, 0.12758946475802732]], "r": [[[3, 45, 14, 4, 13], [0, 3, 6, 8, 4]], [[4, 55, 6, 1, 13], [0, 8, 1, 9, 3]], [[4, 41, 13, 9, 7], [0, 5, 5, 14, 2]], [[3, 40, 9, 2, 14], [0, 3, 7, 17, 5]], [[3, 49, 4, 5, 11], [0, 4, 5, 15, 4]], [[1, 55, 2, 4, 7], [0, 7, 9, 9, 6]], [[5, 44, 6, 12, 9], [0, 5, 8, 11, 0]], [[2, 51, 10, 5, 9], [0, 3, 6, 11, 3]], [[3, 47, 11, 1, 12], [0, 7, 6, 11, 2]], [[3, 48, 8, 4, 14], [0, 3, 7, 9, 4]], [[2, 54, 8, 5, 9], [0, 3, 6, 12, 1]], [[3, 38, 8, 5, 14], [0, 6, 9, 16, 1]], [[3, 51, 10, 2, 15], [0, 1, 3, 12, 3]], [[3, 48, 9, 6, 12], [0, 3, 1, 15, 3]], [[2, 52, 9, 4, 13], [0, 1, 4, 12, 3]], [[3, 51, 4, 2, 17], [0, 4, 8, 11, 0]], [[1, 40, 8, 7, 14], [0, 4, 9, 14, 3]], [[2, 50, 6, 1, 18], [0, 3, 7, 10, 3]], [[2, 51, 9, 2, 15], [1, 3, 2, 12, 3]], [[2, 47, 10, 3, 13], [0, 3, 7, 13, 2]], [[1, 44, 7, 3, 16], [2, 2, 5, 18, 2]], [[6, 32, 15, 2, 14], [0, 6, 6, 16, 3]], [[3, 44, 6, 3, 13], [0, 5, 13, 12, 1]], [[3, 55, 7, 6, 9], [0, 3, 2, 12, 3]], [[5, 49, 9, 2, 8], [0, 8, 5, 12, 2]], [[0, 23, 1, 2, 5], [0, 7, 12, 39, 11]], [[1, 15, 3, 2, 2], [0, 13, 14, 41, 9]], [[0, 14, 1, 4, 4], [2, 12, 16, 36, 11]], [[2, 23, 4, 0, 4], [1, 7, 17, 30, 12]], [[3, 10, 5, 5, 8], [1, 2, 15, 42, 9]], [[1, 10, 6, 1, 3], [2, 10, 8, 46, 13]], [[1, 9, 1, 2, 4], [1, 9, 14, 54, 5]], [[0, 16, 4, 1, 5], [0, 11, 20, 35, 8]], [[1, 16, 2, 1, 2], [0, 8, 7, 49, 14]], [[0, 21, 3, 0, 1], [3, 13, 13, 36, 10]], [[2, 19, 1, 0, 4], [0, 12, 10, 41, 11]], [[0, 16, 1, 1, 4], [0, 15, 20, 33, 10]], [[0, 20, 4, 1, 3], [1, 6, 16, 39, 10]], [[4, 18, 1, 1, 3], [0, 12, 15, 37, 9]], [[2, 16, 3, 1, 4], [1, 15, 15, 31, 12]], [[0, 17, 1, 2, 7], [0, 7, 13, 44, 9]], [[1, 11, 3, 1, 4], [2, 12, 14, 39, 13]], [[2, 21, 3, 1, 3], [1, 8, 13, 38, 10]], [[1, 17, 1, 0, 5], [0, 7, 19, 41, 9]], [[2, 14, 4, 2, 3], [1, 7, 25, 39, 3]], [[1, 13, 2, 1, 5], [0, 7, 20, 42, 9]], [[1, 17, 4, 3, 2], [1, 13, 14, 38, 7]], [[2, 18, 2, 2, 6], [0, 10, 23, 30, 7]], [[1, 11, 7, 1, 5], [1, 9, 19, 37, 9]], [[1, 14, 2, 1, 3], [1, 7, 16, 48, 7]]], "n": [[3, 48, 20, 12, 17], [4, 63, 7, 10, 16], [4, 46, 18, 23, 9], [3, 43, 16, 19, 19], [3, 53, 9, 20, 15], [1, 62, 11, 13, 13], [5, 49, 14, 23, 9], [2, 54, 16, 16, 12], [3, 54, 17, 12, 14], [3, 51, 15, 13, 18], [2, 57, 14, 17, 10], [3, 44, 17, 21, 15], [3, 52, 13, 14, 18], [3, 51, 10, 21, 15], [2, 53, 13, 16, 16], [3, 55, 12, 13, 17], [1, 44, 17, 21, 17], [2, 53, 13, 11, 21], [3, 54, 11, 14, 18], [2, 50, 17, 16, 15], [3, 46, 12, 21, 18], [6, 38, 21, 18, 17], [3, 49, 19, 15, 14], [3, 58, 9, 18, 12], [5, 57, 14, 14, 10], [0, 30, 13, 41, 16], [1, 28, 17, 43, 11], [2, 26, 17, 40, 15], [3, 30, 21, 30, 16], [4, 12, 20, 47, 17], [3, 20, 14, 47, 16], [2, 18, 15, 56, 9], [0, 27, 24, 36, 13], [1, 24, 9, 50, 16], [3, 34, 16, 36, 11], [2, 31, 11, 41, 15], [0, 31, 21, 34, 14], [1, 26, 20, 40, 13], [4, 30, 16, 38, 12], [3, 31, 18, 32, 16], [0, 24, 14, 46, 16], [3, 23, 17, 40, 17], [3, 29, 16, 39, 13], [1, 24, 20, 41, 14], [3, 21, 29, 41, 6], [1, 20, 22, 43, 14], [2, 30, 18, 41, 9], [2, 28, 25, 32, 13], [2, 20, 26, 38, 14], [2, 21, 18, 49, 10]], "lambda_": 0.5, "b": [[79, 21], [79, 21], [74, 26], [68, 32], [72, 28], [69, 31], [76, 24], [77, 23], [74, 26], [77, 23], [78, 22], [68, 32], [81, 19], [78, 22], [80, 20], [77, 23], [70, 30], [77, 23], [79, 21], [75, 25], [71, 29], [69, 31], [69, 31], [80, 20], [73, 27], [31, 69], [23, 77], [23, 77], [33, 67], [31, 69], [21, 79], [17, 83], [26, 74], [22, 78], [25, 75], [26, 74], [22, 78], [28, 72], [27, 73], [26, 74], [27, 73], [20, 80], [30, 70], [24, 76], [25, 75], [22, 78], [27, 73], [30, 70], [25, 75], [21, 79]]}