{"M": 50, "G": 4, "I": 10, "J": 100, "p": [[0.09500060664178235, 0.017133841334523565, 0.10985441420096699, 0.213159663431239, 0.22726109271150324, 0.038166572341381357, 0.05933241211278907, 0.0943852305406974, 0.06482789691534085, 0.08087826976977602], [0.006888335521354323, 0.06846078087268449, 0.011645208371382151, 0.37572194421425487, 0.09011437757363162, 0.21997833859893373, 0.05718687176099196, 0.08248393862623987, 0.001826590536552423, 0.08569361392397443], [0.27956318930356217, 0.02307379390994991, 0.036123216791498255, 0.23454490768563666, 0.0030440371355612453, 0.006318257987249565, 0.09330015776904851, 0.19433754783255683, 0.0008218471450782652, 0.12887304443985828], [0.1816749269159771, 0.008536007974931953, 0.1158304642056475, 0.07717187242846783, 0.07086852417196396, 0.3375847096016736, 1.3045793357177294e-06, 0.030752060077021998, 0.13503708974239564, 0.04254304030258497]], "r": [[[5, 3, 9, 18, 13, 3, 5, 5, 6, 1], [0, 1, 0, 3, 0, 1, 2, 1, 0, 0], [1, 0, 1, 5, 0, 0, 0, 2, 0, 3], [4, 0, 1, 1, 2, 3, 0, 1, 0, 0]], [[7, 2, 8, 14, 13, 5, 1, 7, 4, 5], [0, 1, 1, 1, 1, 3, 0, 0, 0, 4], [5, 0, 0, 2, 0, 0, 1, 4, 0, 2], [0, 0, 2, 1, 1, 2, 0, 0, 2, 1]], [[9, 1, 10, 11, 13, 0, 0, 5, 4, 3], [0, 2, 0, 5, 2, 2, 0, 0, 0, 2], [3, 1, 0, 2, 1, 0, 0, 2, 0, 1], [4, 0, 3, 1, 1, 7, 0, 1, 4, 0]], [[5, 0, 7, 11, 17, 4, 2, 5, 3, 7], [0, 1, 0, 2, 2, 3, 1, 1, 0, 0], [4, 0, 0, 2, 0, 0, 1, 3, 0, 3], [1, 0, 2, 0, 1, 7, 0, 0, 3, 2]], [[8, 1, 10, 12, 18, 0, 6, 4, 5, 2], [0, 0, 0, 1, 1, 1, 0, 4, 0, 1], [3, 1, 1, 2, 0, 0, 4, 1, 0, 1], [1, 0, 3, 1, 1, 5, 0, 0, 2, 0]], [[5, 2, 4, 12, 13, 3, 6, 7, 6, 7], [0, 0, 0, 2, 0, 1, 2, 2, 0, 1], [1, 0, 1, 7, 1, 0, 1, 2, 0, 0], [2, 0, 1, 1, 1, 4, 0, 2, 3, 0]], [[4, 0, 9, 18, 11, 5, 3, 4, 4, 5], [0, 1, 1, 8, 2, 5, 0, 1, 0, 3], [5, 0, 0, 3, 0, 0, 0, 1, 0, 1], [1, 0, 1, 1, 0, 1, 0, 0, 1, 1]], [[5, 1, 8, 19, 14, 0, 7, 6, 4, 7], [0, 0, 0, 5, 0, 3, 1, 0, 0, 0], [0, 0, 0, 3, 0, 0, 3, 1, 0, 1], [2, 0, 0, 2, 1, 5, 0, 0, 2, 0]], [[6, 1, 9, 12, 10, 2, 3, 10, 2, 8], [0, 2, 0, 7, 2, 5, 0, 2, 0, 3], [3, 0, 0, 4, 0, 0, 1, 1, 0, 1], [1, 0, 0, 0, 1, 3, 0, 0, 1, 0]], [[12, 1, 5, 7, 17, 0, 8, 5, 3, 2], [0, 0, 0, 7, 0, 4, 0, 2, 0, 1], [4, 0, 1, 7, 0, 0, 0, 0, 1, 1], [0, 0, 1, 1, 2, 5, 0, 0, 2, 1]], [[4, 1, 9, 19, 15, 2, 6, 3, 3, 5], [2, 1, 0, 2, 0, 2, 1, 1, 0, 0], [0, 0, 0, 1, 0, 0, 1, 2, 0, 1], [3, 0, 4, 0, 1, 7, 0, 1, 3, 0]], [[5, 1, 8, 14, 15, 1, 3, 5, 1, 3], [0, 1, 0, 7, 4, 3, 2, 0, 0, 2], [5, 0, 0, 2, 0, 0, 0, 5, 0, 2], [3, 0, 0, 1, 1, 2, 0, 1, 1, 2]], [[4, 2, 4, 11, 9, 2, 6, 3, 5, 2], [0, 3, 2, 16, 2, 8, 2, 1, 0, 1], [3, 1, 0, 4, 0, 0, 0, 1, 0, 3], [1, 0, 0, 1, 0, 1, 0, 0, 1, 1]], [[1, 1, 1, 4, 2, 1, 0, 2, 0, 3], [0, 6, 2, 21, 5, 17, 0, 3, 0, 7], [3, 0, 0, 3, 0, 0, 1, 2, 0, 1], [2, 0, 1, 0, 3, 6, 0, 0, 1, 1]], [[2, 0, 2, 1, 5, 1, 1, 0, 0, 2], [0, 1, 0, 24, 4, 14, 4, 5, 0, 4], [3, 0, 0, 2, 0, 0, 0, 5, 0, 3], [1, 0, 2, 3, 3, 5, 0, 0, 2, 1]], [[2, 0, 3, 1, 3, 0, 0, 0, 0, 1], [0, 6, 0, 29, 5, 13, 3, 6, 0, 5], [3, 0, 0, 8, 0, 0, 0, 2, 0, 0], [1, 1, 1, 1, 1, 4, 0, 1, 0, 0]], [[2, 0, 1, 4, 3, 1, 3, 1, 0, 1], [0, 5, 0, 20, 5, 10, 1, 3, 0, 9], [4, 0, 0, 3, 0, 1, 1, 5, 0, 3], [5, 0, 1, 1, 2, 3, 0, 0, 2, 0]], [[0, 0, 2, 4, 5, 0, 1, 0, 1, 0], [0, 5, 0, 18, 7, 18, 6, 6, 0, 8], [1, 0, 0, 4, 0, 0, 0, 1, 0, 2], [3, 0, 2, 2, 0, 3, 0, 0, 1, 0]], [[1, 0, 1, 2, 3, 0, 0, 0, 0, 1], [0, 5, 1, 24, 4, 14, 3, 7, 0, 8], [3, 0, 1, 6, 0, 0, 4, 1, 0, 1], [2, 0, 2, 1, 0, 3, 0, 0, 1, 1]], [[1, 1, 4, 3, 2, 0, 0, 0, 1, 1], [0, 4, 1, 27, 5, 21, 1, 3, 0, 3], [0, 1, 1, 4, 0, 1, 1, 0, 0, 1], [1, 0, 3, 2, 1, 3, 0, 0, 3, 0]], [[2, 1, 1, 2, 4, 0, 0, 2, 0, 0], [1, 5, 1, 23, 3, 17, 4, 2, 0, 5], [3, 0, 0, 3, 0, 0, 0, 3, 0, 2], [4, 0, 2, 1, 1, 3, 0, 2, 2, 1]], [[0, 0, 1, 4, 3, 0, 0, 1, 0, 0], [1, 5, 0, 17, 5, 21, 5, 2, 0, 3], [4, 0, 1, 6, 0, 0, 1, 3, 0, 3], [1, 0, 4, 0, 2, 3, 0, 1, 1, 2]], [[2, 0, 1, 2, 2, 0, 1, 2, 1, 0], [0, 5, 0, 22, 4, 18, 2, 2, 1, 5], [2, 0, 0, 3, 0, 0, 2, 4, 0, 4], [0, 0, 2, 1, 1, 9, 0, 0, 2, 0]], [[4, 0, 1, 1, 2, 0, 0, 0, 2, 0], [0, 5, 0, 28, 7, 15, 0, 7, 0, 6], [4, 0, 0, 5, 0, 1, 0, 3, 0, 3], [3, 0, 0, 1, 0, 1, 0, 0, 1, 0]], [[0, 0, 2, 2, 5, 0, 0, 2, 0, 1], [0, 7, 2, 27, 3, 14, 2, 4, 1, 7], [1, 1, 0, 3, 0, 1, 1, 3, 0, 2], [3, 0, 1, 1, 0, 3, 0, 0, 0, 1]], [[0, 1, 1, 1, 1, 1, 0, 1, 2, 2], [0, 3, 0, 10, 0, 3, 0, 0, 0, 2], [20, 3, 1, 14, 0, 0, 3, 10, 0, 9], [4, 0, 2, 1, 0, 3, 0, 0, 1, 1]], [[2, 1, 1, 1, 2, 0, 0, 3, 1, 3], [0, 0, 0, 4, 3, 2, 0, 2, 0, 0], [14, 2, 0, 20, 0, 0, 10, 8, 0, 9], [3, 0, 2, 0, 2, 5, 0, 0, 0, 0]], [[1, 0, 2, 2, 7, 2, 0, 1, 1, 1], [0, 3, 0, 2, 3, 3, 1, 1, 0, 0], [15, 4, 1, 17, 0, 0, 4, 11, 0, 10], [1, 0, 1, 0, 0, 3, 0, 0, 1, 2]], [[0, 0, 1, 2, 2, 0, 0, 2, 3, 2], [0, 0, 0, 2, 0, 2, 2, 1, 0, 1], [14, 0, 0, 15, 0, 0, 10, 11, 0, 11], [2, 0, 4, 1, 2, 5, 0, 1, 3, 1]], [[2, 0, 2, 1, 0, 0, 1, 0, 0, 1], [0, 0, 0, 6, 1, 2, 4, 2, 0, 0], [22, 0, 1, 14, 0, 0, 8, 18, 0, 4], [2, 0, 1, 1, 0, 4, 0, 1, 1, 1]], [[1, 0, 1, 3, 1, 0, 1, 3, 2, 0], [0, 0, 0, 7, 1, 5, 2, 1, 0, 1], [13, 0, 1, 18, 0, 0, 2, 17, 0, 5], [3, 0, 0, 0, 2, 6, 0, 0, 4, 0]], [[1, 0, 3, 3, 2, 0, 0, 3, 1, 0], [0, 1, 0, 4, 0, 4, 2, 0, 0, 0], [14, 1, 0, 17, 1, 0, 7, 18, 0, 5], [2, 0, 1, 0, 1, 6, 0, 0, 0, 3]], [[1, 0, 4, 2, 2, 0, 0, 2, 0, 1], [0, 0, 0, 3, 1, 2, 2, 2, 0, 1], [20, 2, 2, 12, 0, 1, 3, 13, 0, 11], [4, 0, 1, 2, 1, 3, 0, 0, 1, 1]], [[0, 2, 1, 2, 3, 0, 1, 2, 1, 0], [0, 0, 0, 6, 2, 0, 0, 1, 0, 1], [21, 2, 3, 21, 0, 0, 5, 13, 0, 4], [1, 0, 2, 0, 1, 2, 0, 0, 3, 0]], [[0, 0, 0, 2, 4, 0, 0, 0, 2, 2], [0, 1, 0, 6, 0, 5, 0, 2, 0, 1], [13, 2, 0, 26, 0, 0, 4, 9, 0, 11], [2, 0, 2, 0, 1, 5, 0, 0, 0, 0]], [[1, 0, 3, 4, 3, 1, 0, 0, 3, 1], [0, 1, 0, 4, 0, 3, 2, 1, 0, 2], [15, 1, 2, 12, 0, 0, 4, 14, 0, 11], [0, 1, 3, 1, 2, 1, 0, 2, 2, 0]], [[1, 0, 1, 4, 1, 0, 0, 3, 3, 1], [0, 0, 0, 4, 3, 2, 1, 1, 0, 1], [21, 0, 1, 8, 0, 1, 6, 16, 0, 8], [2, 0, 0, 2, 0, 5, 0, 0, 1, 3]], [[2, 0, 1, 2, 2, 0, 1, 0, 1, 0], [0, 0, 0, 9, 2, 2, 0, 0, 0, 0], [10, 0, 2, 16, 1, 0, 3, 8, 0, 6], [7, 0, 4, 6, 2, 8, 0, 0, 4, 1]], [[0, 0, 3, 4, 1, 0, 1, 2, 1, 4], [0, 1, 0, 5, 0, 1, 0, 0, 0, 2], [2, 0, 0, 3, 0, 0, 2, 1, 0, 4], [10, 0, 4, 6, 4, 24, 0, 2, 11, 2]], [[0, 0, 1, 2, 3, 0, 0, 1, 1, 1], [0, 0, 0, 3, 1, 3, 0, 1, 0, 2], [3, 1, 0, 2, 0, 0, 1, 3, 0, 0], [9, 1, 7, 5, 5, 26, 0, 5, 8, 5]], [[1, 0, 1, 3, 1, 0, 0, 0, 0, 1], [0, 0, 0, 3, 2, 3, 3, 0, 0, 0], [3, 0, 0, 6, 0, 0, 1, 1, 0, 0], [15, 1, 12, 6, 5, 22, 0, 1, 8, 1]], [[0, 0, 2, 4, 5, 0, 0, 0, 2, 2], [0, 2, 0, 6, 0, 2, 1, 0, 0, 0], [4, 0, 0, 0, 0, 0, 1, 3, 0, 1], [17, 0, 7, 7, 6, 16, 0, 3, 8, 1]], [[1, 0, 4, 2, 2, 2, 1, 1, 1, 1], [0, 3, 1, 1, 0, 3, 1, 2, 0, 2], [6, 0, 0, 1, 0, 0, 2, 2, 0, 1], [12, 1, 7, 3, 5, 27, 0, 0, 4, 1]], [[2, 0, 2, 0, 2, 0, 1, 2, 2, 1], [0, 1, 0, 6, 0, 1, 1, 1, 0, 0], [6, 0, 0, 5, 0, 0, 1, 2, 0, 3], [14, 1, 6, 5, 5, 18, 0, 1, 9, 2]], [[1, 0, 2, 4, 2, 1, 0, 1, 1, 0], [0, 1, 0, 6, 0, 1, 2, 2, 0, 2], [3, 0, 0, 2, 1, 0, 1, 1, 0, 1], [15, 2, 7, 3, 4, 19, 0, 1, 9, 5]], [[1, 0, 1, 2, 2, 0, 1, 0, 1, 0], [0, 1, 0, 6, 2, 2, 2, 1, 0, 1], [3, 0, 0, 2, 0, 0, 3, 5, 0, 0], [9, 0, 8, 6, 2, 23, 0, 2, 12, 2]], [[2, 0, 2, 1, 4, 1, 0, 1, 0, 0], [0, 1, 0, 6, 1, 2, 2, 0, 0, 1], [1, 0, 0, 4, 0, 0, 0, 4, 0, 1], [8, 1, 15, 1, 3, 21, 0, 5, 12, 0]], [[1, 0, 0, 3, 4, 0, 0, 2, 0, 0], [0, 0, 0, 5, 2, 2, 2, 0, 0, 2], [2, 0, 0, 5, 1, 0, 2, 1, 0, 1], [8, 0, 6, 6, 5, 28, 0, 2, 5, 5]], [[0, 0, 3, 1, 4, 0, 1, 0, 1, 2], [0, 1, 0, 7, 1, 2, 0, 1, 0, 1], [4, 2, 0, 3, 0, 0, 2, 3, 0, 3], [11, 1, 8, 6, 4, 18, 0, 0, 7, 3]], [[0, 0, 0, 3, 5, 1, 1, 1, 0, 3], [0, 0, 0, 9, 1, 1, 1, 0, 0, 3], [4, 1, 1, 2, 0, 0, 1, 5, 0, 2], [7, 0, 8, 6, 2, 24, 0, 1, 6, 1]]],