{"M": 50, "G": 2, "I": 4, "J": 100, "p": [[0.12528497207799447, 0.32201948137817415, 0.3137300275842977, 0.23896551895953352], [0.015101828534048147, 0.48626910303626614, 0.19664095811027157, 0.3019881103194141]], "r": [[[7, 24, 26, 15], [0, 12, 7, 9]], [[7, 20, 34, 17], [0, 14, 2, 6]], [[5, 27, 17, 22], [0, 13, 5, 11]], [[11, 26, 20, 19], [1, 11, 5, 7]], [[12, 23, 20, 20], [0, 11, 4, 10]], [[11, 24, 23, 17], [0, 13, 1, 11]], [[14, 20, 17, 15], [0, 17, 7, 10]], [[3, 23, 34, 14], [0, 10, 7, 9]], [[10, 27, 20, 13], [1, 14, 4, 11]], [[9, 25, 21, 16], [1, 13, 4, 11]], [[9, 28, 23, 16], [0, 11, 5, 8]], [[16, 25, 19, 17], [0, 9, 2, 12]], [[5, 36, 19, 11], [0, 19, 5, 5]], [[4, 26, 33, 16], [0, 11, 4, 6]], [[9, 19, 35, 19], [0, 5, 2, 11]], [[11, 29, 25, 18], [1, 5, 5, 6]], [[12, 29, 25, 19], [0, 9, 1, 5]], [[18, 17, 17, 17], [0, 19, 4, 8]], [[13, 24, 20, 21], [1, 11, 2, 8]], [[14, 26, 21, 16], [1, 7, 3, 12]], [[7, 20, 23, 17], [0, 17, 6, 10]], [[7, 29, 29, 14], [2, 12, 4, 3]], [[13, 21, 22, 19], [0, 9, 4, 12]], [[14, 23, 14, 19], [0, 12, 7, 11]], [[7, 29, 28, 6], [0, 13, 6, 11]], [[2, 5, 9, 3], [2, 36, 22, 21]], [[2, 10, 7, 4], [0, 37, 15, 25]], [[3, 13, 8, 8], [0, 26, 17, 25]], [[4, 6, 10, 10], [2, 33, 16, 19]], [[4, 8, 7, 5], [2, 24, 17, 33]], [[1, 12, 8, 4], [1, 41, 14, 19]], [[3, 7, 9, 10], [1, 39, 12, 19]], [[3, 7, 6, 5], [1, 39, 16, 23]], [[1, 9, 8, 6], [1, 29, 19, 27]], [[6, 6, 10, 5], [0, 40, 10, 23]], [[6, 10, 4, 6], [2, 31, 19, 22]], [[3, 8, 6, 7], [0, 37, 16, 23]], [[2, 4, 9, 10], [0, 42, 10, 23]], [[4, 10, 6, 8], [0, 33, 16, 23]], [[4, 6, 9, 11], [1, 36, 12, 21]], [[2, 7, 9, 8], [0, 40, 15, 19]], [[4, 8, 9, 7], [0, 32, 21, 19]], [[4, 8, 8, 7], [2, 38, 13, 20]], [[4, 6, 7, 6], [1, 36, 14, 26]], [[2, 7, 6, 6], [0, 29, 22, 28]], [[6, 8, 5, 11], [0, 33, 12, 25]], [[2, 8, 7, 4], [0, 44, 13, 22]], [[0, 6, 8, 8], [0, 37, 10, 31]], [[2, 6, 10, 7], [0, 39, 18, 18]], [[3, 9, 6, 8], [1, 31, 17, 25]]], "n": [[7, 36, 33, 24], [7, 34, 36, 23], [5, 40, 22, 33], [12, 37, 25, 26], [12, 34, 24, 30], [11, 37, 24, 28], [14, 37, 24, 25], [3, 33, 41, 23], [11, 41, 24, 24], [10, 38, 25, 27], [9, 39, 28, 24], [16, 34, 21, 29], [5, 55, 24, 16], [4, 37, 37, 22], [9, 24, 37, 30], [12, 34, 30, 24], [12, 38, 26, 24], [18, 36, 21, 25], [14, 35, 22, 29], [15, 33, 24, 28], [7, 37, 29, 27], [9, 41, 33, 17], [13, 30, 26, 31], [14, 35, 21, 30], [7, 42, 34, 17], [4, 41, 31, 24], [2, 47, 22, 29], [3, 39, 25, 33], [6, 39, 26, 29], [6, 32, 24, 38], [2, 53, 22, 23], [4, 46, 21, 29], [4, 46, 22, 28], [2, 38, 27, 33], [6, 46, 20, 28], [8, 41, 23, 28], [3, 45, 22, 30], [2, 46, 19, 33], [4, 43, 22, 31], [5, 42, 21, 32], [2, 47, 24, 27], [4, 40, 30, 26], [6, 46, 21, 27], [5, 42, 21, 32], [2, 36, 28, 34], [6, 41, 17, 36], [2, 52, 20, 26], [0, 43, 18, 39], [2, 45, 28, 25], [4, 40, 23, 33]], "lambda_": 0.5, "b": [[72, 28], [78, 22], [71, 29], [76, 24], [75, 25], [75, 25], [66, 34], [74, 26], [70, 30], [71, 29], [76, 24], [77, 23], [71, 29], [79, 21], [82, 18], [83, 17], [85, 15], [69, 31], [78, 22], [77, 23], [67, 33], [79, 21], [75, 25], [70, 30], [70, 30], [19, 81], [23, 77], [32, 68], [30, 70], [24, 76], [25, 75], [29, 71], [21, 79], [24, 76], [27, 73], [26, 74], [24, 76], [25, 75], [28, 72], [30, 70], [26, 74], [28, 72], [27, 73], [23, 77], [21, 79], [30, 70], [21, 79], [22, 78], [25, 75], [26, 74]]}