{"M": 50, "G": 3, "I": 3, "J": 100, "p": [[0.14090457732224396, 0.4129623260927571, 0.4461330965849989], [0.06252269779178714, 0.5993496332647651, 0.3381276689434477], [0.8225795395797452, 0.12602514504674908, 0.0513953153735057]], "r": [[[10, 20, 40], [1, 8, 6], [12, 2, 1]], [[10, 24, 31], [2, 10, 7], [12, 1, 3]], [[19, 27, 24], [3, 8, 3], [13, 1, 2]], [[9, 30, 31], [0, 4, 8], [15, 3, 0]], [[5, 25, 37], [2, 11, 2], [11, 6, 1]], [[12, 22, 27], [1, 7, 7], [22, 2, 0]], [[12, 29, 25], [1, 8, 8], [17, 0, 0]], [[9, 29, 22], [1, 8, 6], [24, 1, 0]], [[7, 21, 31], [2, 11, 8], [16, 2, 2]], [[10, 23, 31], [0, 8, 6], [18, 3, 1]], [[13, 25, 34], [0, 10, 3], [11, 3, 1]], [[8, 30, 30], [2, 12, 7], [11, 0, 0]], [[7, 27, 32], [1, 9, 4], [17, 2, 1]], [[11, 28, 30], [2, 4, 5], [16, 2, 2]], [[8, 25, 34], [2, 9, 8], [12, 1, 1]], [[6, 32, 28], [0, 14, 4], [13, 3, 0]], [[5, 22, 27], [0, 22, 12], [10, 1, 1]], [[4, 6, 11], [3, 39, 19], [18, 0, 0]], [[2, 7, 7], [4, 42, 27], [9, 0, 2]], [[2, 8, 8], [8, 38, 26], [8, 2, 0]], [[4, 5, 6], [5, 42, 20], [13, 5, 0]], [[4, 10, 8], [1, 38, 25], [13, 1, 0]], [[3, 6, 6], [3, 37, 24], [17, 4, 0]], [[1, 4, 7], [2, 52, 18], [13, 2, 1]], [[4, 7, 3], [6, 42, 19], [17, 2, 0]], [[2, 8, 6], [3, 41, 25], [13, 1, 1]], [[2, 13, 7], [3, 38, 21], [16, 0, 0]], [[3, 5, 7], [1, 42, 25], [10, 6, 1]], [[3, 5, 2], [1, 39, 32], [15, 3, 0]], [[1, 12, 7], [12, 39, 17], [8, 4, 0]], [[3, 5, 9], [5, 39, 23], [11, 3, 2]], [[2, 5, 7], [3, 42, 28], [13, 0, 0]], [[4, 6, 8], [5, 43, 18], [14, 1, 1]], [[2, 10, 9], [3, 21, 16], [32, 5, 2]], [[4, 2, 9], [2, 12, 4], [53, 8, 6]], [[3, 8, 8], [1, 7, 1], [59, 8, 5]], [[3, 12, 10], [1, 10, 4], [55, 3, 2]], [[2, 8, 5], [2, 9, 5], [59, 5, 5]], [[1, 5, 11], [1, 8, 8], [57, 5, 4]], [[4, 10, 6], [0, 12, 3], [51, 13, 1]], [[1, 5, 8], [0, 13, 7], [52, 13, 1]], [[2, 9, 7], [1, 8, 5], [56, 11, 1]], [[0, 6, 13], [1, 10, 5], [55, 6, 4]], [[2, 7, 5], [3, 7, 4], [57, 9, 6]], [[0, 8, 7], [1, 12, 7], [53, 6, 6]], [[5, 8, 9], [3, 8, 2], [52, 10, 3]], [[2, 6, 2], [0, 13, 4], [63, 6, 4]], [[1, 10, 7], [0, 11, 9], [56, 3, 3]], [[5, 4, 3], [2, 8, 5], [61, 8, 4]], [[2, 8, 5], [0, 15, 1], [57, 7, 5]]], "n": [[23, 30, 47], [24, 35, 41], [35, 36, 29], [24, 37, 39], [18, 42, 40], [35, 31, 34], [30, 37, 33], [34, 38, 28], [25, 34, 41], [28, 34, 38], [24, 38, 38], [21, 42, 37], [25, 38, 37], [29, 34, 37], [22, 35, 43], [19, 49, 32], [15, 45, 40], [25, 45, 30], [15, 49, 36], [18, 48, 34], [22, 52, 26], [18, 49, 33], [23, 47, 30], [16, 58, 26], [27, 51, 22], [18, 50, 32], [21, 51, 28], [14, 53, 33], [19, 47, 34], [21, 55, 24], [19, 47, 34], [18, 47, 35], [23, 50, 27], [37, 36, 27], [59, 22, 19], [63, 23, 14], [59, 25, 16], [63, 22, 15], [59, 18, 23], [55, 35, 10], [53, 31, 16], [59, 28, 13], [56, 22, 22], [62, 23, 15], [54, 26, 20], [60, 26, 14], [65, 25, 10], [57, 24, 19], [68, 20, 12], [59, 30, 11]], "lambda_": 0.5, "b": [[70, 15, 15], [65, 19, 16], [70, 14, 16], [70, 12, 18], [67, 15, 18], [61, 15, 24], [66, 17, 17], [60, 15, 25], [59, 21, 20], [64, 14, 22], [72, 13, 15], [68, 21, 11], [66, 14, 20], [69, 11, 20], [67, 19, 14], [66, 18, 16], [54, 34, 12], [21, 61, 18], [16, 73, 11], [18, 72, 10], [15, 67, 18], [22, 64, 14], [15, 64, 21], [12, 72, 16], [14, 67, 19], [16, 69, 15], [22, 62, 16], [15, 68, 17], [10, 72, 18], [20, 68, 12], [17, 67, 16], [14, 73, 13], [18, 66, 16], [21, 40, 39], [15, 18, 67], [19, 9, 72], [25, 15, 60], [15, 16, 69], [17, 17, 66], [20, 15, 65], [14, 20, 66], [18, 14, 68], [19, 16, 65], [14, 14, 72], [15, 20, 65], [22, 13, 65], [10, 17, 73], [18, 20, 62], [12, 15, 73], [15, 16, 69]]}