,EDUARDO ARTES,FRANCO ALDO PARISI,GABRIEL BORIC,JOSE ANTONIO KAST,MARCO ENRIQUEZ-OMINAMI,NULO BLANCO,SEBASTIAN SICHEL,YASNA PROVOSTE
18+,0.004329004329004329,0.05047647621905047,0.08362264797908363,0.5734430585915735,0.053291043390053285,0.02593116454502593,0.08643721515008644,0.12246938979612249
