,EDUARDO ARTES,FRANCO ALDO PARISI,GABRIEL BORIC,JOSE ANTONIO KAST,MARCO ENRIQUEZ-OMINAMI,NULO BLANCO,SEBASTIAN SICHEL,YASNA PROVOSTE
18+,0.007838187241059886,0.13900058022944511,0.15050337449229925,0.31895314392744084,0.068477253987805,0.015656015554220918,0.06270549792847908,0.23686594663925
