,EDUARDO ARTES,FRANCO ALDO PARISI,GABRIEL BORIC,JOSE ANTONIO KAST,MARCO ENRIQUEZ-OMINAMI,NULO BLANCO,SEBASTIAN SICHEL,YASNA PROVOSTE
18+,0.010706638115631694,0.15310492505353318,0.17558886509635974,0.15310492505353318,0.06209850107066381,0.02676659528907923,0.10278372591006424,0.3158458244111349
