,EDUARDO ARTES,FRANCO ALDO PARISI,GABRIEL BORIC,JOSE ANTONIO KAST,MARCO ENRIQUEZ-OMINAMI,NULO BLANCO,SEBASTIAN SICHEL,YASNA PROVOSTE
18+,0.02054794520547945,0.3287671232876712,0.13698630136986303,0.13013698630136988,0.027397260273972608,0.013698630136986304,0.04794520547945207,0.29452054794520555
