,EDUARDO ARTES,FRANCO ALDO PARISI,GABRIEL BORIC,JOSE ANTONIO KAST,MARCO ENRIQUEZ-OMINAMI,NULO BLANCO,SEBASTIAN SICHEL,YASNA PROVOSTE
18+,0.017094017094017096,0.20726495726495728,0.14743589743589744,0.30128205128205127,0.07051282051282051,0.010683760683760682,0.07051282051282051,0.1752136752136752
