,EDUARDO ARTES,FRANCO ALDO PARISI,GABRIEL BORIC,JOSE ANTONIO KAST,MARCO ENRIQUEZ-OMINAMI,NULO BLANCO,SEBASTIAN SICHEL,YASNA PROVOSTE
18+,0.006437768240343348,0.32408934257629396,0.09867536243349617,0.34124498130970515,0.05582242242044264,0.017100012855758392,0.05360542216332747,0.10302468800063289
