REGION,CIRCUNSCRIPCION ELECTORAL,LOCAL,MESA,EDUARDO ARTES,FRANCO ALDO PARISI,GABRIEL BORIC,JOSE ANTONIO KAST,MARCO ENRIQUEZ-OMINAMI,SEBASTIAN SICHEL,VOTOS EN BLANCO,VOTOS NULOS,YASNA PROVOSTE,NULO BLANCO,18-19,20-29,30-39,40-49,50-59,60-69,70-79,80+,NUM VOTOS,NUM MESAS,P-VALOR,LOG P-VALOR,E_EDUARDO ARTES,E_FRANCO ALDO PARISI,E_GABRIEL BORIC,E_JOSE ANTONIO KAST,E_MARCO ENRIQUEZ-OMINAMI,E_NULO BLANCO,E_SEBASTIAN SICHEL,E_YASNA PROVOSTE,18+,P_EDUARDO ARTES_18+,P_FRANCO ALDO PARISI_18+,P_GABRIEL BORIC_18+,P_JOSE ANTONIO KAST_18+,P_MARCO ENRIQUEZ-OMINAMI_18+,P_NULO BLANCO_18+,P_SEBASTIAN SICHEL_18+,P_YASNA PROVOSTE_18+,DIF_EDUARDO ARTES,DIF_FRANCO ALDO PARISI,DIF_GABRIEL BORIC,DIF_JOSE ANTONIO KAST,DIF_MARCO ENRIQUEZ-OMINAMI,DIF_NULO BLANCO,DIF_SEBASTIAN SICHEL,DIF_YASNA PROVOSTE
DE TARAPACA,SAN LORENZO DE TARAPACA,ESCUELA BASICA FRONTERIZA,1,2,35,11,42,9,5,1,0,18,1,0,10,12,18,24,28,24,7,123,4,-1,-1,1,40,12,42,7,2,6,13,123,0.006437768240343348,0.32408934257629396,0.09867536243349617,0.34124498130970515,0.05582242242044264,0.017100012855758392,0.05360542216332747,0.10302468800063289,1.0,-5.0,-1.0,0.0,2.0,-1.0,-1.0,5.0
DE TARAPACA,SAN LORENZO DE TARAPACA,ESCUELA BASICA FRONTERIZA,2,0,40,11,44,5,8,0,5,11,5,1,9,20,20,22,25,19,7,124,4,-1,-1,1,40,12,42,7,2,7,13,123,0.006437768240343348,0.32408934257629396,0.09867536243349617,0.34124498130970515,0.05582242242044264,0.017100012855758392,0.05360542216332747,0.10302468800063289,-1.0,0.0,-1.0,2.0,-2.0,3.0,1.0,-2.0
DE TARAPACA,SAN LORENZO DE TARAPACA,ESCUELA BASICA FRONTERIZA,3,1,37,16,31,6,7,1,0,8,1,1,4,10,13,19,35,19,6,107,4,-1,-1,1,35,10,36,6,2,6,11,107,0.006437768240343348,0.32408934257629396,0.09867536243349617,0.34124498130970515,0.05582242242044264,0.017100012855758392,0.05360542216332747,0.10302468800063289,0.0,2.0,6.0,-5.0,0.0,-1.0,1.0,-3.0
DE TARAPACA,SAN LORENZO DE TARAPACA,ESCUELA BASICA FRONTERIZA,4,0,39,8,42,6,5,1,0,11,1,0,6,8,16,26,36,15,6,112,4,-1,-1,1,36,11,38,6,2,6,12,113,0.006437768240343348,0.32408934257629396,0.09867536243349617,0.34124498130970515,0.05582242242044264,0.017100012855758392,0.05360542216332747,0.10302468800063289,-1.0,3.0,-3.0,4.0,0.0,-1.0,-1.0,-1.0
