REGION,CIRCUNSCRIPCION ELECTORAL,LOCAL,MESA,EDUARDO ARTES,FRANCO ALDO PARISI,GABRIEL BORIC,JOSE ANTONIO KAST,MARCO ENRIQUEZ-OMINAMI,SEBASTIAN SICHEL,VOTOS EN BLANCO,VOTOS NULOS,YASNA PROVOSTE,NULO BLANCO,18-19 H,18-19 M,20-29 H,20-29 M,30-39 H,30-39 M,40-49 H,40-49 M,50-59 H,50-59 M,60-69 H,60-69 M,70-79 H,70-79 M,80+ H,80+ M,NUM VOTOS,NUM MESAS,P-VALOR,LOG P-VALOR,E_EDUARDO ARTES,E_FRANCO ALDO PARISI,E_GABRIEL BORIC,E_JOSE ANTONIO KAST,E_MARCO ENRIQUEZ-OMINAMI,E_NULO BLANCO,E_SEBASTIAN SICHEL,E_YASNA PROVOSTE,H,M,P_EDUARDO ARTES_H,P_FRANCO ALDO PARISI_H,P_GABRIEL BORIC_H,P_JOSE ANTONIO KAST_H,P_MARCO ENRIQUEZ-OMINAMI_H,P_NULO BLANCO_H,P_SEBASTIAN SICHEL_H,P_YASNA PROVOSTE_H,P_EDUARDO ARTES_M,P_FRANCO ALDO PARISI_M,P_GABRIEL BORIC_M,P_JOSE ANTONIO KAST_M,P_MARCO ENRIQUEZ-OMINAMI_M,P_NULO BLANCO_M,P_SEBASTIAN SICHEL_M,P_YASNA PROVOSTE_M,DIF_EDUARDO ARTES,DIF_FRANCO ALDO PARISI,DIF_GABRIEL BORIC,DIF_JOSE ANTONIO KAST,DIF_MARCO ENRIQUEZ-OMINAMI,DIF_NULO BLANCO,DIF_SEBASTIAN SICHEL,DIF_YASNA PROVOSTE
DE LOS RIOS,CURRINE,ESCUELA RURAL CURRINE,1,1,22,35,66,8,18,3,5,24,8,1,4,0,7,0,12,13,17,28,22,32,16,11,10,6,3,182,2,-1,-1,1,22,35,66,8,8,18,24,54,128,0.03012132706463401,0.015365848937115421,0.3349636123917202,0.271532965152947,0.10029825173494196,0.000655127394777033,0.19256517454599562,0.054497692777868846,3.4307658177892955e-07,0.16460301526761414,0.13085260605550444,0.40073434366907806,0.020130201129089954,0.060146598992708036,0.05881325909314598,0.1647196327162776,0.0,0.0,0.0,0.0,0.0,0.0,0.0,0.0
DE LOS RIOS,CURRINE,ESCUELA RURAL CURRINE,2,2,4,18,21,5,10,0,1,6,1,3,4,6,10,4,13,4,2,9,5,3,2,0,1,1,0,67,2,-1,-1,2,4,18,21,5,1,10,6,46,21,0.03012132706463401,0.015365848937115421,0.3349636123917202,0.271532965152947,0.10029825173494196,0.000655127394777033,0.19256517454599562,0.054497692777868846,3.4307658177892955e-07,0.16460301526761414,0.13085260605550444,0.40073434366907806,0.020130201129089954,0.060146598992708036,0.05881325909314598,0.1647196327162776,0.0,0.0,0.0,0.0,0.0,0.0,0.0,0.0
