,EDUARDO ARTES,FRANCO ALDO PARISI,GABRIEL BORIC,JOSE ANTONIO KAST,MARCO ENRIQUEZ-OMINAMI,NULO BLANCO,SEBASTIAN SICHEL,YASNA PROVOSTE
18+,0.0,0.13253012048192772,0.20883534136546184,0.3815261044176707,0.10843373493975904,0.020080321285140562,0.1285140562248996,0.02008032128514056
