,EDUARDO ARTES,FRANCO ALDO PARISI,GABRIEL BORIC,JOSE ANTONIO KAST,MARCO ENRIQUEZ-OMINAMI,NULO BLANCO,SEBASTIAN SICHEL,YASNA PROVOSTE
18+,0.005747126436781609,0.15862068965517243,0.16206896551724137,0.28045977011494255,0.07701149425287357,0.03103448275862069,0.08275862068965517,0.20229885057471264
