,EDUARDO ARTES,FRANCO ALDO PARISI,GABRIEL BORIC,JOSE ANTONIO KAST,MARCO ENRIQUEZ-OMINAMI,NULO BLANCO,SEBASTIAN SICHEL,YASNA PROVOSTE
18+,0.03389830508474576,0.36158192090395475,0.096045197740113,0.23163841807909605,0.07909604519774012,0.011299435028248586,0.03954802259887006,0.14689265536723164
