,EDUARDO ARTES,FRANCO ALDO PARISI,GABRIEL BORIC,JOSE ANTONIO KAST,MARCO ENRIQUEZ-OMINAMI,NULO BLANCO,SEBASTIAN SICHEL,YASNA PROVOSTE
18+,0.011595547309833025,0.12371508800080228,0.17794464223035653,0.3133430276287419,0.05607230607230608,0.015469086897658326,0.13160006017148876,0.1702602416888131
