REGION,CIRCUNSCRIPCION ELECTORAL,LOCAL,MESA,EDUARDO ARTES,FRANCO ALDO PARISI,GABRIEL BORIC,JOSE ANTONIO KAST,MARCO ENRIQUEZ-OMINAMI,SEBASTIAN SICHEL,VOTOS EN BLANCO,VOTOS NULOS,YASNA PROVOSTE,NULO BLANCO,18-19,20-29,30-39,40-49,50-59,60-69,70-79,80+,NUM VOTOS,NUM MESAS,P-VALOR,LOG P-VALOR,E_EDUARDO ARTES,E_FRANCO ALDO PARISI,E_GABRIEL BORIC,E_JOSE ANTONIO KAST,E_MARCO ENRIQUEZ-OMINAMI,E_NULO BLANCO,E_SEBASTIAN SICHEL,E_YASNA PROVOSTE,18+,P_EDUARDO ARTES_18+,P_FRANCO ALDO PARISI_18+,P_GABRIEL BORIC_18+,P_JOSE ANTONIO KAST_18+,P_MARCO ENRIQUEZ-OMINAMI_18+,P_NULO BLANCO_18+,P_SEBASTIAN SICHEL_18+,P_YASNA PROVOSTE_18+,DIF_EDUARDO ARTES,DIF_FRANCO ALDO PARISI,DIF_GABRIEL BORIC,DIF_JOSE ANTONIO KAST,DIF_MARCO ENRIQUEZ-OMINAMI,DIF_NULO BLANCO,DIF_SEBASTIAN SICHEL,DIF_YASNA PROVOSTE
DE NUBLE,RUCAPEQUEN,ESCUELA BASICA RUCAPEQUEN,1M,1,13,27,48,7,26,1,1,30,2,3,4,9,35,41,41,17,5,154,4,-1,-1,2,19,28,48,9,2,20,26,155,0.011595547309833025,0.12371508800080228,0.17794464223035653,0.3133430276287419,0.05607230607230608,0.015469086897658326,0.13160006017148876,0.1702602416888131,-1.0,-6.0,-1.0,0.0,-2.0,0.0,6.0,4.0
DE NUBLE,RUCAPEQUEN,ESCUELA BASICA RUCAPEQUEN,1V,2,19,27,42,9,21,1,2,20,3,2,12,8,14,40,37,23,7,143,4,-1,-1,2,18,25,45,8,2,19,24,143,0.011595547309833025,0.12371508800080228,0.17794464223035653,0.3133430276287419,0.05607230607230608,0.015469086897658326,0.13160006017148876,0.1702602416888131,0.0,1.0,2.0,-3.0,1.0,1.0,2.0,-4.0
DE NUBLE,RUCAPEQUEN,ESCUELA BASICA RUCAPEQUEN,2M,2,23,25,39,8,19,0,1,23,1,0,35,45,18,20,11,8,3,140,4,-1,-1,2,17,25,44,8,2,18,24,140,0.011595547309833025,0.12371508800080228,0.17794464223035653,0.3133430276287419,0.05607230607230608,0.015469086897658326,0.13160006017148876,0.1702602416888131,0.0,6.0,0.0,-5.0,0.0,-1.0,1.0,-1.0
DE NUBLE,RUCAPEQUEN,ESCUELA BASICA RUCAPEQUEN,2V,1,9,13,33,5,2,2,0,15,2,5,16,11,12,17,15,4,0,80,4,-1,-1,1,10,14,25,4,1,11,14,80,0.011595547309833025,0.12371508800080228,0.17794464223035653,0.3133430276287419,0.05607230607230608,0.015469086897658326,0.13160006017148876,0.1702602416888131,0.0,-1.0,-1.0,8.0,1.0,1.0,-9.0,1.0
