REGION,CIRCUNSCRIPCION ELECTORAL,LOCAL,MESA,EDUARDO ARTES,FRANCO ALDO PARISI,GABRIEL BORIC,JOSE ANTONIO KAST,MARCO ENRIQUEZ-OMINAMI,SEBASTIAN SICHEL,VOTOS EN BLANCO,VOTOS NULOS,YASNA PROVOSTE,NULO BLANCO,18-19,20-29,30-39,40-49,50-59,60-69,70-79,80+,NUM VOTOS,NUM MESAS,P-VALOR,LOG P-VALOR,E_EDUARDO ARTES,E_FRANCO ALDO PARISI,E_GABRIEL BORIC,E_JOSE ANTONIO KAST,E_MARCO ENRIQUEZ-OMINAMI,E_NULO BLANCO,E_SEBASTIAN SICHEL,E_YASNA PROVOSTE,18+,P_EDUARDO ARTES_18+,P_FRANCO ALDO PARISI_18+,P_GABRIEL BORIC_18+,P_JOSE ANTONIO KAST_18+,P_MARCO ENRIQUEZ-OMINAMI_18+,P_NULO BLANCO_18+,P_SEBASTIAN SICHEL_18+,P_YASNA PROVOSTE_18+,DIF_EDUARDO ARTES,DIF_FRANCO ALDO PARISI,DIF_GABRIEL BORIC,DIF_JOSE ANTONIO KAST,DIF_MARCO ENRIQUEZ-OMINAMI,DIF_NULO BLANCO,DIF_SEBASTIAN SICHEL,DIF_YASNA PROVOSTE
DE VALPARAISO,ALTO ACONCAGUA,ESCUELA BASICA RIO BLANCO,10V,0,13,5,26,2,5,0,0,7,0,0,8,20,19,7,2,2,0,58,4,-1,-1,1,11,7,20,6,1,4,8,58,0.011135857461024499,0.19376391982182628,0.11804008908685969,0.3518930957683742,0.10690423162583519,0.008908685968819599,0.06904231625835189,0.1403118040089087,-1.0,2.0,-2.0,6.0,-4.0,-1.0,1.0,-1.0
DE VALPARAISO,ALTO ACONCAGUA,ESCUELA BASICA RIO BLANCO,1M-2M-3M,2,27,18,52,19,17,0,1,25,1,1,5,16,26,44,52,15,2,161,4,-1,-1,2,31,19,57,17,1,11,23,161,0.011135857461024499,0.19376391982182628,0.11804008908685969,0.3518930957683742,0.10690423162583519,0.008908685968819599,0.06904231625835189,0.1403118040089087,0.0,-4.0,-1.0,-5.0,2.0,0.0,6.0,2.0
DE VALPARAISO,ALTO ACONCAGUA,ESCUELA BASICA RIO BLANCO,1V-2V-3V-4V-5V,1,25,19,41,16,6,0,1,23,1,6,9,6,8,46,37,19,1,132,4,-1,-1,1,26,16,46,14,1,9,19,132,0.011135857461024499,0.19376391982182628,0.11804008908685969,0.3518930957683742,0.10690423162583519,0.008908685968819599,0.06904231625835189,0.1403118040089087,0.0,-1.0,3.0,-5.0,2.0,0.0,-3.0,4.0
DE VALPARAISO,ALTO ACONCAGUA,ESCUELA BASICA RIO BLANCO,6V-7V-8V-9V,2,22,11,39,11,3,0,2,8,2,4,10,10,53,8,10,3,0,98,4,-1,-1,1,19,12,34,10,1,7,14,98,0.011135857461024499,0.19376391982182628,0.11804008908685969,0.3518930957683742,0.10690423162583519,0.008908685968819599,0.06904231625835189,0.1403118040089087,1.0,3.0,-1.0,5.0,1.0,1.0,-4.0,-6.0
