,EDUARDO ARTES,FRANCO ALDO PARISI,GABRIEL BORIC,JOSE ANTONIO KAST,MARCO ENRIQUEZ-OMINAMI,NULO BLANCO,SEBASTIAN SICHEL,YASNA PROVOSTE
18+,0.011135857461024499,0.19376391982182628,0.11804008908685969,0.3518930957683742,0.10690423162583519,0.008908685968819599,0.06904231625835189,0.1403118040089087
