,EDUARDO ARTES,FRANCO ALDO PARISI,GABRIEL BORIC,JOSE ANTONIO KAST,MARCO ENRIQUEZ-OMINAMI,NULO BLANCO,SEBASTIAN SICHEL,YASNA PROVOSTE
18+,0.006169583633021658,0.230480300487493,0.23243027251658277,0.19752257652041877,0.06987932550147845,0.0164628786062495,0.06796132022696395,0.1790937425077919
