,EDUARDO ARTES,FRANCO ALDO PARISI,GABRIEL BORIC,JOSE ANTONIO KAST,MARCO ENRIQUEZ-OMINAMI,NULO BLANCO,SEBASTIAN SICHEL,YASNA PROVOSTE
H,2.4799145121048582e-11,0.22954953047708468,0.12460376775936681,0.30624248311206925,0.06446755270062167,5.458953877573636e-06,0.25405388424063646,0.02107732273154436
M,0.02026752417778681,0.03466238205655846,0.2028347632280433,0.2742940548983822,0.11113530931368931,0.05229996884767487,0.00624965689007684,0.2982563405877882
