REGION,CIRCUNSCRIPCION ELECTORAL,LOCAL,MESA,EDUARDO ARTES,FRANCO ALDO PARISI,GABRIEL BORIC,JOSE ANTONIO KAST,MARCO ENRIQUEZ-OMINAMI,SEBASTIAN SICHEL,VOTOS EN BLANCO,VOTOS NULOS,YASNA PROVOSTE,NULO BLANCO,18-19,20-29,30-39,40-49,50-59,60-69,70-79,80+,NUM VOTOS,NUM MESAS,P-VALOR,LOG P-VALOR,E_EDUARDO ARTES,E_FRANCO ALDO PARISI,E_GABRIEL BORIC,E_JOSE ANTONIO KAST,E_MARCO ENRIQUEZ-OMINAMI,E_NULO BLANCO,E_SEBASTIAN SICHEL,E_YASNA PROVOSTE,18+,P_EDUARDO ARTES_18+,P_FRANCO ALDO PARISI_18+,P_GABRIEL BORIC_18+,P_JOSE ANTONIO KAST_18+,P_MARCO ENRIQUEZ-OMINAMI_18+,P_NULO BLANCO_18+,P_SEBASTIAN SICHEL_18+,P_YASNA PROVOSTE_18+,DIF_EDUARDO ARTES,DIF_FRANCO ALDO PARISI,DIF_GABRIEL BORIC,DIF_JOSE ANTONIO KAST,DIF_MARCO ENRIQUEZ-OMINAMI,DIF_NULO BLANCO,DIF_SEBASTIAN SICHEL,DIF_YASNA PROVOSTE
DE LOS LAGOS,CORRENTOSO,ESCUELA RURAL CORRENTOSO,1,2,15,23,58,9,11,2,1,30,3,0,37,6,6,3,40,52,7,151,4,-1,-1,1,19,21,54,13,4,15,24,151,0.009966777408637873,0.12458471760797342,0.13953488372093023,0.35714285714285715,0.08471760797342193,0.024916943521594685,0.10132890365448505,0.15780730897009967,1.0,-4.0,2.0,4.0,-4.0,-1.0,-4.0,6.0
DE LOS LAGOS,CORRENTOSO,ESCUELA RURAL CORRENTOSO,2,0,20,10,46,8,13,3,2,24,5,4,9,43,33,8,26,0,3,126,4,-1,-1,1,16,17,45,11,3,13,20,126,0.009966777408637873,0.12458471760797342,0.13953488372093023,0.35714285714285715,0.08471760797342193,0.024916943521594685,0.10132890365448505,0.15780730897009967,-1.0,4.0,-7.0,1.0,-3.0,2.0,0.0,4.0
DE LOS LAGOS,CORRENTOSO,ESCUELA RURAL CORRENTOSO,3,0,16,14,61,17,19,3,2,27,5,0,3,7,25,93,27,4,0,159,4,-1,-1,2,20,22,57,13,4,16,25,159,0.009966777408637873,0.12458471760797342,0.13953488372093023,0.35714285714285715,0.08471760797342193,0.024916943521594685,0.10132890365448505,0.15780730897009967,-2.0,-4.0,-8.0,4.0,4.0,1.0,3.0,2.0
DE LOS LAGOS,CORRENTOSO,ESCUELA RURAL CORRENTOSO,4,4,24,37,50,17,18,1,1,14,2,11,20,46,37,25,21,5,1,166,4,-1,-1,2,21,23,59,14,4,17,26,166,0.009966777408637873,0.12458471760797342,0.13953488372093023,0.35714285714285715,0.08471760797342193,0.024916943521594685,0.10132890365448505,0.15780730897009967,2.0,3.0,14.0,-9.0,3.0,-2.0,1.0,-12.0
