,EDUARDO ARTES,FRANCO ALDO PARISI,GABRIEL BORIC,JOSE ANTONIO KAST,MARCO ENRIQUEZ-OMINAMI,NULO BLANCO,SEBASTIAN SICHEL,YASNA PROVOSTE
18+,0.013680217999705407,0.14352261010458092,0.22101929591987038,0.2435741640889675,0.0888937987921638,0.00684931506849315,0.12986080424215643,0.15259979378406247
