REGION,CIRCUNSCRIPCION ELECTORAL,LOCAL,MESA,EDUARDO ARTES,FRANCO ALDO PARISI,GABRIEL BORIC,JOSE ANTONIO KAST,MARCO ENRIQUEZ-OMINAMI,SEBASTIAN SICHEL,VOTOS EN BLANCO,VOTOS NULOS,YASNA PROVOSTE,NULO BLANCO,18-19,20-29,30-39,40-49,50-59,60-69,70-79,80+,NUM VOTOS,NUM MESAS,P-VALOR,LOG P-VALOR,E_EDUARDO ARTES,E_FRANCO ALDO PARISI,E_GABRIEL BORIC,E_JOSE ANTONIO KAST,E_MARCO ENRIQUEZ-OMINAMI,E_NULO BLANCO,E_SEBASTIAN SICHEL,E_YASNA PROVOSTE,18+,P_EDUARDO ARTES_18+,P_FRANCO ALDO PARISI_18+,P_GABRIEL BORIC_18+,P_JOSE ANTONIO KAST_18+,P_MARCO ENRIQUEZ-OMINAMI_18+,P_NULO BLANCO_18+,P_SEBASTIAN SICHEL_18+,P_YASNA PROVOSTE_18+,DIF_EDUARDO ARTES,DIF_FRANCO ALDO PARISI,DIF_GABRIEL BORIC,DIF_JOSE ANTONIO KAST,DIF_MARCO ENRIQUEZ-OMINAMI,DIF_NULO BLANCO,DIF_SEBASTIAN SICHEL,DIF_YASNA PROVOSTE
DEL BIOBIO,MILLANTU,ESCUELA BASICA MILLANTU,1,1,29,12,67,10,11,5,3,24,8,2,14,21,42,63,6,12,2,162,4,-1,-1,2,29,22,58,10,6,10,25,162,0.015625,0.18055555555555555,0.13368055555555555,0.3576388888888889,0.059027777777777776,0.03819444444444445,0.0625,0.1527777777777778,-1.0,0.0,-10.0,9.0,0.0,2.0,1.0,-1.0
DEL BIOBIO,MILLANTU,ESCUELA BASICA MILLANTU,2,3,25,22,38,14,5,1,1,22,2,5,17,18,20,12,40,16,3,131,4,-1,-1,2,24,17,47,8,5,8,20,131,0.015625,0.18055555555555555,0.13368055555555555,0.3576388888888889,0.059027777777777776,0.03819444444444445,0.0625,0.1527777777777778,1.0,1.0,5.0,-9.0,6.0,-3.0,-3.0,2.0
DEL BIOBIO,MILLANTU,ESCUELA BASICA MILLANTU,3,4,29,19,55,5,9,2,1,18,3,1,25,22,24,11,31,25,3,142,4,-1,-1,2,26,19,51,8,5,9,22,142,0.015625,0.18055555555555555,0.13368055555555555,0.3576388888888889,0.059027777777777776,0.03819444444444445,0.0625,0.1527777777777778,2.0,3.0,0.0,4.0,-3.0,-2.0,0.0,-4.0
DEL BIOBIO,MILLANTU,ESCUELA BASICA MILLANTU,4,1,21,24,46,5,11,7,2,24,9,1,19,20,19,19,34,20,9,141,4,-1,-1,2,26,19,50,8,5,9,22,141,0.015625,0.18055555555555555,0.13368055555555555,0.3576388888888889,0.059027777777777776,0.03819444444444445,0.0625,0.1527777777777778,-1.0,-5.0,5.0,-4.0,-3.0,4.0,2.0,2.0
