,EDUARDO ARTES,FRANCO ALDO PARISI,GABRIEL BORIC,JOSE ANTONIO KAST,MARCO ENRIQUEZ-OMINAMI,NULO BLANCO,SEBASTIAN SICHEL,YASNA PROVOSTE
18+,0.007633587786259542,0.07633587786259542,0.08396946564885495,0.5114503816793893,0.02290076335877863,0.007633587786259542,0.08396946564885495,0.20610687022900764
