,EDUARDO ARTES,FRANCO ALDO PARISI,GABRIEL BORIC,JOSE ANTONIO KAST,MARCO ENRIQUEZ-OMINAMI,NULO BLANCO,SEBASTIAN SICHEL,YASNA PROVOSTE
18+,0.008479783704067838,0.3660039840979048,0.10630405850202873,0.24682972697211417,0.059546163424228304,0.004268472181336473,0.021326165386744252,0.18724164573157545
