,EDUARDO ARTES,FRANCO ALDO PARISI,GABRIEL BORIC,JOSE ANTONIO KAST,MARCO ENRIQUEZ-OMINAMI,NULO BLANCO,SEBASTIAN SICHEL,YASNA PROVOSTE
18+,0.0,0.09999999999999998,0.16363636363636364,0.3090909090909091,0.1,0.018181818181818177,0.14545454545454545,0.16363636363636364
