,EDUARDO ARTES,FRANCO ALDO PARISI,GABRIEL BORIC,JOSE ANTONIO KAST,MARCO ENRIQUEZ-OMINAMI,NULO BLANCO,SEBASTIAN SICHEL,YASNA PROVOSTE
18-19,0.02605437616237014,0.06800172534115291,0.29116709427540977,0.2921573916380503,0.055720875834313004,0.00381306461452018,0.21750916230389855,0.04557630983028537
20-29,0.01365823712180303,0.16189584143277488,0.27774976787354955,0.27627684841049654,0.049923996034760415,0.010073690671899779,0.17956143555621984,0.030860182898496288
30-39,0.00919958166162299,0.22183316487391683,0.2386946189309046,0.3135317905065708,0.08809270091437378,0.0043801894723238316,0.0883173854285126,0.03595056821177469
40-49,0.011687126806754471,0.0775734752886637,0.2143756734889719,0.32808587166159625,0.07380313426010322,0.003217116816792314,0.18453606435722175,0.10672153731989663
50-59,0.0018832854573620017,0.03995980858287759,0.15956676592405283,0.3938864007768243,0.08819139739015011,0.0019540187190917593,0.2028051016790868,0.11175322147055496
60+,0.016019260280327782,0.09600008592721591,0.1475917535808761,0.28844049149718837,0.1399137485669217,0.04145356485899682,0.12775684845431298,0.14282424683416037
