,EDUARDO ARTES,FRANCO ALDO PARISI,GABRIEL BORIC,JOSE ANTONIO KAST,MARCO ENRIQUEZ-OMINAMI,NULO BLANCO,SEBASTIAN SICHEL,YASNA PROVOSTE
18+,0.005573598325943865,0.13720411165448992,0.1581988004605631,0.31004262423429435,0.08032495781711023,0.015595873062429854,0.10255968798750481,0.19050034645766376
