,EDUARDO ARTES,FRANCO ALDO PARISI,GABRIEL BORIC,JOSE ANTONIO KAST,MARCO ENRIQUEZ-OMINAMI,NULO BLANCO,SEBASTIAN SICHEL,YASNA PROVOSTE
18+,0.007373306007343018,0.06873551398116967,0.19142351692758075,0.23986288038863493,0.048442930386108356,0.028128795760135782,0.1854398656688668,0.23059319088016073
