,EDUARDO ARTES,FRANCO ALDO PARISI,GABRIEL BORIC,JOSE ANTONIO KAST,MARCO ENRIQUEZ-OMINAMI,NULO BLANCO,SEBASTIAN SICHEL,YASNA PROVOSTE
18+,0.009224598930481285,0.17311092893114435,0.14850980971527783,0.30576269675275475,0.09271367038558422,0.029963164884457345,0.11113782654793425,0.129577303852366
