,EDUARDO ARTES,FRANCO ALDO PARISI,GABRIEL BORIC,JOSE ANTONIO KAST,MARCO ENRIQUEZ-OMINAMI,NULO BLANCO,SEBASTIAN SICHEL,YASNA PROVOSTE
18+,0.009583867297696233,0.15496174488980244,0.07427708626749394,0.5207474232254408,0.04472189444211826,0.015179390878831325,0.06312410389148998,0.117404489107127
