,EDUARDO ARTES,FRANCO ALDO PARISI,GABRIEL BORIC,JOSE ANTONIO KAST,MARCO ENRIQUEZ-OMINAMI,NULO BLANCO,SEBASTIAN SICHEL,YASNA PROVOSTE
18-49,0.003471115379388995,0.08178694459875194,0.13764890786480888,0.5639977975330543,0.04942326004373924,0.003792447711024522,0.03741923354395519,0.12246029332527673
50+,0.015314685784000285,0.07433672568181743,0.10205628675179962,0.5662317202344648,0.051507422566488256,0.028127506408975073,0.06277685725748622,0.09964879531496827
