,EDUARDO ARTES,FRANCO ALDO PARISI,GABRIEL BORIC,JOSE ANTONIO KAST,MARCO ENRIQUEZ-OMINAMI,NULO BLANCO,SEBASTIAN SICHEL,YASNA PROVOSTE
18-49,1.3738954126538175e-05,0.28336894232405924,0.16967073167224575,0.35536410188263573,0.048388546958698965,0.005301966236486648,0.06326905268665711,0.07462291928509009
50+,0.011053163094207315,0.15486608413268807,0.06800430827997907,0.36315192417060466,0.10483463834953176,0.03912725785539447,0.10072561868553571,0.15823700543205893
