REGION,CIRCUNSCRIPCION ELECTORAL,LOCAL,MESA,EDUARDO ARTES,FRANCO ALDO PARISI,GABRIEL BORIC,JOSE ANTONIO KAST,MARCO ENRIQUEZ-OMINAMI,SEBASTIAN SICHEL,VOTOS EN BLANCO,VOTOS NULOS,YASNA PROVOSTE,NULO BLANCO,18-19,20-29,30-39,40-49,50-59,60-69,70-79,80+,NUM VOTOS,NUM MESAS,P-VALOR,LOG P-VALOR,E_EDUARDO ARTES,E_FRANCO ALDO PARISI,E_GABRIEL BORIC,E_JOSE ANTONIO KAST,E_MARCO ENRIQUEZ-OMINAMI,E_NULO BLANCO,E_SEBASTIAN SICHEL,E_YASNA PROVOSTE,18+,P_EDUARDO ARTES_18+,P_FRANCO ALDO PARISI_18+,P_GABRIEL BORIC_18+,P_JOSE ANTONIO KAST_18+,P_MARCO ENRIQUEZ-OMINAMI_18+,P_NULO BLANCO_18+,P_SEBASTIAN SICHEL_18+,P_YASNA PROVOSTE_18+,DIF_EDUARDO ARTES,DIF_FRANCO ALDO PARISI,DIF_GABRIEL BORIC,DIF_JOSE ANTONIO KAST,DIF_MARCO ENRIQUEZ-OMINAMI,DIF_NULO BLANCO,DIF_SEBASTIAN SICHEL,DIF_YASNA PROVOSTE
DE LOS RIOS,MEHUIN,LICEO POLITECNICO PESQUERO,1M,3,19,27,38,8,11,1,1,26,2,3,5,9,24,38,30,17,7,134,4,-1,-1,2,19,33,42,5,3,12,18,133,0.011907063475000229,0.14282012007959802,0.2468388420062596,0.3163256855115959,0.040656445169139396,0.020432772374047673,0.08846968083651284,0.1325493905478463,1.0,0.0,-6.0,-4.0,3.0,-1.0,-1.0,8.0
DE LOS RIOS,MEHUIN,LICEO POLITECNICO PESQUERO,1V,2,24,39,37,4,14,0,4,25,4,4,31,14,14,26,28,26,6,149,4,-1,-1,2,21,37,47,6,3,13,20,149,0.011907063475000229,0.14282012007959802,0.2468388420062596,0.3163256855115959,0.040656445169139396,0.020432772374047673,0.08846968083651284,0.1325493905478463,0.0,3.0,2.0,-10.0,-2.0,1.0,1.0,5.0
DE LOS RIOS,MEHUIN,LICEO POLITECNICO PESQUERO,2M,0,20,28,52,11,11,1,1,12,2,3,11,43,29,26,9,13,1,136,4,-1,-1,2,19,34,43,5,3,12,18,135,0.011907063475000229,0.14282012007959802,0.2468388420062596,0.3163256855115959,0.040656445169139396,0.020432772374047673,0.08846968083651284,0.1325493905478463,-2.0,1.0,-6.0,9.0,6.0,-1.0,-1.0,-6.0
DE LOS RIOS,MEHUIN,LICEO POLITECNICO PESQUERO,2V-3,2,21,51,59,1,16,2,2,15,4,7,21,29,26,29,30,24,4,169,4,-1,-1,2,24,42,54,7,3,15,22,170,0.011907063475000229,0.14282012007959802,0.2468388420062596,0.3163256855115959,0.040656445169139396,0.020432772374047673,0.08846968083651284,0.1325493905478463,0.0,-3.0,9.0,5.0,-6.0,1.0,1.0,-7.0
