REGION,CIRCUNSCRIPCION ELECTORAL,LOCAL,MESA,EDUARDO ARTES,FRANCO ALDO PARISI,GABRIEL BORIC,JOSE ANTONIO KAST,MARCO ENRIQUEZ-OMINAMI,SEBASTIAN SICHEL,VOTOS EN BLANCO,VOTOS NULOS,YASNA PROVOSTE,NULO BLANCO,18-19,20-29,30-39,40-49,50-59,60-69,70-79,80+,NUM VOTOS,NUM MESAS,P-VALOR,LOG P-VALOR,E_EDUARDO ARTES,E_FRANCO ALDO PARISI,E_GABRIEL BORIC,E_JOSE ANTONIO KAST,E_MARCO ENRIQUEZ-OMINAMI,E_NULO BLANCO,E_SEBASTIAN SICHEL,E_YASNA PROVOSTE,18+,P_EDUARDO ARTES_18+,P_FRANCO ALDO PARISI_18+,P_GABRIEL BORIC_18+,P_JOSE ANTONIO KAST_18+,P_MARCO ENRIQUEZ-OMINAMI_18+,P_NULO BLANCO_18+,P_SEBASTIAN SICHEL_18+,P_YASNA PROVOSTE_18+,DIF_EDUARDO ARTES,DIF_FRANCO ALDO PARISI,DIF_GABRIEL BORIC,DIF_JOSE ANTONIO KAST,DIF_MARCO ENRIQUEZ-OMINAMI,DIF_NULO BLANCO,DIF_SEBASTIAN SICHEL,DIF_YASNA PROVOSTE
DE LOS RIOS,PICHIRROPULLI,ESCUELA NUEVA AURORA,1,3,13,27,78,3,13,1,1,33,2,10,13,18,13,14,63,32,9,172,3,-1,-1,2,14,35,76,5,1,12,27,172,0.011764705882352941,0.08235294117647059,0.20000000000000007,0.44313725490196076,0.027450980392156862,0.00784313725490196,0.07058823529411765,0.1568627450980392,1.0,-1.0,-8.0,2.0,-2.0,1.0,1.0,6.0
DE LOS RIOS,PICHIRROPULLI,ESCUELA NUEVA AURORA,2,2,12,34,75,6,9,1,0,28,1,10,13,7,39,80,13,3,2,167,3,-1,-1,2,14,33,74,5,1,12,26,167,0.011764705882352941,0.08235294117647059,0.20000000000000007,0.44313725490196076,0.027450980392156862,0.00784313725490196,0.07058823529411765,0.1568627450980392,0.0,-2.0,1.0,1.0,1.0,0.0,-3.0,2.0
DE LOS RIOS,PICHIRROPULLI,ESCUELA NUEVA AURORA,3,1,17,41,73,5,14,1,0,19,1,1,39,65,15,17,19,10,5,171,3,-1,-1,2,14,34,76,5,1,12,27,171,0.011764705882352941,0.08235294117647059,0.20000000000000007,0.44313725490196076,0.027450980392156862,0.00784313725490196,0.07058823529411765,0.1568627450980392,-1.0,3.0,7.0,-3.0,0.0,0.0,2.0,-8.0
