,EDUARDO ARTES,FRANCO ALDO PARISI,GABRIEL BORIC,JOSE ANTONIO KAST,MARCO ENRIQUEZ-OMINAMI,NULO BLANCO,SEBASTIAN SICHEL,YASNA PROVOSTE
18+,0.006410256410256409,0.14743589743589744,0.12179487179487179,0.2948717948717949,0.08974358974358974,0.05128205128205127,0.16666666666666666,0.12179487179487179
