REGION,CIRCUNSCRIPCION ELECTORAL,LOCAL,MESA,EDUARDO ARTES,FRANCO ALDO PARISI,GABRIEL BORIC,JOSE ANTONIO KAST,MARCO ENRIQUEZ-OMINAMI,SEBASTIAN SICHEL,VOTOS EN BLANCO,VOTOS NULOS,YASNA PROVOSTE,NULO BLANCO,18-19 H,18-19 M,20-29 H,20-29 M,30-39 H,30-39 M,40-49 H,40-49 M,50-59 H,50-59 M,60-69 H,60-69 M,70-79 H,70-79 M,80+ H,80+ M,NUM VOTOS,NUM MESAS,P-VALOR,LOG P-VALOR,E_EDUARDO ARTES,E_FRANCO ALDO PARISI,E_GABRIEL BORIC,E_JOSE ANTONIO KAST,E_MARCO ENRIQUEZ-OMINAMI,E_NULO BLANCO,E_SEBASTIAN SICHEL,E_YASNA PROVOSTE,H,M,P_EDUARDO ARTES_H,P_FRANCO ALDO PARISI_H,P_GABRIEL BORIC_H,P_JOSE ANTONIO KAST_H,P_MARCO ENRIQUEZ-OMINAMI_H,P_NULO BLANCO_H,P_SEBASTIAN SICHEL_H,P_YASNA PROVOSTE_H,P_EDUARDO ARTES_M,P_FRANCO ALDO PARISI_M,P_GABRIEL BORIC_M,P_JOSE ANTONIO KAST_M,P_MARCO ENRIQUEZ-OMINAMI_M,P_NULO BLANCO_M,P_SEBASTIAN SICHEL_M,P_YASNA PROVOSTE_M,DIF_EDUARDO ARTES,DIF_FRANCO ALDO PARISI,DIF_GABRIEL BORIC,DIF_JOSE ANTONIO KAST,DIF_MARCO ENRIQUEZ-OMINAMI,DIF_NULO BLANCO,DIF_SEBASTIAN SICHEL,DIF_YASNA PROVOSTE
DE NUBLE,GENERAL CRUZ,ESCUELA BASICA GENERAL CRUZ,1,1,49,23,41,9,20,0,1,33,1,0,1,4,12,12,21,16,21,17,15,21,20,7,5,3,2,177,2,-1,-1,1,47,23,40,12,2,20,32,87,90,4.3400104196915765e-12,0.022582708384867704,0.23177733567982994,0.3456320648404364,0.14292857674283801,0.01711984624399035,0.08732566458513946,0.15263380351855804,0.006590545642965324,0.49779483166760996,0.032580254273513395,0.11523175853075311,2.5831290179823123e-05,8.920387367166874e-07,0.13441737960480452,0.21335850695143724,0.0,2.0,0.0,1.0,-3.0,-1.0,0.0,1.0
DE NUBLE,GENERAL CRUZ,ESCUELA BASICA GENERAL CRUZ,2,0,28,22,36,16,15,1,1,25,2,4,4,9,14,8,18,14,16,7,20,11,8,3,7,0,1,144,2,-1,-1,0,30,22,37,12,2,15,26,87,57,4.3400104196915765e-12,0.022582708384867704,0.23177733567982994,0.3456320648404364,0.14292857674283801,0.01711984624399035,0.08732566458513946,0.15263380351855804,0.006590545642965324,0.49779483166760996,0.032580254273513395,0.11523175853075311,2.5831290179823123e-05,8.920387367166874e-07,0.13441737960480452,0.21335850695143724,0.0,-2.0,0.0,-1.0,4.0,0.0,0.0,-1.0
