,EDUARDO ARTES,FRANCO ALDO PARISI,GABRIEL BORIC,JOSE ANTONIO KAST,MARCO ENRIQUEZ-OMINAMI,NULO BLANCO,SEBASTIAN SICHEL,YASNA PROVOSTE
18+,0.014039233104934722,0.16370974201393695,0.2127482105539091,0.2456707419192765,0.07484726904676953,0.01988415020424807,0.10992550952793576,0.15917514362898938
