,EDUARDO ARTES,FRANCO ALDO PARISI,GABRIEL BORIC,JOSE ANTONIO KAST,MARCO ENRIQUEZ-OMINAMI,NULO BLANCO,SEBASTIAN SICHEL,YASNA PROVOSTE
18-29,0.02941418754410137,0.2404865664238314,0.23624061003886662,0.3449633935824537,0.02001672756938454,0.017374644358151198,0.06401946706966115,0.04748440341355018
30-39,0.005566691012694016,0.1859630986833025,0.24842234003023925,0.36729481969944616,0.0351983060711819,0.006513263933669203,0.07897031335883682,0.07207116721063025
40-49,0.006067765866102555,0.11096229335409265,0.16241445431656468,0.4134003049119842,0.05221771818338933,0.006055960001951287,0.14802457165986024,0.10085693170605502
50-59,0.004322238352665513,0.12334964244854663,0.1425522461613182,0.33794460378140767,0.04815261861436086,0.035733338712731384,0.11594118215237743,0.19200412977659229
60+,0.010312738357733204,0.034724641771420456,0.0905309294802217,0.46951540124163427,0.04773839208554979,0.017689705264125076,0.1001521930911467,0.22933599870816881
