,EDUARDO ARTES,FRANCO ALDO PARISI,GABRIEL BORIC,JOSE ANTONIO KAST,MARCO ENRIQUEZ-OMINAMI,NULO BLANCO,SEBASTIAN SICHEL,YASNA PROVOSTE
18+,0.010204081632653059,0.1292517006802721,0.11224489795918367,0.42517006802721086,0.04931972789115646,0.025510204081632654,0.09693877551020406,0.1513605442176871
