,EDUARDO ARTES,FRANCO ALDO PARISI,GABRIEL BORIC,JOSE ANTONIO KAST,MARCO ENRIQUEZ-OMINAMI,NULO BLANCO,SEBASTIAN SICHEL,YASNA PROVOSTE
18+,0.012136871270971798,0.18791752367029865,0.1651736388515868,0.2621496200853321,0.05152220843461557,0.03180404222407316,0.08631797242856412,0.2029781230345578
