,EDUARDO ARTES,FRANCO ALDO PARISI,GABRIEL BORIC,JOSE ANTONIO KAST,MARCO ENRIQUEZ-OMINAMI,NULO BLANCO,SEBASTIAN SICHEL,YASNA PROVOSTE
18+,0.013637678291446577,0.08592696329898161,0.3212503615301478,0.23699024249158965,0.0878069200675871,0.010358790129846406,0.12596775912197647,0.11806128506842434
