,EDUARDO ARTES,FRANCO ALDO PARISI,GABRIEL BORIC,JOSE ANTONIO KAST,MARCO ENRIQUEZ-OMINAMI,NULO BLANCO,SEBASTIAN SICHEL,YASNA PROVOSTE
18+,0.0066100094428706326,0.4202077431539188,0.1388101983002833,0.25684608120868746,0.039660056657223795,0.019830028328611898,0.04815864022662889,0.06987724268177525
