REGION,CIRCUNSCRIPCION ELECTORAL,LOCAL,MESA,EDUARDO ARTES,FRANCO ALDO PARISI,GABRIEL BORIC,JOSE ANTONIO KAST,MARCO ENRIQUEZ-OMINAMI,SEBASTIAN SICHEL,VOTOS EN BLANCO,VOTOS NULOS,YASNA PROVOSTE,NULO BLANCO,18-19 H,18-19 M,20-29 H,20-29 M,30-39 H,30-39 M,40-49 H,40-49 M,50-59 H,50-59 M,60-69 H,60-69 M,70-79 H,70-79 M,80+ H,80+ M,NUM VOTOS,NUM MESAS,P-VALOR,LOG P-VALOR,E_EDUARDO ARTES,E_FRANCO ALDO PARISI,E_GABRIEL BORIC,E_JOSE ANTONIO KAST,E_MARCO ENRIQUEZ-OMINAMI,E_NULO BLANCO,E_SEBASTIAN SICHEL,E_YASNA PROVOSTE,H,M,P_EDUARDO ARTES_H,P_FRANCO ALDO PARISI_H,P_GABRIEL BORIC_H,P_JOSE ANTONIO KAST_H,P_MARCO ENRIQUEZ-OMINAMI_H,P_NULO BLANCO_H,P_SEBASTIAN SICHEL_H,P_YASNA PROVOSTE_H,P_EDUARDO ARTES_M,P_FRANCO ALDO PARISI_M,P_GABRIEL BORIC_M,P_JOSE ANTONIO KAST_M,P_MARCO ENRIQUEZ-OMINAMI_M,P_NULO BLANCO_M,P_SEBASTIAN SICHEL_M,P_YASNA PROVOSTE_M,DIF_EDUARDO ARTES,DIF_FRANCO ALDO PARISI,DIF_GABRIEL BORIC,DIF_JOSE ANTONIO KAST,DIF_MARCO ENRIQUEZ-OMINAMI,DIF_NULO BLANCO,DIF_SEBASTIAN SICHEL,DIF_YASNA PROVOSTE
DEL LIBERTADOR GENERAL BERNARDO O'HIGGINS,BUCALEMU,ESCUELA BASICA UNION DE MUJERES AMERICANAS,1,1,16,70,35,11,18,2,0,45,2,0,0,8,11,4,15,14,21,23,37,13,18,12,13,2,7,198,2,-1,-1,1,16,71,35,13,2,18,42,73,125,0.013744881608734529,0.15028195529107374,0.17753879422923055,0.2682205345262846,0.16926558860958063,0.027489763217469057,0.19163908454164108,0.0018193979759859222,0.00043962303640699096,0.040704260037783165,0.4651559171564065,0.12449024005275408,0.0011335571732876478,0.0008792460728139819,0.033167734278015434,0.3340294221925322,0.0,0.0,-1.0,0.0,-2.0,0.0,0.0,3.0
DEL LIBERTADOR GENERAL BERNARDO O'HIGGINS,BUCALEMU,ESCUELA BASICA UNION DE MUJERES AMERICANAS,2-3,2,25,73,50,25,30,2,2,31,4,8,12,9,23,18,26,17,25,17,20,19,22,9,7,5,3,240,2,-1,-1,2,25,72,50,23,4,30,34,138,102,0.013744881608734529,0.15028195529107374,0.17753879422923055,0.2682205345262846,0.16926558860958063,0.027489763217469057,0.19163908454164108,0.0018193979759859222,0.00043962303640699096,0.040704260037783165,0.4651559171564065,0.12449024005275408,0.0011335571732876478,0.0008792460728139819,0.033167734278015434,0.3340294221925322,0.0,0.0,1.0,0.0,2.0,0.0,0.0,-3.0
