,EDUARDO ARTES,FRANCO ALDO PARISI,GABRIEL BORIC,JOSE ANTONIO KAST,MARCO ENRIQUEZ-OMINAMI,NULO BLANCO,SEBASTIAN SICHEL,YASNA PROVOSTE
18-39,0.022988589873678432,0.11335044936404401,0.4063169248660615,0.2385380478553306,0.031021903546343016,0.0024031663641037684,0.15180353190365897,0.03357738622677959
40+,0.006109500813093264,0.13192999594834398,0.12324062974105164,0.396949646131804,0.07546506628654268,0.015508300956970696,0.10046463036109039,0.1503322297611033
